{"cameraMode":{"drawMode":0,"name":"Shaded","section":"Shading Mode"},"sceneLighting":true,"audioPlay":false,"sceneViewState":{"m_AlwaysRefresh":true,"showFog":true,"showSkybox":true,"showFlares":true,"showImageEffects":true,"showParticleSystems":true,"showVisualEffectGraphs":true,"m_FxEnabled":true},"in2DMode":false,"pivot":{"x":-13.473899841308594,"y":8.205625534057618,"z":-12.976288795471192},"rotation":{"x":0.008405162952840329,"y":-0.9827184677124023,"z":0.17915455996990205,"w":0.04778110980987549},"size":3.567385673522949,"orthographic":false}