Using pre-set license
Built from '6000.0/respin/6000.0.59f1-063c55f2fd0f' branch; Version is '6000.0.59f2 (ef281c76c3c1) revision 15673372'; Using compiler version '193933523'; Build Type 'Release'
OS: 'Windows 11  (10.0.26100) 64bit Core' Language: 'ru' Physical Memory: 16087 MB
BatchMode: 1, IsHumanControllingUs: 0, StartBugReporterOnCrash: 0, Is64bit: 1
Date: 2025-12-18T09:49:29Z

COMMAND LINE ARGUMENTS:
S:\UnityApp\6000.0.59f2\Editor\Unity.exe
-adb2
-batchMode
-noUpm
-name
AssetImportWorker4
-projectPath
S:/UnityProject/Crimson-Lake
-logFile
Logs/AssetImportWorker4.log
-srvPort
60000
-job-worker-count
7
-background-job-worker-count
8
-gc-helper-count
1
-name
AssetImport
Successfully changed project path to: S:/UnityProject/Crimson-Lake
S:/UnityProject/Crimson-Lake
[UnityMemory] Configuration Parameters - Can be set up in boot.config
    "memorysetup-bucket-allocator-granularity=16"
    "memorysetup-bucket-allocator-bucket-count=8"
    "memorysetup-bucket-allocator-block-size=33554432"
    "memorysetup-bucket-allocator-block-count=8"
    "memorysetup-main-allocator-block-size=16777216"
    "memorysetup-thread-allocator-block-size=16777216"
    "memorysetup-gfx-main-allocator-block-size=16777216"
    "memorysetup-gfx-thread-allocator-block-size=16777216"
    "memorysetup-cache-allocator-block-size=4194304"
    "memorysetup-typetree-allocator-block-size=2097152"
    "memorysetup-profiler-bucket-allocator-granularity=16"
    "memorysetup-profiler-bucket-allocator-bucket-count=8"
    "memorysetup-profiler-bucket-allocator-block-size=33554432"
    "memorysetup-profiler-bucket-allocator-block-count=8"
    "memorysetup-profiler-allocator-block-size=16777216"
    "memorysetup-profiler-editor-allocator-block-size=1048576"
    "memorysetup-temp-allocator-size-main=16777216"
    "memorysetup-job-temp-allocator-block-size=2097152"
    "memorysetup-job-temp-allocator-block-size-background=1048576"
    "memorysetup-job-temp-allocator-reduction-small-platforms=262144"
    "memorysetup-allocator-temp-initial-block-size-main=262144"
    "memorysetup-allocator-temp-initial-block-size-worker=262144"
    "memorysetup-temp-allocator-size-background-worker=32768"
    "memorysetup-temp-allocator-size-job-worker=262144"
    "memorysetup-temp-allocator-size-preload-manager=33554432"
    "memorysetup-temp-allocator-size-nav-mesh-worker=65536"
    "memorysetup-temp-allocator-size-audio-worker=65536"
    "memorysetup-temp-allocator-size-cloud-worker=32768"
    "memorysetup-temp-allocator-size-gi-baking-worker=262144"
    "memorysetup-temp-allocator-size-gi-baking-worker=262144"
    "memorysetup-temp-allocator-size-gi-baking-worker=262144"
    "memorysetup-temp-allocator-size-gi-baking-worker=262144"
    "memorysetup-temp-allocator-size-gi-baking-worker=262144"
    "memorysetup-temp-allocator-size-gfx=262144"
Player connection [23444]  Target information:

Player connection [23444]  * "[IP] 192.168.219.120 [Port] 0 [Flags] 2 [Guid] 145868744 [EditorId] 145868744 [Version] 1048832 [Id] WindowsEditor(7,katana-pc) [Debug] 1 [PackageName] WindowsEditor [ProjectName] Editor" 

Player connection [23444]  * "[IP] 192.168.56.1 [Port] 0 [Flags] 2 [Guid] 145868744 [EditorId] 145868744 [Version] 1048832 [Id] WindowsEditor(7,katana-pc) [Debug] 1 [PackageName] WindowsEditor [ProjectName] Editor" 

Player connection [23444]  * "[IP] 26.218.57.225 [Port] 0 [Flags] 2 [Guid] 145868744 [EditorId] 145868744 [Version] 1048832 [Id] WindowsEditor(7,katana-pc) [Debug] 1 [PackageName] WindowsEditor [ProjectName] Editor" 

Player connection [23444]  * "[IP] 192.168.229.174 [Port] 0 [Flags] 2 [Guid] 145868744 [EditorId] 145868744 [Version] 1048832 [Id] WindowsEditor(7,katana-pc) [Debug] 1 [PackageName] WindowsEditor [ProjectName] Editor" 

Player connection [23444] Host joined multi-casting on [225.0.0.222:54997]...
Player connection [23444] Host joined alternative multi-casting on [225.0.0.222:34997]...
JobSystem: Creating JobQueue using job-worker-count value 7
Input System module state changed to: Initialized.
[Physics::Module] Initialized fallback backend.
[Physics::Module] Id: 0xdecafbad
Library Redirect Path: Library/
[Physics::Module] Selected backend.
[Physics::Module] Name: PhysX
[Physics::Module] Id: 0xf2b8ea05
[Physics::Module] SDK Version: 4.1.2
[Physics::Module] Integration Version: 1.0.0
[Physics::Module] Threading Mode: Multi-Threaded
Refreshing native plugins compatible for Editor in 3.13 ms, found 2 plugins.
Preloading 0 native plugins for Editor in 0.00 ms.
Initialize engine version: 6000.0.59f2 (ef281c76c3c1)
[Subsystems] Discovering subsystems at path S:/UnityApp/6000.0.59f2/Editor/Data/Resources/UnitySubsystems
[Subsystems] Discovering subsystems at path S:/UnityProject/Crimson-Lake/Assets
GfxDevice: creating device client; kGfxThreadingModeNonThreaded
Direct3D:
    Version:  Direct3D 11.0 [level 11.1]
    Renderer: NVIDIA GeForce RTX 4060 Laptop GPU (ID=0x28a0)
    Vendor:   NVIDIA
    VRAM:     7956 MB
    Driver:   32.0.15.9144
Initialize mono
Mono path[0] = 'S:/UnityApp/6000.0.59f2/Editor/Data/Managed'
Mono path[1] = 'S:/UnityApp/6000.0.59f2/Editor/Data/MonoBleedingEdge/lib/mono/unityjit-win32'
Mono config path = 'S:/UnityApp/6000.0.59f2/Editor/Data/MonoBleedingEdge/etc'
Using monoOptions --debugger-agent=transport=dt_socket,embedding=1,server=y,suspend=n,address=127.0.0.1:56604
Begin MonoManager ReloadAssembly
Registering precompiled unity dll's ...
Register platform support module: S:/UnityApp/6000.0.59f2/Editor/Data/PlaybackEngines/WebGLSupport/UnityEditor.WebGL.Extensions.dll
Register platform support module: S:/UnityApp/6000.0.59f2/Editor/Data/PlaybackEngines/WindowsStandaloneSupport/UnityEditor.WindowsStandalone.Extensions.dll
Registered in 0.003436 seconds.
- Loaded All Assemblies, in  0.406 seconds
Native extension for WindowsStandalone target not found
Native extension for WebGL target not found
Mono: successfully reloaded assembly
- Finished resetting the current domain, in  0.323 seconds
Domain Reload Profiling: 728ms
	BeginReloadAssembly (141ms)
		ExecutionOrderSort (0ms)
		DisableScriptedObjects (0ms)
		BackupInstance (0ms)
		ReleaseScriptingObjects (0ms)
		CreateAndSetChildDomain (1ms)
	RebuildCommonClasses (30ms)
	RebuildNativeTypeToScriptingClass (9ms)
	initialDomainReloadingComplete (36ms)
	LoadAllAssembliesAndSetupDomain (189ms)
		LoadAssemblies (140ms)
		RebuildTransferFunctionScriptingTraits (0ms)
		AnalyzeDomain (186ms)
			TypeCache.Refresh (184ms)
				TypeCache.ScanAssembly (172ms)
			BuildScriptInfoCaches (0ms)
			ResolveRequiredComponents (0ms)
	FinalizeReload (323ms)
		ReleaseScriptCaches (0ms)
		RebuildScriptCaches (0ms)
		SetupLoadedEditorAssemblies (292ms)
			LogAssemblyErrors (0ms)
			InitializePlatformSupportModulesInManaged (24ms)
			SetLoadedEditorAssemblies (3ms)
			BeforeProcessingInitializeOnLoad (50ms)
			ProcessInitializeOnLoadAttributes (155ms)
			ProcessInitializeOnLoadMethodAttributes (60ms)
			AfterProcessingInitializeOnLoad (0ms)
			EditorAssembliesLoaded (0ms)
		ExecutionOrderSort2 (0ms)
		AwakeInstancesAfterBackupRestoration (0ms)
========================================================================
Worker process is ready to serve import requests
Import Worker Mode flag is 0x00
Begin MonoManager ReloadAssembly
- Loaded All Assemblies, in  0.986 seconds
Refreshing native plugins compatible for Editor in 0.53 ms, found 2 plugins.
Native extension for WindowsStandalone target not found
Native extension for WebGL target not found
Assertion failed on expression: '!AssetDatabase::IsAssetImportWorkerProcess()'
UnityEngine.Debug:ExtractStackTraceNoAlloc (byte*,int,string)
UnityEngine.StackTraceUtility:ExtractStackTrace ()
YG.EditorScr.AssetEditScope:Dispose () (at Assets/PluginYourGames/Scripts/EditorScr/FileYG.cs:143)
YG.EditorScr.DefineSymbols:ConversionPlatformConfigs () (at Assets/PluginYourGames/Scripts/EditorScr/DefineSymbols.cs:292)
YG.EditorScr.DefineSymbols:UpdateDefineSymbols () (at Assets/PluginYourGames/Scripts/EditorScr/DefineSymbols.cs:60)
YG.EditorScr.DefineSymbols:.cctor () (at Assets/PluginYourGames/Scripts/EditorScr/DefineSymbols.cs:34)
System.Runtime.CompilerServices.RuntimeHelpers:RunClassConstructor (System.RuntimeTypeHandle)
UnityEditor.EditorAssemblies:ProcessInitializeOnLoadAttributes (System.Type[])

[Assets/PluginYourGames/Scripts/EditorScr/FileYG.cs line 143]

Asset Pipeline Refresh (id=b05a8c2069de624479bad22f03a794ff): Total: 0.001 seconds - Initiated by StopAssetImportingV2(NoUpdateAssetOptions)
[ScriptCompilation] NOT recompiling all scripts because this is an import worker process. Reason to compile was: Define symbols changed
Package Manager log level set to [2]
[Package Manager] Failed to launch server process. Reason: Unity was launched with the -noUpm command-line argument
[Package Manager] Unable to send message (not connected to server process).
[Package Manager] Cannot connect to Unity Package Manager local server
<color=white>• You are using a <b>Non-Commercial</b> version of <b>Pixelation</b> developed by <b>NullTale</b></color>.
When using this version, please remember to specify <b>Author Attribution</b> according to the <b>Licence</b> used.
------------- - - - -  -  -
A full use <b>Licence</b> can be acquired on <a href="https://assetstore.unity.com/packages/vfx/shaders/fullscreen-camera-effects/271730">Asset Store</a> or negotiated with the Author in cases of special licensing.
 
UnityEngine.Debug:ExtractStackTraceNoAlloc (byte*,int,string)
UnityEngine.StackTraceUtility:ExtractStackTrace ()
UnityEngine.DebugLogHandler:Internal_Log (UnityEngine.LogType,UnityEngine.LogOption,string,UnityEngine.Object)
UnityEngine.DebugLogHandler:LogFormat (UnityEngine.LogType,UnityEngine.Object,string,object[])
UnityEngine.Logger:Log (UnityEngine.LogType,object)
UnityEngine.Debug:Log (object)
VolFx.Editor.PassDrawer:CopyrightInfo () (at ./Library/PackageCache/www.nulltale.pixelation@97667f4bacf4/Editor/PassDrawer.cs:162)
System.Reflection.RuntimeMethodInfo:Invoke (object,System.Reflection.BindingFlags,System.Reflection.Binder,object[],System.Globalization.CultureInfo)
System.Reflection.MethodBase:Invoke (object,object[])
UnityEditor.EditorAssemblies:ProcessInitializeOnLoadMethodAttributes ()

(Filename: ./Library/PackageCache/www.nulltale.pixelation@97667f4bacf4/Editor/PassDrawer.cs Line: 162)

Mono: successfully reloaded assembly
- Finished resetting the current domain, in  0.612 seconds
Domain Reload Profiling: 1597ms
	BeginReloadAssembly (185ms)
		ExecutionOrderSort (0ms)
		DisableScriptedObjects (9ms)
		BackupInstance (0ms)
		ReleaseScriptingObjects (0ms)
		CreateAndSetChildDomain (30ms)
	RebuildCommonClasses (52ms)
	RebuildNativeTypeToScriptingClass (11ms)
	initialDomainReloadingComplete (51ms)
	LoadAllAssembliesAndSetupDomain (685ms)
		LoadAssemblies (626ms)
		RebuildTransferFunctionScriptingTraits (0ms)
		AnalyzeDomain (163ms)
			TypeCache.Refresh (128ms)
				TypeCache.ScanAssembly (117ms)
			BuildScriptInfoCaches (25ms)
			ResolveRequiredComponents (8ms)
	FinalizeReload (613ms)
		ReleaseScriptCaches (0ms)
		RebuildScriptCaches (0ms)
		SetupLoadedEditorAssemblies (439ms)
			LogAssemblyErrors (0ms)
			InitializePlatformSupportModulesInManaged (3ms)
			SetLoadedEditorAssemblies (4ms)
			BeforeProcessingInitializeOnLoad (79ms)
			ProcessInitializeOnLoadAttributes (308ms)
			ProcessInitializeOnLoadMethodAttributes (44ms)
			AfterProcessingInitializeOnLoad (1ms)
			EditorAssembliesLoaded (0ms)
		ExecutionOrderSort2 (0ms)
		AwakeInstancesAfterBackupRestoration (5ms)
Launched and connected shader compiler UnityShaderCompiler.exe after 0.03 seconds
Refreshing native plugins compatible for Editor in 0.58 ms, found 2 plugins.
Preloading 0 native plugins for Editor in 0.00 ms.
Unloading 13 Unused Serialized files (Serialized files now loaded: 0)
Unloading 4281 unused Assets / (4.2 MB). Loaded Objects now: 4994.
Memory consumption went from 115.8 MB to 111.7 MB.
Total: 5.953400 ms (FindLiveObjects: 0.266500 ms CreateObjectMapping: 0.150600 ms MarkObjects: 3.403300 ms  DeleteObjects: 2.131500 ms)

========================================================================
Received Import Request.
  Time since last request: 85550.791894 seconds.
  path: Assets/TextureProject/UI/pc/pcNotWorking.png
  artifactKey: Guid(6b32648ef0845bb43af12586fb1a6aed) Importer(2089858483,192608db42251d675da83286b1cce702)
Start importing Assets/TextureProject/UI/pc/pcNotWorking.png using Guid(6b32648ef0845bb43af12586fb1a6aed) Importer(2089858483,192608db42251d675da83286b1cce702) (ScriptedImporter) -> (artifact id: 'e377e3cf481a85b489cb3fd1772f5890') in 0.2047477 seconds
Number of updated asset objects reloaded before import = 0Number of asset objects unloaded after import = 3

========================================================================
Received Import Request.
  Time since last request: 1.290599 seconds.
  path: Assets/Scripts/PC/DraggableDiskette.cs
  artifactKey: Guid(3a8161939397a7e428f0768cfb51dc6f) Importer(2089858483,192608db42251d675da83286b1cce702)
Start importing Assets/Scripts/PC/DraggableDiskette.cs using Guid(3a8161939397a7e428f0768cfb51dc6f) Importer(2089858483,192608db42251d675da83286b1cce702) (ScriptedImporter) -> (artifact id: '00000000000000000000000000000000') in 0.0036273 seconds
Import Error Code:(4)
Message: Build asset version error: assets/scripts/pc/draggablediskette.cs in SourceAssetDB has modification time of '2025-12-18T09:49:29.9707099Z' while content on disk has modification time of '2025-12-18T09:49:37.2907906Z'
  ERROR: Build asset version error: assets/scripts/pc/draggablediskette.cs in SourceAssetDB has modification time of '2025-12-18T09:49:29.9707099Z' while content on disk has modification time of '2025-12-18T09:49:37.2907906Z'
Number of updated asset objects reloaded before import = 0Number of asset objects unloaded after import = 0

========================================================================
Received Prepare
Begin MonoManager ReloadAssembly
- Loaded All Assemblies, in  0.581 seconds
Refreshing native plugins compatible for Editor in 0.81 ms, found 2 plugins.
Native extension for WindowsStandalone target not found
Native extension for WebGL target not found
Assertion failed on expression: '!AssetDatabase::IsAssetImportWorkerProcess()'
UnityEngine.Debug:ExtractStackTraceNoAlloc (byte*,int,string)
UnityEngine.StackTraceUtility:ExtractStackTrace ()
YG.EditorScr.AssetEditScope:Dispose () (at Assets/PluginYourGames/Scripts/EditorScr/FileYG.cs:143)
YG.EditorScr.DefineSymbols:ConversionPlatformConfigs () (at Assets/PluginYourGames/Scripts/EditorScr/DefineSymbols.cs:292)
YG.EditorScr.DefineSymbols:UpdateDefineSymbols () (at Assets/PluginYourGames/Scripts/EditorScr/DefineSymbols.cs:60)
YG.EditorScr.DefineSymbols:.cctor () (at Assets/PluginYourGames/Scripts/EditorScr/DefineSymbols.cs:34)
System.Runtime.CompilerServices.RuntimeHelpers:RunClassConstructor (System.RuntimeTypeHandle)
UnityEditor.EditorAssemblies:ProcessInitializeOnLoadAttributes (System.Type[])

[Assets/PluginYourGames/Scripts/EditorScr/FileYG.cs line 143]

Asset Pipeline Refresh (id=13a77e792b1f7bc46ae90369e45f7487): Total: 0.001 seconds - Initiated by StopAssetImportingV2(NoUpdateAssetOptions)
[ScriptCompilation] NOT recompiling all scripts because this is an import worker process. Reason to compile was: Define symbols changed
[Package Manager] Failed to launch server process. Reason: Unity was launched with the -noUpm command-line argument
[Package Manager] Unable to send message (not connected to server process).
[Package Manager] Cannot connect to Unity Package Manager local server
Mono: successfully reloaded assembly
- Finished resetting the current domain, in  0.666 seconds
Domain Reload Profiling: 1249ms
	BeginReloadAssembly (173ms)
		ExecutionOrderSort (0ms)
		DisableScriptedObjects (5ms)
		BackupInstance (0ms)
		ReleaseScriptingObjects (0ms)
		CreateAndSetChildDomain (39ms)
	RebuildCommonClasses (27ms)
	RebuildNativeTypeToScriptingClass (9ms)
	initialDomainReloadingComplete (21ms)
	LoadAllAssembliesAndSetupDomain (353ms)
		LoadAssemblies (304ms)
		RebuildTransferFunctionScriptingTraits (0ms)
		AnalyzeDomain (128ms)
			TypeCache.Refresh (9ms)
				TypeCache.ScanAssembly (2ms)
			BuildScriptInfoCaches (110ms)
			ResolveRequiredComponents (6ms)
	FinalizeReload (666ms)
		ReleaseScriptCaches (0ms)
		RebuildScriptCaches (0ms)
		SetupLoadedEditorAssemblies (468ms)
			LogAssemblyErrors (0ms)
			InitializePlatformSupportModulesInManaged (3ms)
			SetLoadedEditorAssemblies (3ms)
			BeforeProcessingInitializeOnLoad (83ms)
			ProcessInitializeOnLoadAttributes (303ms)
			ProcessInitializeOnLoadMethodAttributes (72ms)
			AfterProcessingInitializeOnLoad (3ms)
			EditorAssembliesLoaded (0ms)
		ExecutionOrderSort2 (0ms)
		AwakeInstancesAfterBackupRestoration (43ms)
Refreshing native plugins compatible for Editor in 0.71 ms, found 2 plugins.
Preloading 0 native plugins for Editor in 0.00 ms.
Unloading 13 Unused Serialized files (Serialized files now loaded: 0)
Unloading 4279 unused Assets / (3.6 MB). Loaded Objects now: 5010.
Memory consumption went from 127.0 MB to 123.3 MB.
Total: 5.730500 ms (FindLiveObjects: 0.385300 ms CreateObjectMapping: 0.250100 ms MarkObjects: 3.353900 ms  DeleteObjects: 1.740100 ms)

Prepare: number of updated asset objects reloaded= 0
========================================================================
Received Import Request.
  Time since last request: 12.239172 seconds.
  path: Assets/Scripts/PC/DraggableDiskette.cs
  artifactKey: Guid(3a8161939397a7e428f0768cfb51dc6f) Importer(815301076,1909f56bfc062723c751e8b465ee728b)
Start importing Assets/Scripts/PC/DraggableDiskette.cs using Guid(3a8161939397a7e428f0768cfb51dc6f) Importer(815301076,1909f56bfc062723c751e8b465ee728b) (PreviewImporter) -> (artifact id: '296fd3be4aceda7b54bf88ad1d494ad1') in 0.0101011 seconds
Number of updated asset objects reloaded before import = 0Number of asset objects unloaded after import = 0

========================================================================
Received Import Request.
  Time since last request: 2.848253 seconds.
  path: Assets/Scripts/PC/DraggableDiskette.cs
  artifactKey: Guid(3a8161939397a7e428f0768cfb51dc6f) Importer(2089858483,192608db42251d675da83286b1cce702)
Start importing Assets/Scripts/PC/DraggableDiskette.cs using Guid(3a8161939397a7e428f0768cfb51dc6f) Importer(2089858483,192608db42251d675da83286b1cce702) (ScriptedImporter) -> (artifact id: 'f8e871af1d9c9765a7e7c9c966344469') in 0.1501562 seconds
Number of updated asset objects reloaded before import = 0Number of asset objects unloaded after import = 0

========================================================================
Received Prepare
Refreshing native plugins compatible for Editor in 0.67 ms, found 2 plugins.
Preloading 0 native plugins for Editor in 0.00 ms.
Unloading 13 Unused Serialized files (Serialized files now loaded: 0)
Unloading 4271 unused Assets / (4.0 MB). Loaded Objects now: 5011.
Memory consumption went from 127.2 MB to 123.2 MB.
Total: 7.106200 ms (FindLiveObjects: 0.386000 ms CreateObjectMapping: 0.328600 ms MarkObjects: 4.310200 ms  DeleteObjects: 2.079800 ms)

Prepare: number of updated asset objects reloaded= 0
========================================================================
Received Import Request.
  Time since last request: 0.476687 seconds.
  path: Assets/Scripts/PC/DropZone.cs
  artifactKey: Guid(420d092887ebf9f48a859f69ff911171) Importer(815301076,1909f56bfc062723c751e8b465ee728b)
Start importing Assets/Scripts/PC/DropZone.cs using Guid(420d092887ebf9f48a859f69ff911171) Importer(815301076,1909f56bfc062723c751e8b465ee728b) (PreviewImporter) -> (artifact id: '742f12f7728ceaf4fa607170f2b11bc3') in 0.0078577 seconds
Number of updated asset objects reloaded before import = 0Number of asset objects unloaded after import = 0

========================================================================
Received Import Request.
  Time since last request: 0.789932 seconds.
  path: Assets/Scripts/PC/DropZone.cs
  artifactKey: Guid(420d092887ebf9f48a859f69ff911171) Importer(2089858483,192608db42251d675da83286b1cce702)
Start importing Assets/Scripts/PC/DropZone.cs using Guid(420d092887ebf9f48a859f69ff911171) Importer(2089858483,192608db42251d675da83286b1cce702) (ScriptedImporter) -> (artifact id: '0b720150507066c3ede1e1297e3312a7') in 0.0041245 seconds
Number of updated asset objects reloaded before import = 0Number of asset objects unloaded after import = 0

========================================================================
Received Prepare
Begin MonoManager ReloadAssembly
- Loaded All Assemblies, in  0.582 seconds
Refreshing native plugins compatible for Editor in 0.51 ms, found 2 plugins.
Native extension for WindowsStandalone target not found
Native extension for WebGL target not found
Assertion failed on expression: '!AssetDatabase::IsAssetImportWorkerProcess()'
UnityEngine.Debug:ExtractStackTraceNoAlloc (byte*,int,string)
UnityEngine.StackTraceUtility:ExtractStackTrace ()
YG.EditorScr.AssetEditScope:Dispose () (at Assets/PluginYourGames/Scripts/EditorScr/FileYG.cs:143)
YG.EditorScr.DefineSymbols:ConversionPlatformConfigs () (at Assets/PluginYourGames/Scripts/EditorScr/DefineSymbols.cs:292)
YG.EditorScr.DefineSymbols:UpdateDefineSymbols () (at Assets/PluginYourGames/Scripts/EditorScr/DefineSymbols.cs:60)
YG.EditorScr.DefineSymbols:.cctor () (at Assets/PluginYourGames/Scripts/EditorScr/DefineSymbols.cs:34)
System.Runtime.CompilerServices.RuntimeHelpers:RunClassConstructor (System.RuntimeTypeHandle)
UnityEditor.EditorAssemblies:ProcessInitializeOnLoadAttributes (System.Type[])

[Assets/PluginYourGames/Scripts/EditorScr/FileYG.cs line 143]

Asset Pipeline Refresh (id=d60c5317ccbd7ef4580c4786cebfbf74): Total: 0.001 seconds - Initiated by StopAssetImportingV2(NoUpdateAssetOptions)
[ScriptCompilation] NOT recompiling all scripts because this is an import worker process. Reason to compile was: Define symbols changed
[Package Manager] Failed to launch server process. Reason: Unity was launched with the -noUpm command-line argument
[Package Manager] Unable to send message (not connected to server process).
[Package Manager] Cannot connect to Unity Package Manager local server
Mono: successfully reloaded assembly
- Finished resetting the current domain, in  0.646 seconds
Domain Reload Profiling: 1230ms
	BeginReloadAssembly (172ms)
		ExecutionOrderSort (0ms)
		DisableScriptedObjects (5ms)
		BackupInstance (0ms)
		ReleaseScriptingObjects (0ms)
		CreateAndSetChildDomain (41ms)
	RebuildCommonClasses (29ms)
	RebuildNativeTypeToScriptingClass (11ms)
	initialDomainReloadingComplete (20ms)
	LoadAllAssembliesAndSetupDomain (352ms)
		LoadAssemblies (296ms)
		RebuildTransferFunctionScriptingTraits (0ms)
		AnalyzeDomain (138ms)
			TypeCache.Refresh (10ms)
				TypeCache.ScanAssembly (3ms)
			BuildScriptInfoCaches (118ms)
			ResolveRequiredComponents (8ms)
	FinalizeReload (647ms)
		ReleaseScriptCaches (0ms)
		RebuildScriptCaches (0ms)
		SetupLoadedEditorAssemblies (496ms)
			LogAssemblyErrors (0ms)
			InitializePlatformSupportModulesInManaged (2ms)
			SetLoadedEditorAssemblies (5ms)
			BeforeProcessingInitializeOnLoad (102ms)
			ProcessInitializeOnLoadAttributes (326ms)
			ProcessInitializeOnLoadMethodAttributes (59ms)
			AfterProcessingInitializeOnLoad (1ms)
			EditorAssembliesLoaded (0ms)
		ExecutionOrderSort2 (0ms)
		AwakeInstancesAfterBackupRestoration (16ms)
Refreshing native plugins compatible for Editor in 0.87 ms, found 2 plugins.
Preloading 0 native plugins for Editor in 0.00 ms.
Unloading 13 Unused Serialized files (Serialized files now loaded: 0)
Unloading 4280 unused Assets / (4.4 MB). Loaded Objects now: 5013.
Memory consumption went from 127.0 MB to 122.6 MB.
Total: 8.779000 ms (FindLiveObjects: 0.579000 ms CreateObjectMapping: 0.487100 ms MarkObjects: 4.896100 ms  DeleteObjects: 2.815600 ms)

Prepare: number of updated asset objects reloaded= 0
========================================================================
Received Import Request.
  Time since last request: 6.338857 seconds.
  path: Assets/Scripts/PC/DropZone.cs
  artifactKey: Guid(420d092887ebf9f48a859f69ff911171) Importer(815301076,1909f56bfc062723c751e8b465ee728b)
Start importing Assets/Scripts/PC/DropZone.cs using Guid(420d092887ebf9f48a859f69ff911171) Importer(815301076,1909f56bfc062723c751e8b465ee728b) (PreviewImporter) -> (artifact id: '6c5ca23f1a32191ea1ef293a833d342e') in 0.0112466 seconds
Number of updated asset objects reloaded before import = 0Number of asset objects unloaded after import = 0

========================================================================
Received Prepare
Begin MonoManager ReloadAssembly
- Loaded All Assemblies, in  0.542 seconds
Refreshing native plugins compatible for Editor in 0.53 ms, found 2 plugins.
Native extension for WindowsStandalone target not found
Native extension for WebGL target not found
Assertion failed on expression: '!AssetDatabase::IsAssetImportWorkerProcess()'
UnityEngine.Debug:ExtractStackTraceNoAlloc (byte*,int,string)
UnityEngine.StackTraceUtility:ExtractStackTrace ()
YG.EditorScr.AssetEditScope:Dispose () (at Assets/PluginYourGames/Scripts/EditorScr/FileYG.cs:143)
YG.EditorScr.DefineSymbols:ConversionPlatformConfigs () (at Assets/PluginYourGames/Scripts/EditorScr/DefineSymbols.cs:292)
YG.EditorScr.DefineSymbols:UpdateDefineSymbols () (at Assets/PluginYourGames/Scripts/EditorScr/DefineSymbols.cs:60)
YG.EditorScr.DefineSymbols:.cctor () (at Assets/PluginYourGames/Scripts/EditorScr/DefineSymbols.cs:34)
System.Runtime.CompilerServices.RuntimeHelpers:RunClassConstructor (System.RuntimeTypeHandle)
UnityEditor.EditorAssemblies:ProcessInitializeOnLoadAttributes (System.Type[])

[Assets/PluginYourGames/Scripts/EditorScr/FileYG.cs line 143]

Asset Pipeline Refresh (id=0523b2761bba49742baa0a477c7c97b6): Total: 0.001 seconds - Initiated by StopAssetImportingV2(NoUpdateAssetOptions)
[ScriptCompilation] NOT recompiling all scripts because this is an import worker process. Reason to compile was: Define symbols changed
[Package Manager] Failed to launch server process. Reason: Unity was launched with the -noUpm command-line argument
[Package Manager] Unable to send message (not connected to server process).
[Package Manager] Cannot connect to Unity Package Manager local server
Mono: successfully reloaded assembly
- Finished resetting the current domain, in  0.515 seconds
Domain Reload Profiling: 1060ms
	BeginReloadAssembly (189ms)
		ExecutionOrderSort (0ms)
		DisableScriptedObjects (6ms)
		BackupInstance (0ms)
		ReleaseScriptingObjects (0ms)
		CreateAndSetChildDomain (36ms)
	RebuildCommonClasses (34ms)
	RebuildNativeTypeToScriptingClass (14ms)
	initialDomainReloadingComplete (20ms)
	LoadAllAssembliesAndSetupDomain (288ms)
		LoadAssemblies (261ms)
		RebuildTransferFunctionScriptingTraits (0ms)
		AnalyzeDomain (119ms)
			TypeCache.Refresh (9ms)
				TypeCache.ScanAssembly (2ms)
			BuildScriptInfoCaches (101ms)
			ResolveRequiredComponents (7ms)
	FinalizeReload (516ms)
		ReleaseScriptCaches (0ms)
		RebuildScriptCaches (0ms)
		SetupLoadedEditorAssemblies (416ms)
			LogAssemblyErrors (0ms)
			InitializePlatformSupportModulesInManaged (2ms)
			SetLoadedEditorAssemblies (4ms)
			BeforeProcessingInitializeOnLoad (84ms)
			ProcessInitializeOnLoadAttributes (283ms)
			ProcessInitializeOnLoadMethodAttributes (41ms)
			AfterProcessingInitializeOnLoad (1ms)
			EditorAssembliesLoaded (0ms)
		ExecutionOrderSort2 (0ms)
		AwakeInstancesAfterBackupRestoration (11ms)
Refreshing native plugins compatible for Editor in 0.98 ms, found 2 plugins.
Preloading 0 native plugins for Editor in 0.00 ms.
Unloading 13 Unused Serialized files (Serialized files now loaded: 0)
Unloading 4280 unused Assets / (5.1 MB). Loaded Objects now: 5015.
Memory consumption went from 127.0 MB to 121.9 MB.
Total: 7.546800 ms (FindLiveObjects: 0.323500 ms CreateObjectMapping: 0.184700 ms MarkObjects: 4.348900 ms  DeleteObjects: 2.688500 ms)

Prepare: number of updated asset objects reloaded= 0
========================================================================
Received Import Request.
  Time since last request: 8.191871 seconds.
  path: Assets/Scripts/PC/DropZone.cs
  artifactKey: Guid(420d092887ebf9f48a859f69ff911171) Importer(815301076,1909f56bfc062723c751e8b465ee728b)
Start importing Assets/Scripts/PC/DropZone.cs using Guid(420d092887ebf9f48a859f69ff911171) Importer(815301076,1909f56bfc062723c751e8b465ee728b) (PreviewImporter) -> (artifact id: 'a0f3493c9d84ee7907bcb17dcd46a5f5') in 0.007525 seconds
Number of updated asset objects reloaded before import = 0Number of asset objects unloaded after import = 0

========================================================================
Received Prepare
Begin MonoManager ReloadAssembly
- Loaded All Assemblies, in  0.556 seconds
Refreshing native plugins compatible for Editor in 0.57 ms, found 2 plugins.
Native extension for WindowsStandalone target not found
Native extension for WebGL target not found
Assertion failed on expression: '!AssetDatabase::IsAssetImportWorkerProcess()'
UnityEngine.Debug:ExtractStackTraceNoAlloc (byte*,int,string)
UnityEngine.StackTraceUtility:ExtractStackTrace ()
YG.EditorScr.AssetEditScope:Dispose () (at Assets/PluginYourGames/Scripts/EditorScr/FileYG.cs:143)
YG.EditorScr.DefineSymbols:ConversionPlatformConfigs () (at Assets/PluginYourGames/Scripts/EditorScr/DefineSymbols.cs:292)
YG.EditorScr.DefineSymbols:UpdateDefineSymbols () (at Assets/PluginYourGames/Scripts/EditorScr/DefineSymbols.cs:60)
YG.EditorScr.DefineSymbols:.cctor () (at Assets/PluginYourGames/Scripts/EditorScr/DefineSymbols.cs:34)
System.Runtime.CompilerServices.RuntimeHelpers:RunClassConstructor (System.RuntimeTypeHandle)
UnityEditor.EditorAssemblies:ProcessInitializeOnLoadAttributes (System.Type[])

[Assets/PluginYourGames/Scripts/EditorScr/FileYG.cs line 143]

Asset Pipeline Refresh (id=46cd5258dafb8914ebab0c1fd2de0221): Total: 0.000 seconds - Initiated by StopAssetImportingV2(NoUpdateAssetOptions)
[ScriptCompilation] NOT recompiling all scripts because this is an import worker process. Reason to compile was: Define symbols changed
[Package Manager] Failed to launch server process. Reason: Unity was launched with the -noUpm command-line argument
[Package Manager] Unable to send message (not connected to server process).
[Package Manager] Cannot connect to Unity Package Manager local server
Mono: successfully reloaded assembly
- Finished resetting the current domain, in  0.497 seconds
Domain Reload Profiling: 1055ms
	BeginReloadAssembly (181ms)
		ExecutionOrderSort (0ms)
		DisableScriptedObjects (6ms)
		BackupInstance (0ms)
		ReleaseScriptingObjects (0ms)
		CreateAndSetChildDomain (52ms)
	RebuildCommonClasses (28ms)
	RebuildNativeTypeToScriptingClass (9ms)
	initialDomainReloadingComplete (20ms)
	LoadAllAssembliesAndSetupDomain (320ms)
		LoadAssemblies (289ms)
		RebuildTransferFunctionScriptingTraits (0ms)
		AnalyzeDomain (107ms)
			TypeCache.Refresh (5ms)
				TypeCache.ScanAssembly (0ms)
			BuildScriptInfoCaches (92ms)
			ResolveRequiredComponents (7ms)
	FinalizeReload (497ms)
		ReleaseScriptCaches (0ms)
		RebuildScriptCaches (0ms)
		SetupLoadedEditorAssemblies (378ms)
			LogAssemblyErrors (0ms)
			InitializePlatformSupportModulesInManaged (2ms)
			SetLoadedEditorAssemblies (4ms)
			BeforeProcessingInitializeOnLoad (79ms)
			ProcessInitializeOnLoadAttributes (254ms)
			ProcessInitializeOnLoadMethodAttributes (38ms)
			AfterProcessingInitializeOnLoad (2ms)
			EditorAssembliesLoaded (0ms)
		ExecutionOrderSort2 (0ms)
		AwakeInstancesAfterBackupRestoration (13ms)
Refreshing native plugins compatible for Editor in 0.60 ms, found 2 plugins.
Preloading 0 native plugins for Editor in 0.00 ms.
Unloading 13 Unused Serialized files (Serialized files now loaded: 0)
Unloading 4280 unused Assets / (4.1 MB). Loaded Objects now: 5017.
Memory consumption went from 127.1 MB to 122.9 MB.
Total: 5.578000 ms (FindLiveObjects: 0.301800 ms CreateObjectMapping: 0.161700 ms MarkObjects: 3.760600 ms  DeleteObjects: 1.352100 ms)

Prepare: number of updated asset objects reloaded= 0
========================================================================
Received Prepare
Begin MonoManager ReloadAssembly
- Loaded All Assemblies, in  0.487 seconds
Refreshing native plugins compatible for Editor in 0.69 ms, found 2 plugins.
Native extension for WindowsStandalone target not found
Native extension for WebGL target not found
Assertion failed on expression: '!AssetDatabase::IsAssetImportWorkerProcess()'
UnityEngine.Debug:ExtractStackTraceNoAlloc (byte*,int,string)
UnityEngine.StackTraceUtility:ExtractStackTrace ()
YG.EditorScr.AssetEditScope:Dispose () (at Assets/PluginYourGames/Scripts/EditorScr/FileYG.cs:143)
YG.EditorScr.DefineSymbols:ConversionPlatformConfigs () (at Assets/PluginYourGames/Scripts/EditorScr/DefineSymbols.cs:292)
YG.EditorScr.DefineSymbols:UpdateDefineSymbols () (at Assets/PluginYourGames/Scripts/EditorScr/DefineSymbols.cs:60)
YG.EditorScr.DefineSymbols:.cctor () (at Assets/PluginYourGames/Scripts/EditorScr/DefineSymbols.cs:34)
System.Runtime.CompilerServices.RuntimeHelpers:RunClassConstructor (System.RuntimeTypeHandle)
UnityEditor.EditorAssemblies:ProcessInitializeOnLoadAttributes (System.Type[])

[Assets/PluginYourGames/Scripts/EditorScr/FileYG.cs line 143]

Asset Pipeline Refresh (id=ec710a85c7d739046be8ad3c08d6916a): Total: 0.000 seconds - Initiated by StopAssetImportingV2(NoUpdateAssetOptions)
[ScriptCompilation] NOT recompiling all scripts because this is an import worker process. Reason to compile was: Define symbols changed
[Package Manager] Failed to launch server process. Reason: Unity was launched with the -noUpm command-line argument
[Package Manager] Unable to send message (not connected to server process).
[Package Manager] Cannot connect to Unity Package Manager local server
Mono: successfully reloaded assembly
- Finished resetting the current domain, in  0.487 seconds
Domain Reload Profiling: 976ms
	BeginReloadAssembly (153ms)
		ExecutionOrderSort (0ms)
		DisableScriptedObjects (6ms)
		BackupInstance (0ms)
		ReleaseScriptingObjects (0ms)
		CreateAndSetChildDomain (33ms)
	RebuildCommonClasses (30ms)
	RebuildNativeTypeToScriptingClass (10ms)
	initialDomainReloadingComplete (20ms)
	LoadAllAssembliesAndSetupDomain (275ms)
		LoadAssemblies (228ms)
		RebuildTransferFunctionScriptingTraits (0ms)
		AnalyzeDomain (118ms)
			TypeCache.Refresh (5ms)
				TypeCache.ScanAssembly (0ms)
			BuildScriptInfoCaches (104ms)
			ResolveRequiredComponents (7ms)
	FinalizeReload (488ms)
		ReleaseScriptCaches (0ms)
		RebuildScriptCaches (0ms)
		SetupLoadedEditorAssemblies (370ms)
			LogAssemblyErrors (0ms)
			InitializePlatformSupportModulesInManaged (2ms)
			SetLoadedEditorAssemblies (3ms)
			BeforeProcessingInitializeOnLoad (71ms)
			ProcessInitializeOnLoadAttributes (257ms)
			ProcessInitializeOnLoadMethodAttributes (34ms)
			AfterProcessingInitializeOnLoad (1ms)
			EditorAssembliesLoaded (0ms)
		ExecutionOrderSort2 (0ms)
		AwakeInstancesAfterBackupRestoration (12ms)
Refreshing native plugins compatible for Editor in 0.57 ms, found 2 plugins.
Preloading 0 native plugins for Editor in 0.00 ms.
Unloading 13 Unused Serialized files (Serialized files now loaded: 0)
Unloading 4280 unused Assets / (4.1 MB). Loaded Objects now: 5019.
Memory consumption went from 127.1 MB to 123.1 MB.
Total: 4.408100 ms (FindLiveObjects: 0.264600 ms CreateObjectMapping: 0.159600 ms MarkObjects: 2.808400 ms  DeleteObjects: 1.174700 ms)

Prepare: number of updated asset objects reloaded= 0
========================================================================
Received Prepare
Begin MonoManager ReloadAssembly
- Loaded All Assemblies, in  0.460 seconds
Refreshing native plugins compatible for Editor in 0.65 ms, found 2 plugins.
Native extension for WindowsStandalone target not found
Native extension for WebGL target not found
Assertion failed on expression: '!AssetDatabase::IsAssetImportWorkerProcess()'
UnityEngine.Debug:ExtractStackTraceNoAlloc (byte*,int,string)
UnityEngine.StackTraceUtility:ExtractStackTrace ()
YG.EditorScr.AssetEditScope:Dispose () (at Assets/PluginYourGames/Scripts/EditorScr/FileYG.cs:143)
YG.EditorScr.DefineSymbols:ConversionPlatformConfigs () (at Assets/PluginYourGames/Scripts/EditorScr/DefineSymbols.cs:292)
YG.EditorScr.DefineSymbols:UpdateDefineSymbols () (at Assets/PluginYourGames/Scripts/EditorScr/DefineSymbols.cs:60)
YG.EditorScr.DefineSymbols:.cctor () (at Assets/PluginYourGames/Scripts/EditorScr/DefineSymbols.cs:34)
System.Runtime.CompilerServices.RuntimeHelpers:RunClassConstructor (System.RuntimeTypeHandle)
UnityEditor.EditorAssemblies:ProcessInitializeOnLoadAttributes (System.Type[])

[Assets/PluginYourGames/Scripts/EditorScr/FileYG.cs line 143]

Asset Pipeline Refresh (id=401c2faf511000e469cf1beab90ca86a): Total: 0.000 seconds - Initiated by StopAssetImportingV2(NoUpdateAssetOptions)
[ScriptCompilation] NOT recompiling all scripts because this is an import worker process. Reason to compile was: Define symbols changed
[Package Manager] Failed to launch server process. Reason: Unity was launched with the -noUpm command-line argument
[Package Manager] Unable to send message (not connected to server process).
[Package Manager] Cannot connect to Unity Package Manager local server
Mono: successfully reloaded assembly
- Finished resetting the current domain, in  0.482 seconds
Domain Reload Profiling: 944ms
	BeginReloadAssembly (154ms)
		ExecutionOrderSort (0ms)
		DisableScriptedObjects (5ms)
		BackupInstance (0ms)
		ReleaseScriptingObjects (0ms)
		CreateAndSetChildDomain (33ms)
	RebuildCommonClasses (28ms)
	RebuildNativeTypeToScriptingClass (9ms)
	initialDomainReloadingComplete (17ms)
	LoadAllAssembliesAndSetupDomain (254ms)
		LoadAssemblies (222ms)
		RebuildTransferFunctionScriptingTraits (0ms)
		AnalyzeDomain (103ms)
			TypeCache.Refresh (5ms)
				TypeCache.ScanAssembly (0ms)
			BuildScriptInfoCaches (89ms)
			ResolveRequiredComponents (7ms)
	FinalizeReload (483ms)
		ReleaseScriptCaches (0ms)
		RebuildScriptCaches (0ms)
		SetupLoadedEditorAssemblies (369ms)
			LogAssemblyErrors (0ms)
			InitializePlatformSupportModulesInManaged (2ms)
			SetLoadedEditorAssemblies (3ms)
			BeforeProcessingInitializeOnLoad (86ms)
			ProcessInitializeOnLoadAttributes (243ms)
			ProcessInitializeOnLoadMethodAttributes (33ms)
			AfterProcessingInitializeOnLoad (1ms)
			EditorAssembliesLoaded (0ms)
		ExecutionOrderSort2 (0ms)
		AwakeInstancesAfterBackupRestoration (11ms)
Refreshing native plugins compatible for Editor in 0.55 ms, found 2 plugins.
Preloading 0 native plugins for Editor in 0.00 ms.
Unloading 13 Unused Serialized files (Serialized files now loaded: 0)
Unloading 4280 unused Assets / (3.8 MB). Loaded Objects now: 5021.
Memory consumption went from 127.2 MB to 123.3 MB.
Total: 4.918500 ms (FindLiveObjects: 0.273000 ms CreateObjectMapping: 0.164600 ms MarkObjects: 2.978400 ms  DeleteObjects: 1.501700 ms)

Prepare: number of updated asset objects reloaded= 0
========================================================================
Received Prepare
Begin MonoManager ReloadAssembly
- Loaded All Assemblies, in  0.445 seconds
Refreshing native plugins compatible for Editor in 0.55 ms, found 2 plugins.
Native extension for WindowsStandalone target not found
Native extension for WebGL target not found
Assertion failed on expression: '!AssetDatabase::IsAssetImportWorkerProcess()'
UnityEngine.Debug:ExtractStackTraceNoAlloc (byte*,int,string)
UnityEngine.StackTraceUtility:ExtractStackTrace ()
YG.EditorScr.AssetEditScope:Dispose () (at Assets/PluginYourGames/Scripts/EditorScr/FileYG.cs:143)
YG.EditorScr.DefineSymbols:ConversionPlatformConfigs () (at Assets/PluginYourGames/Scripts/EditorScr/DefineSymbols.cs:292)
YG.EditorScr.DefineSymbols:UpdateDefineSymbols () (at Assets/PluginYourGames/Scripts/EditorScr/DefineSymbols.cs:60)
YG.EditorScr.DefineSymbols:.cctor () (at Assets/PluginYourGames/Scripts/EditorScr/DefineSymbols.cs:34)
System.Runtime.CompilerServices.RuntimeHelpers:RunClassConstructor (System.RuntimeTypeHandle)
UnityEditor.EditorAssemblies:ProcessInitializeOnLoadAttributes (System.Type[])

[Assets/PluginYourGames/Scripts/EditorScr/FileYG.cs line 143]

Asset Pipeline Refresh (id=bd066f6d11ec03247a68bab14595bb17): Total: 0.000 seconds - Initiated by StopAssetImportingV2(NoUpdateAssetOptions)
[ScriptCompilation] NOT recompiling all scripts because this is an import worker process. Reason to compile was: Define symbols changed
[Package Manager] Failed to launch server process. Reason: Unity was launched with the -noUpm command-line argument
[Package Manager] Unable to send message (not connected to server process).
[Package Manager] Cannot connect to Unity Package Manager local server
Mono: successfully reloaded assembly
- Finished resetting the current domain, in  0.478 seconds
Domain Reload Profiling: 924ms
	BeginReloadAssembly (154ms)
		ExecutionOrderSort (0ms)
		DisableScriptedObjects (4ms)
		BackupInstance (0ms)
		ReleaseScriptingObjects (0ms)
		CreateAndSetChildDomain (31ms)
	RebuildCommonClasses (26ms)
	RebuildNativeTypeToScriptingClass (9ms)
	initialDomainReloadingComplete (18ms)
	LoadAllAssembliesAndSetupDomain (240ms)
		LoadAssemblies (221ms)
		RebuildTransferFunctionScriptingTraits (0ms)
		AnalyzeDomain (95ms)
			TypeCache.Refresh (5ms)
				TypeCache.ScanAssembly (0ms)
			BuildScriptInfoCaches (81ms)
			ResolveRequiredComponents (6ms)
	FinalizeReload (478ms)
		ReleaseScriptCaches (0ms)
		RebuildScriptCaches (0ms)
		SetupLoadedEditorAssemblies (374ms)
			LogAssemblyErrors (0ms)
			InitializePlatformSupportModulesInManaged (3ms)
			SetLoadedEditorAssemblies (4ms)
			BeforeProcessingInitializeOnLoad (76ms)
			ProcessInitializeOnLoadAttributes (253ms)
			ProcessInitializeOnLoadMethodAttributes (37ms)
			AfterProcessingInitializeOnLoad (1ms)
			EditorAssembliesLoaded (0ms)
		ExecutionOrderSort2 (0ms)
		AwakeInstancesAfterBackupRestoration (11ms)
Refreshing native plugins compatible for Editor in 1.27 ms, found 2 plugins.
Preloading 0 native plugins for Editor in 0.00 ms.
Unloading 13 Unused Serialized files (Serialized files now loaded: 0)
Unloading 4280 unused Assets / (3.9 MB). Loaded Objects now: 5023.
Memory consumption went from 129.1 MB to 125.2 MB.
Total: 5.344300 ms (FindLiveObjects: 0.395000 ms CreateObjectMapping: 0.368800 ms MarkObjects: 3.329300 ms  DeleteObjects: 1.250200 ms)

Prepare: number of updated asset objects reloaded= 0
========================================================================
Received Prepare
Begin MonoManager ReloadAssembly
- Loaded All Assemblies, in  0.525 seconds
Refreshing native plugins compatible for Editor in 0.60 ms, found 2 plugins.
Native extension for WindowsStandalone target not found
Native extension for WebGL target not found
Assertion failed on expression: '!AssetDatabase::IsAssetImportWorkerProcess()'
UnityEngine.Debug:ExtractStackTraceNoAlloc (byte*,int,string)
UnityEngine.StackTraceUtility:ExtractStackTrace ()
YG.EditorScr.AssetEditScope:Dispose () (at Assets/PluginYourGames/Scripts/EditorScr/FileYG.cs:143)
YG.EditorScr.DefineSymbols:ConversionPlatformConfigs () (at Assets/PluginYourGames/Scripts/EditorScr/DefineSymbols.cs:292)
YG.EditorScr.DefineSymbols:UpdateDefineSymbols () (at Assets/PluginYourGames/Scripts/EditorScr/DefineSymbols.cs:60)
YG.EditorScr.DefineSymbols:.cctor () (at Assets/PluginYourGames/Scripts/EditorScr/DefineSymbols.cs:34)
System.Runtime.CompilerServices.RuntimeHelpers:RunClassConstructor (System.RuntimeTypeHandle)
UnityEditor.EditorAssemblies:ProcessInitializeOnLoadAttributes (System.Type[])

[Assets/PluginYourGames/Scripts/EditorScr/FileYG.cs line 143]

Asset Pipeline Refresh (id=cd29c3532b75f0a43aa83c0b663e9306): Total: 0.000 seconds - Initiated by StopAssetImportingV2(NoUpdateAssetOptions)
[ScriptCompilation] NOT recompiling all scripts because this is an import worker process. Reason to compile was: Define symbols changed
[Package Manager] Failed to launch server process. Reason: Unity was launched with the -noUpm command-line argument
[Package Manager] Unable to send message (not connected to server process).
[Package Manager] Cannot connect to Unity Package Manager local server
Mono: successfully reloaded assembly
- Finished resetting the current domain, in  0.491 seconds
Domain Reload Profiling: 1017ms
	BeginReloadAssembly (190ms)
		ExecutionOrderSort (0ms)
		DisableScriptedObjects (5ms)
		BackupInstance (0ms)
		ReleaseScriptingObjects (0ms)
		CreateAndSetChildDomain (45ms)
	RebuildCommonClasses (30ms)
	RebuildNativeTypeToScriptingClass (13ms)
	initialDomainReloadingComplete (22ms)
	LoadAllAssembliesAndSetupDomain (272ms)
		LoadAssemblies (256ms)
		RebuildTransferFunctionScriptingTraits (0ms)
		AnalyzeDomain (112ms)
			TypeCache.Refresh (7ms)
				TypeCache.ScanAssembly (0ms)
			BuildScriptInfoCaches (96ms)
			ResolveRequiredComponents (7ms)
	FinalizeReload (491ms)
		ReleaseScriptCaches (0ms)
		RebuildScriptCaches (0ms)
		SetupLoadedEditorAssemblies (372ms)
			LogAssemblyErrors (0ms)
			InitializePlatformSupportModulesInManaged (2ms)
			SetLoadedEditorAssemblies (3ms)
			BeforeProcessingInitializeOnLoad (79ms)
			ProcessInitializeOnLoadAttributes (242ms)
			ProcessInitializeOnLoadMethodAttributes (44ms)
			AfterProcessingInitializeOnLoad (1ms)
			EditorAssembliesLoaded (0ms)
		ExecutionOrderSort2 (0ms)
		AwakeInstancesAfterBackupRestoration (11ms)
Refreshing native plugins compatible for Editor in 0.74 ms, found 2 plugins.
Preloading 0 native plugins for Editor in 0.00 ms.
Unloading 13 Unused Serialized files (Serialized files now loaded: 0)
Unloading 4280 unused Assets / (4.0 MB). Loaded Objects now: 5025.
Memory consumption went from 129.2 MB to 125.2 MB.
Total: 5.747100 ms (FindLiveObjects: 0.319000 ms CreateObjectMapping: 0.270900 ms MarkObjects: 3.874500 ms  DeleteObjects: 1.281600 ms)

Prepare: number of updated asset objects reloaded= 0
========================================================================
Received Prepare
Begin MonoManager ReloadAssembly
- Loaded All Assemblies, in  0.455 seconds
Refreshing native plugins compatible for Editor in 0.54 ms, found 2 plugins.
Native extension for WindowsStandalone target not found
Native extension for WebGL target not found
Assertion failed on expression: '!AssetDatabase::IsAssetImportWorkerProcess()'
UnityEngine.Debug:ExtractStackTraceNoAlloc (byte*,int,string)
UnityEngine.StackTraceUtility:ExtractStackTrace ()
YG.EditorScr.AssetEditScope:Dispose () (at Assets/PluginYourGames/Scripts/EditorScr/FileYG.cs:143)
YG.EditorScr.DefineSymbols:ConversionPlatformConfigs () (at Assets/PluginYourGames/Scripts/EditorScr/DefineSymbols.cs:292)
YG.EditorScr.DefineSymbols:UpdateDefineSymbols () (at Assets/PluginYourGames/Scripts/EditorScr/DefineSymbols.cs:60)
YG.EditorScr.DefineSymbols:.cctor () (at Assets/PluginYourGames/Scripts/EditorScr/DefineSymbols.cs:34)
System.Runtime.CompilerServices.RuntimeHelpers:RunClassConstructor (System.RuntimeTypeHandle)
UnityEditor.EditorAssemblies:ProcessInitializeOnLoadAttributes (System.Type[])

[Assets/PluginYourGames/Scripts/EditorScr/FileYG.cs line 143]

Asset Pipeline Refresh (id=6c9a3d70053573646b5eeecf8e551be9): Total: 0.000 seconds - Initiated by StopAssetImportingV2(NoUpdateAssetOptions)
[ScriptCompilation] NOT recompiling all scripts because this is an import worker process. Reason to compile was: Define symbols changed
[Package Manager] Failed to launch server process. Reason: Unity was launched with the -noUpm command-line argument
[Package Manager] Unable to send message (not connected to server process).
[Package Manager] Cannot connect to Unity Package Manager local server
Mono: successfully reloaded assembly
- Finished resetting the current domain, in  0.467 seconds
Domain Reload Profiling: 924ms
	BeginReloadAssembly (144ms)
		ExecutionOrderSort (0ms)
		DisableScriptedObjects (4ms)
		BackupInstance (0ms)
		ReleaseScriptingObjects (0ms)
		CreateAndSetChildDomain (32ms)
	RebuildCommonClasses (26ms)
	RebuildNativeTypeToScriptingClass (12ms)
	initialDomainReloadingComplete (20ms)
	LoadAllAssembliesAndSetupDomain (255ms)
		LoadAssemblies (211ms)
		RebuildTransferFunctionScriptingTraits (0ms)
		AnalyzeDomain (111ms)
			TypeCache.Refresh (5ms)
				TypeCache.ScanAssembly (0ms)
			BuildScriptInfoCaches (94ms)
			ResolveRequiredComponents (9ms)
	FinalizeReload (468ms)
		ReleaseScriptCaches (0ms)
		RebuildScriptCaches (0ms)
		SetupLoadedEditorAssemblies (363ms)
			LogAssemblyErrors (0ms)
			InitializePlatformSupportModulesInManaged (2ms)
			SetLoadedEditorAssemblies (3ms)
			BeforeProcessingInitializeOnLoad (71ms)
			ProcessInitializeOnLoadAttributes (248ms)
			ProcessInitializeOnLoadMethodAttributes (38ms)
			AfterProcessingInitializeOnLoad (1ms)
			EditorAssembliesLoaded (0ms)
		ExecutionOrderSort2 (0ms)
		AwakeInstancesAfterBackupRestoration (10ms)
Refreshing native plugins compatible for Editor in 0.60 ms, found 2 plugins.
Preloading 0 native plugins for Editor in 0.00 ms.
Unloading 13 Unused Serialized files (Serialized files now loaded: 0)
Unloading 4280 unused Assets / (4.5 MB). Loaded Objects now: 5027.
Memory consumption went from 129.2 MB to 124.7 MB.
Total: 6.178300 ms (FindLiveObjects: 0.369900 ms CreateObjectMapping: 0.257100 ms MarkObjects: 3.659600 ms  DeleteObjects: 1.890500 ms)

Prepare: number of updated asset objects reloaded= 0
========================================================================
Received Prepare
Begin MonoManager ReloadAssembly
- Loaded All Assemblies, in  0.466 seconds
Refreshing native plugins compatible for Editor in 0.59 ms, found 2 plugins.
Native extension for WindowsStandalone target not found
Native extension for WebGL target not found
Assertion failed on expression: '!AssetDatabase::IsAssetImportWorkerProcess()'
UnityEngine.Debug:ExtractStackTraceNoAlloc (byte*,int,string)
UnityEngine.StackTraceUtility:ExtractStackTrace ()
YG.EditorScr.AssetEditScope:Dispose () (at Assets/PluginYourGames/Scripts/EditorScr/FileYG.cs:143)
YG.EditorScr.DefineSymbols:ConversionPlatformConfigs () (at Assets/PluginYourGames/Scripts/EditorScr/DefineSymbols.cs:292)
YG.EditorScr.DefineSymbols:UpdateDefineSymbols () (at Assets/PluginYourGames/Scripts/EditorScr/DefineSymbols.cs:60)
YG.EditorScr.DefineSymbols:.cctor () (at Assets/PluginYourGames/Scripts/EditorScr/DefineSymbols.cs:34)
System.Runtime.CompilerServices.RuntimeHelpers:RunClassConstructor (System.RuntimeTypeHandle)
UnityEditor.EditorAssemblies:ProcessInitializeOnLoadAttributes (System.Type[])

[Assets/PluginYourGames/Scripts/EditorScr/FileYG.cs line 143]

Asset Pipeline Refresh (id=0adda66bbb53f4545a2540d6cc4bf853): Total: 0.000 seconds - Initiated by StopAssetImportingV2(NoUpdateAssetOptions)
[ScriptCompilation] NOT recompiling all scripts because this is an import worker process. Reason to compile was: Define symbols changed
[Package Manager] Failed to launch server process. Reason: Unity was launched with the -noUpm command-line argument
[Package Manager] Unable to send message (not connected to server process).
[Package Manager] Cannot connect to Unity Package Manager local server
Mono: successfully reloaded assembly
- Finished resetting the current domain, in  0.480 seconds
Domain Reload Profiling: 948ms
	BeginReloadAssembly (150ms)
		ExecutionOrderSort (0ms)
		DisableScriptedObjects (4ms)
		BackupInstance (0ms)
		ReleaseScriptingObjects (0ms)
		CreateAndSetChildDomain (35ms)
	RebuildCommonClasses (29ms)
	RebuildNativeTypeToScriptingClass (9ms)
	initialDomainReloadingComplete (19ms)
	LoadAllAssembliesAndSetupDomain (260ms)
		LoadAssemblies (217ms)
		RebuildTransferFunctionScriptingTraits (0ms)
		AnalyzeDomain (115ms)
			TypeCache.Refresh (5ms)
				TypeCache.ScanAssembly (0ms)
			BuildScriptInfoCaches (97ms)
			ResolveRequiredComponents (10ms)
	FinalizeReload (480ms)
		ReleaseScriptCaches (0ms)
		RebuildScriptCaches (0ms)
		SetupLoadedEditorAssemblies (371ms)
			LogAssemblyErrors (0ms)
			InitializePlatformSupportModulesInManaged (2ms)
			SetLoadedEditorAssemblies (4ms)
			BeforeProcessingInitializeOnLoad (74ms)
			ProcessInitializeOnLoadAttributes (254ms)
			ProcessInitializeOnLoadMethodAttributes (35ms)
			AfterProcessingInitializeOnLoad (1ms)
			EditorAssembliesLoaded (0ms)
		ExecutionOrderSort2 (0ms)
		AwakeInstancesAfterBackupRestoration (11ms)
Refreshing native plugins compatible for Editor in 0.79 ms, found 2 plugins.
Preloading 0 native plugins for Editor in 0.00 ms.
Unloading 13 Unused Serialized files (Serialized files now loaded: 0)
Unloading 4280 unused Assets / (3.9 MB). Loaded Objects now: 5029.
Memory consumption went from 131.2 MB to 127.3 MB.
Total: 5.934700 ms (FindLiveObjects: 0.343500 ms CreateObjectMapping: 0.189300 ms MarkObjects: 4.107600 ms  DeleteObjects: 1.293100 ms)

Prepare: number of updated asset objects reloaded= 0
========================================================================
Received Prepare
Begin MonoManager ReloadAssembly
- Loaded All Assemblies, in  0.454 seconds
Refreshing native plugins compatible for Editor in 0.46 ms, found 2 plugins.
Native extension for WindowsStandalone target not found
Native extension for WebGL target not found
Assertion failed on expression: '!AssetDatabase::IsAssetImportWorkerProcess()'
UnityEngine.Debug:ExtractStackTraceNoAlloc (byte*,int,string)
UnityEngine.StackTraceUtility:ExtractStackTrace ()
YG.EditorScr.AssetEditScope:Dispose () (at Assets/PluginYourGames/Scripts/EditorScr/FileYG.cs:143)
YG.EditorScr.DefineSymbols:ConversionPlatformConfigs () (at Assets/PluginYourGames/Scripts/EditorScr/DefineSymbols.cs:292)
YG.EditorScr.DefineSymbols:UpdateDefineSymbols () (at Assets/PluginYourGames/Scripts/EditorScr/DefineSymbols.cs:60)
YG.EditorScr.DefineSymbols:.cctor () (at Assets/PluginYourGames/Scripts/EditorScr/DefineSymbols.cs:34)
System.Runtime.CompilerServices.RuntimeHelpers:RunClassConstructor (System.RuntimeTypeHandle)
UnityEditor.EditorAssemblies:ProcessInitializeOnLoadAttributes (System.Type[])

[Assets/PluginYourGames/Scripts/EditorScr/FileYG.cs line 143]

Asset Pipeline Refresh (id=c0153e9d6b3c8b24291a987392db3da6): Total: 0.001 seconds - Initiated by StopAssetImportingV2(NoUpdateAssetOptions)
[ScriptCompilation] NOT recompiling all scripts because this is an import worker process. Reason to compile was: Define symbols changed
[Package Manager] Failed to launch server process. Reason: Unity was launched with the -noUpm command-line argument
[Package Manager] Unable to send message (not connected to server process).
[Package Manager] Cannot connect to Unity Package Manager local server
Mono: successfully reloaded assembly
- Finished resetting the current domain, in  0.479 seconds
Domain Reload Profiling: 935ms
	BeginReloadAssembly (142ms)
		ExecutionOrderSort (0ms)
		DisableScriptedObjects (6ms)
		BackupInstance (0ms)
		ReleaseScriptingObjects (0ms)
		CreateAndSetChildDomain (29ms)
	RebuildCommonClasses (26ms)
	RebuildNativeTypeToScriptingClass (9ms)
	initialDomainReloadingComplete (22ms)
	LoadAllAssembliesAndSetupDomain (257ms)
		LoadAssemblies (222ms)
		RebuildTransferFunctionScriptingTraits (0ms)
		AnalyzeDomain (102ms)
			TypeCache.Refresh (5ms)
				TypeCache.ScanAssembly (0ms)
			BuildScriptInfoCaches (88ms)
			ResolveRequiredComponents (7ms)
	FinalizeReload (479ms)
		ReleaseScriptCaches (0ms)
		RebuildScriptCaches (0ms)
		SetupLoadedEditorAssemblies (373ms)
			LogAssemblyErrors (0ms)
			InitializePlatformSupportModulesInManaged (3ms)
			SetLoadedEditorAssemblies (5ms)
			BeforeProcessingInitializeOnLoad (84ms)
			ProcessInitializeOnLoadAttributes (243ms)
			ProcessInitializeOnLoadMethodAttributes (36ms)
			AfterProcessingInitializeOnLoad (1ms)
			EditorAssembliesLoaded (0ms)
		ExecutionOrderSort2 (0ms)
		AwakeInstancesAfterBackupRestoration (10ms)
Refreshing native plugins compatible for Editor in 0.63 ms, found 2 plugins.
Preloading 0 native plugins for Editor in 0.00 ms.
Unloading 13 Unused Serialized files (Serialized files now loaded: 0)
Unloading 4280 unused Assets / (3.4 MB). Loaded Objects now: 5031.
Memory consumption went from 131.2 MB to 127.8 MB.
Total: 4.544700 ms (FindLiveObjects: 0.284900 ms CreateObjectMapping: 0.189200 ms MarkObjects: 2.812100 ms  DeleteObjects: 1.257600 ms)

Prepare: number of updated asset objects reloaded= 0
========================================================================
Received Prepare
Begin MonoManager ReloadAssembly
- Loaded All Assemblies, in  0.463 seconds
Refreshing native plugins compatible for Editor in 0.54 ms, found 2 plugins.
Native extension for WindowsStandalone target not found
Native extension for WebGL target not found
Assertion failed on expression: '!AssetDatabase::IsAssetImportWorkerProcess()'
UnityEngine.Debug:ExtractStackTraceNoAlloc (byte*,int,string)
UnityEngine.StackTraceUtility:ExtractStackTrace ()
YG.EditorScr.AssetEditScope:Dispose () (at Assets/PluginYourGames/Scripts/EditorScr/FileYG.cs:143)
YG.EditorScr.DefineSymbols:ConversionPlatformConfigs () (at Assets/PluginYourGames/Scripts/EditorScr/DefineSymbols.cs:292)
YG.EditorScr.DefineSymbols:UpdateDefineSymbols () (at Assets/PluginYourGames/Scripts/EditorScr/DefineSymbols.cs:60)
YG.EditorScr.DefineSymbols:.cctor () (at Assets/PluginYourGames/Scripts/EditorScr/DefineSymbols.cs:34)
System.Runtime.CompilerServices.RuntimeHelpers:RunClassConstructor (System.RuntimeTypeHandle)
UnityEditor.EditorAssemblies:ProcessInitializeOnLoadAttributes (System.Type[])

[Assets/PluginYourGames/Scripts/EditorScr/FileYG.cs line 143]

Asset Pipeline Refresh (id=4f53f33cdf570c44fbc2e884ddd8bdf5): Total: 0.000 seconds - Initiated by StopAssetImportingV2(NoUpdateAssetOptions)
[ScriptCompilation] NOT recompiling all scripts because this is an import worker process. Reason to compile was: Define symbols changed
[Package Manager] Failed to launch server process. Reason: Unity was launched with the -noUpm command-line argument
[Package Manager] Unable to send message (not connected to server process).
[Package Manager] Cannot connect to Unity Package Manager local server
Mono: successfully reloaded assembly
- Finished resetting the current domain, in  0.492 seconds
Domain Reload Profiling: 957ms
	BeginReloadAssembly (160ms)
		ExecutionOrderSort (0ms)
		DisableScriptedObjects (6ms)
		BackupInstance (0ms)
		ReleaseScriptingObjects (0ms)
		CreateAndSetChildDomain (34ms)
	RebuildCommonClasses (30ms)
	RebuildNativeTypeToScriptingClass (11ms)
	initialDomainReloadingComplete (18ms)
	LoadAllAssembliesAndSetupDomain (246ms)
		LoadAssemblies (223ms)
		RebuildTransferFunctionScriptingTraits (0ms)
		AnalyzeDomain (99ms)
			TypeCache.Refresh (4ms)
				TypeCache.ScanAssembly (0ms)
			BuildScriptInfoCaches (86ms)
			ResolveRequiredComponents (7ms)
	FinalizeReload (492ms)
		ReleaseScriptCaches (0ms)
		RebuildScriptCaches (0ms)
		SetupLoadedEditorAssemblies (372ms)
			LogAssemblyErrors (0ms)
			InitializePlatformSupportModulesInManaged (3ms)
			SetLoadedEditorAssemblies (4ms)
			BeforeProcessingInitializeOnLoad (83ms)
			ProcessInitializeOnLoadAttributes (246ms)
			ProcessInitializeOnLoadMethodAttributes (34ms)
			AfterProcessingInitializeOnLoad (1ms)
			EditorAssembliesLoaded (0ms)
		ExecutionOrderSort2 (0ms)
		AwakeInstancesAfterBackupRestoration (12ms)
Refreshing native plugins compatible for Editor in 0.73 ms, found 2 plugins.
Preloading 0 native plugins for Editor in 0.00 ms.
Unloading 13 Unused Serialized files (Serialized files now loaded: 0)
Unloading 4280 unused Assets / (3.9 MB). Loaded Objects now: 5033.
Memory consumption went from 131.2 MB to 127.3 MB.
Total: 5.079500 ms (FindLiveObjects: 0.405300 ms CreateObjectMapping: 0.173500 ms MarkObjects: 3.173600 ms  DeleteObjects: 1.325800 ms)

Prepare: number of updated asset objects reloaded= 0
========================================================================
Received Prepare
Begin MonoManager ReloadAssembly
- Loaded All Assemblies, in  0.487 seconds
Refreshing native plugins compatible for Editor in 0.83 ms, found 2 plugins.
Native extension for WindowsStandalone target not found
Native extension for WebGL target not found
Assertion failed on expression: '!AssetDatabase::IsAssetImportWorkerProcess()'
UnityEngine.Debug:ExtractStackTraceNoAlloc (byte*,int,string)
UnityEngine.StackTraceUtility:ExtractStackTrace ()
YG.EditorScr.AssetEditScope:Dispose () (at Assets/PluginYourGames/Scripts/EditorScr/FileYG.cs:143)
YG.EditorScr.DefineSymbols:ConversionPlatformConfigs () (at Assets/PluginYourGames/Scripts/EditorScr/DefineSymbols.cs:292)
YG.EditorScr.DefineSymbols:UpdateDefineSymbols () (at Assets/PluginYourGames/Scripts/EditorScr/DefineSymbols.cs:60)
YG.EditorScr.DefineSymbols:.cctor () (at Assets/PluginYourGames/Scripts/EditorScr/DefineSymbols.cs:34)
System.Runtime.CompilerServices.RuntimeHelpers:RunClassConstructor (System.RuntimeTypeHandle)
UnityEditor.EditorAssemblies:ProcessInitializeOnLoadAttributes (System.Type[])

[Assets/PluginYourGames/Scripts/EditorScr/FileYG.cs line 143]

Asset Pipeline Refresh (id=2c6c6f3cd3726ef48b1060f6d3c93824): Total: 0.000 seconds - Initiated by StopAssetImportingV2(NoUpdateAssetOptions)
[ScriptCompilation] NOT recompiling all scripts because this is an import worker process. Reason to compile was: Define symbols changed
[Package Manager] Failed to launch server process. Reason: Unity was launched with the -noUpm command-line argument
[Package Manager] Unable to send message (not connected to server process).
[Package Manager] Cannot connect to Unity Package Manager local server
Mono: successfully reloaded assembly
- Finished resetting the current domain, in  0.479 seconds
Domain Reload Profiling: 969ms
	BeginReloadAssembly (152ms)
		ExecutionOrderSort (0ms)
		DisableScriptedObjects (5ms)
		BackupInstance (0ms)
		ReleaseScriptingObjects (0ms)
		CreateAndSetChildDomain (31ms)
	RebuildCommonClasses (29ms)
	RebuildNativeTypeToScriptingClass (12ms)
	initialDomainReloadingComplete (20ms)
	LoadAllAssembliesAndSetupDomain (276ms)
		LoadAssemblies (235ms)
		RebuildTransferFunctionScriptingTraits (0ms)
		AnalyzeDomain (116ms)
			TypeCache.Refresh (5ms)
				TypeCache.ScanAssembly (0ms)
			BuildScriptInfoCaches (100ms)
			ResolveRequiredComponents (8ms)
	FinalizeReload (480ms)
		ReleaseScriptCaches (0ms)
		RebuildScriptCaches (0ms)
		SetupLoadedEditorAssemblies (363ms)
			LogAssemblyErrors (0ms)
			InitializePlatformSupportModulesInManaged (2ms)
			SetLoadedEditorAssemblies (4ms)
			BeforeProcessingInitializeOnLoad (74ms)
			ProcessInitializeOnLoadAttributes (244ms)
			ProcessInitializeOnLoadMethodAttributes (37ms)
			AfterProcessingInitializeOnLoad (1ms)
			EditorAssembliesLoaded (0ms)
		ExecutionOrderSort2 (0ms)
		AwakeInstancesAfterBackupRestoration (12ms)
Refreshing native plugins compatible for Editor in 0.58 ms, found 2 plugins.
Preloading 0 native plugins for Editor in 0.00 ms.
Unloading 13 Unused Serialized files (Serialized files now loaded: 0)
Unloading 4280 unused Assets / (3.8 MB). Loaded Objects now: 5035.
Memory consumption went from 131.3 MB to 127.5 MB.
Total: 6.614400 ms (FindLiveObjects: 0.369400 ms CreateObjectMapping: 0.172300 ms MarkObjects: 4.723000 ms  DeleteObjects: 1.348100 ms)

Prepare: number of updated asset objects reloaded= 0
========================================================================
Received Prepare
Begin MonoManager ReloadAssembly
- Loaded All Assemblies, in  0.564 seconds
Refreshing native plugins compatible for Editor in 0.53 ms, found 2 plugins.
Native extension for WindowsStandalone target not found
Native extension for WebGL target not found
Assertion failed on expression: '!AssetDatabase::IsAssetImportWorkerProcess()'
UnityEngine.Debug:ExtractStackTraceNoAlloc (byte*,int,string)
UnityEngine.StackTraceUtility:ExtractStackTrace ()
YG.EditorScr.AssetEditScope:Dispose () (at Assets/PluginYourGames/Scripts/EditorScr/FileYG.cs:143)
YG.EditorScr.DefineSymbols:ConversionPlatformConfigs () (at Assets/PluginYourGames/Scripts/EditorScr/DefineSymbols.cs:292)
YG.EditorScr.DefineSymbols:UpdateDefineSymbols () (at Assets/PluginYourGames/Scripts/EditorScr/DefineSymbols.cs:60)
YG.EditorScr.DefineSymbols:.cctor () (at Assets/PluginYourGames/Scripts/EditorScr/DefineSymbols.cs:34)
System.Runtime.CompilerServices.RuntimeHelpers:RunClassConstructor (System.RuntimeTypeHandle)
UnityEditor.EditorAssemblies:ProcessInitializeOnLoadAttributes (System.Type[])

[Assets/PluginYourGames/Scripts/EditorScr/FileYG.cs line 143]

Asset Pipeline Refresh (id=e19abb4e8a4c3314d859f8cf985e9439): Total: 0.000 seconds - Initiated by StopAssetImportingV2(NoUpdateAssetOptions)
[ScriptCompilation] NOT recompiling all scripts because this is an import worker process. Reason to compile was: Define symbols changed
[Package Manager] Failed to launch server process. Reason: Unity was launched with the -noUpm command-line argument
[Package Manager] Unable to send message (not connected to server process).
[Package Manager] Cannot connect to Unity Package Manager local server
Mono: successfully reloaded assembly
- Finished resetting the current domain, in  0.465 seconds
Domain Reload Profiling: 1031ms
	BeginReloadAssembly (227ms)
		ExecutionOrderSort (0ms)
		DisableScriptedObjects (8ms)
		BackupInstance (0ms)
		ReleaseScriptingObjects (0ms)
		CreateAndSetChildDomain (46ms)
	RebuildCommonClasses (41ms)
	RebuildNativeTypeToScriptingClass (17ms)
	initialDomainReloadingComplete (22ms)
	LoadAllAssembliesAndSetupDomain (258ms)
		LoadAssemblies (259ms)
		RebuildTransferFunctionScriptingTraits (0ms)
		AnalyzeDomain (111ms)
			TypeCache.Refresh (9ms)
				TypeCache.ScanAssembly (2ms)
			BuildScriptInfoCaches (91ms)
			ResolveRequiredComponents (8ms)
	FinalizeReload (466ms)
		ReleaseScriptCaches (0ms)
		RebuildScriptCaches (0ms)
		SetupLoadedEditorAssemblies (350ms)
			LogAssemblyErrors (0ms)
			InitializePlatformSupportModulesInManaged (2ms)
			SetLoadedEditorAssemblies (6ms)
			BeforeProcessingInitializeOnLoad (73ms)
			ProcessInitializeOnLoadAttributes (231ms)
			ProcessInitializeOnLoadMethodAttributes (36ms)
			AfterProcessingInitializeOnLoad (2ms)
			EditorAssembliesLoaded (0ms)
		ExecutionOrderSort2 (0ms)
		AwakeInstancesAfterBackupRestoration (11ms)
Refreshing native plugins compatible for Editor in 0.73 ms, found 2 plugins.
Preloading 0 native plugins for Editor in 0.00 ms.
Unloading 13 Unused Serialized files (Serialized files now loaded: 0)
Unloading 4280 unused Assets / (4.1 MB). Loaded Objects now: 5037.
Memory consumption went from 131.3 MB to 127.2 MB.
Total: 5.687000 ms (FindLiveObjects: 0.292400 ms CreateObjectMapping: 0.193800 ms MarkObjects: 3.524800 ms  DeleteObjects: 1.674800 ms)

Prepare: number of updated asset objects reloaded= 0
========================================================================
Received Prepare
Begin MonoManager ReloadAssembly
- Loaded All Assemblies, in  0.441 seconds
Refreshing native plugins compatible for Editor in 0.55 ms, found 2 plugins.
Native extension for WindowsStandalone target not found
Native extension for WebGL target not found
Assertion failed on expression: '!AssetDatabase::IsAssetImportWorkerProcess()'
UnityEngine.Debug:ExtractStackTraceNoAlloc (byte*,int,string)
UnityEngine.StackTraceUtility:ExtractStackTrace ()
YG.EditorScr.AssetEditScope:Dispose () (at Assets/PluginYourGames/Scripts/EditorScr/FileYG.cs:143)
YG.EditorScr.DefineSymbols:ConversionPlatformConfigs () (at Assets/PluginYourGames/Scripts/EditorScr/DefineSymbols.cs:292)
YG.EditorScr.DefineSymbols:UpdateDefineSymbols () (at Assets/PluginYourGames/Scripts/EditorScr/DefineSymbols.cs:60)
YG.EditorScr.DefineSymbols:.cctor () (at Assets/PluginYourGames/Scripts/EditorScr/DefineSymbols.cs:34)
System.Runtime.CompilerServices.RuntimeHelpers:RunClassConstructor (System.RuntimeTypeHandle)
UnityEditor.EditorAssemblies:ProcessInitializeOnLoadAttributes (System.Type[])

[Assets/PluginYourGames/Scripts/EditorScr/FileYG.cs line 143]

Asset Pipeline Refresh (id=27bbc99afb2978049a6a9524dc427fd9): Total: 0.000 seconds - Initiated by StopAssetImportingV2(NoUpdateAssetOptions)
[ScriptCompilation] NOT recompiling all scripts because this is an import worker process. Reason to compile was: Define symbols changed
[Package Manager] Failed to launch server process. Reason: Unity was launched with the -noUpm command-line argument
[Package Manager] Unable to send message (not connected to server process).
[Package Manager] Cannot connect to Unity Package Manager local server
Mono: successfully reloaded assembly
- Finished resetting the current domain, in  0.467 seconds
Domain Reload Profiling: 910ms
	BeginReloadAssembly (147ms)
		ExecutionOrderSort (0ms)
		DisableScriptedObjects (4ms)
		BackupInstance (0ms)
		ReleaseScriptingObjects (0ms)
		CreateAndSetChildDomain (33ms)
	RebuildCommonClasses (29ms)
	RebuildNativeTypeToScriptingClass (10ms)
	initialDomainReloadingComplete (16ms)
	LoadAllAssembliesAndSetupDomain (241ms)
		LoadAssemblies (210ms)
		RebuildTransferFunctionScriptingTraits (0ms)
		AnalyzeDomain (99ms)
			TypeCache.Refresh (5ms)
				TypeCache.ScanAssembly (0ms)
			BuildScriptInfoCaches (85ms)
			ResolveRequiredComponents (6ms)
	FinalizeReload (467ms)
		ReleaseScriptCaches (0ms)
		RebuildScriptCaches (0ms)
		SetupLoadedEditorAssemblies (365ms)
			LogAssemblyErrors (0ms)
			InitializePlatformSupportModulesInManaged (2ms)
			SetLoadedEditorAssemblies (3ms)
			BeforeProcessingInitializeOnLoad (72ms)
			ProcessInitializeOnLoadAttributes (251ms)
			ProcessInitializeOnLoadMethodAttributes (34ms)
			AfterProcessingInitializeOnLoad (1ms)
			EditorAssembliesLoaded (0ms)
		ExecutionOrderSort2 (0ms)
		AwakeInstancesAfterBackupRestoration (12ms)
Refreshing native plugins compatible for Editor in 0.53 ms, found 2 plugins.
Preloading 0 native plugins for Editor in 0.00 ms.
Unloading 13 Unused Serialized files (Serialized files now loaded: 0)
Unloading 4280 unused Assets / (3.8 MB). Loaded Objects now: 5039.
Memory consumption went from 131.3 MB to 127.5 MB.
Total: 5.703200 ms (FindLiveObjects: 0.350700 ms CreateObjectMapping: 0.346400 ms MarkObjects: 3.550300 ms  DeleteObjects: 1.454300 ms)

Prepare: number of updated asset objects reloaded= 0
========================================================================
Received Prepare
Begin MonoManager ReloadAssembly
- Loaded All Assemblies, in  0.672 seconds
Refreshing native plugins compatible for Editor in 0.44 ms, found 2 plugins.
Native extension for WindowsStandalone target not found
Native extension for WebGL target not found
Assertion failed on expression: '!AssetDatabase::IsAssetImportWorkerProcess()'
UnityEngine.Debug:ExtractStackTraceNoAlloc (byte*,int,string)
UnityEngine.StackTraceUtility:ExtractStackTrace ()
YG.EditorScr.AssetEditScope:Dispose () (at Assets/PluginYourGames/Scripts/EditorScr/FileYG.cs:143)
YG.EditorScr.DefineSymbols:ConversionPlatformConfigs () (at Assets/PluginYourGames/Scripts/EditorScr/DefineSymbols.cs:292)
YG.EditorScr.DefineSymbols:UpdateDefineSymbols () (at Assets/PluginYourGames/Scripts/EditorScr/DefineSymbols.cs:60)
YG.EditorScr.DefineSymbols:.cctor () (at Assets/PluginYourGames/Scripts/EditorScr/DefineSymbols.cs:34)
System.Runtime.CompilerServices.RuntimeHelpers:RunClassConstructor (System.RuntimeTypeHandle)
UnityEditor.EditorAssemblies:ProcessInitializeOnLoadAttributes (System.Type[])

[Assets/PluginYourGames/Scripts/EditorScr/FileYG.cs line 143]

Asset Pipeline Refresh (id=ef07eabf37e919d40a42961ebf587f22): Total: 0.000 seconds - Initiated by StopAssetImportingV2(NoUpdateAssetOptions)
[ScriptCompilation] NOT recompiling all scripts because this is an import worker process. Reason to compile was: Define symbols changed
[Package Manager] Failed to launch server process. Reason: Unity was launched with the -noUpm command-line argument
[Package Manager] Unable to send message (not connected to server process).
[Package Manager] Cannot connect to Unity Package Manager local server
Mono: successfully reloaded assembly
- Finished resetting the current domain, in  0.517 seconds
Domain Reload Profiling: 1190ms
	BeginReloadAssembly (233ms)
		ExecutionOrderSort (0ms)
		DisableScriptedObjects (8ms)
		BackupInstance (0ms)
		ReleaseScriptingObjects (0ms)
		CreateAndSetChildDomain (48ms)
	RebuildCommonClasses (42ms)
	RebuildNativeTypeToScriptingClass (17ms)
	initialDomainReloadingComplete (32ms)
	LoadAllAssembliesAndSetupDomain (348ms)
		LoadAssemblies (327ms)
		RebuildTransferFunctionScriptingTraits (0ms)
		AnalyzeDomain (141ms)
			TypeCache.Refresh (10ms)
				TypeCache.ScanAssembly (2ms)
			BuildScriptInfoCaches (117ms)
			ResolveRequiredComponents (12ms)
	FinalizeReload (517ms)
		ReleaseScriptCaches (0ms)
		RebuildScriptCaches (0ms)
		SetupLoadedEditorAssemblies (405ms)
			LogAssemblyErrors (0ms)
			InitializePlatformSupportModulesInManaged (3ms)
			SetLoadedEditorAssemblies (4ms)
			BeforeProcessingInitializeOnLoad (78ms)
			ProcessInitializeOnLoadAttributes (281ms)
			ProcessInitializeOnLoadMethodAttributes (37ms)
			AfterProcessingInitializeOnLoad (1ms)
			EditorAssembliesLoaded (0ms)
		ExecutionOrderSort2 (0ms)
		AwakeInstancesAfterBackupRestoration (12ms)
Refreshing native plugins compatible for Editor in 0.61 ms, found 2 plugins.
Preloading 0 native plugins for Editor in 0.00 ms.
Unloading 13 Unused Serialized files (Serialized files now loaded: 0)
Unloading 4280 unused Assets / (3.8 MB). Loaded Objects now: 5041.
Memory consumption went from 131.4 MB to 127.6 MB.
Total: 4.744600 ms (FindLiveObjects: 0.295500 ms CreateObjectMapping: 0.172200 ms MarkObjects: 2.979100 ms  DeleteObjects: 1.296800 ms)

Prepare: number of updated asset objects reloaded= 0
========================================================================
Received Prepare
Begin MonoManager ReloadAssembly
- Loaded All Assemblies, in  0.501 seconds
Refreshing native plugins compatible for Editor in 0.59 ms, found 2 plugins.
Native extension for WindowsStandalone target not found
Native extension for WebGL target not found
Assertion failed on expression: '!AssetDatabase::IsAssetImportWorkerProcess()'
UnityEngine.Debug:ExtractStackTraceNoAlloc (byte*,int,string)
UnityEngine.StackTraceUtility:ExtractStackTrace ()
YG.EditorScr.AssetEditScope:Dispose () (at Assets/PluginYourGames/Scripts/EditorScr/FileYG.cs:143)
YG.EditorScr.DefineSymbols:ConversionPlatformConfigs () (at Assets/PluginYourGames/Scripts/EditorScr/DefineSymbols.cs:292)
YG.EditorScr.DefineSymbols:UpdateDefineSymbols () (at Assets/PluginYourGames/Scripts/EditorScr/DefineSymbols.cs:60)
YG.EditorScr.DefineSymbols:.cctor () (at Assets/PluginYourGames/Scripts/EditorScr/DefineSymbols.cs:34)
System.Runtime.CompilerServices.RuntimeHelpers:RunClassConstructor (System.RuntimeTypeHandle)
UnityEditor.EditorAssemblies:ProcessInitializeOnLoadAttributes (System.Type[])

[Assets/PluginYourGames/Scripts/EditorScr/FileYG.cs line 143]

Asset Pipeline Refresh (id=7920405c8cc171f418a5584055d79074): Total: 0.000 seconds - Initiated by StopAssetImportingV2(NoUpdateAssetOptions)
[ScriptCompilation] NOT recompiling all scripts because this is an import worker process. Reason to compile was: Define symbols changed
[Package Manager] Failed to launch server process. Reason: Unity was launched with the -noUpm command-line argument
[Package Manager] Unable to send message (not connected to server process).
[Package Manager] Cannot connect to Unity Package Manager local server
Mono: successfully reloaded assembly
- Finished resetting the current domain, in  0.488 seconds
Domain Reload Profiling: 992ms
	BeginReloadAssembly (157ms)
		ExecutionOrderSort (0ms)
		DisableScriptedObjects (4ms)
		BackupInstance (0ms)
		ReleaseScriptingObjects (0ms)
		CreateAndSetChildDomain (33ms)
	RebuildCommonClasses (28ms)
	RebuildNativeTypeToScriptingClass (10ms)
	initialDomainReloadingComplete (17ms)
	LoadAllAssembliesAndSetupDomain (292ms)
		LoadAssemblies (221ms)
		RebuildTransferFunctionScriptingTraits (0ms)
		AnalyzeDomain (145ms)
			TypeCache.Refresh (6ms)
				TypeCache.ScanAssembly (0ms)
			BuildScriptInfoCaches (128ms)
			ResolveRequiredComponents (7ms)
	FinalizeReload (488ms)
		ReleaseScriptCaches (0ms)
		RebuildScriptCaches (0ms)
		SetupLoadedEditorAssemblies (369ms)
			LogAssemblyErrors (0ms)
			InitializePlatformSupportModulesInManaged (3ms)
			SetLoadedEditorAssemblies (3ms)
			BeforeProcessingInitializeOnLoad (70ms)
			ProcessInitializeOnLoadAttributes (247ms)
			ProcessInitializeOnLoadMethodAttributes (44ms)
			AfterProcessingInitializeOnLoad (1ms)
			EditorAssembliesLoaded (0ms)
		ExecutionOrderSort2 (0ms)
		AwakeInstancesAfterBackupRestoration (14ms)
Refreshing native plugins compatible for Editor in 0.59 ms, found 2 plugins.
Preloading 0 native plugins for Editor in 0.00 ms.
Unloading 13 Unused Serialized files (Serialized files now loaded: 0)
Unloading 4280 unused Assets / (3.6 MB). Loaded Objects now: 5043.
Memory consumption went from 131.4 MB to 127.8 MB.
Total: 5.314400 ms (FindLiveObjects: 0.574100 ms CreateObjectMapping: 0.282200 ms MarkObjects: 3.183500 ms  DeleteObjects: 1.273400 ms)

Prepare: number of updated asset objects reloaded= 0
========================================================================
Received Prepare
Begin MonoManager ReloadAssembly
- Loaded All Assemblies, in  3.872 seconds
Refreshing native plugins compatible for Editor in 0.61 ms, found 2 plugins.
Native extension for WindowsStandalone target not found
Native extension for WebGL target not found
Assertion failed on expression: '!AssetDatabase::IsAssetImportWorkerProcess()'
UnityEngine.Debug:ExtractStackTraceNoAlloc (byte*,int,string)
UnityEngine.StackTraceUtility:ExtractStackTrace ()
YG.EditorScr.AssetEditScope:Dispose () (at Assets/PluginYourGames/Scripts/EditorScr/FileYG.cs:143)
YG.EditorScr.DefineSymbols:ConversionPlatformConfigs () (at Assets/PluginYourGames/Scripts/EditorScr/DefineSymbols.cs:292)
YG.EditorScr.DefineSymbols:UpdateDefineSymbols () (at Assets/PluginYourGames/Scripts/EditorScr/DefineSymbols.cs:60)
YG.EditorScr.DefineSymbols:.cctor () (at Assets/PluginYourGames/Scripts/EditorScr/DefineSymbols.cs:34)
System.Runtime.CompilerServices.RuntimeHelpers:RunClassConstructor (System.RuntimeTypeHandle)
UnityEditor.EditorAssemblies:ProcessInitializeOnLoadAttributes (System.Type[])

[Assets/PluginYourGames/Scripts/EditorScr/FileYG.cs line 143]

Asset Pipeline Refresh (id=7c6c9b401bf156f45ac7f503458ec8a0): Total: 0.000 seconds - Initiated by StopAssetImportingV2(NoUpdateAssetOptions)
[ScriptCompilation] NOT recompiling all scripts because this is an import worker process. Reason to compile was: Define symbols changed
[Package Manager] Failed to launch server process. Reason: Unity was launched with the -noUpm command-line argument
[Package Manager] Unable to send message (not connected to server process).
[Package Manager] Cannot connect to Unity Package Manager local server
Mono: successfully reloaded assembly
- Finished resetting the current domain, in  0.641 seconds
Domain Reload Profiling: 4515ms
	BeginReloadAssembly (586ms)
		ExecutionOrderSort (0ms)
		DisableScriptedObjects (5ms)
		BackupInstance (0ms)
		ReleaseScriptingObjects (0ms)
		CreateAndSetChildDomain (43ms)
	RebuildCommonClasses (199ms)
	RebuildNativeTypeToScriptingClass (9ms)
	initialDomainReloadingComplete (22ms)
	LoadAllAssembliesAndSetupDomain (3058ms)
		LoadAssemblies (3418ms)
		RebuildTransferFunctionScriptingTraits (0ms)
		AnalyzeDomain (130ms)
			TypeCache.Refresh (7ms)
				TypeCache.ScanAssembly (0ms)
			BuildScriptInfoCaches (113ms)
			ResolveRequiredComponents (7ms)
	FinalizeReload (641ms)
		ReleaseScriptCaches (0ms)
		RebuildScriptCaches (0ms)
		SetupLoadedEditorAssemblies (497ms)
			LogAssemblyErrors (0ms)
			InitializePlatformSupportModulesInManaged (3ms)
			SetLoadedEditorAssemblies (4ms)
			BeforeProcessingInitializeOnLoad (101ms)
			ProcessInitializeOnLoadAttributes (345ms)
			ProcessInitializeOnLoadMethodAttributes (42ms)
			AfterProcessingInitializeOnLoad (1ms)
			EditorAssembliesLoaded (0ms)
		ExecutionOrderSort2 (0ms)
		AwakeInstancesAfterBackupRestoration (17ms)
Refreshing native plugins compatible for Editor in 0.70 ms, found 2 plugins.
Preloading 0 native plugins for Editor in 0.00 ms.
Unloading 13 Unused Serialized files (Serialized files now loaded: 0)
Unloading 4280 unused Assets / (4.1 MB). Loaded Objects now: 5045.
Memory consumption went from 131.4 MB to 127.4 MB.
Total: 6.043200 ms (FindLiveObjects: 0.449300 ms CreateObjectMapping: 0.751800 ms MarkObjects: 3.364500 ms  DeleteObjects: 1.476600 ms)

Prepare: number of updated asset objects reloaded= 0
========================================================================
Received Prepare
Begin MonoManager ReloadAssembly
- Loaded All Assemblies, in  0.479 seconds
Refreshing native plugins compatible for Editor in 0.96 ms, found 2 plugins.
Native extension for WindowsStandalone target not found
Native extension for WebGL target not found
Assertion failed on expression: '!AssetDatabase::IsAssetImportWorkerProcess()'
UnityEngine.Debug:ExtractStackTraceNoAlloc (byte*,int,string)
UnityEngine.StackTraceUtility:ExtractStackTrace ()
YG.EditorScr.AssetEditScope:Dispose () (at Assets/PluginYourGames/Scripts/EditorScr/FileYG.cs:143)
YG.EditorScr.DefineSymbols:ConversionPlatformConfigs () (at Assets/PluginYourGames/Scripts/EditorScr/DefineSymbols.cs:292)
YG.EditorScr.DefineSymbols:UpdateDefineSymbols () (at Assets/PluginYourGames/Scripts/EditorScr/DefineSymbols.cs:60)
YG.EditorScr.DefineSymbols:.cctor () (at Assets/PluginYourGames/Scripts/EditorScr/DefineSymbols.cs:34)
System.Runtime.CompilerServices.RuntimeHelpers:RunClassConstructor (System.RuntimeTypeHandle)
UnityEditor.EditorAssemblies:ProcessInitializeOnLoadAttributes (System.Type[])

[Assets/PluginYourGames/Scripts/EditorScr/FileYG.cs line 143]

Asset Pipeline Refresh (id=1437afcda35aba34c857bdfda57a888f): Total: 0.000 seconds - Initiated by StopAssetImportingV2(NoUpdateAssetOptions)
[ScriptCompilation] NOT recompiling all scripts because this is an import worker process. Reason to compile was: Define symbols changed
[Package Manager] Failed to launch server process. Reason: Unity was launched with the -noUpm command-line argument
[Package Manager] Unable to send message (not connected to server process).
[Package Manager] Cannot connect to Unity Package Manager local server
Mono: successfully reloaded assembly
- Finished resetting the current domain, in  0.484 seconds
Domain Reload Profiling: 965ms
	BeginReloadAssembly (163ms)
		ExecutionOrderSort (0ms)
		DisableScriptedObjects (6ms)
		BackupInstance (0ms)
		ReleaseScriptingObjects (0ms)
		CreateAndSetChildDomain (33ms)
	RebuildCommonClasses (28ms)
	RebuildNativeTypeToScriptingClass (11ms)
	initialDomainReloadingComplete (17ms)
	LoadAllAssembliesAndSetupDomain (262ms)
		LoadAssemblies (239ms)
		RebuildTransferFunctionScriptingTraits (0ms)
		AnalyzeDomain (103ms)
			TypeCache.Refresh (5ms)
				TypeCache.ScanAssembly (0ms)
			BuildScriptInfoCaches (90ms)
			ResolveRequiredComponents (7ms)
	FinalizeReload (484ms)
		ReleaseScriptCaches (0ms)
		RebuildScriptCaches (0ms)
		SetupLoadedEditorAssemblies (372ms)
			LogAssemblyErrors (0ms)
			InitializePlatformSupportModulesInManaged (2ms)
			SetLoadedEditorAssemblies (4ms)
			BeforeProcessingInitializeOnLoad (75ms)
			ProcessInitializeOnLoadAttributes (255ms)
			ProcessInitializeOnLoadMethodAttributes (34ms)
			AfterProcessingInitializeOnLoad (1ms)
			EditorAssembliesLoaded (0ms)
		ExecutionOrderSort2 (0ms)
		AwakeInstancesAfterBackupRestoration (11ms)
Refreshing native plugins compatible for Editor in 0.65 ms, found 2 plugins.
Preloading 0 native plugins for Editor in 0.00 ms.
Unloading 13 Unused Serialized files (Serialized files now loaded: 0)
Unloading 4280 unused Assets / (4.1 MB). Loaded Objects now: 5047.
Memory consumption went from 131.5 MB to 127.4 MB.
Total: 5.095700 ms (FindLiveObjects: 0.383700 ms CreateObjectMapping: 0.162300 ms MarkObjects: 3.205600 ms  DeleteObjects: 1.343100 ms)

Prepare: number of updated asset objects reloaded= 0
========================================================================
Received Prepare
Begin MonoManager ReloadAssembly
- Loaded All Assemblies, in  0.487 seconds
Refreshing native plugins compatible for Editor in 0.68 ms, found 2 plugins.
Native extension for WindowsStandalone target not found
Native extension for WebGL target not found
Assertion failed on expression: '!AssetDatabase::IsAssetImportWorkerProcess()'
UnityEngine.Debug:ExtractStackTraceNoAlloc (byte*,int,string)
UnityEngine.StackTraceUtility:ExtractStackTrace ()
YG.EditorScr.AssetEditScope:Dispose () (at Assets/PluginYourGames/Scripts/EditorScr/FileYG.cs:143)
YG.EditorScr.DefineSymbols:ConversionPlatformConfigs () (at Assets/PluginYourGames/Scripts/EditorScr/DefineSymbols.cs:292)
YG.EditorScr.DefineSymbols:UpdateDefineSymbols () (at Assets/PluginYourGames/Scripts/EditorScr/DefineSymbols.cs:60)
YG.EditorScr.DefineSymbols:.cctor () (at Assets/PluginYourGames/Scripts/EditorScr/DefineSymbols.cs:34)
System.Runtime.CompilerServices.RuntimeHelpers:RunClassConstructor (System.RuntimeTypeHandle)
UnityEditor.EditorAssemblies:ProcessInitializeOnLoadAttributes (System.Type[])

[Assets/PluginYourGames/Scripts/EditorScr/FileYG.cs line 143]

Asset Pipeline Refresh (id=42df6e97aa244f14385ac80fb1b8f93d): Total: 0.001 seconds - Initiated by StopAssetImportingV2(NoUpdateAssetOptions)
[ScriptCompilation] NOT recompiling all scripts because this is an import worker process. Reason to compile was: Define symbols changed
[Package Manager] Failed to launch server process. Reason: Unity was launched with the -noUpm command-line argument
[Package Manager] Unable to send message (not connected to server process).
[Package Manager] Cannot connect to Unity Package Manager local server
Mono: successfully reloaded assembly
- Finished resetting the current domain, in  0.557 seconds
Domain Reload Profiling: 1047ms
	BeginReloadAssembly (162ms)
		ExecutionOrderSort (0ms)
		DisableScriptedObjects (7ms)
		BackupInstance (0ms)
		ReleaseScriptingObjects (0ms)
		CreateAndSetChildDomain (33ms)
	RebuildCommonClasses (30ms)
	RebuildNativeTypeToScriptingClass (9ms)
	initialDomainReloadingComplete (19ms)
	LoadAllAssembliesAndSetupDomain (270ms)
		LoadAssemblies (235ms)
		RebuildTransferFunctionScriptingTraits (0ms)
		AnalyzeDomain (111ms)
			TypeCache.Refresh (5ms)
				TypeCache.ScanAssembly (0ms)
			BuildScriptInfoCaches (96ms)
			ResolveRequiredComponents (8ms)
	FinalizeReload (558ms)
		ReleaseScriptCaches (0ms)
		RebuildScriptCaches (0ms)
		SetupLoadedEditorAssemblies (443ms)
			LogAssemblyErrors (0ms)
			InitializePlatformSupportModulesInManaged (3ms)
			SetLoadedEditorAssemblies (4ms)
			BeforeProcessingInitializeOnLoad (79ms)
			ProcessInitializeOnLoadAttributes (311ms)
			ProcessInitializeOnLoadMethodAttributes (45ms)
			AfterProcessingInitializeOnLoad (2ms)
			EditorAssembliesLoaded (0ms)
		ExecutionOrderSort2 (0ms)
		AwakeInstancesAfterBackupRestoration (14ms)
Refreshing native plugins compatible for Editor in 0.76 ms, found 2 plugins.
Preloading 0 native plugins for Editor in 0.00 ms.
Unloading 13 Unused Serialized files (Serialized files now loaded: 0)
Unloading 4280 unused Assets / (4.3 MB). Loaded Objects now: 5049.
Memory consumption went from 131.5 MB to 127.2 MB.
Total: 6.720900 ms (FindLiveObjects: 0.382700 ms CreateObjectMapping: 0.303400 ms MarkObjects: 4.459600 ms  DeleteObjects: 1.574300 ms)

Prepare: number of updated asset objects reloaded= 0
========================================================================
Received Prepare
Begin MonoManager ReloadAssembly
- Loaded All Assemblies, in  0.495 seconds
Refreshing native plugins compatible for Editor in 0.66 ms, found 2 plugins.
Native extension for WindowsStandalone target not found
Native extension for WebGL target not found
Assertion failed on expression: '!AssetDatabase::IsAssetImportWorkerProcess()'
UnityEngine.Debug:ExtractStackTraceNoAlloc (byte*,int,string)
UnityEngine.StackTraceUtility:ExtractStackTrace ()
YG.EditorScr.AssetEditScope:Dispose () (at Assets/PluginYourGames/Scripts/EditorScr/FileYG.cs:143)
YG.EditorScr.DefineSymbols:ConversionPlatformConfigs () (at Assets/PluginYourGames/Scripts/EditorScr/DefineSymbols.cs:292)
YG.EditorScr.DefineSymbols:UpdateDefineSymbols () (at Assets/PluginYourGames/Scripts/EditorScr/DefineSymbols.cs:60)
YG.EditorScr.DefineSymbols:.cctor () (at Assets/PluginYourGames/Scripts/EditorScr/DefineSymbols.cs:34)
System.Runtime.CompilerServices.RuntimeHelpers:RunClassConstructor (System.RuntimeTypeHandle)
UnityEditor.EditorAssemblies:ProcessInitializeOnLoadAttributes (System.Type[])

[Assets/PluginYourGames/Scripts/EditorScr/FileYG.cs line 143]

Asset Pipeline Refresh (id=2fa18c4cda8f2b4478547072fdc945c4): Total: 0.001 seconds - Initiated by StopAssetImportingV2(NoUpdateAssetOptions)
[ScriptCompilation] NOT recompiling all scripts because this is an import worker process. Reason to compile was: Define symbols changed
[Package Manager] Failed to launch server process. Reason: Unity was launched with the -noUpm command-line argument
[Package Manager] Unable to send message (not connected to server process).
[Package Manager] Cannot connect to Unity Package Manager local server
Mono: successfully reloaded assembly
- Finished resetting the current domain, in  0.482 seconds
Domain Reload Profiling: 979ms
	BeginReloadAssembly (156ms)
		ExecutionOrderSort (0ms)
		DisableScriptedObjects (4ms)
		BackupInstance (0ms)
		ReleaseScriptingObjects (0ms)
		CreateAndSetChildDomain (32ms)
	RebuildCommonClasses (31ms)
	RebuildNativeTypeToScriptingClass (10ms)
	initialDomainReloadingComplete (20ms)
	LoadAllAssembliesAndSetupDomain (280ms)
		LoadAssemblies (240ms)
		RebuildTransferFunctionScriptingTraits (0ms)
		AnalyzeDomain (118ms)
			TypeCache.Refresh (6ms)
				TypeCache.ScanAssembly (0ms)
			BuildScriptInfoCaches (100ms)
			ResolveRequiredComponents (10ms)
	FinalizeReload (483ms)
		ReleaseScriptCaches (0ms)
		RebuildScriptCaches (0ms)
		SetupLoadedEditorAssemblies (372ms)
			LogAssemblyErrors (0ms)
			InitializePlatformSupportModulesInManaged (2ms)
			SetLoadedEditorAssemblies (4ms)
			BeforeProcessingInitializeOnLoad (70ms)
			ProcessInitializeOnLoadAttributes (262ms)
			ProcessInitializeOnLoadMethodAttributes (33ms)
			AfterProcessingInitializeOnLoad (2ms)
			EditorAssembliesLoaded (0ms)
		ExecutionOrderSort2 (0ms)
		AwakeInstancesAfterBackupRestoration (12ms)
Refreshing native plugins compatible for Editor in 0.76 ms, found 2 plugins.
Preloading 0 native plugins for Editor in 0.00 ms.
Unloading 13 Unused Serialized files (Serialized files now loaded: 0)
Unloading 4280 unused Assets / (4.1 MB). Loaded Objects now: 5051.
Memory consumption went from 131.5 MB to 127.5 MB.
Total: 5.469700 ms (FindLiveObjects: 0.312900 ms CreateObjectMapping: 0.216800 ms MarkObjects: 3.476100 ms  DeleteObjects: 1.462900 ms)

Prepare: number of updated asset objects reloaded= 0
========================================================================
Received Prepare
Begin MonoManager ReloadAssembly
- Loaded All Assemblies, in  4.294 seconds
Refreshing native plugins compatible for Editor in 0.65 ms, found 2 plugins.
Native extension for WindowsStandalone target not found
Native extension for WebGL target not found
Assertion failed on expression: '!AssetDatabase::IsAssetImportWorkerProcess()'
UnityEngine.Debug:ExtractStackTraceNoAlloc (byte*,int,string)
UnityEngine.StackTraceUtility:ExtractStackTrace ()
YG.EditorScr.AssetEditScope:Dispose () (at Assets/PluginYourGames/Scripts/EditorScr/FileYG.cs:143)
YG.EditorScr.DefineSymbols:ConversionPlatformConfigs () (at Assets/PluginYourGames/Scripts/EditorScr/DefineSymbols.cs:292)
YG.EditorScr.DefineSymbols:UpdateDefineSymbols () (at Assets/PluginYourGames/Scripts/EditorScr/DefineSymbols.cs:60)
YG.EditorScr.DefineSymbols:.cctor () (at Assets/PluginYourGames/Scripts/EditorScr/DefineSymbols.cs:34)
System.Runtime.CompilerServices.RuntimeHelpers:RunClassConstructor (System.RuntimeTypeHandle)
UnityEditor.EditorAssemblies:ProcessInitializeOnLoadAttributes (System.Type[])

[Assets/PluginYourGames/Scripts/EditorScr/FileYG.cs line 143]

Asset Pipeline Refresh (id=b836f623f159be146bb17cdad3da95fc): Total: 0.001 seconds - Initiated by StopAssetImportingV2(NoUpdateAssetOptions)
[ScriptCompilation] NOT recompiling all scripts because this is an import worker process. Reason to compile was: Define symbols changed
[Package Manager] Failed to launch server process. Reason: Unity was launched with the -noUpm command-line argument
[Package Manager] Unable to send message (not connected to server process).
[Package Manager] Cannot connect to Unity Package Manager local server
Mono: successfully reloaded assembly
- Finished resetting the current domain, in  0.552 seconds
Domain Reload Profiling: 4848ms
	BeginReloadAssembly (630ms)
		ExecutionOrderSort (0ms)
		DisableScriptedObjects (12ms)
		BackupInstance (0ms)
		ReleaseScriptingObjects (0ms)
		CreateAndSetChildDomain (51ms)
	RebuildCommonClasses (202ms)
	RebuildNativeTypeToScriptingClass (10ms)
	initialDomainReloadingComplete (21ms)
	LoadAllAssembliesAndSetupDomain (3433ms)
		LoadAssemblies (3820ms)
		RebuildTransferFunctionScriptingTraits (0ms)
		AnalyzeDomain (123ms)
			TypeCache.Refresh (14ms)
				TypeCache.ScanAssembly (2ms)
			BuildScriptInfoCaches (99ms)
			ResolveRequiredComponents (8ms)
	FinalizeReload (552ms)
		ReleaseScriptCaches (0ms)
		RebuildScriptCaches (0ms)
		SetupLoadedEditorAssemblies (441ms)
			LogAssemblyErrors (0ms)
			InitializePlatformSupportModulesInManaged (2ms)
			SetLoadedEditorAssemblies (5ms)
			BeforeProcessingInitializeOnLoad (80ms)
			ProcessInitializeOnLoadAttributes (308ms)
			ProcessInitializeOnLoadMethodAttributes (44ms)
			AfterProcessingInitializeOnLoad (1ms)
			EditorAssembliesLoaded (0ms)
		ExecutionOrderSort2 (0ms)
		AwakeInstancesAfterBackupRestoration (11ms)
Refreshing native plugins compatible for Editor in 0.52 ms, found 2 plugins.
Preloading 0 native plugins for Editor in 0.00 ms.
Unloading 13 Unused Serialized files (Serialized files now loaded: 0)
Unloading 4280 unused Assets / (4.2 MB). Loaded Objects now: 5053.
Memory consumption went from 131.6 MB to 127.4 MB.
Total: 5.658900 ms (FindLiveObjects: 0.292500 ms CreateObjectMapping: 0.167900 ms MarkObjects: 3.646800 ms  DeleteObjects: 1.550800 ms)

Prepare: number of updated asset objects reloaded= 0
========================================================================
Received Prepare
Begin MonoManager ReloadAssembly
- Loaded All Assemblies, in  0.492 seconds
Refreshing native plugins compatible for Editor in 0.81 ms, found 2 plugins.
Native extension for WindowsStandalone target not found
Native extension for WebGL target not found
Assertion failed on expression: '!AssetDatabase::IsAssetImportWorkerProcess()'
UnityEngine.Debug:ExtractStackTraceNoAlloc (byte*,int,string)
UnityEngine.StackTraceUtility:ExtractStackTrace ()
YG.EditorScr.AssetEditScope:Dispose () (at Assets/PluginYourGames/Scripts/EditorScr/FileYG.cs:143)
YG.EditorScr.DefineSymbols:ConversionPlatformConfigs () (at Assets/PluginYourGames/Scripts/EditorScr/DefineSymbols.cs:292)
YG.EditorScr.DefineSymbols:UpdateDefineSymbols () (at Assets/PluginYourGames/Scripts/EditorScr/DefineSymbols.cs:60)
YG.EditorScr.DefineSymbols:.cctor () (at Assets/PluginYourGames/Scripts/EditorScr/DefineSymbols.cs:34)
System.Runtime.CompilerServices.RuntimeHelpers:RunClassConstructor (System.RuntimeTypeHandle)
UnityEditor.EditorAssemblies:ProcessInitializeOnLoadAttributes (System.Type[])

[Assets/PluginYourGames/Scripts/EditorScr/FileYG.cs line 143]

Asset Pipeline Refresh (id=807cf4bedcf76cd4ea2be9ad1b86726b): Total: 0.001 seconds - Initiated by StopAssetImportingV2(NoUpdateAssetOptions)
[ScriptCompilation] NOT recompiling all scripts because this is an import worker process. Reason to compile was: Define symbols changed
[Package Manager] Failed to launch server process. Reason: Unity was launched with the -noUpm command-line argument
[Package Manager] Unable to send message (not connected to server process).
[Package Manager] Cannot connect to Unity Package Manager local server
Mono: successfully reloaded assembly
- Finished resetting the current domain, in  0.471 seconds
Domain Reload Profiling: 965ms
	BeginReloadAssembly (162ms)
		ExecutionOrderSort (0ms)
		DisableScriptedObjects (4ms)
		BackupInstance (0ms)
		ReleaseScriptingObjects (0ms)
		CreateAndSetChildDomain (41ms)
	RebuildCommonClasses (31ms)
	RebuildNativeTypeToScriptingClass (14ms)
	initialDomainReloadingComplete (20ms)
	LoadAllAssembliesAndSetupDomain (267ms)
		LoadAssemblies (230ms)
		RebuildTransferFunctionScriptingTraits (0ms)
		AnalyzeDomain (110ms)
			TypeCache.Refresh (5ms)
				TypeCache.ScanAssembly (0ms)
			BuildScriptInfoCaches (95ms)
			ResolveRequiredComponents (7ms)
	FinalizeReload (472ms)
		ReleaseScriptCaches (0ms)
		RebuildScriptCaches (0ms)
		SetupLoadedEditorAssemblies (360ms)
			LogAssemblyErrors (0ms)
			InitializePlatformSupportModulesInManaged (2ms)
			SetLoadedEditorAssemblies (4ms)
			BeforeProcessingInitializeOnLoad (73ms)
			ProcessInitializeOnLoadAttributes (243ms)
			ProcessInitializeOnLoadMethodAttributes (37ms)
			AfterProcessingInitializeOnLoad (1ms)
			EditorAssembliesLoaded (0ms)
		ExecutionOrderSort2 (0ms)
		AwakeInstancesAfterBackupRestoration (11ms)
Refreshing native plugins compatible for Editor in 0.62 ms, found 2 plugins.
Preloading 0 native plugins for Editor in 0.00 ms.
Unloading 13 Unused Serialized files (Serialized files now loaded: 0)
Unloading 4280 unused Assets / (3.9 MB). Loaded Objects now: 5055.
Memory consumption went from 131.6 MB to 127.7 MB.
Total: 5.415200 ms (FindLiveObjects: 0.304700 ms CreateObjectMapping: 0.229200 ms MarkObjects: 3.465100 ms  DeleteObjects: 1.414800 ms)

Prepare: number of updated asset objects reloaded= 0
========================================================================
Received Prepare
Begin MonoManager ReloadAssembly
- Loaded All Assemblies, in  0.584 seconds
Refreshing native plugins compatible for Editor in 1.58 ms, found 2 plugins.
Native extension for WindowsStandalone target not found
Native extension for WebGL target not found
Assertion failed on expression: '!AssetDatabase::IsAssetImportWorkerProcess()'
UnityEngine.Debug:ExtractStackTraceNoAlloc (byte*,int,string)
UnityEngine.StackTraceUtility:ExtractStackTrace ()
YG.EditorScr.AssetEditScope:Dispose () (at Assets/PluginYourGames/Scripts/EditorScr/FileYG.cs:143)
YG.EditorScr.DefineSymbols:ConversionPlatformConfigs () (at Assets/PluginYourGames/Scripts/EditorScr/DefineSymbols.cs:292)
YG.EditorScr.DefineSymbols:UpdateDefineSymbols () (at Assets/PluginYourGames/Scripts/EditorScr/DefineSymbols.cs:60)
YG.EditorScr.DefineSymbols:.cctor () (at Assets/PluginYourGames/Scripts/EditorScr/DefineSymbols.cs:34)
System.Runtime.CompilerServices.RuntimeHelpers:RunClassConstructor (System.RuntimeTypeHandle)
UnityEditor.EditorAssemblies:ProcessInitializeOnLoadAttributes (System.Type[])

[Assets/PluginYourGames/Scripts/EditorScr/FileYG.cs line 143]

Asset Pipeline Refresh (id=3b7bf1d4e50e0cf4cbd1ff74e3695cde): Total: 0.001 seconds - Initiated by StopAssetImportingV2(NoUpdateAssetOptions)
[ScriptCompilation] NOT recompiling all scripts because this is an import worker process. Reason to compile was: Define symbols changed
[Package Manager] Failed to launch server process. Reason: Unity was launched with the -noUpm command-line argument
[Package Manager] Unable to send message (not connected to server process).
[Package Manager] Cannot connect to Unity Package Manager local server
Mono: successfully reloaded assembly
- Finished resetting the current domain, in  0.578 seconds
Domain Reload Profiling: 1164ms
	BeginReloadAssembly (205ms)
		ExecutionOrderSort (0ms)
		DisableScriptedObjects (9ms)
		BackupInstance (0ms)
		ReleaseScriptingObjects (0ms)
		CreateAndSetChildDomain (37ms)
	RebuildCommonClasses (34ms)
	RebuildNativeTypeToScriptingClass (11ms)
	initialDomainReloadingComplete (21ms)
	LoadAllAssembliesAndSetupDomain (315ms)
		LoadAssemblies (276ms)
		RebuildTransferFunctionScriptingTraits (0ms)
		AnalyzeDomain (135ms)
			TypeCache.Refresh (11ms)
				TypeCache.ScanAssembly (2ms)
			BuildScriptInfoCaches (113ms)
			ResolveRequiredComponents (8ms)
	FinalizeReload (578ms)
		ReleaseScriptCaches (0ms)
		RebuildScriptCaches (0ms)
		SetupLoadedEditorAssemblies (440ms)
			LogAssemblyErrors (0ms)
			InitializePlatformSupportModulesInManaged (2ms)
			SetLoadedEditorAssemblies (4ms)
			BeforeProcessingInitializeOnLoad (91ms)
			ProcessInitializeOnLoadAttributes (280ms)
			ProcessInitializeOnLoadMethodAttributes (61ms)
			AfterProcessingInitializeOnLoad (1ms)
			EditorAssembliesLoaded (0ms)
		ExecutionOrderSort2 (0ms)
		AwakeInstancesAfterBackupRestoration (12ms)
Refreshing native plugins compatible for Editor in 0.80 ms, found 2 plugins.
Preloading 0 native plugins for Editor in 0.00 ms.
Unloading 13 Unused Serialized files (Serialized files now loaded: 0)
Unloading 4280 unused Assets / (4.6 MB). Loaded Objects now: 5057.
Memory consumption went from 131.7 MB to 127.0 MB.
Total: 6.128700 ms (FindLiveObjects: 0.313000 ms CreateObjectMapping: 0.184100 ms MarkObjects: 3.619700 ms  DeleteObjects: 2.010300 ms)

Prepare: number of updated asset objects reloaded= 0
========================================================================
Received Import Request.
  Time since last request: 2712.406785 seconds.
  path: Assets/Scripts/PC/DropZone.cs
  artifactKey: Guid(420d092887ebf9f48a859f69ff911171) Importer(815301076,1909f56bfc062723c751e8b465ee728b)
Start importing Assets/Scripts/PC/DropZone.cs using Guid(420d092887ebf9f48a859f69ff911171) Importer(815301076,1909f56bfc062723c751e8b465ee728b) (PreviewImporter) -> (artifact id: '1dad3655d5613db93b489d43204ae169') in 0.9302505 seconds
Number of updated asset objects reloaded before import = 0Number of asset objects unloaded after import = 0

========================================================================
Received Prepare
Refreshing native plugins compatible for Editor in 0.75 ms, found 2 plugins.
Preloading 0 native plugins for Editor in 0.00 ms.
Unloading 13 Unused Serialized files (Serialized files now loaded: 0)
Unloading 4269 unused Assets / (3.8 MB). Loaded Objects now: 5055.
Memory consumption went from 131.8 MB to 128.0 MB.
Total: 7.206200 ms (FindLiveObjects: 0.307900 ms CreateObjectMapping: 0.170500 ms MarkObjects: 5.402000 ms  DeleteObjects: 1.324600 ms)

Prepare: number of updated asset objects reloaded= 0
========================================================================
Received Prepare
Begin MonoManager ReloadAssembly
- Loaded All Assemblies, in  0.565 seconds
Refreshing native plugins compatible for Editor in 0.50 ms, found 2 plugins.
Native extension for WindowsStandalone target not found
Native extension for WebGL target not found
Assertion failed on expression: '!AssetDatabase::IsAssetImportWorkerProcess()'
UnityEngine.Debug:ExtractStackTraceNoAlloc (byte*,int,string)
UnityEngine.StackTraceUtility:ExtractStackTrace ()
YG.EditorScr.AssetEditScope:Dispose () (at Assets/PluginYourGames/Scripts/EditorScr/FileYG.cs:143)
YG.EditorScr.DefineSymbols:ConversionPlatformConfigs () (at Assets/PluginYourGames/Scripts/EditorScr/DefineSymbols.cs:292)
YG.EditorScr.DefineSymbols:UpdateDefineSymbols () (at Assets/PluginYourGames/Scripts/EditorScr/DefineSymbols.cs:60)
YG.EditorScr.DefineSymbols:.cctor () (at Assets/PluginYourGames/Scripts/EditorScr/DefineSymbols.cs:34)
System.Runtime.CompilerServices.RuntimeHelpers:RunClassConstructor (System.RuntimeTypeHandle)
UnityEditor.EditorAssemblies:ProcessInitializeOnLoadAttributes (System.Type[])

[Assets/PluginYourGames/Scripts/EditorScr/FileYG.cs line 143]

Asset Pipeline Refresh (id=459ed488a3b621b43938919c245b2bda): Total: 0.000 seconds - Initiated by StopAssetImportingV2(NoUpdateAssetOptions)
[ScriptCompilation] NOT recompiling all scripts because this is an import worker process. Reason to compile was: Define symbols changed
[Package Manager] Failed to launch server process. Reason: Unity was launched with the -noUpm command-line argument
[Package Manager] Unable to send message (not connected to server process).
[Package Manager] Cannot connect to Unity Package Manager local server
Mono: successfully reloaded assembly
- Finished resetting the current domain, in  0.565 seconds
Domain Reload Profiling: 1132ms
	BeginReloadAssembly (190ms)
		ExecutionOrderSort (0ms)
		DisableScriptedObjects (6ms)
		BackupInstance (0ms)
		ReleaseScriptingObjects (0ms)
		CreateAndSetChildDomain (45ms)
	RebuildCommonClasses (29ms)
	RebuildNativeTypeToScriptingClass (9ms)
	initialDomainReloadingComplete (21ms)
	LoadAllAssembliesAndSetupDomain (317ms)
		LoadAssemblies (279ms)
		RebuildTransferFunctionScriptingTraits (0ms)
		AnalyzeDomain (128ms)
			TypeCache.Refresh (10ms)
				TypeCache.ScanAssembly (2ms)
			BuildScriptInfoCaches (109ms)
			ResolveRequiredComponents (7ms)
	FinalizeReload (565ms)
		ReleaseScriptCaches (0ms)
		RebuildScriptCaches (0ms)
		SetupLoadedEditorAssemblies (445ms)
			LogAssemblyErrors (0ms)
			InitializePlatformSupportModulesInManaged (2ms)
			SetLoadedEditorAssemblies (4ms)
			BeforeProcessingInitializeOnLoad (75ms)
			ProcessInitializeOnLoadAttributes (325ms)
			ProcessInitializeOnLoadMethodAttributes (36ms)
			AfterProcessingInitializeOnLoad (1ms)
			EditorAssembliesLoaded (0ms)
		ExecutionOrderSort2 (0ms)
		AwakeInstancesAfterBackupRestoration (11ms)
Refreshing native plugins compatible for Editor in 0.57 ms, found 2 plugins.
Preloading 0 native plugins for Editor in 0.00 ms.
Unloading 13 Unused Serialized files (Serialized files now loaded: 0)
Unloading 4278 unused Assets / (4.5 MB). Loaded Objects now: 5057.
Memory consumption went from 131.7 MB to 127.2 MB.
Total: 6.122300 ms (FindLiveObjects: 0.292600 ms CreateObjectMapping: 0.162700 ms MarkObjects: 3.166100 ms  DeleteObjects: 2.499900 ms)

Prepare: number of updated asset objects reloaded= 0
========================================================================
Received Import Request.
  Time since last request: 13.077456 seconds.
  path: Assets/Scripts/PC/ComputerInteraction.cs
  artifactKey: Guid(c00ee6fb97b6d5941a153b0bc628f9fc) Importer(2089858483,192608db42251d675da83286b1cce702)
Start importing Assets/Scripts/PC/ComputerInteraction.cs using Guid(c00ee6fb97b6d5941a153b0bc628f9fc) Importer(2089858483,192608db42251d675da83286b1cce702) (ScriptedImporter) -> (artifact id: 'cd08fc222ac15b31a259ba8544dbf68d') in 0.1721807 seconds
Number of updated asset objects reloaded before import = 0Number of asset objects unloaded after import = 0

========================================================================
Received Prepare
Refreshing native plugins compatible for Editor in 1.39 ms, found 2 plugins.
Preloading 0 native plugins for Editor in 0.00 ms.
Unloading 13 Unused Serialized files (Serialized files now loaded: 0)
Unloading 4270 unused Assets / (3.6 MB). Loaded Objects now: 5058.
Memory consumption went from 131.9 MB to 128.3 MB.
Total: 7.528500 ms (FindLiveObjects: 0.328500 ms CreateObjectMapping: 0.190600 ms MarkObjects: 5.383300 ms  DeleteObjects: 1.624400 ms)

Prepare: number of updated asset objects reloaded= 0
========================================================================
Received Import Request.
  Time since last request: 8.770401 seconds.
  path: Assets/Scripts/PC/InsertButtonHandler.cs
  artifactKey: Guid(5266e5eeaec101a48ab5ed8e6c44990b) Importer(815301076,1909f56bfc062723c751e8b465ee728b)
Start importing Assets/Scripts/PC/InsertButtonHandler.cs using Guid(5266e5eeaec101a48ab5ed8e6c44990b) Importer(815301076,1909f56bfc062723c751e8b465ee728b) (PreviewImporter) -> (artifact id: '4a35fee463d9453e367def9fcfb8d8b1') in 0.0118642 seconds
Number of updated asset objects reloaded before import = 0Number of asset objects unloaded after import = 0

========================================================================
Received Import Request.
  Time since last request: 0.798798 seconds.
  path: Assets/Scripts/PC/InsertButtonHandler.cs
  artifactKey: Guid(5266e5eeaec101a48ab5ed8e6c44990b) Importer(2089858483,192608db42251d675da83286b1cce702)
Start importing Assets/Scripts/PC/InsertButtonHandler.cs using Guid(5266e5eeaec101a48ab5ed8e6c44990b) Importer(2089858483,192608db42251d675da83286b1cce702) (ScriptedImporter) -> (artifact id: 'f263ec11b1901f3a2ae7ef4834b5495e') in 0.0245169 seconds
Number of updated asset objects reloaded before import = 0Number of asset objects unloaded after import = 0

========================================================================
Received Prepare
Begin MonoManager ReloadAssembly
- Loaded All Assemblies, in  0.683 seconds
Refreshing native plugins compatible for Editor in 0.77 ms, found 2 plugins.
Native extension for WindowsStandalone target not found
Native extension for WebGL target not found
Assertion failed on expression: '!AssetDatabase::IsAssetImportWorkerProcess()'
UnityEngine.Debug:ExtractStackTraceNoAlloc (byte*,int,string)
UnityEngine.StackTraceUtility:ExtractStackTrace ()
YG.EditorScr.AssetEditScope:Dispose () (at Assets/PluginYourGames/Scripts/EditorScr/FileYG.cs:143)
YG.EditorScr.DefineSymbols:ConversionPlatformConfigs () (at Assets/PluginYourGames/Scripts/EditorScr/DefineSymbols.cs:292)
YG.EditorScr.DefineSymbols:UpdateDefineSymbols () (at Assets/PluginYourGames/Scripts/EditorScr/DefineSymbols.cs:60)
YG.EditorScr.DefineSymbols:.cctor () (at Assets/PluginYourGames/Scripts/EditorScr/DefineSymbols.cs:34)
System.Runtime.CompilerServices.RuntimeHelpers:RunClassConstructor (System.RuntimeTypeHandle)
UnityEditor.EditorAssemblies:ProcessInitializeOnLoadAttributes (System.Type[])

[Assets/PluginYourGames/Scripts/EditorScr/FileYG.cs line 143]

Asset Pipeline Refresh (id=84261f3b9d48a5b46b143d9a630e2509): Total: 0.001 seconds - Initiated by StopAssetImportingV2(NoUpdateAssetOptions)
[ScriptCompilation] NOT recompiling all scripts because this is an import worker process. Reason to compile was: Define symbols changed
[Package Manager] Failed to launch server process. Reason: Unity was launched with the -noUpm command-line argument
[Package Manager] Unable to send message (not connected to server process).
[Package Manager] Cannot connect to Unity Package Manager local server
Mono: successfully reloaded assembly
- Finished resetting the current domain, in  0.542 seconds
Domain Reload Profiling: 1227ms
	BeginReloadAssembly (241ms)
		ExecutionOrderSort (0ms)
		DisableScriptedObjects (6ms)
		BackupInstance (0ms)
		ReleaseScriptingObjects (0ms)
		CreateAndSetChildDomain (71ms)
	RebuildCommonClasses (33ms)
	RebuildNativeTypeToScriptingClass (11ms)
	initialDomainReloadingComplete (22ms)
	LoadAllAssembliesAndSetupDomain (378ms)
		LoadAssemblies (338ms)
		RebuildTransferFunctionScriptingTraits (0ms)
		AnalyzeDomain (139ms)
			TypeCache.Refresh (11ms)
				TypeCache.ScanAssembly (3ms)
			BuildScriptInfoCaches (117ms)
			ResolveRequiredComponents (8ms)
	FinalizeReload (542ms)
		ReleaseScriptCaches (0ms)
		RebuildScriptCaches (0ms)
		SetupLoadedEditorAssemblies (427ms)
			LogAssemblyErrors (0ms)
			InitializePlatformSupportModulesInManaged (3ms)
			SetLoadedEditorAssemblies (4ms)
			BeforeProcessingInitializeOnLoad (87ms)
			ProcessInitializeOnLoadAttributes (285ms)
			ProcessInitializeOnLoadMethodAttributes (46ms)
			AfterProcessingInitializeOnLoad (2ms)
			EditorAssembliesLoaded (0ms)
		ExecutionOrderSort2 (0ms)
		AwakeInstancesAfterBackupRestoration (13ms)
Refreshing native plugins compatible for Editor in 0.69 ms, found 2 plugins.
Preloading 0 native plugins for Editor in 0.00 ms.
Unloading 13 Unused Serialized files (Serialized files now loaded: 0)
Unloading 4279 unused Assets / (4.1 MB). Loaded Objects now: 5060.
Memory consumption went from 131.7 MB to 127.6 MB.
Total: 7.508800 ms (FindLiveObjects: 0.350300 ms CreateObjectMapping: 0.200600 ms MarkObjects: 5.227000 ms  DeleteObjects: 1.729400 ms)

Prepare: number of updated asset objects reloaded= 0
========================================================================
Received Import Request.
  Time since last request: 8.391085 seconds.
  path: Assets/Scripts/PC/InsertButtonHandler.cs
  artifactKey: Guid(5266e5eeaec101a48ab5ed8e6c44990b) Importer(815301076,1909f56bfc062723c751e8b465ee728b)
Start importing Assets/Scripts/PC/InsertButtonHandler.cs using Guid(5266e5eeaec101a48ab5ed8e6c44990b) Importer(815301076,1909f56bfc062723c751e8b465ee728b) (PreviewImporter) -> (artifact id: 'f2bb489e46adb6e9156be6d295c79545') in 0.0084066 seconds
Number of updated asset objects reloaded before import = 0Number of asset objects unloaded after import = 0

========================================================================
Received Prepare
Begin MonoManager ReloadAssembly
- Loaded All Assemblies, in  0.519 seconds
Refreshing native plugins compatible for Editor in 0.51 ms, found 2 plugins.
Native extension for WindowsStandalone target not found
Native extension for WebGL target not found
Assertion failed on expression: '!AssetDatabase::IsAssetImportWorkerProcess()'
UnityEngine.Debug:ExtractStackTraceNoAlloc (byte*,int,string)
UnityEngine.StackTraceUtility:ExtractStackTrace ()
YG.EditorScr.AssetEditScope:Dispose () (at Assets/PluginYourGames/Scripts/EditorScr/FileYG.cs:143)
YG.EditorScr.DefineSymbols:ConversionPlatformConfigs () (at Assets/PluginYourGames/Scripts/EditorScr/DefineSymbols.cs:292)
YG.EditorScr.DefineSymbols:UpdateDefineSymbols () (at Assets/PluginYourGames/Scripts/EditorScr/DefineSymbols.cs:60)
YG.EditorScr.DefineSymbols:.cctor () (at Assets/PluginYourGames/Scripts/EditorScr/DefineSymbols.cs:34)
System.Runtime.CompilerServices.RuntimeHelpers:RunClassConstructor (System.RuntimeTypeHandle)
UnityEditor.EditorAssemblies:ProcessInitializeOnLoadAttributes (System.Type[])

[Assets/PluginYourGames/Scripts/EditorScr/FileYG.cs line 143]

Asset Pipeline Refresh (id=67b2a9a05edc0824d8fdd1539f7c99b7): Total: 0.000 seconds - Initiated by StopAssetImportingV2(NoUpdateAssetOptions)
[ScriptCompilation] NOT recompiling all scripts because this is an import worker process. Reason to compile was: Define symbols changed
[Package Manager] Failed to launch server process. Reason: Unity was launched with the -noUpm command-line argument
[Package Manager] Unable to send message (not connected to server process).
[Package Manager] Cannot connect to Unity Package Manager local server
Mono: successfully reloaded assembly
- Finished resetting the current domain, in  0.439 seconds
Domain Reload Profiling: 960ms
	BeginReloadAssembly (208ms)
		ExecutionOrderSort (0ms)
		DisableScriptedObjects (7ms)
		BackupInstance (0ms)
		ReleaseScriptingObjects (0ms)
		CreateAndSetChildDomain (46ms)
	RebuildCommonClasses (28ms)
	RebuildNativeTypeToScriptingClass (9ms)
	initialDomainReloadingComplete (17ms)
	LoadAllAssembliesAndSetupDomain (259ms)
		LoadAssemblies (253ms)
		RebuildTransferFunctionScriptingTraits (0ms)
		AnalyzeDomain (109ms)
			TypeCache.Refresh (7ms)
				TypeCache.ScanAssembly (1ms)
			BuildScriptInfoCaches (90ms)
			ResolveRequiredComponents (9ms)
	FinalizeReload (439ms)
		ReleaseScriptCaches (0ms)
		RebuildScriptCaches (0ms)
		SetupLoadedEditorAssemblies (337ms)
			LogAssemblyErrors (0ms)
			InitializePlatformSupportModulesInManaged (2ms)
			SetLoadedEditorAssemblies (4ms)
			BeforeProcessingInitializeOnLoad (71ms)
			ProcessInitializeOnLoadAttributes (224ms)
			ProcessInitializeOnLoadMethodAttributes (35ms)
			AfterProcessingInitializeOnLoad (1ms)
			EditorAssembliesLoaded (0ms)
		ExecutionOrderSort2 (0ms)
		AwakeInstancesAfterBackupRestoration (11ms)
Refreshing native plugins compatible for Editor in 0.54 ms, found 2 plugins.
Preloading 0 native plugins for Editor in 0.00 ms.
Unloading 13 Unused Serialized files (Serialized files now loaded: 0)
Unloading 4279 unused Assets / (4.4 MB). Loaded Objects now: 5062.
Memory consumption went from 131.9 MB to 127.5 MB.
Total: 4.949300 ms (FindLiveObjects: 0.294800 ms CreateObjectMapping: 0.190400 ms MarkObjects: 2.880300 ms  DeleteObjects: 1.582700 ms)

Prepare: number of updated asset objects reloaded= 0
========================================================================
Received Import Request.
  Time since last request: 26.321761 seconds.
  path: Assets/Scripts/PC/InsertButtonHandler.cs
  artifactKey: Guid(5266e5eeaec101a48ab5ed8e6c44990b) Importer(815301076,1909f56bfc062723c751e8b465ee728b)
Start importing Assets/Scripts/PC/InsertButtonHandler.cs using Guid(5266e5eeaec101a48ab5ed8e6c44990b) Importer(815301076,1909f56bfc062723c751e8b465ee728b) (PreviewImporter) -> (artifact id: 'd7e67e836ce760d4200115aaa88c9eb6') in 0.0059027 seconds
Number of updated asset objects reloaded before import = 0Number of asset objects unloaded after import = 0

========================================================================
Received Prepare
Begin MonoManager ReloadAssembly
- Loaded All Assemblies, in  0.489 seconds
Refreshing native plugins compatible for Editor in 0.56 ms, found 2 plugins.
Native extension for WindowsStandalone target not found
Native extension for WebGL target not found
Assertion failed on expression: '!AssetDatabase::IsAssetImportWorkerProcess()'
UnityEngine.Debug:ExtractStackTraceNoAlloc (byte*,int,string)
UnityEngine.StackTraceUtility:ExtractStackTrace ()
YG.EditorScr.AssetEditScope:Dispose () (at Assets/PluginYourGames/Scripts/EditorScr/FileYG.cs:143)
YG.EditorScr.DefineSymbols:ConversionPlatformConfigs () (at Assets/PluginYourGames/Scripts/EditorScr/DefineSymbols.cs:292)
YG.EditorScr.DefineSymbols:UpdateDefineSymbols () (at Assets/PluginYourGames/Scripts/EditorScr/DefineSymbols.cs:60)
YG.EditorScr.DefineSymbols:.cctor () (at Assets/PluginYourGames/Scripts/EditorScr/DefineSymbols.cs:34)
System.Runtime.CompilerServices.RuntimeHelpers:RunClassConstructor (System.RuntimeTypeHandle)
UnityEditor.EditorAssemblies:ProcessInitializeOnLoadAttributes (System.Type[])

[Assets/PluginYourGames/Scripts/EditorScr/FileYG.cs line 143]

Asset Pipeline Refresh (id=f2a8443545a176e4995b06a047dde3d6): Total: 0.001 seconds - Initiated by StopAssetImportingV2(NoUpdateAssetOptions)
[ScriptCompilation] NOT recompiling all scripts because this is an import worker process. Reason to compile was: Define symbols changed
[Package Manager] Failed to launch server process. Reason: Unity was launched with the -noUpm command-line argument
[Package Manager] Unable to send message (not connected to server process).
[Package Manager] Cannot connect to Unity Package Manager local server
Mono: successfully reloaded assembly
- Finished resetting the current domain, in  0.501 seconds
Domain Reload Profiling: 992ms
	BeginReloadAssembly (158ms)
		ExecutionOrderSort (0ms)
		DisableScriptedObjects (4ms)
		BackupInstance (0ms)
		ReleaseScriptingObjects (0ms)
		CreateAndSetChildDomain (34ms)
	RebuildCommonClasses (27ms)
	RebuildNativeTypeToScriptingClass (9ms)
	initialDomainReloadingComplete (18ms)
	LoadAllAssembliesAndSetupDomain (277ms)
		LoadAssemblies (241ms)
		RebuildTransferFunctionScriptingTraits (0ms)
		AnalyzeDomain (116ms)
			TypeCache.Refresh (5ms)
				TypeCache.ScanAssembly (0ms)
			BuildScriptInfoCaches (102ms)
			ResolveRequiredComponents (6ms)
	FinalizeReload (501ms)
		ReleaseScriptCaches (0ms)
		RebuildScriptCaches (0ms)
		SetupLoadedEditorAssemblies (395ms)
			LogAssemblyErrors (0ms)
			InitializePlatformSupportModulesInManaged (2ms)
			SetLoadedEditorAssemblies (4ms)
			BeforeProcessingInitializeOnLoad (74ms)
			ProcessInitializeOnLoadAttributes (279ms)
			ProcessInitializeOnLoadMethodAttributes (34ms)
			AfterProcessingInitializeOnLoad (1ms)
			EditorAssembliesLoaded (0ms)
		ExecutionOrderSort2 (0ms)
		AwakeInstancesAfterBackupRestoration (13ms)
Refreshing native plugins compatible for Editor in 0.51 ms, found 2 plugins.
Preloading 0 native plugins for Editor in 0.00 ms.
Unloading 13 Unused Serialized files (Serialized files now loaded: 0)
Unloading 4279 unused Assets / (4.0 MB). Loaded Objects now: 5064.
Memory consumption went from 131.9 MB to 127.9 MB.
Total: 4.790500 ms (FindLiveObjects: 0.281200 ms CreateObjectMapping: 0.166700 ms MarkObjects: 3.046300 ms  DeleteObjects: 1.295400 ms)

Prepare: number of updated asset objects reloaded= 0
========================================================================
Received Prepare
Begin MonoManager ReloadAssembly
- Loaded All Assemblies, in  0.448 seconds
Refreshing native plugins compatible for Editor in 0.57 ms, found 2 plugins.
Native extension for WindowsStandalone target not found
Native extension for WebGL target not found
Assertion failed on expression: '!AssetDatabase::IsAssetImportWorkerProcess()'
UnityEngine.Debug:ExtractStackTraceNoAlloc (byte*,int,string)
UnityEngine.StackTraceUtility:ExtractStackTrace ()
YG.EditorScr.AssetEditScope:Dispose () (at Assets/PluginYourGames/Scripts/EditorScr/FileYG.cs:143)
YG.EditorScr.DefineSymbols:ConversionPlatformConfigs () (at Assets/PluginYourGames/Scripts/EditorScr/DefineSymbols.cs:292)
YG.EditorScr.DefineSymbols:UpdateDefineSymbols () (at Assets/PluginYourGames/Scripts/EditorScr/DefineSymbols.cs:60)
YG.EditorScr.DefineSymbols:.cctor () (at Assets/PluginYourGames/Scripts/EditorScr/DefineSymbols.cs:34)
System.Runtime.CompilerServices.RuntimeHelpers:RunClassConstructor (System.RuntimeTypeHandle)
UnityEditor.EditorAssemblies:ProcessInitializeOnLoadAttributes (System.Type[])

[Assets/PluginYourGames/Scripts/EditorScr/FileYG.cs line 143]

Asset Pipeline Refresh (id=5a125a7724cb2d545917961ecd132343): Total: 0.000 seconds - Initiated by StopAssetImportingV2(NoUpdateAssetOptions)
[ScriptCompilation] NOT recompiling all scripts because this is an import worker process. Reason to compile was: Define symbols changed
[Package Manager] Failed to launch server process. Reason: Unity was launched with the -noUpm command-line argument
[Package Manager] Unable to send message (not connected to server process).
[Package Manager] Cannot connect to Unity Package Manager local server
Mono: successfully reloaded assembly
- Finished resetting the current domain, in  0.455 seconds
Domain Reload Profiling: 905ms
	BeginReloadAssembly (150ms)
		ExecutionOrderSort (0ms)
		DisableScriptedObjects (4ms)
		BackupInstance (0ms)
		ReleaseScriptingObjects (0ms)
		CreateAndSetChildDomain (35ms)
	RebuildCommonClasses (29ms)
	RebuildNativeTypeToScriptingClass (9ms)
	initialDomainReloadingComplete (18ms)
	LoadAllAssembliesAndSetupDomain (244ms)
		LoadAssemblies (214ms)
		RebuildTransferFunctionScriptingTraits (0ms)
		AnalyzeDomain (99ms)
			TypeCache.Refresh (5ms)
				TypeCache.ScanAssembly (0ms)
			BuildScriptInfoCaches (86ms)
			ResolveRequiredComponents (7ms)
	FinalizeReload (456ms)
		ReleaseScriptCaches (0ms)
		RebuildScriptCaches (0ms)
		SetupLoadedEditorAssemblies (351ms)
			LogAssemblyErrors (0ms)
			InitializePlatformSupportModulesInManaged (2ms)
			SetLoadedEditorAssemblies (4ms)
			BeforeProcessingInitializeOnLoad (72ms)
			ProcessInitializeOnLoadAttributes (237ms)
			ProcessInitializeOnLoadMethodAttributes (33ms)
			AfterProcessingInitializeOnLoad (1ms)
			EditorAssembliesLoaded (0ms)
		ExecutionOrderSort2 (0ms)
		AwakeInstancesAfterBackupRestoration (10ms)
Refreshing native plugins compatible for Editor in 0.66 ms, found 2 plugins.
Preloading 0 native plugins for Editor in 0.00 ms.
Unloading 13 Unused Serialized files (Serialized files now loaded: 0)
Unloading 4279 unused Assets / (3.7 MB). Loaded Objects now: 5066.
Memory consumption went from 131.9 MB to 128.3 MB.
Total: 5.749500 ms (FindLiveObjects: 0.317400 ms CreateObjectMapping: 0.201100 ms MarkObjects: 3.718400 ms  DeleteObjects: 1.511300 ms)

Prepare: number of updated asset objects reloaded= 0
========================================================================
Received Prepare
Begin MonoManager ReloadAssembly
- Loaded All Assemblies, in  0.452 seconds
Refreshing native plugins compatible for Editor in 0.51 ms, found 2 plugins.
Native extension for WindowsStandalone target not found
Native extension for WebGL target not found
Assertion failed on expression: '!AssetDatabase::IsAssetImportWorkerProcess()'
UnityEngine.Debug:ExtractStackTraceNoAlloc (byte*,int,string)
UnityEngine.StackTraceUtility:ExtractStackTrace ()
YG.EditorScr.AssetEditScope:Dispose () (at Assets/PluginYourGames/Scripts/EditorScr/FileYG.cs:143)
YG.EditorScr.DefineSymbols:ConversionPlatformConfigs () (at Assets/PluginYourGames/Scripts/EditorScr/DefineSymbols.cs:292)
YG.EditorScr.DefineSymbols:UpdateDefineSymbols () (at Assets/PluginYourGames/Scripts/EditorScr/DefineSymbols.cs:60)
YG.EditorScr.DefineSymbols:.cctor () (at Assets/PluginYourGames/Scripts/EditorScr/DefineSymbols.cs:34)
System.Runtime.CompilerServices.RuntimeHelpers:RunClassConstructor (System.RuntimeTypeHandle)
UnityEditor.EditorAssemblies:ProcessInitializeOnLoadAttributes (System.Type[])

[Assets/PluginYourGames/Scripts/EditorScr/FileYG.cs line 143]

Asset Pipeline Refresh (id=1abb9f0a03d849f4b87c30178f5f0a98): Total: 0.000 seconds - Initiated by StopAssetImportingV2(NoUpdateAssetOptions)
[ScriptCompilation] NOT recompiling all scripts because this is an import worker process. Reason to compile was: Define symbols changed
[Package Manager] Failed to launch server process. Reason: Unity was launched with the -noUpm command-line argument
[Package Manager] Unable to send message (not connected to server process).
[Package Manager] Cannot connect to Unity Package Manager local server
Mono: successfully reloaded assembly
- Finished resetting the current domain, in  0.456 seconds
Domain Reload Profiling: 909ms
	BeginReloadAssembly (155ms)
		ExecutionOrderSort (0ms)
		DisableScriptedObjects (4ms)
		BackupInstance (0ms)
		ReleaseScriptingObjects (0ms)
		CreateAndSetChildDomain (32ms)
	RebuildCommonClasses (26ms)
	RebuildNativeTypeToScriptingClass (10ms)
	initialDomainReloadingComplete (21ms)
	LoadAllAssembliesAndSetupDomain (242ms)
		LoadAssemblies (217ms)
		RebuildTransferFunctionScriptingTraits (0ms)
		AnalyzeDomain (100ms)
			TypeCache.Refresh (4ms)
				TypeCache.ScanAssembly (0ms)
			BuildScriptInfoCaches (86ms)
			ResolveRequiredComponents (7ms)
	FinalizeReload (456ms)
		ReleaseScriptCaches (0ms)
		RebuildScriptCaches (0ms)
		SetupLoadedEditorAssemblies (348ms)
			LogAssemblyErrors (0ms)
			InitializePlatformSupportModulesInManaged (3ms)
			SetLoadedEditorAssemblies (4ms)
			BeforeProcessingInitializeOnLoad (71ms)
			ProcessInitializeOnLoadAttributes (234ms)
			ProcessInitializeOnLoadMethodAttributes (35ms)
			AfterProcessingInitializeOnLoad (1ms)
			EditorAssembliesLoaded (0ms)
		ExecutionOrderSort2 (0ms)
		AwakeInstancesAfterBackupRestoration (10ms)
Refreshing native plugins compatible for Editor in 0.67 ms, found 2 plugins.
Preloading 0 native plugins for Editor in 0.00 ms.
Unloading 13 Unused Serialized files (Serialized files now loaded: 0)
Unloading 4279 unused Assets / (4.5 MB). Loaded Objects now: 5068.
Memory consumption went from 132.0 MB to 127.5 MB.
Total: 5.672300 ms (FindLiveObjects: 0.421400 ms CreateObjectMapping: 0.316000 ms MarkObjects: 3.174800 ms  DeleteObjects: 1.758700 ms)

Prepare: number of updated asset objects reloaded= 0
========================================================================
Received Import Request.
  Time since last request: 620.705929 seconds.
  path: Assets/Scripts/PC/ComputerInteraction.cs
  artifactKey: Guid(c00ee6fb97b6d5941a153b0bc628f9fc) Importer(815301076,1909f56bfc062723c751e8b465ee728b)
Start importing Assets/Scripts/PC/ComputerInteraction.cs using Guid(c00ee6fb97b6d5941a153b0bc628f9fc) Importer(815301076,1909f56bfc062723c751e8b465ee728b) (PreviewImporter) -> (artifact id: '2ddf34666470cc2aa4886936ed963b6c') in 0.1326711 seconds
Number of updated asset objects reloaded before import = 0Number of asset objects unloaded after import = 0

========================================================================
Received Prepare
Begin MonoManager ReloadAssembly
- Loaded All Assemblies, in  1.335 seconds
Refreshing native plugins compatible for Editor in 0.67 ms, found 2 plugins.
Native extension for WindowsStandalone target not found
Native extension for WebGL target not found
Assertion failed on expression: '!AssetDatabase::IsAssetImportWorkerProcess()'
UnityEngine.Debug:ExtractStackTraceNoAlloc (byte*,int,string)
UnityEngine.StackTraceUtility:ExtractStackTrace ()
YG.EditorScr.AssetEditScope:Dispose () (at Assets/PluginYourGames/Scripts/EditorScr/FileYG.cs:143)
YG.EditorScr.DefineSymbols:ConversionPlatformConfigs () (at Assets/PluginYourGames/Scripts/EditorScr/DefineSymbols.cs:292)
YG.EditorScr.DefineSymbols:UpdateDefineSymbols () (at Assets/PluginYourGames/Scripts/EditorScr/DefineSymbols.cs:60)
YG.EditorScr.DefineSymbols:.cctor () (at Assets/PluginYourGames/Scripts/EditorScr/DefineSymbols.cs:34)
System.Runtime.CompilerServices.RuntimeHelpers:RunClassConstructor (System.RuntimeTypeHandle)
UnityEditor.EditorAssemblies:ProcessInitializeOnLoadAttributes (System.Type[])

[Assets/PluginYourGames/Scripts/EditorScr/FileYG.cs line 143]

Asset Pipeline Refresh (id=7b5fe06c50c59774094241f0dc9f55c0): Total: 0.004 seconds - Initiated by StopAssetImportingV2(NoUpdateAssetOptions)
[ScriptCompilation] NOT recompiling all scripts because this is an import worker process. Reason to compile was: Define symbols changed
[Package Manager] Failed to launch server process. Reason: Unity was launched with the -noUpm command-line argument
[Package Manager] Unable to send message (not connected to server process).
[Package Manager] Cannot connect to Unity Package Manager local server
Mono: successfully reloaded assembly
- Finished resetting the current domain, in  0.716 seconds
Domain Reload Profiling: 2057ms
	BeginReloadAssembly (645ms)
		ExecutionOrderSort (0ms)
		DisableScriptedObjects (61ms)
		BackupInstance (0ms)
		ReleaseScriptingObjects (1ms)
		CreateAndSetChildDomain (252ms)
	RebuildCommonClasses (35ms)
	RebuildNativeTypeToScriptingClass (9ms)
	initialDomainReloadingComplete (32ms)
	LoadAllAssembliesAndSetupDomain (618ms)
		LoadAssemblies (559ms)
		RebuildTransferFunctionScriptingTraits (0ms)
		AnalyzeDomain (187ms)
			TypeCache.Refresh (25ms)
				TypeCache.ScanAssembly (3ms)
			BuildScriptInfoCaches (145ms)
			ResolveRequiredComponents (10ms)
	FinalizeReload (717ms)
		ReleaseScriptCaches (0ms)
		RebuildScriptCaches (0ms)
		SetupLoadedEditorAssemblies (533ms)
			LogAssemblyErrors (0ms)
			InitializePlatformSupportModulesInManaged (4ms)
			SetLoadedEditorAssemblies (6ms)
			BeforeProcessingInitializeOnLoad (96ms)
			ProcessInitializeOnLoadAttributes (358ms)
			ProcessInitializeOnLoadMethodAttributes (64ms)
			AfterProcessingInitializeOnLoad (4ms)
			EditorAssembliesLoaded (0ms)
		ExecutionOrderSort2 (0ms)
		AwakeInstancesAfterBackupRestoration (16ms)
Refreshing native plugins compatible for Editor in 1.44 ms, found 2 plugins.
Preloading 0 native plugins for Editor in 0.00 ms.
Unloading 13 Unused Serialized files (Serialized files now loaded: 0)
Unloading 4279 unused Assets / (5.1 MB). Loaded Objects now: 5070.
Memory consumption went from 132.0 MB to 127.0 MB.
Total: 11.229300 ms (FindLiveObjects: 0.868400 ms CreateObjectMapping: 0.234100 ms MarkObjects: 5.819800 ms  DeleteObjects: 4.305900 ms)

Prepare: number of updated asset objects reloaded= 0
========================================================================
Received Import Request.
  Time since last request: 32.900480 seconds.
  path: Assets/Scripts/PC/ComputerInteraction.cs
  artifactKey: Guid(c00ee6fb97b6d5941a153b0bc628f9fc) Importer(815301076,1909f56bfc062723c751e8b465ee728b)
Start importing Assets/Scripts/PC/ComputerInteraction.cs using Guid(c00ee6fb97b6d5941a153b0bc628f9fc) Importer(815301076,1909f56bfc062723c751e8b465ee728b) (PreviewImporter) -> (artifact id: 'e81119ab8a8683b1df187bd0b076de0b') in 0.0635785 seconds
Number of updated asset objects reloaded before import = 0Number of asset objects unloaded after import = 0

========================================================================
Received Import Request.
  Time since last request: 304.882557 seconds.
  path: Assets/Scripts/PC/InsertButtonHandler.cs
  artifactKey: Guid(5266e5eeaec101a48ab5ed8e6c44990b) Importer(2089858483,192608db42251d675da83286b1cce702)
Start importing Assets/Scripts/PC/InsertButtonHandler.cs using Guid(5266e5eeaec101a48ab5ed8e6c44990b) Importer(2089858483,192608db42251d675da83286b1cce702) (ScriptedImporter) -> (artifact id: '98c8d81f563244c578d27595644ae992') in 0.272748 seconds
Number of updated asset objects reloaded before import = 0Number of asset objects unloaded after import = 0

========================================================================
Received Import Request.
  Time since last request: 0.000111 seconds.
  path: Assets/Scripts/PC/ComputerInteraction.cs
  artifactKey: Guid(c00ee6fb97b6d5941a153b0bc628f9fc) Importer(2089858483,192608db42251d675da83286b1cce702)
Start importing Assets/Scripts/PC/ComputerInteraction.cs using Guid(c00ee6fb97b6d5941a153b0bc628f9fc) Importer(2089858483,192608db42251d675da83286b1cce702) (ScriptedImporter) -> (artifact id: 'ca0e748838028f24268143b093283ce8') in 0.0217975 seconds
Number of updated asset objects reloaded before import = 0Number of asset objects unloaded after import = 0

========================================================================
Received Import Request.
  Time since last request: 0.000038 seconds.
  path: Assets/Scenes/cameratest2.unity
  artifactKey: Guid(9e20fbfc5227901419a4c06a0ffc479b) Importer(2089858483,192608db42251d675da83286b1cce702)
Start importing Assets/Scenes/cameratest2.unity using Guid(9e20fbfc5227901419a4c06a0ffc479b) Importer(2089858483,192608db42251d675da83286b1cce702) (ScriptedImporter) -> (artifact id: 'a2611c8c7f764b28a760448dcba78fc9') in 0.0413791 seconds
Number of updated asset objects reloaded before import = 0Number of asset objects unloaded after import = 1

========================================================================
Received Import Request.
  Time since last request: 165.308766 seconds.
  path: Assets/Music/Sounds/pc_sound.wav
  artifactKey: Guid(f93ae3f4cf88b0e41a06a54917bb7597) Importer(2089858483,192608db42251d675da83286b1cce702)
Start importing Assets/Music/Sounds/pc_sound.wav using Guid(f93ae3f4cf88b0e41a06a54917bb7597) Importer(2089858483,192608db42251d675da83286b1cce702) (ScriptedImporter) -> (artifact id: '8cda6865c6fcadb0e158f8a1702ae3d0') in 0.0679223 seconds
Number of updated asset objects reloaded before import = 0Number of asset objects unloaded after import = 1

========================================================================
Received Import Request.
  Time since last request: 5.845924 seconds.
  path: Assets/Music/Sounds/pc_sound.wav
  artifactKey: Guid(f93ae3f4cf88b0e41a06a54917bb7597) Importer(815301076,1909f56bfc062723c751e8b465ee728b)
Start importing Assets/Music/Sounds/pc_sound.wav using Guid(f93ae3f4cf88b0e41a06a54917bb7597) Importer(815301076,1909f56bfc062723c751e8b465ee728b) (PreviewImporter) -> (artifact id: 'dcea12bb599397fa85852d0549963ea7') in 0.3383175 seconds
Number of updated asset objects reloaded before import = 0Number of asset objects unloaded after import = 2

========================================================================
Received Prepare
Begin MonoManager ReloadAssembly
- Loaded All Assemblies, in  1.142 seconds
Refreshing native plugins compatible for Editor in 0.63 ms, found 2 plugins.
Native extension for WindowsStandalone target not found
Native extension for WebGL target not found
Assertion failed on expression: '!AssetDatabase::IsAssetImportWorkerProcess()'
UnityEngine.Debug:ExtractStackTraceNoAlloc (byte*,int,string)
UnityEngine.StackTraceUtility:ExtractStackTrace ()
YG.EditorScr.AssetEditScope:Dispose () (at Assets/PluginYourGames/Scripts/EditorScr/FileYG.cs:143)
YG.EditorScr.DefineSymbols:ConversionPlatformConfigs () (at Assets/PluginYourGames/Scripts/EditorScr/DefineSymbols.cs:292)
YG.EditorScr.DefineSymbols:UpdateDefineSymbols () (at Assets/PluginYourGames/Scripts/EditorScr/DefineSymbols.cs:60)
YG.EditorScr.DefineSymbols:.cctor () (at Assets/PluginYourGames/Scripts/EditorScr/DefineSymbols.cs:34)
System.Runtime.CompilerServices.RuntimeHelpers:RunClassConstructor (System.RuntimeTypeHandle)
UnityEditor.EditorAssemblies:ProcessInitializeOnLoadAttributes (System.Type[])

[Assets/PluginYourGames/Scripts/EditorScr/FileYG.cs line 143]

Asset Pipeline Refresh (id=2e204b0687c4d3142aba6211295667a6): Total: 0.002 seconds - Initiated by StopAssetImportingV2(NoUpdateAssetOptions)
[ScriptCompilation] NOT recompiling all scripts because this is an import worker process. Reason to compile was: Define symbols changed
[Package Manager] Failed to launch server process. Reason: Unity was launched with the -noUpm command-line argument
[Package Manager] Unable to send message (not connected to server process).
[Package Manager] Cannot connect to Unity Package Manager local server
Mono: successfully reloaded assembly
- Finished resetting the current domain, in  0.560 seconds
Domain Reload Profiling: 1708ms
	BeginReloadAssembly (422ms)
		ExecutionOrderSort (0ms)
		DisableScriptedObjects (15ms)
		BackupInstance (0ms)
		ReleaseScriptingObjects (1ms)
		CreateAndSetChildDomain (153ms)
	RebuildCommonClasses (39ms)
	RebuildNativeTypeToScriptingClass (12ms)
	initialDomainReloadingComplete (27ms)
	LoadAllAssembliesAndSetupDomain (648ms)
		LoadAssemblies (658ms)
		RebuildTransferFunctionScriptingTraits (0ms)
		AnalyzeDomain (163ms)
			TypeCache.Refresh (9ms)
				TypeCache.ScanAssembly (0ms)
			BuildScriptInfoCaches (140ms)
			ResolveRequiredComponents (10ms)
	FinalizeReload (561ms)
		ReleaseScriptCaches (0ms)
		RebuildScriptCaches (0ms)
		SetupLoadedEditorAssemblies (420ms)
			LogAssemblyErrors (0ms)
			InitializePlatformSupportModulesInManaged (3ms)
			SetLoadedEditorAssemblies (5ms)
			BeforeProcessingInitializeOnLoad (81ms)
			ProcessInitializeOnLoadAttributes (290ms)
			ProcessInitializeOnLoadMethodAttributes (40ms)
			AfterProcessingInitializeOnLoad (1ms)
			EditorAssembliesLoaded (0ms)
		ExecutionOrderSort2 (0ms)
		AwakeInstancesAfterBackupRestoration (12ms)
Refreshing native plugins compatible for Editor in 0.84 ms, found 2 plugins.
Preloading 0 native plugins for Editor in 0.00 ms.
Unloading 13 Unused Serialized files (Serialized files now loaded: 0)
Unloading 4279 unused Assets / (5.4 MB). Loaded Objects now: 5082.
Memory consumption went from 136.5 MB to 131.0 MB.
Total: 8.127200 ms (FindLiveObjects: 0.462600 ms CreateObjectMapping: 0.190300 ms MarkObjects: 4.439400 ms  DeleteObjects: 3.033800 ms)

Prepare: number of updated asset objects reloaded= 0
========================================================================
Received Prepare
Begin MonoManager ReloadAssembly
- Loaded All Assemblies, in  0.539 seconds
Refreshing native plugins compatible for Editor in 0.66 ms, found 2 plugins.
Native extension for WindowsStandalone target not found
Native extension for WebGL target not found
Assertion failed on expression: '!AssetDatabase::IsAssetImportWorkerProcess()'
UnityEngine.Debug:ExtractStackTraceNoAlloc (byte*,int,string)
UnityEngine.StackTraceUtility:ExtractStackTrace ()
YG.EditorScr.AssetEditScope:Dispose () (at Assets/PluginYourGames/Scripts/EditorScr/FileYG.cs:143)
YG.EditorScr.DefineSymbols:ConversionPlatformConfigs () (at Assets/PluginYourGames/Scripts/EditorScr/DefineSymbols.cs:292)
YG.EditorScr.DefineSymbols:UpdateDefineSymbols () (at Assets/PluginYourGames/Scripts/EditorScr/DefineSymbols.cs:60)
YG.EditorScr.DefineSymbols:.cctor () (at Assets/PluginYourGames/Scripts/EditorScr/DefineSymbols.cs:34)
System.Runtime.CompilerServices.RuntimeHelpers:RunClassConstructor (System.RuntimeTypeHandle)
UnityEditor.EditorAssemblies:ProcessInitializeOnLoadAttributes (System.Type[])

[Assets/PluginYourGames/Scripts/EditorScr/FileYG.cs line 143]

Asset Pipeline Refresh (id=37d9259a1680f1d449278d1815374258): Total: 0.000 seconds - Initiated by StopAssetImportingV2(NoUpdateAssetOptions)
[ScriptCompilation] NOT recompiling all scripts because this is an import worker process. Reason to compile was: Define symbols changed
[Package Manager] Failed to launch server process. Reason: Unity was launched with the -noUpm command-line argument
[Package Manager] Unable to send message (not connected to server process).
[Package Manager] Cannot connect to Unity Package Manager local server
Mono: successfully reloaded assembly
- Finished resetting the current domain, in  0.573 seconds
Domain Reload Profiling: 1114ms
	BeginReloadAssembly (175ms)
		ExecutionOrderSort (0ms)
		DisableScriptedObjects (7ms)
		BackupInstance (0ms)
		ReleaseScriptingObjects (0ms)
		CreateAndSetChildDomain (38ms)
	RebuildCommonClasses (33ms)
	RebuildNativeTypeToScriptingClass (13ms)
	initialDomainReloadingComplete (25ms)
	LoadAllAssembliesAndSetupDomain (295ms)
		LoadAssemblies (271ms)
		RebuildTransferFunctionScriptingTraits (0ms)
		AnalyzeDomain (105ms)
			TypeCache.Refresh (6ms)
				TypeCache.ScanAssembly (0ms)
			BuildScriptInfoCaches (90ms)
			ResolveRequiredComponents (7ms)
	FinalizeReload (573ms)
		ReleaseScriptCaches (0ms)
		RebuildScriptCaches (0ms)
		SetupLoadedEditorAssemblies (456ms)
			LogAssemblyErrors (0ms)
			InitializePlatformSupportModulesInManaged (2ms)
			SetLoadedEditorAssemblies (4ms)
			BeforeProcessingInitializeOnLoad (81ms)
			ProcessInitializeOnLoadAttributes (325ms)
			ProcessInitializeOnLoadMethodAttributes (42ms)
			AfterProcessingInitializeOnLoad (1ms)
			EditorAssembliesLoaded (0ms)
		ExecutionOrderSort2 (0ms)
		AwakeInstancesAfterBackupRestoration (12ms)
Refreshing native plugins compatible for Editor in 0.75 ms, found 2 plugins.
Preloading 0 native plugins for Editor in 0.00 ms.
Unloading 13 Unused Serialized files (Serialized files now loaded: 0)
Unloading 4279 unused Assets / (4.2 MB). Loaded Objects now: 5084.
Memory consumption went from 136.5 MB to 132.3 MB.
Total: 5.753600 ms (FindLiveObjects: 0.412700 ms CreateObjectMapping: 0.315000 ms MarkObjects: 3.526600 ms  DeleteObjects: 1.498200 ms)

Prepare: number of updated asset objects reloaded= 0
========================================================================
Received Prepare
Begin MonoManager ReloadAssembly
- Loaded All Assemblies, in  0.481 seconds
Refreshing native plugins compatible for Editor in 0.87 ms, found 2 plugins.
Native extension for WindowsStandalone target not found
Native extension for WebGL target not found
Assertion failed on expression: '!AssetDatabase::IsAssetImportWorkerProcess()'
UnityEngine.Debug:ExtractStackTraceNoAlloc (byte*,int,string)
UnityEngine.StackTraceUtility:ExtractStackTrace ()
YG.EditorScr.AssetEditScope:Dispose () (at Assets/PluginYourGames/Scripts/EditorScr/FileYG.cs:143)
YG.EditorScr.DefineSymbols:ConversionPlatformConfigs () (at Assets/PluginYourGames/Scripts/EditorScr/DefineSymbols.cs:292)
YG.EditorScr.DefineSymbols:UpdateDefineSymbols () (at Assets/PluginYourGames/Scripts/EditorScr/DefineSymbols.cs:60)
YG.EditorScr.DefineSymbols:.cctor () (at Assets/PluginYourGames/Scripts/EditorScr/DefineSymbols.cs:34)
System.Runtime.CompilerServices.RuntimeHelpers:RunClassConstructor (System.RuntimeTypeHandle)
UnityEditor.EditorAssemblies:ProcessInitializeOnLoadAttributes (System.Type[])

[Assets/PluginYourGames/Scripts/EditorScr/FileYG.cs line 143]

Asset Pipeline Refresh (id=2a0f6a6142c963747852007c2210c24c): Total: 0.000 seconds - Initiated by StopAssetImportingV2(NoUpdateAssetOptions)
[ScriptCompilation] NOT recompiling all scripts because this is an import worker process. Reason to compile was: Define symbols changed
[Package Manager] Failed to launch server process. Reason: Unity was launched with the -noUpm command-line argument
[Package Manager] Unable to send message (not connected to server process).
[Package Manager] Cannot connect to Unity Package Manager local server
Mono: successfully reloaded assembly
- Finished resetting the current domain, in  0.506 seconds
Domain Reload Profiling: 989ms
	BeginReloadAssembly (165ms)
		ExecutionOrderSort (0ms)
		DisableScriptedObjects (4ms)
		BackupInstance (0ms)
		ReleaseScriptingObjects (0ms)
		CreateAndSetChildDomain (34ms)
	RebuildCommonClasses (29ms)
	RebuildNativeTypeToScriptingClass (10ms)
	initialDomainReloadingComplete (18ms)
	LoadAllAssembliesAndSetupDomain (261ms)
		LoadAssemblies (238ms)
		RebuildTransferFunctionScriptingTraits (0ms)
		AnalyzeDomain (106ms)
			TypeCache.Refresh (5ms)
				TypeCache.ScanAssembly (0ms)
			BuildScriptInfoCaches (92ms)
			ResolveRequiredComponents (7ms)
	FinalizeReload (506ms)
		ReleaseScriptCaches (0ms)
		RebuildScriptCaches (0ms)
		SetupLoadedEditorAssemblies (392ms)
			LogAssemblyErrors (0ms)
			InitializePlatformSupportModulesInManaged (3ms)
			SetLoadedEditorAssemblies (4ms)
			BeforeProcessingInitializeOnLoad (85ms)
			ProcessInitializeOnLoadAttributes (258ms)
			ProcessInitializeOnLoadMethodAttributes (41ms)
			AfterProcessingInitializeOnLoad (1ms)
			EditorAssembliesLoaded (0ms)
		ExecutionOrderSort2 (0ms)
		AwakeInstancesAfterBackupRestoration (13ms)
Refreshing native plugins compatible for Editor in 0.74 ms, found 2 plugins.
Preloading 0 native plugins for Editor in 0.00 ms.
Unloading 13 Unused Serialized files (Serialized files now loaded: 0)
Unloading 4279 unused Assets / (4.5 MB). Loaded Objects now: 5086.
Memory consumption went from 136.5 MB to 132.1 MB.
Total: 5.671700 ms (FindLiveObjects: 0.311000 ms CreateObjectMapping: 0.202000 ms MarkObjects: 3.392300 ms  DeleteObjects: 1.765200 ms)

Prepare: number of updated asset objects reloaded= 0
========================================================================
Received Prepare
Begin MonoManager ReloadAssembly
- Loaded All Assemblies, in  0.481 seconds
Refreshing native plugins compatible for Editor in 0.60 ms, found 2 plugins.
Native extension for WindowsStandalone target not found
Native extension for WebGL target not found
Assertion failed on expression: '!AssetDatabase::IsAssetImportWorkerProcess()'
UnityEngine.Debug:ExtractStackTraceNoAlloc (byte*,int,string)
UnityEngine.StackTraceUtility:ExtractStackTrace ()
YG.EditorScr.AssetEditScope:Dispose () (at Assets/PluginYourGames/Scripts/EditorScr/FileYG.cs:143)
YG.EditorScr.DefineSymbols:ConversionPlatformConfigs () (at Assets/PluginYourGames/Scripts/EditorScr/DefineSymbols.cs:292)
YG.EditorScr.DefineSymbols:UpdateDefineSymbols () (at Assets/PluginYourGames/Scripts/EditorScr/DefineSymbols.cs:60)
YG.EditorScr.DefineSymbols:.cctor () (at Assets/PluginYourGames/Scripts/EditorScr/DefineSymbols.cs:34)
System.Runtime.CompilerServices.RuntimeHelpers:RunClassConstructor (System.RuntimeTypeHandle)
UnityEditor.EditorAssemblies:ProcessInitializeOnLoadAttributes (System.Type[])

[Assets/PluginYourGames/Scripts/EditorScr/FileYG.cs line 143]

Asset Pipeline Refresh (id=db1e6662b9a62844290f64e3b16e21a4): Total: 0.000 seconds - Initiated by StopAssetImportingV2(NoUpdateAssetOptions)
[ScriptCompilation] NOT recompiling all scripts because this is an import worker process. Reason to compile was: Define symbols changed
[Package Manager] Failed to launch server process. Reason: Unity was launched with the -noUpm command-line argument
[Package Manager] Unable to send message (not connected to server process).
[Package Manager] Cannot connect to Unity Package Manager local server
Mono: successfully reloaded assembly
- Finished resetting the current domain, in  0.517 seconds
Domain Reload Profiling: 1001ms
	BeginReloadAssembly (153ms)
		ExecutionOrderSort (0ms)
		DisableScriptedObjects (4ms)
		BackupInstance (0ms)
		ReleaseScriptingObjects (0ms)
		CreateAndSetChildDomain (33ms)
	RebuildCommonClasses (30ms)
	RebuildNativeTypeToScriptingClass (14ms)
	initialDomainReloadingComplete (20ms)
	LoadAllAssembliesAndSetupDomain (266ms)
		LoadAssemblies (216ms)
		RebuildTransferFunctionScriptingTraits (0ms)
		AnalyzeDomain (119ms)
			TypeCache.Refresh (5ms)
				TypeCache.ScanAssembly (0ms)
			BuildScriptInfoCaches (105ms)
			ResolveRequiredComponents (7ms)
	FinalizeReload (517ms)
		ReleaseScriptCaches (0ms)
		RebuildScriptCaches (0ms)
		SetupLoadedEditorAssemblies (404ms)
			LogAssemblyErrors (0ms)
			InitializePlatformSupportModulesInManaged (2ms)
			SetLoadedEditorAssemblies (4ms)
			BeforeProcessingInitializeOnLoad (87ms)
			ProcessInitializeOnLoadAttributes (269ms)
			ProcessInitializeOnLoadMethodAttributes (41ms)
			AfterProcessingInitializeOnLoad (1ms)
			EditorAssembliesLoaded (0ms)
		ExecutionOrderSort2 (0ms)
		AwakeInstancesAfterBackupRestoration (12ms)
Refreshing native plugins compatible for Editor in 0.68 ms, found 2 plugins.
Preloading 0 native plugins for Editor in 0.00 ms.
Unloading 13 Unused Serialized files (Serialized files now loaded: 0)
Unloading 4279 unused Assets / (4.1 MB). Loaded Objects now: 5088.
Memory consumption went from 136.6 MB to 132.5 MB.
Total: 5.580200 ms (FindLiveObjects: 0.287700 ms CreateObjectMapping: 0.167400 ms MarkObjects: 3.148300 ms  DeleteObjects: 1.975800 ms)

Prepare: number of updated asset objects reloaded= 0
========================================================================
Received Prepare
Begin MonoManager ReloadAssembly
- Loaded All Assemblies, in  0.460 seconds
Refreshing native plugins compatible for Editor in 0.62 ms, found 2 plugins.
Native extension for WindowsStandalone target not found
Native extension for WebGL target not found
Assertion failed on expression: '!AssetDatabase::IsAssetImportWorkerProcess()'
UnityEngine.Debug:ExtractStackTraceNoAlloc (byte*,int,string)
UnityEngine.StackTraceUtility:ExtractStackTrace ()
YG.EditorScr.AssetEditScope:Dispose () (at Assets/PluginYourGames/Scripts/EditorScr/FileYG.cs:143)
YG.EditorScr.DefineSymbols:ConversionPlatformConfigs () (at Assets/PluginYourGames/Scripts/EditorScr/DefineSymbols.cs:292)
YG.EditorScr.DefineSymbols:UpdateDefineSymbols () (at Assets/PluginYourGames/Scripts/EditorScr/DefineSymbols.cs:60)
YG.EditorScr.DefineSymbols:.cctor () (at Assets/PluginYourGames/Scripts/EditorScr/DefineSymbols.cs:34)
System.Runtime.CompilerServices.RuntimeHelpers:RunClassConstructor (System.RuntimeTypeHandle)
UnityEditor.EditorAssemblies:ProcessInitializeOnLoadAttributes (System.Type[])

[Assets/PluginYourGames/Scripts/EditorScr/FileYG.cs line 143]

Asset Pipeline Refresh (id=dc06a93ba5c11954c994fddfa2b3c20b): Total: 0.001 seconds - Initiated by StopAssetImportingV2(NoUpdateAssetOptions)
[ScriptCompilation] NOT recompiling all scripts because this is an import worker process. Reason to compile was: Define symbols changed
[Package Manager] Failed to launch server process. Reason: Unity was launched with the -noUpm command-line argument
[Package Manager] Unable to send message (not connected to server process).
[Package Manager] Cannot connect to Unity Package Manager local server
Mono: successfully reloaded assembly
- Finished resetting the current domain, in  0.512 seconds
Domain Reload Profiling: 975ms
	BeginReloadAssembly (154ms)
		ExecutionOrderSort (0ms)
		DisableScriptedObjects (4ms)
		BackupInstance (0ms)
		ReleaseScriptingObjects (0ms)
		CreateAndSetChildDomain (30ms)
	RebuildCommonClasses (29ms)
	RebuildNativeTypeToScriptingClass (10ms)
	initialDomainReloadingComplete (18ms)
	LoadAllAssembliesAndSetupDomain (250ms)
		LoadAssemblies (224ms)
		RebuildTransferFunctionScriptingTraits (0ms)
		AnalyzeDomain (102ms)
			TypeCache.Refresh (5ms)
				TypeCache.ScanAssembly (0ms)
			BuildScriptInfoCaches (88ms)
			ResolveRequiredComponents (7ms)
	FinalizeReload (512ms)
		ReleaseScriptCaches (0ms)
		RebuildScriptCaches (0ms)
		SetupLoadedEditorAssemblies (395ms)
			LogAssemblyErrors (0ms)
			InitializePlatformSupportModulesInManaged (3ms)
			SetLoadedEditorAssemblies (5ms)
			BeforeProcessingInitializeOnLoad (80ms)
			ProcessInitializeOnLoadAttributes (268ms)
			ProcessInitializeOnLoadMethodAttributes (37ms)
			AfterProcessingInitializeOnLoad (1ms)
			EditorAssembliesLoaded (0ms)
		ExecutionOrderSort2 (0ms)
		AwakeInstancesAfterBackupRestoration (11ms)
Refreshing native plugins compatible for Editor in 0.68 ms, found 2 plugins.
Preloading 0 native plugins for Editor in 0.00 ms.
Unloading 13 Unused Serialized files (Serialized files now loaded: 0)
Unloading 4279 unused Assets / (4.9 MB). Loaded Objects now: 5090.
Memory consumption went from 136.6 MB to 131.7 MB.
Total: 5.782500 ms (FindLiveObjects: 0.322400 ms CreateObjectMapping: 0.197800 ms MarkObjects: 3.195100 ms  DeleteObjects: 2.065800 ms)

Prepare: number of updated asset objects reloaded= 0
========================================================================
Received Prepare
Begin MonoManager ReloadAssembly
- Loaded All Assemblies, in  0.483 seconds
Refreshing native plugins compatible for Editor in 0.58 ms, found 2 plugins.
Native extension for WindowsStandalone target not found
Native extension for WebGL target not found
Assertion failed on expression: '!AssetDatabase::IsAssetImportWorkerProcess()'
UnityEngine.Debug:ExtractStackTraceNoAlloc (byte*,int,string)
UnityEngine.StackTraceUtility:ExtractStackTrace ()
YG.EditorScr.AssetEditScope:Dispose () (at Assets/PluginYourGames/Scripts/EditorScr/FileYG.cs:143)
YG.EditorScr.DefineSymbols:ConversionPlatformConfigs () (at Assets/PluginYourGames/Scripts/EditorScr/DefineSymbols.cs:292)
YG.EditorScr.DefineSymbols:UpdateDefineSymbols () (at Assets/PluginYourGames/Scripts/EditorScr/DefineSymbols.cs:60)
YG.EditorScr.DefineSymbols:.cctor () (at Assets/PluginYourGames/Scripts/EditorScr/DefineSymbols.cs:34)
System.Runtime.CompilerServices.RuntimeHelpers:RunClassConstructor (System.RuntimeTypeHandle)
UnityEditor.EditorAssemblies:ProcessInitializeOnLoadAttributes (System.Type[])

[Assets/PluginYourGames/Scripts/EditorScr/FileYG.cs line 143]

Asset Pipeline Refresh (id=2fa41b23aeb802348867ca8370eb2959): Total: 0.000 seconds - Initiated by StopAssetImportingV2(NoUpdateAssetOptions)
[ScriptCompilation] NOT recompiling all scripts because this is an import worker process. Reason to compile was: Define symbols changed
[Package Manager] Failed to launch server process. Reason: Unity was launched with the -noUpm command-line argument
[Package Manager] Unable to send message (not connected to server process).
[Package Manager] Cannot connect to Unity Package Manager local server
Mono: successfully reloaded assembly
- Finished resetting the current domain, in  0.486 seconds
Domain Reload Profiling: 972ms
	BeginReloadAssembly (156ms)
		ExecutionOrderSort (0ms)
		DisableScriptedObjects (5ms)
		BackupInstance (0ms)
		ReleaseScriptingObjects (0ms)
		CreateAndSetChildDomain (30ms)
	RebuildCommonClasses (28ms)
	RebuildNativeTypeToScriptingClass (9ms)
	initialDomainReloadingComplete (21ms)
	LoadAllAssembliesAndSetupDomain (271ms)
		LoadAssemblies (235ms)
		RebuildTransferFunctionScriptingTraits (0ms)
		AnalyzeDomain (115ms)
			TypeCache.Refresh (5ms)
				TypeCache.ScanAssembly (0ms)
			BuildScriptInfoCaches (100ms)
			ResolveRequiredComponents (8ms)
	FinalizeReload (486ms)
		ReleaseScriptCaches (0ms)
		RebuildScriptCaches (0ms)
		SetupLoadedEditorAssemblies (377ms)
			LogAssemblyErrors (0ms)
			InitializePlatformSupportModulesInManaged (2ms)
			SetLoadedEditorAssemblies (3ms)
			BeforeProcessingInitializeOnLoad (82ms)
			ProcessInitializeOnLoadAttributes (249ms)
			ProcessInitializeOnLoadMethodAttributes (38ms)
			AfterProcessingInitializeOnLoad (2ms)
			EditorAssembliesLoaded (0ms)
		ExecutionOrderSort2 (0ms)
		AwakeInstancesAfterBackupRestoration (13ms)
Refreshing native plugins compatible for Editor in 0.73 ms, found 2 plugins.
Preloading 0 native plugins for Editor in 0.00 ms.
Unloading 13 Unused Serialized files (Serialized files now loaded: 0)
Unloading 4279 unused Assets / (4.4 MB). Loaded Objects now: 5092.
Memory consumption went from 136.6 MB to 132.2 MB.
Total: 6.164900 ms (FindLiveObjects: 0.324000 ms CreateObjectMapping: 0.198200 ms MarkObjects: 3.721100 ms  DeleteObjects: 1.920300 ms)

Prepare: number of updated asset objects reloaded= 0
========================================================================
Received Prepare
Begin MonoManager ReloadAssembly
- Loaded All Assemblies, in  0.436 seconds
Refreshing native plugins compatible for Editor in 0.68 ms, found 2 plugins.
Native extension for WindowsStandalone target not found
Native extension for WebGL target not found
Assertion failed on expression: '!AssetDatabase::IsAssetImportWorkerProcess()'
UnityEngine.Debug:ExtractStackTraceNoAlloc (byte*,int,string)
UnityEngine.StackTraceUtility:ExtractStackTrace ()
YG.EditorScr.AssetEditScope:Dispose () (at Assets/PluginYourGames/Scripts/EditorScr/FileYG.cs:143)
YG.EditorScr.DefineSymbols:ConversionPlatformConfigs () (at Assets/PluginYourGames/Scripts/EditorScr/DefineSymbols.cs:292)
YG.EditorScr.DefineSymbols:UpdateDefineSymbols () (at Assets/PluginYourGames/Scripts/EditorScr/DefineSymbols.cs:60)
YG.EditorScr.DefineSymbols:.cctor () (at Assets/PluginYourGames/Scripts/EditorScr/DefineSymbols.cs:34)
System.Runtime.CompilerServices.RuntimeHelpers:RunClassConstructor (System.RuntimeTypeHandle)
UnityEditor.EditorAssemblies:ProcessInitializeOnLoadAttributes (System.Type[])

[Assets/PluginYourGames/Scripts/EditorScr/FileYG.cs line 143]

Asset Pipeline Refresh (id=51bc1b0e3717f6b4da4c3a185a03bd26): Total: 0.001 seconds - Initiated by StopAssetImportingV2(NoUpdateAssetOptions)
[ScriptCompilation] NOT recompiling all scripts because this is an import worker process. Reason to compile was: Define symbols changed
[Package Manager] Failed to launch server process. Reason: Unity was launched with the -noUpm command-line argument
[Package Manager] Unable to send message (not connected to server process).
[Package Manager] Cannot connect to Unity Package Manager local server
Mono: successfully reloaded assembly
- Finished resetting the current domain, in  0.498 seconds
Domain Reload Profiling: 936ms
	BeginReloadAssembly (145ms)
		ExecutionOrderSort (0ms)
		DisableScriptedObjects (4ms)
		BackupInstance (0ms)
		ReleaseScriptingObjects (0ms)
		CreateAndSetChildDomain (28ms)
	RebuildCommonClasses (27ms)
	RebuildNativeTypeToScriptingClass (9ms)
	initialDomainReloadingComplete (18ms)
	LoadAllAssembliesAndSetupDomain (239ms)
		LoadAssemblies (207ms)
		RebuildTransferFunctionScriptingTraits (0ms)
		AnalyzeDomain (102ms)
			TypeCache.Refresh (4ms)
				TypeCache.ScanAssembly (0ms)
			BuildScriptInfoCaches (86ms)
			ResolveRequiredComponents (9ms)
	FinalizeReload (498ms)
		ReleaseScriptCaches (0ms)
		RebuildScriptCaches (0ms)
		SetupLoadedEditorAssemblies (390ms)
			LogAssemblyErrors (0ms)
			InitializePlatformSupportModulesInManaged (3ms)
			SetLoadedEditorAssemblies (4ms)
			BeforeProcessingInitializeOnLoad (80ms)
			ProcessInitializeOnLoadAttributes (263ms)
			ProcessInitializeOnLoadMethodAttributes (38ms)
			AfterProcessingInitializeOnLoad (2ms)
			EditorAssembliesLoaded (0ms)
		ExecutionOrderSort2 (0ms)
		AwakeInstancesAfterBackupRestoration (14ms)
Refreshing native plugins compatible for Editor in 0.75 ms, found 2 plugins.
Preloading 0 native plugins for Editor in 0.00 ms.
Unloading 13 Unused Serialized files (Serialized files now loaded: 0)
Unloading 4279 unused Assets / (3.9 MB). Loaded Objects now: 5094.
Memory consumption went from 136.7 MB to 132.7 MB.
Total: 5.751700 ms (FindLiveObjects: 0.312800 ms CreateObjectMapping: 0.189900 ms MarkObjects: 3.569400 ms  DeleteObjects: 1.678000 ms)

Prepare: number of updated asset objects reloaded= 0
========================================================================
Received Prepare
Begin MonoManager ReloadAssembly
- Loaded All Assemblies, in  0.472 seconds
Refreshing native plugins compatible for Editor in 0.91 ms, found 2 plugins.
Native extension for WindowsStandalone target not found
Native extension for WebGL target not found
Assertion failed on expression: '!AssetDatabase::IsAssetImportWorkerProcess()'
UnityEngine.Debug:ExtractStackTraceNoAlloc (byte*,int,string)
UnityEngine.StackTraceUtility:ExtractStackTrace ()
YG.EditorScr.AssetEditScope:Dispose () (at Assets/PluginYourGames/Scripts/EditorScr/FileYG.cs:143)
YG.EditorScr.DefineSymbols:ConversionPlatformConfigs () (at Assets/PluginYourGames/Scripts/EditorScr/DefineSymbols.cs:292)
YG.EditorScr.DefineSymbols:UpdateDefineSymbols () (at Assets/PluginYourGames/Scripts/EditorScr/DefineSymbols.cs:60)
YG.EditorScr.DefineSymbols:.cctor () (at Assets/PluginYourGames/Scripts/EditorScr/DefineSymbols.cs:34)
System.Runtime.CompilerServices.RuntimeHelpers:RunClassConstructor (System.RuntimeTypeHandle)
UnityEditor.EditorAssemblies:ProcessInitializeOnLoadAttributes (System.Type[])

[Assets/PluginYourGames/Scripts/EditorScr/FileYG.cs line 143]

Asset Pipeline Refresh (id=d06a58c15c916e8418e7954b2cd4830e): Total: 0.000 seconds - Initiated by StopAssetImportingV2(NoUpdateAssetOptions)
[ScriptCompilation] NOT recompiling all scripts because this is an import worker process. Reason to compile was: Define symbols changed
[Package Manager] Failed to launch server process. Reason: Unity was launched with the -noUpm command-line argument
[Package Manager] Unable to send message (not connected to server process).
[Package Manager] Cannot connect to Unity Package Manager local server
Mono: successfully reloaded assembly
- Finished resetting the current domain, in  0.498 seconds
Domain Reload Profiling: 972ms
	BeginReloadAssembly (146ms)
		ExecutionOrderSort (0ms)
		DisableScriptedObjects (4ms)
		BackupInstance (0ms)
		ReleaseScriptingObjects (0ms)
		CreateAndSetChildDomain (30ms)
	RebuildCommonClasses (27ms)
	RebuildNativeTypeToScriptingClass (11ms)
	initialDomainReloadingComplete (20ms)
	LoadAllAssembliesAndSetupDomain (271ms)
		LoadAssemblies (222ms)
		RebuildTransferFunctionScriptingTraits (0ms)
		AnalyzeDomain (118ms)
			TypeCache.Refresh (5ms)
				TypeCache.ScanAssembly (0ms)
			BuildScriptInfoCaches (101ms)
			ResolveRequiredComponents (9ms)
	FinalizeReload (499ms)
		ReleaseScriptCaches (0ms)
		RebuildScriptCaches (0ms)
		SetupLoadedEditorAssemblies (384ms)
			LogAssemblyErrors (0ms)
			InitializePlatformSupportModulesInManaged (2ms)
			SetLoadedEditorAssemblies (4ms)
			BeforeProcessingInitializeOnLoad (82ms)
			ProcessInitializeOnLoadAttributes (255ms)
			ProcessInitializeOnLoadMethodAttributes (40ms)
			AfterProcessingInitializeOnLoad (1ms)
			EditorAssembliesLoaded (0ms)
		ExecutionOrderSort2 (0ms)
		AwakeInstancesAfterBackupRestoration (12ms)
Refreshing native plugins compatible for Editor in 0.79 ms, found 2 plugins.
Preloading 0 native plugins for Editor in 0.00 ms.
Unloading 13 Unused Serialized files (Serialized files now loaded: 0)
Unloading 4279 unused Assets / (4.7 MB). Loaded Objects now: 5096.
Memory consumption went from 136.7 MB to 132.0 MB.
Total: 5.855500 ms (FindLiveObjects: 0.318200 ms CreateObjectMapping: 0.203700 ms MarkObjects: 3.578300 ms  DeleteObjects: 1.754300 ms)

Prepare: number of updated asset objects reloaded= 0
========================================================================
Received Prepare
Begin MonoManager ReloadAssembly
- Loaded All Assemblies, in  0.466 seconds
Refreshing native plugins compatible for Editor in 0.60 ms, found 2 plugins.
Native extension for WindowsStandalone target not found
Native extension for WebGL target not found
Assertion failed on expression: '!AssetDatabase::IsAssetImportWorkerProcess()'
UnityEngine.Debug:ExtractStackTraceNoAlloc (byte*,int,string)
UnityEngine.StackTraceUtility:ExtractStackTrace ()
YG.EditorScr.AssetEditScope:Dispose () (at Assets/PluginYourGames/Scripts/EditorScr/FileYG.cs:143)
YG.EditorScr.DefineSymbols:ConversionPlatformConfigs () (at Assets/PluginYourGames/Scripts/EditorScr/DefineSymbols.cs:292)
YG.EditorScr.DefineSymbols:UpdateDefineSymbols () (at Assets/PluginYourGames/Scripts/EditorScr/DefineSymbols.cs:60)
YG.EditorScr.DefineSymbols:.cctor () (at Assets/PluginYourGames/Scripts/EditorScr/DefineSymbols.cs:34)
System.Runtime.CompilerServices.RuntimeHelpers:RunClassConstructor (System.RuntimeTypeHandle)
UnityEditor.EditorAssemblies:ProcessInitializeOnLoadAttributes (System.Type[])

[Assets/PluginYourGames/Scripts/EditorScr/FileYG.cs line 143]

Asset Pipeline Refresh (id=f405b325ada06e44fab5f3d72b7600e0): Total: 0.001 seconds - Initiated by StopAssetImportingV2(NoUpdateAssetOptions)
[ScriptCompilation] NOT recompiling all scripts because this is an import worker process. Reason to compile was: Define symbols changed
[Package Manager] Failed to launch server process. Reason: Unity was launched with the -noUpm command-line argument
[Package Manager] Unable to send message (not connected to server process).
[Package Manager] Cannot connect to Unity Package Manager local server
Mono: successfully reloaded assembly
- Finished resetting the current domain, in  0.491 seconds
Domain Reload Profiling: 960ms
	BeginReloadAssembly (149ms)
		ExecutionOrderSort (0ms)
		DisableScriptedObjects (6ms)
		BackupInstance (0ms)
		ReleaseScriptingObjects (0ms)
		CreateAndSetChildDomain (31ms)
	RebuildCommonClasses (26ms)
	RebuildNativeTypeToScriptingClass (9ms)
	initialDomainReloadingComplete (23ms)
	LoadAllAssembliesAndSetupDomain (261ms)
		LoadAssemblies (218ms)
		RebuildTransferFunctionScriptingTraits (0ms)
		AnalyzeDomain (115ms)
			TypeCache.Refresh (6ms)
				TypeCache.ScanAssembly (0ms)
			BuildScriptInfoCaches (99ms)
			ResolveRequiredComponents (7ms)
	FinalizeReload (492ms)
		ReleaseScriptCaches (0ms)
		RebuildScriptCaches (0ms)
		SetupLoadedEditorAssemblies (380ms)
			LogAssemblyErrors (0ms)
			InitializePlatformSupportModulesInManaged (3ms)
			SetLoadedEditorAssemblies (4ms)
			BeforeProcessingInitializeOnLoad (76ms)
			ProcessInitializeOnLoadAttributes (256ms)
			ProcessInitializeOnLoadMethodAttributes (40ms)
			AfterProcessingInitializeOnLoad (1ms)
			EditorAssembliesLoaded (0ms)
		ExecutionOrderSort2 (0ms)
		AwakeInstancesAfterBackupRestoration (14ms)
Refreshing native plugins compatible for Editor in 0.67 ms, found 2 plugins.
Preloading 0 native plugins for Editor in 0.00 ms.
Unloading 13 Unused Serialized files (Serialized files now loaded: 0)
Unloading 4279 unused Assets / (4.7 MB). Loaded Objects now: 5098.
Memory consumption went from 136.8 MB to 132.0 MB.
Total: 6.333600 ms (FindLiveObjects: 0.440500 ms CreateObjectMapping: 0.234100 ms MarkObjects: 3.117500 ms  DeleteObjects: 2.540000 ms)

Prepare: number of updated asset objects reloaded= 0
========================================================================
Received Prepare
Begin MonoManager ReloadAssembly
- Loaded All Assemblies, in  0.472 seconds
Refreshing native plugins compatible for Editor in 0.62 ms, found 2 plugins.
Native extension for WindowsStandalone target not found
Native extension for WebGL target not found
Assertion failed on expression: '!AssetDatabase::IsAssetImportWorkerProcess()'
UnityEngine.Debug:ExtractStackTraceNoAlloc (byte*,int,string)
UnityEngine.StackTraceUtility:ExtractStackTrace ()
YG.EditorScr.AssetEditScope:Dispose () (at Assets/PluginYourGames/Scripts/EditorScr/FileYG.cs:143)
YG.EditorScr.DefineSymbols:ConversionPlatformConfigs () (at Assets/PluginYourGames/Scripts/EditorScr/DefineSymbols.cs:292)
YG.EditorScr.DefineSymbols:UpdateDefineSymbols () (at Assets/PluginYourGames/Scripts/EditorScr/DefineSymbols.cs:60)
YG.EditorScr.DefineSymbols:.cctor () (at Assets/PluginYourGames/Scripts/EditorScr/DefineSymbols.cs:34)
System.Runtime.CompilerServices.RuntimeHelpers:RunClassConstructor (System.RuntimeTypeHandle)
UnityEditor.EditorAssemblies:ProcessInitializeOnLoadAttributes (System.Type[])

[Assets/PluginYourGames/Scripts/EditorScr/FileYG.cs line 143]

Asset Pipeline Refresh (id=7c5e5640a1cf1e245b3db83f8a9f3837): Total: 0.001 seconds - Initiated by StopAssetImportingV2(NoUpdateAssetOptions)
[ScriptCompilation] NOT recompiling all scripts because this is an import worker process. Reason to compile was: Define symbols changed
[Package Manager] Failed to launch server process. Reason: Unity was launched with the -noUpm command-line argument
[Package Manager] Unable to send message (not connected to server process).
[Package Manager] Cannot connect to Unity Package Manager local server
Mono: successfully reloaded assembly
- Finished resetting the current domain, in  0.504 seconds
Domain Reload Profiling: 979ms
	BeginReloadAssembly (156ms)
		ExecutionOrderSort (0ms)
		DisableScriptedObjects (4ms)
		BackupInstance (0ms)
		ReleaseScriptingObjects (0ms)
		CreateAndSetChildDomain (30ms)
	RebuildCommonClasses (26ms)
	RebuildNativeTypeToScriptingClass (9ms)
	initialDomainReloadingComplete (18ms)
	LoadAllAssembliesAndSetupDomain (265ms)
		LoadAssemblies (227ms)
		RebuildTransferFunctionScriptingTraits (0ms)
		AnalyzeDomain (114ms)
			TypeCache.Refresh (5ms)
				TypeCache.ScanAssembly (0ms)
			BuildScriptInfoCaches (100ms)
			ResolveRequiredComponents (7ms)
	FinalizeReload (505ms)
		ReleaseScriptCaches (0ms)
		RebuildScriptCaches (0ms)
		SetupLoadedEditorAssemblies (394ms)
			LogAssemblyErrors (0ms)
			InitializePlatformSupportModulesInManaged (2ms)
			SetLoadedEditorAssemblies (5ms)
			BeforeProcessingInitializeOnLoad (84ms)
			ProcessInitializeOnLoadAttributes (264ms)
			ProcessInitializeOnLoadMethodAttributes (38ms)
			AfterProcessingInitializeOnLoad (1ms)
			EditorAssembliesLoaded (0ms)
		ExecutionOrderSort2 (0ms)
		AwakeInstancesAfterBackupRestoration (15ms)
Refreshing native plugins compatible for Editor in 0.98 ms, found 2 plugins.
Preloading 0 native plugins for Editor in 0.00 ms.
Unloading 13 Unused Serialized files (Serialized files now loaded: 0)
Unloading 4279 unused Assets / (4.3 MB). Loaded Objects now: 5100.
Memory consumption went from 136.8 MB to 132.5 MB.
Total: 5.077500 ms (FindLiveObjects: 0.290400 ms CreateObjectMapping: 0.194800 ms MarkObjects: 3.144700 ms  DeleteObjects: 1.446500 ms)

Prepare: number of updated asset objects reloaded= 0
========================================================================
Received Prepare
Begin MonoManager ReloadAssembly
- Loaded All Assemblies, in  0.486 seconds
Refreshing native plugins compatible for Editor in 0.59 ms, found 2 plugins.
Native extension for WindowsStandalone target not found
Native extension for WebGL target not found
Assertion failed on expression: '!AssetDatabase::IsAssetImportWorkerProcess()'
UnityEngine.Debug:ExtractStackTraceNoAlloc (byte*,int,string)
UnityEngine.StackTraceUtility:ExtractStackTrace ()
YG.EditorScr.AssetEditScope:Dispose () (at Assets/PluginYourGames/Scripts/EditorScr/FileYG.cs:143)
YG.EditorScr.DefineSymbols:ConversionPlatformConfigs () (at Assets/PluginYourGames/Scripts/EditorScr/DefineSymbols.cs:292)
YG.EditorScr.DefineSymbols:UpdateDefineSymbols () (at Assets/PluginYourGames/Scripts/EditorScr/DefineSymbols.cs:60)
YG.EditorScr.DefineSymbols:.cctor () (at Assets/PluginYourGames/Scripts/EditorScr/DefineSymbols.cs:34)
System.Runtime.CompilerServices.RuntimeHelpers:RunClassConstructor (System.RuntimeTypeHandle)
UnityEditor.EditorAssemblies:ProcessInitializeOnLoadAttributes (System.Type[])

[Assets/PluginYourGames/Scripts/EditorScr/FileYG.cs line 143]

Asset Pipeline Refresh (id=14d5de2d4434e404faa82b453534432c): Total: 0.000 seconds - Initiated by StopAssetImportingV2(NoUpdateAssetOptions)
[ScriptCompilation] NOT recompiling all scripts because this is an import worker process. Reason to compile was: Define symbols changed
[Package Manager] Failed to launch server process. Reason: Unity was launched with the -noUpm command-line argument
[Package Manager] Unable to send message (not connected to server process).
[Package Manager] Cannot connect to Unity Package Manager local server
Mono: successfully reloaded assembly
- Finished resetting the current domain, in  0.475 seconds
Domain Reload Profiling: 963ms
	BeginReloadAssembly (159ms)
		ExecutionOrderSort (0ms)
		DisableScriptedObjects (5ms)
		BackupInstance (0ms)
		ReleaseScriptingObjects (0ms)
		CreateAndSetChildDomain (33ms)
	RebuildCommonClasses (29ms)
	RebuildNativeTypeToScriptingClass (10ms)
	initialDomainReloadingComplete (20ms)
	LoadAllAssembliesAndSetupDomain (270ms)
		LoadAssemblies (252ms)
		RebuildTransferFunctionScriptingTraits (0ms)
		AnalyzeDomain (98ms)
			TypeCache.Refresh (6ms)
				TypeCache.ScanAssembly (0ms)
			BuildScriptInfoCaches (83ms)
			ResolveRequiredComponents (7ms)
	FinalizeReload (475ms)
		ReleaseScriptCaches (0ms)
		RebuildScriptCaches (0ms)
		SetupLoadedEditorAssemblies (368ms)
			LogAssemblyErrors (0ms)
			InitializePlatformSupportModulesInManaged (2ms)
			SetLoadedEditorAssemblies (6ms)
			BeforeProcessingInitializeOnLoad (78ms)
			ProcessInitializeOnLoadAttributes (245ms)
			ProcessInitializeOnLoadMethodAttributes (35ms)
			AfterProcessingInitializeOnLoad (1ms)
			EditorAssembliesLoaded (0ms)
		ExecutionOrderSort2 (0ms)
		AwakeInstancesAfterBackupRestoration (14ms)
Refreshing native plugins compatible for Editor in 0.71 ms, found 2 plugins.
Preloading 0 native plugins for Editor in 0.00 ms.
Unloading 13 Unused Serialized files (Serialized files now loaded: 0)
Unloading 4279 unused Assets / (4.5 MB). Loaded Objects now: 5102.
Memory consumption went from 136.8 MB to 132.3 MB.
Total: 7.699100 ms (FindLiveObjects: 0.417600 ms CreateObjectMapping: 0.215000 ms MarkObjects: 5.282000 ms  DeleteObjects: 1.783500 ms)

Prepare: number of updated asset objects reloaded= 0
========================================================================
Received Prepare
Begin MonoManager ReloadAssembly
- Loaded All Assemblies, in  0.456 seconds
Refreshing native plugins compatible for Editor in 0.57 ms, found 2 plugins.
Native extension for WindowsStandalone target not found
Native extension for WebGL target not found
Assertion failed on expression: '!AssetDatabase::IsAssetImportWorkerProcess()'
UnityEngine.Debug:ExtractStackTraceNoAlloc (byte*,int,string)
UnityEngine.StackTraceUtility:ExtractStackTrace ()
YG.EditorScr.AssetEditScope:Dispose () (at Assets/PluginYourGames/Scripts/EditorScr/FileYG.cs:143)
YG.EditorScr.DefineSymbols:ConversionPlatformConfigs () (at Assets/PluginYourGames/Scripts/EditorScr/DefineSymbols.cs:292)
YG.EditorScr.DefineSymbols:UpdateDefineSymbols () (at Assets/PluginYourGames/Scripts/EditorScr/DefineSymbols.cs:60)
YG.EditorScr.DefineSymbols:.cctor () (at Assets/PluginYourGames/Scripts/EditorScr/DefineSymbols.cs:34)
System.Runtime.CompilerServices.RuntimeHelpers:RunClassConstructor (System.RuntimeTypeHandle)
UnityEditor.EditorAssemblies:ProcessInitializeOnLoadAttributes (System.Type[])

[Assets/PluginYourGames/Scripts/EditorScr/FileYG.cs line 143]

Asset Pipeline Refresh (id=957da34899c59384a81ea6cf2fcdd42d): Total: 0.000 seconds - Initiated by StopAssetImportingV2(NoUpdateAssetOptions)
[ScriptCompilation] NOT recompiling all scripts because this is an import worker process. Reason to compile was: Define symbols changed
[Package Manager] Failed to launch server process. Reason: Unity was launched with the -noUpm command-line argument
[Package Manager] Unable to send message (not connected to server process).
[Package Manager] Cannot connect to Unity Package Manager local server
Mono: successfully reloaded assembly
- Finished resetting the current domain, in  0.459 seconds
Domain Reload Profiling: 917ms
	BeginReloadAssembly (139ms)
		ExecutionOrderSort (0ms)
		DisableScriptedObjects (4ms)
		BackupInstance (0ms)
		ReleaseScriptingObjects (0ms)
		CreateAndSetChildDomain (28ms)
	RebuildCommonClasses (27ms)
	RebuildNativeTypeToScriptingClass (9ms)
	initialDomainReloadingComplete (20ms)
	LoadAllAssembliesAndSetupDomain (262ms)
		LoadAssemblies (223ms)
		RebuildTransferFunctionScriptingTraits (0ms)
		AnalyzeDomain (106ms)
			TypeCache.Refresh (5ms)
				TypeCache.ScanAssembly (0ms)
			BuildScriptInfoCaches (91ms)
			ResolveRequiredComponents (8ms)
	FinalizeReload (460ms)
		ReleaseScriptCaches (0ms)
		RebuildScriptCaches (0ms)
		SetupLoadedEditorAssemblies (347ms)
			LogAssemblyErrors (0ms)
			InitializePlatformSupportModulesInManaged (3ms)
			SetLoadedEditorAssemblies (4ms)
			BeforeProcessingInitializeOnLoad (73ms)
			ProcessInitializeOnLoadAttributes (233ms)
			ProcessInitializeOnLoadMethodAttributes (33ms)
			AfterProcessingInitializeOnLoad (1ms)
			EditorAssembliesLoaded (0ms)
		ExecutionOrderSort2 (0ms)
		AwakeInstancesAfterBackupRestoration (13ms)
Refreshing native plugins compatible for Editor in 0.58 ms, found 2 plugins.
Preloading 0 native plugins for Editor in 0.00 ms.
Unloading 13 Unused Serialized files (Serialized files now loaded: 0)
Unloading 4279 unused Assets / (4.1 MB). Loaded Objects now: 5104.
Memory consumption went from 136.9 MB to 132.8 MB.
Total: 4.939300 ms (FindLiveObjects: 0.336000 ms CreateObjectMapping: 0.189600 ms MarkObjects: 3.094300 ms  DeleteObjects: 1.318800 ms)

Prepare: number of updated asset objects reloaded= 0
========================================================================
Received Prepare
Begin MonoManager ReloadAssembly
- Loaded All Assemblies, in  0.470 seconds
Refreshing native plugins compatible for Editor in 0.61 ms, found 2 plugins.
Native extension for WindowsStandalone target not found
Native extension for WebGL target not found
Assertion failed on expression: '!AssetDatabase::IsAssetImportWorkerProcess()'
UnityEngine.Debug:ExtractStackTraceNoAlloc (byte*,int,string)
UnityEngine.StackTraceUtility:ExtractStackTrace ()
YG.EditorScr.AssetEditScope:Dispose () (at Assets/PluginYourGames/Scripts/EditorScr/FileYG.cs:143)
YG.EditorScr.DefineSymbols:ConversionPlatformConfigs () (at Assets/PluginYourGames/Scripts/EditorScr/DefineSymbols.cs:292)
YG.EditorScr.DefineSymbols:UpdateDefineSymbols () (at Assets/PluginYourGames/Scripts/EditorScr/DefineSymbols.cs:60)
YG.EditorScr.DefineSymbols:.cctor () (at Assets/PluginYourGames/Scripts/EditorScr/DefineSymbols.cs:34)
System.Runtime.CompilerServices.RuntimeHelpers:RunClassConstructor (System.RuntimeTypeHandle)
UnityEditor.EditorAssemblies:ProcessInitializeOnLoadAttributes (System.Type[])

[Assets/PluginYourGames/Scripts/EditorScr/FileYG.cs line 143]

Asset Pipeline Refresh (id=fe7eca968a89aa845879ef1ee1a69564): Total: 0.000 seconds - Initiated by StopAssetImportingV2(NoUpdateAssetOptions)
[ScriptCompilation] NOT recompiling all scripts because this is an import worker process. Reason to compile was: Define symbols changed
[Package Manager] Failed to launch server process. Reason: Unity was launched with the -noUpm command-line argument
[Package Manager] Unable to send message (not connected to server process).
[Package Manager] Cannot connect to Unity Package Manager local server
Mono: successfully reloaded assembly
- Finished resetting the current domain, in  0.492 seconds
Domain Reload Profiling: 964ms
	BeginReloadAssembly (155ms)
		ExecutionOrderSort (0ms)
		DisableScriptedObjects (5ms)
		BackupInstance (0ms)
		ReleaseScriptingObjects (0ms)
		CreateAndSetChildDomain (30ms)
	RebuildCommonClasses (34ms)
	RebuildNativeTypeToScriptingClass (10ms)
	initialDomainReloadingComplete (20ms)
	LoadAllAssembliesAndSetupDomain (252ms)
		LoadAssemblies (215ms)
		RebuildTransferFunctionScriptingTraits (0ms)
		AnalyzeDomain (109ms)
			TypeCache.Refresh (4ms)
				TypeCache.ScanAssembly (0ms)
			BuildScriptInfoCaches (96ms)
			ResolveRequiredComponents (7ms)
	FinalizeReload (492ms)
		ReleaseScriptCaches (0ms)
		RebuildScriptCaches (0ms)
		SetupLoadedEditorAssemblies (377ms)
			LogAssemblyErrors (0ms)
			InitializePlatformSupportModulesInManaged (2ms)
			SetLoadedEditorAssemblies (4ms)
			BeforeProcessingInitializeOnLoad (72ms)
			ProcessInitializeOnLoadAttributes (258ms)
			ProcessInitializeOnLoadMethodAttributes (39ms)
			AfterProcessingInitializeOnLoad (1ms)
			EditorAssembliesLoaded (0ms)
		ExecutionOrderSort2 (0ms)
		AwakeInstancesAfterBackupRestoration (13ms)
Refreshing native plugins compatible for Editor in 0.69 ms, found 2 plugins.
Preloading 0 native plugins for Editor in 0.00 ms.
Unloading 13 Unused Serialized files (Serialized files now loaded: 0)
Unloading 4279 unused Assets / (5.2 MB). Loaded Objects now: 5106.
Memory consumption went from 136.9 MB to 131.7 MB.
Total: 5.642700 ms (FindLiveObjects: 0.293800 ms CreateObjectMapping: 0.181600 ms MarkObjects: 3.034800 ms  DeleteObjects: 2.131600 ms)

Prepare: number of updated asset objects reloaded= 0
========================================================================
Received Prepare
Begin MonoManager ReloadAssembly
- Loaded All Assemblies, in  0.537 seconds
Refreshing native plugins compatible for Editor in 0.60 ms, found 2 plugins.
Native extension for WindowsStandalone target not found
Native extension for WebGL target not found
Assertion failed on expression: '!AssetDatabase::IsAssetImportWorkerProcess()'
UnityEngine.Debug:ExtractStackTraceNoAlloc (byte*,int,string)
UnityEngine.StackTraceUtility:ExtractStackTrace ()
YG.EditorScr.AssetEditScope:Dispose () (at Assets/PluginYourGames/Scripts/EditorScr/FileYG.cs:143)
YG.EditorScr.DefineSymbols:ConversionPlatformConfigs () (at Assets/PluginYourGames/Scripts/EditorScr/DefineSymbols.cs:292)
YG.EditorScr.DefineSymbols:UpdateDefineSymbols () (at Assets/PluginYourGames/Scripts/EditorScr/DefineSymbols.cs:60)
YG.EditorScr.DefineSymbols:.cctor () (at Assets/PluginYourGames/Scripts/EditorScr/DefineSymbols.cs:34)
System.Runtime.CompilerServices.RuntimeHelpers:RunClassConstructor (System.RuntimeTypeHandle)
UnityEditor.EditorAssemblies:ProcessInitializeOnLoadAttributes (System.Type[])

[Assets/PluginYourGames/Scripts/EditorScr/FileYG.cs line 143]

Asset Pipeline Refresh (id=b54796678de92a849861c7a9404ddb2e): Total: 0.000 seconds - Initiated by StopAssetImportingV2(NoUpdateAssetOptions)
[ScriptCompilation] NOT recompiling all scripts because this is an import worker process. Reason to compile was: Define symbols changed
[Package Manager] Failed to launch server process. Reason: Unity was launched with the -noUpm command-line argument
[Package Manager] Unable to send message (not connected to server process).
[Package Manager] Cannot connect to Unity Package Manager local server
Mono: successfully reloaded assembly
- Finished resetting the current domain, in  0.488 seconds
Domain Reload Profiling: 1027ms
	BeginReloadAssembly (156ms)
		ExecutionOrderSort (0ms)
		DisableScriptedObjects (5ms)
		BackupInstance (0ms)
		ReleaseScriptingObjects (0ms)
		CreateAndSetChildDomain (34ms)
	RebuildCommonClasses (27ms)
	RebuildNativeTypeToScriptingClass (13ms)
	initialDomainReloadingComplete (18ms)
	LoadAllAssembliesAndSetupDomain (325ms)
		LoadAssemblies (274ms)
		RebuildTransferFunctionScriptingTraits (0ms)
		AnalyzeDomain (126ms)
			TypeCache.Refresh (15ms)
				TypeCache.ScanAssembly (2ms)
			BuildScriptInfoCaches (101ms)
			ResolveRequiredComponents (7ms)
	FinalizeReload (488ms)
		ReleaseScriptCaches (0ms)
		RebuildScriptCaches (0ms)
		SetupLoadedEditorAssemblies (376ms)
			LogAssemblyErrors (0ms)
			InitializePlatformSupportModulesInManaged (2ms)
			SetLoadedEditorAssemblies (3ms)
			BeforeProcessingInitializeOnLoad (75ms)
			ProcessInitializeOnLoadAttributes (247ms)
			ProcessInitializeOnLoadMethodAttributes (45ms)
			AfterProcessingInitializeOnLoad (3ms)
			EditorAssembliesLoaded (0ms)
		ExecutionOrderSort2 (0ms)
		AwakeInstancesAfterBackupRestoration (12ms)
Refreshing native plugins compatible for Editor in 0.81 ms, found 2 plugins.
Preloading 0 native plugins for Editor in 0.00 ms.
Unloading 13 Unused Serialized files (Serialized files now loaded: 0)
Unloading 4279 unused Assets / (4.0 MB). Loaded Objects now: 5108.
Memory consumption went from 136.9 MB to 132.9 MB.
Total: 5.503200 ms (FindLiveObjects: 0.307700 ms CreateObjectMapping: 0.178600 ms MarkObjects: 3.387200 ms  DeleteObjects: 1.628600 ms)

Prepare: number of updated asset objects reloaded= 0
========================================================================
Received Prepare
Begin MonoManager ReloadAssembly
- Loaded All Assemblies, in  0.465 seconds
Refreshing native plugins compatible for Editor in 0.60 ms, found 2 plugins.
Native extension for WindowsStandalone target not found
Native extension for WebGL target not found
Assertion failed on expression: '!AssetDatabase::IsAssetImportWorkerProcess()'
UnityEngine.Debug:ExtractStackTraceNoAlloc (byte*,int,string)
UnityEngine.StackTraceUtility:ExtractStackTrace ()
YG.EditorScr.AssetEditScope:Dispose () (at Assets/PluginYourGames/Scripts/EditorScr/FileYG.cs:143)
YG.EditorScr.DefineSymbols:ConversionPlatformConfigs () (at Assets/PluginYourGames/Scripts/EditorScr/DefineSymbols.cs:292)
YG.EditorScr.DefineSymbols:UpdateDefineSymbols () (at Assets/PluginYourGames/Scripts/EditorScr/DefineSymbols.cs:60)
YG.EditorScr.DefineSymbols:.cctor () (at Assets/PluginYourGames/Scripts/EditorScr/DefineSymbols.cs:34)
System.Runtime.CompilerServices.RuntimeHelpers:RunClassConstructor (System.RuntimeTypeHandle)
UnityEditor.EditorAssemblies:ProcessInitializeOnLoadAttributes (System.Type[])

[Assets/PluginYourGames/Scripts/EditorScr/FileYG.cs line 143]

Asset Pipeline Refresh (id=5ff0610e8065b6945a976bd416f2ff39): Total: 0.001 seconds - Initiated by StopAssetImportingV2(NoUpdateAssetOptions)
[ScriptCompilation] NOT recompiling all scripts because this is an import worker process. Reason to compile was: Define symbols changed
[Package Manager] Failed to launch server process. Reason: Unity was launched with the -noUpm command-line argument
[Package Manager] Unable to send message (not connected to server process).
[Package Manager] Cannot connect to Unity Package Manager local server
Mono: successfully reloaded assembly
- Finished resetting the current domain, in  0.485 seconds
Domain Reload Profiling: 953ms
	BeginReloadAssembly (150ms)
		ExecutionOrderSort (0ms)
		DisableScriptedObjects (6ms)
		BackupInstance (0ms)
		ReleaseScriptingObjects (0ms)
		CreateAndSetChildDomain (32ms)
	RebuildCommonClasses (25ms)
	RebuildNativeTypeToScriptingClass (9ms)
	initialDomainReloadingComplete (19ms)
	LoadAllAssembliesAndSetupDomain (264ms)
		LoadAssemblies (215ms)
		RebuildTransferFunctionScriptingTraits (0ms)
		AnalyzeDomain (117ms)
			TypeCache.Refresh (5ms)
				TypeCache.ScanAssembly (0ms)
			BuildScriptInfoCaches (98ms)
			ResolveRequiredComponents (11ms)
	FinalizeReload (486ms)
		ReleaseScriptCaches (0ms)
		RebuildScriptCaches (0ms)
		SetupLoadedEditorAssemblies (374ms)
			LogAssemblyErrors (0ms)
			InitializePlatformSupportModulesInManaged (2ms)
			SetLoadedEditorAssemblies (4ms)
			BeforeProcessingInitializeOnLoad (70ms)
			ProcessInitializeOnLoadAttributes (255ms)
			ProcessInitializeOnLoadMethodAttributes (42ms)
			AfterProcessingInitializeOnLoad (2ms)
			EditorAssembliesLoaded (0ms)
		ExecutionOrderSort2 (0ms)
		AwakeInstancesAfterBackupRestoration (12ms)
Refreshing native plugins compatible for Editor in 0.68 ms, found 2 plugins.
Preloading 0 native plugins for Editor in 0.00 ms.
Unloading 13 Unused Serialized files (Serialized files now loaded: 0)
Unloading 4279 unused Assets / (4.7 MB). Loaded Objects now: 5110.
Memory consumption went from 137.0 MB to 132.3 MB.
Total: 5.718000 ms (FindLiveObjects: 0.277300 ms CreateObjectMapping: 0.155700 ms MarkObjects: 3.612500 ms  DeleteObjects: 1.671300 ms)

Prepare: number of updated asset objects reloaded= 0
========================================================================
Received Prepare
Begin MonoManager ReloadAssembly
- Loaded All Assemblies, in  0.561 seconds
Refreshing native plugins compatible for Editor in 0.59 ms, found 2 plugins.
Native extension for WindowsStandalone target not found
Native extension for WebGL target not found
Assertion failed on expression: '!AssetDatabase::IsAssetImportWorkerProcess()'
UnityEngine.Debug:ExtractStackTraceNoAlloc (byte*,int,string)
UnityEngine.StackTraceUtility:ExtractStackTrace ()
YG.EditorScr.AssetEditScope:Dispose () (at Assets/PluginYourGames/Scripts/EditorScr/FileYG.cs:143)
YG.EditorScr.DefineSymbols:ConversionPlatformConfigs () (at Assets/PluginYourGames/Scripts/EditorScr/DefineSymbols.cs:292)
YG.EditorScr.DefineSymbols:UpdateDefineSymbols () (at Assets/PluginYourGames/Scripts/EditorScr/DefineSymbols.cs:60)
YG.EditorScr.DefineSymbols:.cctor () (at Assets/PluginYourGames/Scripts/EditorScr/DefineSymbols.cs:34)
System.Runtime.CompilerServices.RuntimeHelpers:RunClassConstructor (System.RuntimeTypeHandle)
UnityEditor.EditorAssemblies:ProcessInitializeOnLoadAttributes (System.Type[])

[Assets/PluginYourGames/Scripts/EditorScr/FileYG.cs line 143]

Asset Pipeline Refresh (id=1ea1ce11f888c5c438c1359183e6d06d): Total: 0.000 seconds - Initiated by StopAssetImportingV2(NoUpdateAssetOptions)
[ScriptCompilation] NOT recompiling all scripts because this is an import worker process. Reason to compile was: Define symbols changed
[Package Manager] Failed to launch server process. Reason: Unity was launched with the -noUpm command-line argument
[Package Manager] Unable to send message (not connected to server process).
[Package Manager] Cannot connect to Unity Package Manager local server
Mono: successfully reloaded assembly
- Finished resetting the current domain, in  0.505 seconds
Domain Reload Profiling: 1069ms
	BeginReloadAssembly (196ms)
		ExecutionOrderSort (0ms)
		DisableScriptedObjects (7ms)
		BackupInstance (0ms)
		ReleaseScriptingObjects (0ms)
		CreateAndSetChildDomain (34ms)
	RebuildCommonClasses (32ms)
	RebuildNativeTypeToScriptingClass (11ms)
	initialDomainReloadingComplete (18ms)
	LoadAllAssembliesAndSetupDomain (306ms)
		LoadAssemblies (261ms)
		RebuildTransferFunctionScriptingTraits (0ms)
		AnalyzeDomain (136ms)
			TypeCache.Refresh (9ms)
				TypeCache.ScanAssembly (2ms)
			BuildScriptInfoCaches (114ms)
			ResolveRequiredComponents (9ms)
	FinalizeReload (505ms)
		ReleaseScriptCaches (0ms)
		RebuildScriptCaches (0ms)
		SetupLoadedEditorAssemblies (399ms)
			LogAssemblyErrors (0ms)
			InitializePlatformSupportModulesInManaged (2ms)
			SetLoadedEditorAssemblies (4ms)
			BeforeProcessingInitializeOnLoad (88ms)
			ProcessInitializeOnLoadAttributes (257ms)
			ProcessInitializeOnLoadMethodAttributes (46ms)
			AfterProcessingInitializeOnLoad (1ms)
			EditorAssembliesLoaded (0ms)
		ExecutionOrderSort2 (0ms)
		AwakeInstancesAfterBackupRestoration (11ms)
Refreshing native plugins compatible for Editor in 1.01 ms, found 2 plugins.
Preloading 0 native plugins for Editor in 0.00 ms.
Unloading 13 Unused Serialized files (Serialized files now loaded: 0)
Unloading 4279 unused Assets / (4.1 MB). Loaded Objects now: 5112.
Memory consumption went from 137.0 MB to 132.9 MB.
Total: 6.404700 ms (FindLiveObjects: 0.414700 ms CreateObjectMapping: 0.274500 ms MarkObjects: 4.189500 ms  DeleteObjects: 1.524500 ms)

Prepare: number of updated asset objects reloaded= 0
========================================================================
Received Prepare
Begin MonoManager ReloadAssembly
- Loaded All Assemblies, in  0.493 seconds
Refreshing native plugins compatible for Editor in 0.73 ms, found 2 plugins.
Native extension for WindowsStandalone target not found
Native extension for WebGL target not found
Assertion failed on expression: '!AssetDatabase::IsAssetImportWorkerProcess()'
UnityEngine.Debug:ExtractStackTraceNoAlloc (byte*,int,string)
UnityEngine.StackTraceUtility:ExtractStackTrace ()
YG.EditorScr.AssetEditScope:Dispose () (at Assets/PluginYourGames/Scripts/EditorScr/FileYG.cs:143)
YG.EditorScr.DefineSymbols:ConversionPlatformConfigs () (at Assets/PluginYourGames/Scripts/EditorScr/DefineSymbols.cs:292)
YG.EditorScr.DefineSymbols:UpdateDefineSymbols () (at Assets/PluginYourGames/Scripts/EditorScr/DefineSymbols.cs:60)
YG.EditorScr.DefineSymbols:.cctor () (at Assets/PluginYourGames/Scripts/EditorScr/DefineSymbols.cs:34)
System.Runtime.CompilerServices.RuntimeHelpers:RunClassConstructor (System.RuntimeTypeHandle)
UnityEditor.EditorAssemblies:ProcessInitializeOnLoadAttributes (System.Type[])

[Assets/PluginYourGames/Scripts/EditorScr/FileYG.cs line 143]

Asset Pipeline Refresh (id=79a7e99473922a94483474572c8378aa): Total: 0.000 seconds - Initiated by StopAssetImportingV2(NoUpdateAssetOptions)
[ScriptCompilation] NOT recompiling all scripts because this is an import worker process. Reason to compile was: Define symbols changed
[Package Manager] Failed to launch server process. Reason: Unity was launched with the -noUpm command-line argument
[Package Manager] Unable to send message (not connected to server process).
[Package Manager] Cannot connect to Unity Package Manager local server
Mono: successfully reloaded assembly
- Finished resetting the current domain, in  0.536 seconds
Domain Reload Profiling: 1031ms
	BeginReloadAssembly (155ms)
		ExecutionOrderSort (0ms)
		DisableScriptedObjects (6ms)
		BackupInstance (0ms)
		ReleaseScriptingObjects (0ms)
		CreateAndSetChildDomain (33ms)
	RebuildCommonClasses (31ms)
	RebuildNativeTypeToScriptingClass (10ms)
	initialDomainReloadingComplete (21ms)
	LoadAllAssembliesAndSetupDomain (278ms)
		LoadAssemblies (235ms)
		RebuildTransferFunctionScriptingTraits (0ms)
		AnalyzeDomain (116ms)
			TypeCache.Refresh (5ms)
				TypeCache.ScanAssembly (0ms)
			BuildScriptInfoCaches (101ms)
			ResolveRequiredComponents (8ms)
	FinalizeReload (537ms)
		ReleaseScriptCaches (0ms)
		RebuildScriptCaches (0ms)
		SetupLoadedEditorAssemblies (411ms)
			LogAssemblyErrors (0ms)
			InitializePlatformSupportModulesInManaged (2ms)
			SetLoadedEditorAssemblies (4ms)
			BeforeProcessingInitializeOnLoad (89ms)
			ProcessInitializeOnLoadAttributes (275ms)
			ProcessInitializeOnLoadMethodAttributes (39ms)
			AfterProcessingInitializeOnLoad (1ms)
			EditorAssembliesLoaded (0ms)
		ExecutionOrderSort2 (0ms)
		AwakeInstancesAfterBackupRestoration (12ms)
Refreshing native plugins compatible for Editor in 0.71 ms, found 2 plugins.
Preloading 0 native plugins for Editor in 0.00 ms.
Unloading 13 Unused Serialized files (Serialized files now loaded: 0)
Unloading 4279 unused Assets / (4.1 MB). Loaded Objects now: 5114.
Memory consumption went from 137.0 MB to 133.0 MB.
Total: 5.773500 ms (FindLiveObjects: 0.340900 ms CreateObjectMapping: 0.264400 ms MarkObjects: 3.737700 ms  DeleteObjects: 1.429000 ms)

Prepare: number of updated asset objects reloaded= 0
========================================================================
Received Prepare
Begin MonoManager ReloadAssembly
- Loaded All Assemblies, in  0.449 seconds
Refreshing native plugins compatible for Editor in 0.82 ms, found 2 plugins.
Native extension for WindowsStandalone target not found
Native extension for WebGL target not found
Assertion failed on expression: '!AssetDatabase::IsAssetImportWorkerProcess()'
UnityEngine.Debug:ExtractStackTraceNoAlloc (byte*,int,string)
UnityEngine.StackTraceUtility:ExtractStackTrace ()
YG.EditorScr.AssetEditScope:Dispose () (at Assets/PluginYourGames/Scripts/EditorScr/FileYG.cs:143)
YG.EditorScr.DefineSymbols:ConversionPlatformConfigs () (at Assets/PluginYourGames/Scripts/EditorScr/DefineSymbols.cs:292)
YG.EditorScr.DefineSymbols:UpdateDefineSymbols () (at Assets/PluginYourGames/Scripts/EditorScr/DefineSymbols.cs:60)
YG.EditorScr.DefineSymbols:.cctor () (at Assets/PluginYourGames/Scripts/EditorScr/DefineSymbols.cs:34)
System.Runtime.CompilerServices.RuntimeHelpers:RunClassConstructor (System.RuntimeTypeHandle)
UnityEditor.EditorAssemblies:ProcessInitializeOnLoadAttributes (System.Type[])

[Assets/PluginYourGames/Scripts/EditorScr/FileYG.cs line 143]

Asset Pipeline Refresh (id=df54679b964adb74496c02165470102a): Total: 0.000 seconds - Initiated by StopAssetImportingV2(NoUpdateAssetOptions)
[ScriptCompilation] NOT recompiling all scripts because this is an import worker process. Reason to compile was: Define symbols changed
[Package Manager] Failed to launch server process. Reason: Unity was launched with the -noUpm command-line argument
[Package Manager] Unable to send message (not connected to server process).
[Package Manager] Cannot connect to Unity Package Manager local server
Mono: successfully reloaded assembly
- Finished resetting the current domain, in  0.512 seconds
Domain Reload Profiling: 964ms
	BeginReloadAssembly (143ms)
		ExecutionOrderSort (0ms)
		DisableScriptedObjects (4ms)
		BackupInstance (0ms)
		ReleaseScriptingObjects (0ms)
		CreateAndSetChildDomain (28ms)
	RebuildCommonClasses (26ms)
	RebuildNativeTypeToScriptingClass (10ms)
	initialDomainReloadingComplete (19ms)
	LoadAllAssembliesAndSetupDomain (253ms)
		LoadAssemblies (213ms)
		RebuildTransferFunctionScriptingTraits (0ms)
		AnalyzeDomain (111ms)
			TypeCache.Refresh (5ms)
				TypeCache.ScanAssembly (0ms)
			BuildScriptInfoCaches (94ms)
			ResolveRequiredComponents (8ms)
	FinalizeReload (513ms)
		ReleaseScriptCaches (0ms)
		RebuildScriptCaches (0ms)
		SetupLoadedEditorAssemblies (393ms)
			LogAssemblyErrors (0ms)
			InitializePlatformSupportModulesInManaged (2ms)
			SetLoadedEditorAssemblies (5ms)
			BeforeProcessingInitializeOnLoad (80ms)
			ProcessInitializeOnLoadAttributes (269ms)
			ProcessInitializeOnLoadMethodAttributes (35ms)
			AfterProcessingInitializeOnLoad (1ms)
			EditorAssembliesLoaded (0ms)
		ExecutionOrderSort2 (0ms)
		AwakeInstancesAfterBackupRestoration (12ms)
Refreshing native plugins compatible for Editor in 0.71 ms, found 2 plugins.
Preloading 0 native plugins for Editor in 0.00 ms.
Unloading 13 Unused Serialized files (Serialized files now loaded: 0)
Unloading 4279 unused Assets / (4.0 MB). Loaded Objects now: 5116.
Memory consumption went from 137.1 MB to 133.1 MB.
Total: 6.839100 ms (FindLiveObjects: 0.324500 ms CreateObjectMapping: 0.181100 ms MarkObjects: 4.503200 ms  DeleteObjects: 1.829000 ms)

Prepare: number of updated asset objects reloaded= 0
========================================================================
Received Import Request.
  Time since last request: 1388.529149 seconds.
  path: Assets/Scenes/cameratest2.unity
  artifactKey: Guid(9e20fbfc5227901419a4c06a0ffc479b) Importer(2089858483,192608db42251d675da83286b1cce702)
Start importing Assets/Scenes/cameratest2.unity using Guid(9e20fbfc5227901419a4c06a0ffc479b) Importer(2089858483,192608db42251d675da83286b1cce702) (ScriptedImporter) -> (artifact id: '74fe757f5ba451c8efcb375e18b379db') in 1.4338384 seconds
Number of updated asset objects reloaded before import = 0Number of asset objects unloaded after import = 1

========================================================================
Received Import Request.
  Time since last request: 0.000033 seconds.
  path: Assets/TextMesh Pro/Resources/Fonts & Materials/LiberationSans SDF - Fallback.asset
  artifactKey: Guid(2e498d1c8094910479dc3e1b768306a4) Importer(2089858483,192608db42251d675da83286b1cce702)
Start importing Assets/TextMesh Pro/Resources/Fonts & Materials/LiberationSans SDF - Fallback.asset using Guid(2e498d1c8094910479dc3e1b768306a4) Importer(2089858483,192608db42251d675da83286b1cce702) (ScriptedImporter) -> (artifact id: '4ae00619f92c4201bb3096d49deb8f98') in 0.111986 seconds
Number of updated asset objects reloaded before import = 0Number of asset objects unloaded after import = 6

========================================================================
Received Import Request.
  Time since last request: 10.792862 seconds.
  path: Assets/Music/Sounds/flooptDisk.mp3
  artifactKey: Guid(fd4e30cde5633d846bf5075a085207c9) Importer(815301076,1909f56bfc062723c751e8b465ee728b)
Start importing Assets/Music/Sounds/flooptDisk.mp3 using Guid(fd4e30cde5633d846bf5075a085207c9) Importer(815301076,1909f56bfc062723c751e8b465ee728b) (PreviewImporter) -> (artifact id: '09b62c939ee034c8c2b31903e3c061a2') in 0.1189284 seconds
Number of updated asset objects reloaded before import = 0Number of asset objects unloaded after import = 2

========================================================================
Received Import Request.
  Time since last request: 0.551364 seconds.
  path: Assets/Music/Sounds/flooptDisk.mp3
  artifactKey: Guid(fd4e30cde5633d846bf5075a085207c9) Importer(2089858483,192608db42251d675da83286b1cce702)
Start importing Assets/Music/Sounds/flooptDisk.mp3 using Guid(fd4e30cde5633d846bf5075a085207c9) Importer(2089858483,192608db42251d675da83286b1cce702) (ScriptedImporter) -> (artifact id: '704eb84586bc2e30460fc76c7c6e8a69') in 0.0732071 seconds
Number of updated asset objects reloaded before import = 0Number of asset objects unloaded after import = 1

========================================================================
Received Prepare
Begin MonoManager ReloadAssembly
- Loaded All Assemblies, in  0.707 seconds
Refreshing native plugins compatible for Editor in 0.59 ms, found 2 plugins.
Native extension for WindowsStandalone target not found
Native extension for WebGL target not found
Assertion failed on expression: '!AssetDatabase::IsAssetImportWorkerProcess()'
UnityEngine.Debug:ExtractStackTraceNoAlloc (byte*,int,string)
UnityEngine.StackTraceUtility:ExtractStackTrace ()
YG.EditorScr.AssetEditScope:Dispose () (at Assets/PluginYourGames/Scripts/EditorScr/FileYG.cs:143)
YG.EditorScr.DefineSymbols:ConversionPlatformConfigs () (at Assets/PluginYourGames/Scripts/EditorScr/DefineSymbols.cs:292)
YG.EditorScr.DefineSymbols:UpdateDefineSymbols () (at Assets/PluginYourGames/Scripts/EditorScr/DefineSymbols.cs:60)
YG.EditorScr.DefineSymbols:.cctor () (at Assets/PluginYourGames/Scripts/EditorScr/DefineSymbols.cs:34)
System.Runtime.CompilerServices.RuntimeHelpers:RunClassConstructor (System.RuntimeTypeHandle)
UnityEditor.EditorAssemblies:ProcessInitializeOnLoadAttributes (System.Type[])

[Assets/PluginYourGames/Scripts/EditorScr/FileYG.cs line 143]

Asset Pipeline Refresh (id=f0c7b6e2ccef5b1439689f3535f82f7f): Total: 0.001 seconds - Initiated by StopAssetImportingV2(NoUpdateAssetOptions)
[ScriptCompilation] NOT recompiling all scripts because this is an import worker process. Reason to compile was: Define symbols changed
[Package Manager] Failed to launch server process. Reason: Unity was launched with the -noUpm command-line argument
[Package Manager] Unable to send message (not connected to server process).
[Package Manager] Cannot connect to Unity Package Manager local server
Mono: successfully reloaded assembly
- Finished resetting the current domain, in  0.544 seconds
Domain Reload Profiling: 1255ms
	BeginReloadAssembly (238ms)
		ExecutionOrderSort (0ms)
		DisableScriptedObjects (9ms)
		BackupInstance (0ms)
		ReleaseScriptingObjects (0ms)
		CreateAndSetChildDomain (85ms)
	RebuildCommonClasses (31ms)
	RebuildNativeTypeToScriptingClass (9ms)
	initialDomainReloadingComplete (23ms)
	LoadAllAssembliesAndSetupDomain (410ms)
		LoadAssemblies (380ms)
		RebuildTransferFunctionScriptingTraits (0ms)
		AnalyzeDomain (121ms)
			TypeCache.Refresh (7ms)
				TypeCache.ScanAssembly (0ms)
			BuildScriptInfoCaches (103ms)
			ResolveRequiredComponents (9ms)
	FinalizeReload (544ms)
		ReleaseScriptCaches (0ms)
		RebuildScriptCaches (0ms)
		SetupLoadedEditorAssemblies (426ms)
			LogAssemblyErrors (0ms)
			InitializePlatformSupportModulesInManaged (3ms)
			SetLoadedEditorAssemblies (4ms)
			BeforeProcessingInitializeOnLoad (76ms)
			ProcessInitializeOnLoadAttributes (285ms)
			ProcessInitializeOnLoadMethodAttributes (56ms)
			AfterProcessingInitializeOnLoad (1ms)
			EditorAssembliesLoaded (0ms)
		ExecutionOrderSort2 (0ms)
		AwakeInstancesAfterBackupRestoration (12ms)
Refreshing native plugins compatible for Editor in 0.78 ms, found 2 plugins.
Preloading 0 native plugins for Editor in 0.00 ms.
Unloading 13 Unused Serialized files (Serialized files now loaded: 0)
Unloading 4279 unused Assets / (5.1 MB). Loaded Objects now: 5118.
Memory consumption went from 137.1 MB to 132.0 MB.
Total: 6.506300 ms (FindLiveObjects: 0.294700 ms CreateObjectMapping: 0.180100 ms MarkObjects: 3.544000 ms  DeleteObjects: 2.486400 ms)

Prepare: number of updated asset objects reloaded= 0
========================================================================
Received Import Request.
  Time since last request: 356.979223 seconds.
  path: Assets/Prefabs/Room/Hole-room.prefab
  artifactKey: Guid(89f762edeb54a1544a2920e85589d2fe) Importer(815301076,1909f56bfc062723c751e8b465ee728b)
Start importing Assets/Prefabs/Room/Hole-room.prefab using Guid(89f762edeb54a1544a2920e85589d2fe) Importer(815301076,1909f56bfc062723c751e8b465ee728b) (PreviewImporter) -> (artifact id: '3d7f519f39d57301401d6c0801c11299') in 2.0283284 seconds
Number of updated asset objects reloaded before import = 0Number of asset objects unloaded after import = 504

========================================================================
Received Import Request.
  Time since last request: 167.823108 seconds.
  path: Assets/TextMesh Pro/Resources/Fonts & Materials/LiberationSans SDF - Fallback.asset
  artifactKey: Guid(2e498d1c8094910479dc3e1b768306a4) Importer(2089858483,192608db42251d675da83286b1cce702)
Start importing Assets/TextMesh Pro/Resources/Fonts & Materials/LiberationSans SDF - Fallback.asset using Guid(2e498d1c8094910479dc3e1b768306a4) Importer(2089858483,192608db42251d675da83286b1cce702) (ScriptedImporter) -> (artifact id: '8c442a116a6362d0f110dade5e725f17') in 0.2876024 seconds
Number of updated asset objects reloaded before import = 0Number of asset objects unloaded after import = 6

========================================================================
Received Import Request.
  Time since last request: 0.000127 seconds.
  path: Assets/Prefabs/Room/Hole-room.prefab
  artifactKey: Guid(89f762edeb54a1544a2920e85589d2fe) Importer(2089858483,192608db42251d675da83286b1cce702)
Start importing Assets/Prefabs/Room/Hole-room.prefab using Guid(89f762edeb54a1544a2920e85589d2fe) Importer(2089858483,192608db42251d675da83286b1cce702) (ScriptedImporter) -> (artifact id: '8b3056dd5f006e019044f77e24b2690c') in 0.093026 seconds
Number of updated asset objects reloaded before import = 0Number of asset objects unloaded after import = 419

========================================================================
Received Import Request.
  Time since last request: 0.000035 seconds.
  path: Assets/Music/Sounds/HoleRoom.wav
  artifactKey: Guid(0010442787c344743aa4fa5df76b833f) Importer(2089858483,192608db42251d675da83286b1cce702)
Start importing Assets/Music/Sounds/HoleRoom.wav using Guid(0010442787c344743aa4fa5df76b833f) Importer(2089858483,192608db42251d675da83286b1cce702) (ScriptedImporter) -> (artifact id: '2845c3bef4d43f310fb129f79cd097e3') in 0.0446093 seconds
Number of updated asset objects reloaded before import = 0Number of asset objects unloaded after import = 1

========================================================================
Received Prepare
Refreshing native plugins compatible for Editor in 0.80 ms, found 2 plugins.
Preloading 0 native plugins for Editor in 0.00 ms.
Unloading 13 Unused Serialized files (Serialized files now loaded: 0)
Unloading 4283 unused Assets / (4.4 MB). Loaded Objects now: 5259.
Memory consumption went from 139.5 MB to 135.2 MB.
Total: 13.368500 ms (FindLiveObjects: 0.329900 ms CreateObjectMapping: 0.185800 ms MarkObjects: 10.827600 ms  DeleteObjects: 2.023600 ms)

Prepare: number of updated asset objects reloaded= 0
========================================================================
Received Import Request.
  Time since last request: 3.275115 seconds.
  path: Assets/Scripts/Player/NewMonoBehaviourScript.cs
  artifactKey: Guid(f061dae0d41b0434fa2bc9432e5a1394) Importer(2089858483,192608db42251d675da83286b1cce702)
Start importing Assets/Scripts/Player/NewMonoBehaviourScript.cs using Guid(f061dae0d41b0434fa2bc9432e5a1394) Importer(2089858483,192608db42251d675da83286b1cce702) (ScriptedImporter) -> (artifact id: 'a832f42eb4be247370084a8ac137859a') in 0.0608799 seconds
Number of updated asset objects reloaded before import = 0Number of asset objects unloaded after import = 0

========================================================================
Received Prepare
Begin MonoManager ReloadAssembly
- Loaded All Assemblies, in  0.901 seconds
Refreshing native plugins compatible for Editor in 0.51 ms, found 2 plugins.
Native extension for WindowsStandalone target not found
Native extension for WebGL target not found
Assertion failed on expression: '!AssetDatabase::IsAssetImportWorkerProcess()'
UnityEngine.Debug:ExtractStackTraceNoAlloc (byte*,int,string)
UnityEngine.StackTraceUtility:ExtractStackTrace ()
YG.EditorScr.AssetEditScope:Dispose () (at Assets/PluginYourGames/Scripts/EditorScr/FileYG.cs:143)
YG.EditorScr.DefineSymbols:ConversionPlatformConfigs () (at Assets/PluginYourGames/Scripts/EditorScr/DefineSymbols.cs:292)
YG.EditorScr.DefineSymbols:UpdateDefineSymbols () (at Assets/PluginYourGames/Scripts/EditorScr/DefineSymbols.cs:60)
YG.EditorScr.DefineSymbols:.cctor () (at Assets/PluginYourGames/Scripts/EditorScr/DefineSymbols.cs:34)
System.Runtime.CompilerServices.RuntimeHelpers:RunClassConstructor (System.RuntimeTypeHandle)
UnityEditor.EditorAssemblies:ProcessInitializeOnLoadAttributes (System.Type[])

[Assets/PluginYourGames/Scripts/EditorScr/FileYG.cs line 143]

Asset Pipeline Refresh (id=ed7404a8439d0254ba730b23ddf7f170): Total: 0.001 seconds - Initiated by StopAssetImportingV2(NoUpdateAssetOptions)
[ScriptCompilation] NOT recompiling all scripts because this is an import worker process. Reason to compile was: Define symbols changed
[Package Manager] Failed to launch server process. Reason: Unity was launched with the -noUpm command-line argument
[Package Manager] Unable to send message (not connected to server process).
[Package Manager] Cannot connect to Unity Package Manager local server
Mono: successfully reloaded assembly
- Finished resetting the current domain, in  0.662 seconds
Domain Reload Profiling: 1566ms
	BeginReloadAssembly (377ms)
		ExecutionOrderSort (0ms)
		DisableScriptedObjects (43ms)
		BackupInstance (0ms)
		ReleaseScriptingObjects (0ms)
		CreateAndSetChildDomain (141ms)
	RebuildCommonClasses (42ms)
	RebuildNativeTypeToScriptingClass (11ms)
	initialDomainReloadingComplete (32ms)
	LoadAllAssembliesAndSetupDomain (441ms)
		LoadAssemblies (394ms)
		RebuildTransferFunctionScriptingTraits (0ms)
		AnalyzeDomain (175ms)
			TypeCache.Refresh (13ms)
				TypeCache.ScanAssembly (2ms)
			BuildScriptInfoCaches (146ms)
			ResolveRequiredComponents (11ms)
	FinalizeReload (663ms)
		ReleaseScriptCaches (0ms)
		RebuildScriptCaches (0ms)
		SetupLoadedEditorAssemblies (510ms)
			LogAssemblyErrors (0ms)
			InitializePlatformSupportModulesInManaged (3ms)
			SetLoadedEditorAssemblies (4ms)
			BeforeProcessingInitializeOnLoad (93ms)
			ProcessInitializeOnLoadAttributes (348ms)
			ProcessInitializeOnLoadMethodAttributes (60ms)
			AfterProcessingInitializeOnLoad (1ms)
			EditorAssembliesLoaded (0ms)
		ExecutionOrderSort2 (0ms)
		AwakeInstancesAfterBackupRestoration (20ms)
Refreshing native plugins compatible for Editor in 0.91 ms, found 2 plugins.
Preloading 0 native plugins for Editor in 0.00 ms.
Unloading 13 Unused Serialized files (Serialized files now loaded: 0)
Unloading 4280 unused Assets / (4.5 MB). Loaded Objects now: 5148.
Memory consumption went from 137.9 MB to 133.4 MB.
Total: 7.053400 ms (FindLiveObjects: 0.485600 ms CreateObjectMapping: 0.276200 ms MarkObjects: 3.805600 ms  DeleteObjects: 2.484800 ms)

Prepare: number of updated asset objects reloaded= 0
========================================================================
Received Prepare
Refreshing native plugins compatible for Editor in 0.75 ms, found 2 plugins.
Preloading 0 native plugins for Editor in 0.00 ms.
Unloading 13 Unused Serialized files (Serialized files now loaded: 0)
Unloading 4270 unused Assets / (4.0 MB). Loaded Objects now: 5147.
Memory consumption went from 138.0 MB to 134.0 MB.
Total: 7.788800 ms (FindLiveObjects: 0.341300 ms CreateObjectMapping: 0.190600 ms MarkObjects: 5.290200 ms  DeleteObjects: 1.965100 ms)

Prepare: number of updated asset objects reloaded= 0
========================================================================
Received Prepare
Begin MonoManager ReloadAssembly
- Loaded All Assemblies, in  0.662 seconds
Refreshing native plugins compatible for Editor in 0.62 ms, found 2 plugins.
Native extension for WindowsStandalone target not found
Native extension for WebGL target not found
Assertion failed on expression: '!AssetDatabase::IsAssetImportWorkerProcess()'
UnityEngine.Debug:ExtractStackTraceNoAlloc (byte*,int,string)
UnityEngine.StackTraceUtility:ExtractStackTrace ()
YG.EditorScr.AssetEditScope:Dispose () (at Assets/PluginYourGames/Scripts/EditorScr/FileYG.cs:143)
YG.EditorScr.DefineSymbols:ConversionPlatformConfigs () (at Assets/PluginYourGames/Scripts/EditorScr/DefineSymbols.cs:292)
YG.EditorScr.DefineSymbols:UpdateDefineSymbols () (at Assets/PluginYourGames/Scripts/EditorScr/DefineSymbols.cs:60)
YG.EditorScr.DefineSymbols:.cctor () (at Assets/PluginYourGames/Scripts/EditorScr/DefineSymbols.cs:34)
System.Runtime.CompilerServices.RuntimeHelpers:RunClassConstructor (System.RuntimeTypeHandle)
UnityEditor.EditorAssemblies:ProcessInitializeOnLoadAttributes (System.Type[])

[Assets/PluginYourGames/Scripts/EditorScr/FileYG.cs line 143]

Asset Pipeline Refresh (id=5bda9a1cbd1464140aabb2c52abb9757): Total: 0.000 seconds - Initiated by StopAssetImportingV2(NoUpdateAssetOptions)
[ScriptCompilation] NOT recompiling all scripts because this is an import worker process. Reason to compile was: Define symbols changed
[Package Manager] Failed to launch server process. Reason: Unity was launched with the -noUpm command-line argument
[Package Manager] Unable to send message (not connected to server process).
[Package Manager] Cannot connect to Unity Package Manager local server
Mono: successfully reloaded assembly
- Finished resetting the current domain, in  0.567 seconds
Domain Reload Profiling: 1232ms
	BeginReloadAssembly (264ms)
		ExecutionOrderSort (0ms)
		DisableScriptedObjects (8ms)
		BackupInstance (0ms)
		ReleaseScriptingObjects (0ms)
		CreateAndSetChildDomain (66ms)
	RebuildCommonClasses (47ms)
	RebuildNativeTypeToScriptingClass (11ms)
	initialDomainReloadingComplete (23ms)
	LoadAllAssembliesAndSetupDomain (319ms)
		LoadAssemblies (305ms)
		RebuildTransferFunctionScriptingTraits (0ms)
		AnalyzeDomain (140ms)
			TypeCache.Refresh (9ms)
				TypeCache.ScanAssembly (2ms)
			BuildScriptInfoCaches (116ms)
			ResolveRequiredComponents (12ms)
	FinalizeReload (567ms)
		ReleaseScriptCaches (0ms)
		RebuildScriptCaches (0ms)
		SetupLoadedEditorAssemblies (439ms)
			LogAssemblyErrors (0ms)
			InitializePlatformSupportModulesInManaged (3ms)
			SetLoadedEditorAssemblies (5ms)
			BeforeProcessingInitializeOnLoad (102ms)
			ProcessInitializeOnLoadAttributes (290ms)
			ProcessInitializeOnLoadMethodAttributes (37ms)
			AfterProcessingInitializeOnLoad (1ms)
			EditorAssembliesLoaded (0ms)
		ExecutionOrderSort2 (0ms)
		AwakeInstancesAfterBackupRestoration (13ms)
Refreshing native plugins compatible for Editor in 0.78 ms, found 2 plugins.
Preloading 0 native plugins for Editor in 0.00 ms.
Unloading 13 Unused Serialized files (Serialized files now loaded: 0)
Unloading 4279 unused Assets / (4.6 MB). Loaded Objects now: 5149.
Memory consumption went from 137.8 MB to 133.2 MB.
Total: 6.170000 ms (FindLiveObjects: 0.600500 ms CreateObjectMapping: 0.138900 ms MarkObjects: 3.495500 ms  DeleteObjects: 1.933800 ms)

Prepare: number of updated asset objects reloaded= 0
========================================================================
Received Prepare
Refreshing native plugins compatible for Editor in 1.04 ms, found 2 plugins.
Preloading 0 native plugins for Editor in 0.00 ms.
Unloading 13 Unused Serialized files (Serialized files now loaded: 0)
Unloading 4271 unused Assets / (4.4 MB). Loaded Objects now: 5150.
Memory consumption went from 138.0 MB to 133.6 MB.
Total: 19.286900 ms (FindLiveObjects: 0.632300 ms CreateObjectMapping: 0.356500 ms MarkObjects: 15.390200 ms  DeleteObjects: 2.905900 ms)

Prepare: number of updated asset objects reloaded= 0
========================================================================
Received Prepare
Begin MonoManager ReloadAssembly
- Loaded All Assemblies, in  0.870 seconds
Refreshing native plugins compatible for Editor in 1.00 ms, found 2 plugins.
Native extension for WindowsStandalone target not found
Native extension for WebGL target not found
Assertion failed on expression: '!AssetDatabase::IsAssetImportWorkerProcess()'
UnityEngine.Debug:ExtractStackTraceNoAlloc (byte*,int,string)
UnityEngine.StackTraceUtility:ExtractStackTrace ()
YG.EditorScr.AssetEditScope:Dispose () (at Assets/PluginYourGames/Scripts/EditorScr/FileYG.cs:143)
YG.EditorScr.DefineSymbols:ConversionPlatformConfigs () (at Assets/PluginYourGames/Scripts/EditorScr/DefineSymbols.cs:292)
YG.EditorScr.DefineSymbols:UpdateDefineSymbols () (at Assets/PluginYourGames/Scripts/EditorScr/DefineSymbols.cs:60)
YG.EditorScr.DefineSymbols:.cctor () (at Assets/PluginYourGames/Scripts/EditorScr/DefineSymbols.cs:34)
System.Runtime.CompilerServices.RuntimeHelpers:RunClassConstructor (System.RuntimeTypeHandle)
UnityEditor.EditorAssemblies:ProcessInitializeOnLoadAttributes (System.Type[])

[Assets/PluginYourGames/Scripts/EditorScr/FileYG.cs line 143]

Asset Pipeline Refresh (id=5fab8ecb26a6f1543abfe13f9677c177): Total: 0.001 seconds - Initiated by StopAssetImportingV2(NoUpdateAssetOptions)
[ScriptCompilation] NOT recompiling all scripts because this is an import worker process. Reason to compile was: Define symbols changed
[Package Manager] Failed to launch server process. Reason: Unity was launched with the -noUpm command-line argument
[Package Manager] Unable to send message (not connected to server process).
[Package Manager] Cannot connect to Unity Package Manager local server
Mono: successfully reloaded assembly
- Finished resetting the current domain, in  0.602 seconds
Domain Reload Profiling: 1475ms
	BeginReloadAssembly (403ms)
		ExecutionOrderSort (0ms)
		DisableScriptedObjects (31ms)
		BackupInstance (0ms)
		ReleaseScriptingObjects (0ms)
		CreateAndSetChildDomain (133ms)
	RebuildCommonClasses (36ms)
	RebuildNativeTypeToScriptingClass (10ms)
	initialDomainReloadingComplete (27ms)
	LoadAllAssembliesAndSetupDomain (396ms)
		LoadAssemblies (392ms)
		RebuildTransferFunctionScriptingTraits (0ms)
		AnalyzeDomain (130ms)
			TypeCache.Refresh (12ms)
				TypeCache.ScanAssembly (2ms)
			BuildScriptInfoCaches (104ms)
			ResolveRequiredComponents (9ms)
	FinalizeReload (602ms)
		ReleaseScriptCaches (0ms)
		RebuildScriptCaches (0ms)
		SetupLoadedEditorAssemblies (463ms)
			LogAssemblyErrors (0ms)
			InitializePlatformSupportModulesInManaged (3ms)
			SetLoadedEditorAssemblies (4ms)
			BeforeProcessingInitializeOnLoad (97ms)
			ProcessInitializeOnLoadAttributes (305ms)
			ProcessInitializeOnLoadMethodAttributes (53ms)
			AfterProcessingInitializeOnLoad (2ms)
			EditorAssembliesLoaded (0ms)
		ExecutionOrderSort2 (0ms)
		AwakeInstancesAfterBackupRestoration (15ms)
Refreshing native plugins compatible for Editor in 0.94 ms, found 2 plugins.
Preloading 0 native plugins for Editor in 0.00 ms.
Unloading 13 Unused Serialized files (Serialized files now loaded: 0)
Unloading 4280 unused Assets / (4.4 MB). Loaded Objects now: 5152.
Memory consumption went from 137.9 MB to 133.5 MB.
Total: 5.498900 ms (FindLiveObjects: 0.305500 ms CreateObjectMapping: 0.170500 ms MarkObjects: 3.128700 ms  DeleteObjects: 1.893300 ms)

Prepare: number of updated asset objects reloaded= 0
========================================================================
Received Import Request.
  Time since last request: 53.010585 seconds.
  path: Assets/Scripts/Player/MusicZoneTrigger.cs
  artifactKey: Guid(155deb94939d55b4e9cbed2b71c48d34) Importer(815301076,1909f56bfc062723c751e8b465ee728b)
Start importing Assets/Scripts/Player/MusicZoneTrigger.cs using Guid(155deb94939d55b4e9cbed2b71c48d34) Importer(815301076,1909f56bfc062723c751e8b465ee728b) (PreviewImporter) -> (artifact id: '364d7c5cf79ae98ca1b7dde44e67a900') in 0.1948642 seconds
Number of updated asset objects reloaded before import = 0Number of asset objects unloaded after import = 0

========================================================================
Received Import Request.
  Time since last request: 62.685759 seconds.
  path: Assets/Music/Sounds/HoleRoom.wav
  artifactKey: Guid(0010442787c344743aa4fa5df76b833f) Importer(815301076,1909f56bfc062723c751e8b465ee728b)
Start importing Assets/Music/Sounds/HoleRoom.wav using Guid(0010442787c344743aa4fa5df76b833f) Importer(815301076,1909f56bfc062723c751e8b465ee728b) (PreviewImporter) -> (artifact id: '1bfe765b4efc4c0016e2f95d65cac290') in 0.1094543 seconds
Number of updated asset objects reloaded before import = 0Number of asset objects unloaded after import = 2

========================================================================
Received Prepare
Begin MonoManager ReloadAssembly
- Loaded All Assemblies, in  0.488 seconds
Refreshing native plugins compatible for Editor in 0.52 ms, found 2 plugins.
Native extension for WindowsStandalone target not found
Native extension for WebGL target not found
Assertion failed on expression: '!AssetDatabase::IsAssetImportWorkerProcess()'
UnityEngine.Debug:ExtractStackTraceNoAlloc (byte*,int,string)
UnityEngine.StackTraceUtility:ExtractStackTrace ()
YG.EditorScr.AssetEditScope:Dispose () (at Assets/PluginYourGames/Scripts/EditorScr/FileYG.cs:143)
YG.EditorScr.DefineSymbols:ConversionPlatformConfigs () (at Assets/PluginYourGames/Scripts/EditorScr/DefineSymbols.cs:292)
YG.EditorScr.DefineSymbols:UpdateDefineSymbols () (at Assets/PluginYourGames/Scripts/EditorScr/DefineSymbols.cs:60)
YG.EditorScr.DefineSymbols:.cctor () (at Assets/PluginYourGames/Scripts/EditorScr/DefineSymbols.cs:34)
System.Runtime.CompilerServices.RuntimeHelpers:RunClassConstructor (System.RuntimeTypeHandle)
UnityEditor.EditorAssemblies:ProcessInitializeOnLoadAttributes (System.Type[])

[Assets/PluginYourGames/Scripts/EditorScr/FileYG.cs line 143]

Asset Pipeline Refresh (id=d202425f64184554298999982f7575c6): Total: 0.000 seconds - Initiated by StopAssetImportingV2(NoUpdateAssetOptions)
[ScriptCompilation] NOT recompiling all scripts because this is an import worker process. Reason to compile was: Define symbols changed
[Package Manager] Failed to launch server process. Reason: Unity was launched with the -noUpm command-line argument
[Package Manager] Unable to send message (not connected to server process).
[Package Manager] Cannot connect to Unity Package Manager local server
Mono: successfully reloaded assembly
- Finished resetting the current domain, in  0.486 seconds
Domain Reload Profiling: 976ms
	BeginReloadAssembly (169ms)
		ExecutionOrderSort (0ms)
		DisableScriptedObjects (5ms)
		BackupInstance (0ms)
		ReleaseScriptingObjects (0ms)
		CreateAndSetChildDomain (43ms)
	RebuildCommonClasses (27ms)
	RebuildNativeTypeToScriptingClass (10ms)
	initialDomainReloadingComplete (20ms)
	LoadAllAssembliesAndSetupDomain (265ms)
		LoadAssemblies (227ms)
		RebuildTransferFunctionScriptingTraits (0ms)
		AnalyzeDomain (114ms)
			TypeCache.Refresh (5ms)
				TypeCache.ScanAssembly (0ms)
			BuildScriptInfoCaches (95ms)
			ResolveRequiredComponents (12ms)
	FinalizeReload (486ms)
		ReleaseScriptCaches (0ms)
		RebuildScriptCaches (0ms)
		SetupLoadedEditorAssemblies (376ms)
			LogAssemblyErrors (0ms)
			InitializePlatformSupportModulesInManaged (3ms)
			SetLoadedEditorAssemblies (5ms)
			BeforeProcessingInitializeOnLoad (82ms)
			ProcessInitializeOnLoadAttributes (247ms)
			ProcessInitializeOnLoadMethodAttributes (37ms)
			AfterProcessingInitializeOnLoad (1ms)
			EditorAssembliesLoaded (0ms)
		ExecutionOrderSort2 (0ms)
		AwakeInstancesAfterBackupRestoration (12ms)
Refreshing native plugins compatible for Editor in 0.53 ms, found 2 plugins.
Preloading 0 native plugins for Editor in 0.00 ms.
Unloading 13 Unused Serialized files (Serialized files now loaded: 0)
Unloading 4280 unused Assets / (5.1 MB). Loaded Objects now: 5154.
Memory consumption went from 137.9 MB to 132.8 MB.
Total: 5.204400 ms (FindLiveObjects: 0.285200 ms CreateObjectMapping: 0.177800 ms MarkObjects: 2.769300 ms  DeleteObjects: 1.971200 ms)

Prepare: number of updated asset objects reloaded= 0
========================================================================
Received Prepare
Begin MonoManager ReloadAssembly
- Loaded All Assemblies, in  0.547 seconds
Refreshing native plugins compatible for Editor in 0.52 ms, found 2 plugins.
Native extension for WindowsStandalone target not found
Native extension for WebGL target not found
Assertion failed on expression: '!AssetDatabase::IsAssetImportWorkerProcess()'
UnityEngine.Debug:ExtractStackTraceNoAlloc (byte*,int,string)
UnityEngine.StackTraceUtility:ExtractStackTrace ()
YG.EditorScr.AssetEditScope:Dispose () (at Assets/PluginYourGames/Scripts/EditorScr/FileYG.cs:143)
YG.EditorScr.DefineSymbols:ConversionPlatformConfigs () (at Assets/PluginYourGames/Scripts/EditorScr/DefineSymbols.cs:292)
YG.EditorScr.DefineSymbols:UpdateDefineSymbols () (at Assets/PluginYourGames/Scripts/EditorScr/DefineSymbols.cs:60)
YG.EditorScr.DefineSymbols:.cctor () (at Assets/PluginYourGames/Scripts/EditorScr/DefineSymbols.cs:34)
System.Runtime.CompilerServices.RuntimeHelpers:RunClassConstructor (System.RuntimeTypeHandle)
UnityEditor.EditorAssemblies:ProcessInitializeOnLoadAttributes (System.Type[])

[Assets/PluginYourGames/Scripts/EditorScr/FileYG.cs line 143]

Asset Pipeline Refresh (id=f863454a4789fd844996913f31d4f881): Total: 0.000 seconds - Initiated by StopAssetImportingV2(NoUpdateAssetOptions)
[ScriptCompilation] NOT recompiling all scripts because this is an import worker process. Reason to compile was: Define symbols changed
[Package Manager] Failed to launch server process. Reason: Unity was launched with the -noUpm command-line argument
[Package Manager] Unable to send message (not connected to server process).
[Package Manager] Cannot connect to Unity Package Manager local server
Mono: successfully reloaded assembly
- Finished resetting the current domain, in  0.514 seconds
Domain Reload Profiling: 1063ms
	BeginReloadAssembly (201ms)
		ExecutionOrderSort (0ms)
		DisableScriptedObjects (7ms)
		BackupInstance (0ms)
		ReleaseScriptingObjects (0ms)
		CreateAndSetChildDomain (47ms)
	RebuildCommonClasses (30ms)
	RebuildNativeTypeToScriptingClass (11ms)
	initialDomainReloadingComplete (23ms)
	LoadAllAssembliesAndSetupDomain (284ms)
		LoadAssemblies (256ms)
		RebuildTransferFunctionScriptingTraits (0ms)
		AnalyzeDomain (120ms)
			TypeCache.Refresh (9ms)
				TypeCache.ScanAssembly (2ms)
			BuildScriptInfoCaches (102ms)
			ResolveRequiredComponents (7ms)
	FinalizeReload (514ms)
		ReleaseScriptCaches (0ms)
		RebuildScriptCaches (0ms)
		SetupLoadedEditorAssemblies (386ms)
			LogAssemblyErrors (0ms)
			InitializePlatformSupportModulesInManaged (3ms)
			SetLoadedEditorAssemblies (5ms)
			BeforeProcessingInitializeOnLoad (97ms)
			ProcessInitializeOnLoadAttributes (244ms)
			ProcessInitializeOnLoadMethodAttributes (36ms)
			AfterProcessingInitializeOnLoad (1ms)
			EditorAssembliesLoaded (0ms)
		ExecutionOrderSort2 (0ms)
		AwakeInstancesAfterBackupRestoration (12ms)
Refreshing native plugins compatible for Editor in 0.54 ms, found 2 plugins.
Preloading 0 native plugins for Editor in 0.00 ms.
Unloading 13 Unused Serialized files (Serialized files now loaded: 0)
Unloading 4280 unused Assets / (4.7 MB). Loaded Objects now: 5156.
Memory consumption went from 137.9 MB to 133.3 MB.
Total: 4.800200 ms (FindLiveObjects: 0.299400 ms CreateObjectMapping: 0.173200 ms MarkObjects: 2.801800 ms  DeleteObjects: 1.525100 ms)

Prepare: number of updated asset objects reloaded= 0
========================================================================
Received Prepare
Begin MonoManager ReloadAssembly
- Loaded All Assemblies, in  0.621 seconds
Refreshing native plugins compatible for Editor in 0.49 ms, found 2 plugins.
Native extension for WindowsStandalone target not found
Native extension for WebGL target not found
Assertion failed on expression: '!AssetDatabase::IsAssetImportWorkerProcess()'
UnityEngine.Debug:ExtractStackTraceNoAlloc (byte*,int,string)
UnityEngine.StackTraceUtility:ExtractStackTrace ()
YG.EditorScr.AssetEditScope:Dispose () (at Assets/PluginYourGames/Scripts/EditorScr/FileYG.cs:143)
YG.EditorScr.DefineSymbols:ConversionPlatformConfigs () (at Assets/PluginYourGames/Scripts/EditorScr/DefineSymbols.cs:292)
YG.EditorScr.DefineSymbols:UpdateDefineSymbols () (at Assets/PluginYourGames/Scripts/EditorScr/DefineSymbols.cs:60)
YG.EditorScr.DefineSymbols:.cctor () (at Assets/PluginYourGames/Scripts/EditorScr/DefineSymbols.cs:34)
System.Runtime.CompilerServices.RuntimeHelpers:RunClassConstructor (System.RuntimeTypeHandle)
UnityEditor.EditorAssemblies:ProcessInitializeOnLoadAttributes (System.Type[])

[Assets/PluginYourGames/Scripts/EditorScr/FileYG.cs line 143]

Asset Pipeline Refresh (id=a0cf217735e1b114ea6636d9b2a991b9): Total: 0.001 seconds - Initiated by StopAssetImportingV2(NoUpdateAssetOptions)
[ScriptCompilation] NOT recompiling all scripts because this is an import worker process. Reason to compile was: Define symbols changed
[Package Manager] Failed to launch server process. Reason: Unity was launched with the -noUpm command-line argument
[Package Manager] Unable to send message (not connected to server process).
[Package Manager] Cannot connect to Unity Package Manager local server
Mono: successfully reloaded assembly
- Finished resetting the current domain, in  0.531 seconds
Domain Reload Profiling: 1154ms
	BeginReloadAssembly (236ms)
		ExecutionOrderSort (0ms)
		DisableScriptedObjects (10ms)
		BackupInstance (0ms)
		ReleaseScriptingObjects (0ms)
		CreateAndSetChildDomain (51ms)
	RebuildCommonClasses (41ms)
	RebuildNativeTypeToScriptingClass (11ms)
	initialDomainReloadingComplete (27ms)
	LoadAllAssembliesAndSetupDomain (308ms)
		LoadAssemblies (294ms)
		RebuildTransferFunctionScriptingTraits (0ms)
		AnalyzeDomain (120ms)
			TypeCache.Refresh (6ms)
				TypeCache.ScanAssembly (0ms)
			BuildScriptInfoCaches (99ms)
			ResolveRequiredComponents (10ms)
	FinalizeReload (531ms)
		ReleaseScriptCaches (0ms)
		RebuildScriptCaches (0ms)
		SetupLoadedEditorAssemblies (412ms)
			LogAssemblyErrors (0ms)
			InitializePlatformSupportModulesInManaged (3ms)
			SetLoadedEditorAssemblies (4ms)
			BeforeProcessingInitializeOnLoad (83ms)
			ProcessInitializeOnLoadAttributes (276ms)
			ProcessInitializeOnLoadMethodAttributes (46ms)
			AfterProcessingInitializeOnLoad (1ms)
			EditorAssembliesLoaded (0ms)
		ExecutionOrderSort2 (0ms)
		AwakeInstancesAfterBackupRestoration (13ms)
Refreshing native plugins compatible for Editor in 0.75 ms, found 2 plugins.
Preloading 0 native plugins for Editor in 0.00 ms.
Unloading 13 Unused Serialized files (Serialized files now loaded: 0)
Unloading 4280 unused Assets / (3.7 MB). Loaded Objects now: 5158.
Memory consumption went from 138.0 MB to 134.2 MB.
Total: 5.113500 ms (FindLiveObjects: 0.401400 ms CreateObjectMapping: 0.205600 ms MarkObjects: 2.941500 ms  DeleteObjects: 1.564100 ms)

Prepare: number of updated asset objects reloaded= 0
========================================================================
Received Prepare
Begin MonoManager ReloadAssembly
- Loaded All Assemblies, in  0.550 seconds
Refreshing native plugins compatible for Editor in 0.97 ms, found 2 plugins.
Native extension for WindowsStandalone target not found
Native extension for WebGL target not found
Assertion failed on expression: '!AssetDatabase::IsAssetImportWorkerProcess()'
UnityEngine.Debug:ExtractStackTraceNoAlloc (byte*,int,string)
UnityEngine.StackTraceUtility:ExtractStackTrace ()
YG.EditorScr.AssetEditScope:Dispose () (at Assets/PluginYourGames/Scripts/EditorScr/FileYG.cs:143)
YG.EditorScr.DefineSymbols:ConversionPlatformConfigs () (at Assets/PluginYourGames/Scripts/EditorScr/DefineSymbols.cs:292)
YG.EditorScr.DefineSymbols:UpdateDefineSymbols () (at Assets/PluginYourGames/Scripts/EditorScr/DefineSymbols.cs:60)
YG.EditorScr.DefineSymbols:.cctor () (at Assets/PluginYourGames/Scripts/EditorScr/DefineSymbols.cs:34)
System.Runtime.CompilerServices.RuntimeHelpers:RunClassConstructor (System.RuntimeTypeHandle)
UnityEditor.EditorAssemblies:ProcessInitializeOnLoadAttributes (System.Type[])

[Assets/PluginYourGames/Scripts/EditorScr/FileYG.cs line 143]

Asset Pipeline Refresh (id=8537502f94f94d147aa7405144168346): Total: 0.000 seconds - Initiated by StopAssetImportingV2(NoUpdateAssetOptions)
[ScriptCompilation] NOT recompiling all scripts because this is an import worker process. Reason to compile was: Define symbols changed
[Package Manager] Failed to launch server process. Reason: Unity was launched with the -noUpm command-line argument
[Package Manager] Unable to send message (not connected to server process).
[Package Manager] Cannot connect to Unity Package Manager local server
Mono: successfully reloaded assembly
- Finished resetting the current domain, in  0.562 seconds
Domain Reload Profiling: 1114ms
	BeginReloadAssembly (219ms)
		ExecutionOrderSort (0ms)
		DisableScriptedObjects (8ms)
		BackupInstance (0ms)
		ReleaseScriptingObjects (0ms)
		CreateAndSetChildDomain (61ms)
	RebuildCommonClasses (34ms)
	RebuildNativeTypeToScriptingClass (10ms)
	initialDomainReloadingComplete (22ms)
	LoadAllAssembliesAndSetupDomain (266ms)
		LoadAssemblies (245ms)
		RebuildTransferFunctionScriptingTraits (0ms)
		AnalyzeDomain (106ms)
			TypeCache.Refresh (10ms)
				TypeCache.ScanAssembly (2ms)
			BuildScriptInfoCaches (86ms)
			ResolveRequiredComponents (8ms)
	FinalizeReload (562ms)
		ReleaseScriptCaches (0ms)
		RebuildScriptCaches (0ms)
		SetupLoadedEditorAssemblies (440ms)
			LogAssemblyErrors (0ms)
			InitializePlatformSupportModulesInManaged (3ms)
			SetLoadedEditorAssemblies (5ms)
			BeforeProcessingInitializeOnLoad (138ms)
			ProcessInitializeOnLoadAttributes (254ms)
			ProcessInitializeOnLoadMethodAttributes (39ms)
			AfterProcessingInitializeOnLoad (1ms)
			EditorAssembliesLoaded (0ms)
		ExecutionOrderSort2 (0ms)
		AwakeInstancesAfterBackupRestoration (13ms)
Refreshing native plugins compatible for Editor in 0.54 ms, found 2 plugins.
Preloading 0 native plugins for Editor in 0.00 ms.
Unloading 13 Unused Serialized files (Serialized files now loaded: 0)
Unloading 4280 unused Assets / (4.8 MB). Loaded Objects now: 5160.
Memory consumption went from 138.0 MB to 133.2 MB.
Total: 5.243300 ms (FindLiveObjects: 0.298400 ms CreateObjectMapping: 0.210200 ms MarkObjects: 2.840900 ms  DeleteObjects: 1.892900 ms)

Prepare: number of updated asset objects reloaded= 0
========================================================================
Received Prepare
Begin MonoManager ReloadAssembly
- Loaded All Assemblies, in  0.476 seconds
Refreshing native plugins compatible for Editor in 0.75 ms, found 2 plugins.
Native extension for WindowsStandalone target not found
Native extension for WebGL target not found
Assertion failed on expression: '!AssetDatabase::IsAssetImportWorkerProcess()'
UnityEngine.Debug:ExtractStackTraceNoAlloc (byte*,int,string)
UnityEngine.StackTraceUtility:ExtractStackTrace ()
YG.EditorScr.AssetEditScope:Dispose () (at Assets/PluginYourGames/Scripts/EditorScr/FileYG.cs:143)
YG.EditorScr.DefineSymbols:ConversionPlatformConfigs () (at Assets/PluginYourGames/Scripts/EditorScr/DefineSymbols.cs:292)
YG.EditorScr.DefineSymbols:UpdateDefineSymbols () (at Assets/PluginYourGames/Scripts/EditorScr/DefineSymbols.cs:60)
YG.EditorScr.DefineSymbols:.cctor () (at Assets/PluginYourGames/Scripts/EditorScr/DefineSymbols.cs:34)
System.Runtime.CompilerServices.RuntimeHelpers:RunClassConstructor (System.RuntimeTypeHandle)
UnityEditor.EditorAssemblies:ProcessInitializeOnLoadAttributes (System.Type[])

[Assets/PluginYourGames/Scripts/EditorScr/FileYG.cs line 143]

Asset Pipeline Refresh (id=71fc008705ab6a0448a44603fca2d306): Total: 0.001 seconds - Initiated by StopAssetImportingV2(NoUpdateAssetOptions)
[ScriptCompilation] NOT recompiling all scripts because this is an import worker process. Reason to compile was: Define symbols changed
[Package Manager] Failed to launch server process. Reason: Unity was launched with the -noUpm command-line argument
[Package Manager] Unable to send message (not connected to server process).
[Package Manager] Cannot connect to Unity Package Manager local server
Mono: successfully reloaded assembly
- Finished resetting the current domain, in  0.521 seconds
Domain Reload Profiling: 1000ms
	BeginReloadAssembly (162ms)
		ExecutionOrderSort (0ms)
		DisableScriptedObjects (5ms)
		BackupInstance (0ms)
		ReleaseScriptingObjects (0ms)
		CreateAndSetChildDomain (37ms)
	RebuildCommonClasses (24ms)
	RebuildNativeTypeToScriptingClass (9ms)
	initialDomainReloadingComplete (19ms)
	LoadAllAssembliesAndSetupDomain (265ms)
		LoadAssemblies (225ms)
		RebuildTransferFunctionScriptingTraits (0ms)
		AnalyzeDomain (114ms)
			TypeCache.Refresh (6ms)
				TypeCache.ScanAssembly (0ms)
			BuildScriptInfoCaches (97ms)
			ResolveRequiredComponents (8ms)
	FinalizeReload (521ms)
		ReleaseScriptCaches (0ms)
		RebuildScriptCaches (0ms)
		SetupLoadedEditorAssemblies (409ms)
			LogAssemblyErrors (0ms)
			InitializePlatformSupportModulesInManaged (2ms)
			SetLoadedEditorAssemblies (4ms)
			BeforeProcessingInitializeOnLoad (75ms)
			ProcessInitializeOnLoadAttributes (283ms)
			ProcessInitializeOnLoadMethodAttributes (41ms)
			AfterProcessingInitializeOnLoad (3ms)
			EditorAssembliesLoaded (0ms)
		ExecutionOrderSort2 (0ms)
		AwakeInstancesAfterBackupRestoration (12ms)
Refreshing native plugins compatible for Editor in 0.56 ms, found 2 plugins.
Preloading 0 native plugins for Editor in 0.00 ms.
Unloading 13 Unused Serialized files (Serialized files now loaded: 0)
Unloading 4280 unused Assets / (4.3 MB). Loaded Objects now: 5162.
Memory consumption went from 138.1 MB to 133.7 MB.
Total: 4.910500 ms (FindLiveObjects: 0.296300 ms CreateObjectMapping: 0.177800 ms MarkObjects: 2.894400 ms  DeleteObjects: 1.541200 ms)

Prepare: number of updated asset objects reloaded= 0
========================================================================
Received Prepare
Begin MonoManager ReloadAssembly
- Loaded All Assemblies, in  0.475 seconds
Refreshing native plugins compatible for Editor in 0.47 ms, found 2 plugins.
Native extension for WindowsStandalone target not found
Native extension for WebGL target not found
Assertion failed on expression: '!AssetDatabase::IsAssetImportWorkerProcess()'
UnityEngine.Debug:ExtractStackTraceNoAlloc (byte*,int,string)
UnityEngine.StackTraceUtility:ExtractStackTrace ()
YG.EditorScr.AssetEditScope:Dispose () (at Assets/PluginYourGames/Scripts/EditorScr/FileYG.cs:143)
YG.EditorScr.DefineSymbols:ConversionPlatformConfigs () (at Assets/PluginYourGames/Scripts/EditorScr/DefineSymbols.cs:292)
YG.EditorScr.DefineSymbols:UpdateDefineSymbols () (at Assets/PluginYourGames/Scripts/EditorScr/DefineSymbols.cs:60)
YG.EditorScr.DefineSymbols:.cctor () (at Assets/PluginYourGames/Scripts/EditorScr/DefineSymbols.cs:34)
System.Runtime.CompilerServices.RuntimeHelpers:RunClassConstructor (System.RuntimeTypeHandle)
UnityEditor.EditorAssemblies:ProcessInitializeOnLoadAttributes (System.Type[])

[Assets/PluginYourGames/Scripts/EditorScr/FileYG.cs line 143]

Asset Pipeline Refresh (id=9837b1beeff3d67428eb5f8ea4dca6ee): Total: 0.000 seconds - Initiated by StopAssetImportingV2(NoUpdateAssetOptions)
[ScriptCompilation] NOT recompiling all scripts because this is an import worker process. Reason to compile was: Define symbols changed
[Package Manager] Failed to launch server process. Reason: Unity was launched with the -noUpm command-line argument
[Package Manager] Unable to send message (not connected to server process).
[Package Manager] Cannot connect to Unity Package Manager local server
Mono: successfully reloaded assembly
- Finished resetting the current domain, in  0.482 seconds
Domain Reload Profiling: 959ms
	BeginReloadAssembly (147ms)
		ExecutionOrderSort (0ms)
		DisableScriptedObjects (5ms)
		BackupInstance (0ms)
		ReleaseScriptingObjects (0ms)
		CreateAndSetChildDomain (34ms)
	RebuildCommonClasses (27ms)
	RebuildNativeTypeToScriptingClass (10ms)
	initialDomainReloadingComplete (18ms)
	LoadAllAssembliesAndSetupDomain (275ms)
		LoadAssemblies (230ms)
		RebuildTransferFunctionScriptingTraits (0ms)
		AnalyzeDomain (111ms)
			TypeCache.Refresh (5ms)
				TypeCache.ScanAssembly (0ms)
			BuildScriptInfoCaches (95ms)
			ResolveRequiredComponents (7ms)
	FinalizeReload (482ms)
		ReleaseScriptCaches (0ms)
		RebuildScriptCaches (0ms)
		SetupLoadedEditorAssemblies (370ms)
			LogAssemblyErrors (0ms)
			InitializePlatformSupportModulesInManaged (2ms)
			SetLoadedEditorAssemblies (4ms)
			BeforeProcessingInitializeOnLoad (81ms)
			ProcessInitializeOnLoadAttributes (242ms)
			ProcessInitializeOnLoadMethodAttributes (39ms)
			AfterProcessingInitializeOnLoad (1ms)
			EditorAssembliesLoaded (0ms)
		ExecutionOrderSort2 (0ms)
		AwakeInstancesAfterBackupRestoration (13ms)
Refreshing native plugins compatible for Editor in 0.57 ms, found 2 plugins.
Preloading 0 native plugins for Editor in 0.00 ms.
Unloading 13 Unused Serialized files (Serialized files now loaded: 0)
Unloading 4280 unused Assets / (4.4 MB). Loaded Objects now: 5164.
Memory consumption went from 138.1 MB to 133.7 MB.
Total: 4.638700 ms (FindLiveObjects: 0.322900 ms CreateObjectMapping: 0.190000 ms MarkObjects: 2.767300 ms  DeleteObjects: 1.357700 ms)

Prepare: number of updated asset objects reloaded= 0
========================================================================
Received Import Request.
  Time since last request: 1091.653141 seconds.
  path: Assets/Scripts/Player/MusicZoneTrigger.cs
  artifactKey: Guid(155deb94939d55b4e9cbed2b71c48d34) Importer(2089858483,192608db42251d675da83286b1cce702)
Start importing Assets/Scripts/Player/MusicZoneTrigger.cs using Guid(155deb94939d55b4e9cbed2b71c48d34) Importer(2089858483,192608db42251d675da83286b1cce702) (ScriptedImporter) -> (artifact id: '4dc7086fda883703e43ced82af41e725') in 0.3648007 seconds
Number of updated asset objects reloaded before import = 0Number of asset objects unloaded after import = 0

========================================================================
Received Import Request.
  Time since last request: 0.000026 seconds.
  path: Assets/Scripts/PC/ComputerInteraction.cs
  artifactKey: Guid(c00ee6fb97b6d5941a153b0bc628f9fc) Importer(2089858483,192608db42251d675da83286b1cce702)
Start importing Assets/Scripts/PC/ComputerInteraction.cs using Guid(c00ee6fb97b6d5941a153b0bc628f9fc) Importer(2089858483,192608db42251d675da83286b1cce702) (ScriptedImporter) -> (artifact id: 'c62d5a9c844cbc63ee49d5b73914ec4f') in 0.0268869 seconds
Number of updated asset objects reloaded before import = 0Number of asset objects unloaded after import = 0

========================================================================
Received Import Request.
  Time since last request: 34.332872 seconds.
  path: Assets/Music/Sounds/ElevationClose.mp3
  artifactKey: Guid(39e096a790b0aa04d967639f6b00ed0d) Importer(2089858483,192608db42251d675da83286b1cce702)
Start importing Assets/Music/Sounds/ElevationClose.mp3 using Guid(39e096a790b0aa04d967639f6b00ed0d) Importer(2089858483,192608db42251d675da83286b1cce702) (ScriptedImporter) -> (artifact id: '65658e003fa65c8003343d093fead64d') in 0.0482469 seconds
Number of updated asset objects reloaded before import = 0Number of asset objects unloaded after import = 1

========================================================================
Received Import Request.
  Time since last request: 75.980624 seconds.
  path: Assets/Music/Sounds/SafeRoom.mp3
  artifactKey: Guid(d5c4e222425855c4b9caab32a38defff) Importer(2089858483,192608db42251d675da83286b1cce702)
Start importing Assets/Music/Sounds/SafeRoom.mp3 using Guid(d5c4e222425855c4b9caab32a38defff) Importer(2089858483,192608db42251d675da83286b1cce702) (ScriptedImporter) -> (artifact id: 'ec7dcaaf26d265bb170fda18d8fbcedd') in 0.0439323 seconds
Number of updated asset objects reloaded before import = 0Number of asset objects unloaded after import = 1

========================================================================
Received Import Request.
  Time since last request: 2.062526 seconds.
  path: Assets/Scenes/cameratest2.unity
  artifactKey: Guid(9e20fbfc5227901419a4c06a0ffc479b) Importer(2089858483,192608db42251d675da83286b1cce702)
Start importing Assets/Scenes/cameratest2.unity using Guid(9e20fbfc5227901419a4c06a0ffc479b) Importer(2089858483,192608db42251d675da83286b1cce702) (ScriptedImporter) -> (artifact id: 'd06b5a09b6a1a96f80193bfd3996457f') in 0.0331947 seconds
Number of updated asset objects reloaded before import = 0Number of asset objects unloaded after import = 1

========================================================================
Received Import Request.
  Time since last request: 73.913943 seconds.
  path: Assets/Music/Sounds/SafeRoom.mp3
  artifactKey: Guid(d5c4e222425855c4b9caab32a38defff) Importer(815301076,1909f56bfc062723c751e8b465ee728b)
Start importing Assets/Music/Sounds/SafeRoom.mp3 using Guid(d5c4e222425855c4b9caab32a38defff) Importer(815301076,1909f56bfc062723c751e8b465ee728b) (PreviewImporter) -> (artifact id: '3747cb4749b7c9fd41d8011022f38f6d') in 0.1239476 seconds
Number of updated asset objects reloaded before import = 0Number of asset objects unloaded after import = 2

========================================================================
Received Prepare
Begin MonoManager ReloadAssembly
- Loaded All Assemblies, in  0.802 seconds
Refreshing native plugins compatible for Editor in 0.51 ms, found 2 plugins.
Native extension for WindowsStandalone target not found
Native extension for WebGL target not found
Assertion failed on expression: '!AssetDatabase::IsAssetImportWorkerProcess()'
UnityEngine.Debug:ExtractStackTraceNoAlloc (byte*,int,string)
UnityEngine.StackTraceUtility:ExtractStackTrace ()
YG.EditorScr.AssetEditScope:Dispose () (at Assets/PluginYourGames/Scripts/EditorScr/FileYG.cs:143)
YG.EditorScr.DefineSymbols:ConversionPlatformConfigs () (at Assets/PluginYourGames/Scripts/EditorScr/DefineSymbols.cs:292)
YG.EditorScr.DefineSymbols:UpdateDefineSymbols () (at Assets/PluginYourGames/Scripts/EditorScr/DefineSymbols.cs:60)
YG.EditorScr.DefineSymbols:.cctor () (at Assets/PluginYourGames/Scripts/EditorScr/DefineSymbols.cs:34)
System.Runtime.CompilerServices.RuntimeHelpers:RunClassConstructor (System.RuntimeTypeHandle)
UnityEditor.EditorAssemblies:ProcessInitializeOnLoadAttributes (System.Type[])

[Assets/PluginYourGames/Scripts/EditorScr/FileYG.cs line 143]

Asset Pipeline Refresh (id=7968bc48996d10949859ce66c2d4525b): Total: 0.001 seconds - Initiated by StopAssetImportingV2(NoUpdateAssetOptions)
[ScriptCompilation] NOT recompiling all scripts because this is an import worker process. Reason to compile was: Define symbols changed
[Package Manager] Failed to launch server process. Reason: Unity was launched with the -noUpm command-line argument
[Package Manager] Unable to send message (not connected to server process).
[Package Manager] Cannot connect to Unity Package Manager local server
Mono: successfully reloaded assembly
- Finished resetting the current domain, in  0.514 seconds
Domain Reload Profiling: 1320ms
	BeginReloadAssembly (329ms)
		ExecutionOrderSort (0ms)
		DisableScriptedObjects (13ms)
		BackupInstance (0ms)
		ReleaseScriptingObjects (1ms)
		CreateAndSetChildDomain (114ms)
	RebuildCommonClasses (34ms)
	RebuildNativeTypeToScriptingClass (9ms)
	initialDomainReloadingComplete (23ms)
	LoadAllAssembliesAndSetupDomain (410ms)
		LoadAssemblies (421ms)
		RebuildTransferFunctionScriptingTraits (0ms)
		AnalyzeDomain (122ms)
			TypeCache.Refresh (7ms)
				TypeCache.ScanAssembly (0ms)
			BuildScriptInfoCaches (104ms)
			ResolveRequiredComponents (8ms)
	FinalizeReload (515ms)
		ReleaseScriptCaches (0ms)
		RebuildScriptCaches (0ms)
		SetupLoadedEditorAssemblies (392ms)
			LogAssemblyErrors (0ms)
			InitializePlatformSupportModulesInManaged (3ms)
			SetLoadedEditorAssemblies (4ms)
			BeforeProcessingInitializeOnLoad (83ms)
			ProcessInitializeOnLoadAttributes (258ms)
			ProcessInitializeOnLoadMethodAttributes (43ms)
			AfterProcessingInitializeOnLoad (1ms)
			EditorAssembliesLoaded (0ms)
		ExecutionOrderSort2 (0ms)
		AwakeInstancesAfterBackupRestoration (13ms)
Refreshing native plugins compatible for Editor in 0.62 ms, found 2 plugins.
Preloading 0 native plugins for Editor in 0.00 ms.
Unloading 13 Unused Serialized files (Serialized files now loaded: 0)
Unloading 4280 unused Assets / (4.9 MB). Loaded Objects now: 5166.
Memory consumption went from 138.1 MB to 133.3 MB.
Total: 6.984700 ms (FindLiveObjects: 0.328700 ms CreateObjectMapping: 0.187200 ms MarkObjects: 4.026900 ms  DeleteObjects: 2.441200 ms)

Prepare: number of updated asset objects reloaded= 0
========================================================================
Received Prepare
Begin MonoManager ReloadAssembly
- Loaded All Assemblies, in  0.819 seconds
Refreshing native plugins compatible for Editor in 0.64 ms, found 2 plugins.
Native extension for WindowsStandalone target not found
Native extension for WebGL target not found
Assertion failed on expression: '!AssetDatabase::IsAssetImportWorkerProcess()'
UnityEngine.Debug:ExtractStackTraceNoAlloc (byte*,int,string)
UnityEngine.StackTraceUtility:ExtractStackTrace ()
YG.EditorScr.AssetEditScope:Dispose () (at Assets/PluginYourGames/Scripts/EditorScr/FileYG.cs:143)
YG.EditorScr.DefineSymbols:ConversionPlatformConfigs () (at Assets/PluginYourGames/Scripts/EditorScr/DefineSymbols.cs:292)
YG.EditorScr.DefineSymbols:UpdateDefineSymbols () (at Assets/PluginYourGames/Scripts/EditorScr/DefineSymbols.cs:60)
YG.EditorScr.DefineSymbols:.cctor () (at Assets/PluginYourGames/Scripts/EditorScr/DefineSymbols.cs:34)
System.Runtime.CompilerServices.RuntimeHelpers:RunClassConstructor (System.RuntimeTypeHandle)
UnityEditor.EditorAssemblies:ProcessInitializeOnLoadAttributes (System.Type[])

[Assets/PluginYourGames/Scripts/EditorScr/FileYG.cs line 143]

Asset Pipeline Refresh (id=c428efafd31a36c4f8c7c0e90289707a): Total: 0.001 seconds - Initiated by StopAssetImportingV2(NoUpdateAssetOptions)
[ScriptCompilation] NOT recompiling all scripts because this is an import worker process. Reason to compile was: Define symbols changed
[Package Manager] Failed to launch server process. Reason: Unity was launched with the -noUpm command-line argument
[Package Manager] Unable to send message (not connected to server process).
[Package Manager] Cannot connect to Unity Package Manager local server
Mono: successfully reloaded assembly
- Finished resetting the current domain, in  0.608 seconds
Domain Reload Profiling: 1432ms
	BeginReloadAssembly (274ms)
		ExecutionOrderSort (0ms)
		DisableScriptedObjects (19ms)
		BackupInstance (0ms)
		ReleaseScriptingObjects (0ms)
		CreateAndSetChildDomain (73ms)
	RebuildCommonClasses (39ms)
	RebuildNativeTypeToScriptingClass (10ms)
	initialDomainReloadingComplete (25ms)
	LoadAllAssembliesAndSetupDomain (477ms)
		LoadAssemblies (379ms)
		RebuildTransferFunctionScriptingTraits (0ms)
		AnalyzeDomain (204ms)
			TypeCache.Refresh (16ms)
				TypeCache.ScanAssembly (3ms)
			BuildScriptInfoCaches (166ms)
			ResolveRequiredComponents (12ms)
	FinalizeReload (608ms)
		ReleaseScriptCaches (0ms)
		RebuildScriptCaches (0ms)
		SetupLoadedEditorAssemblies (454ms)
			LogAssemblyErrors (0ms)
			InitializePlatformSupportModulesInManaged (4ms)
			SetLoadedEditorAssemblies (6ms)
			BeforeProcessingInitializeOnLoad (109ms)
			ProcessInitializeOnLoadAttributes (290ms)
			ProcessInitializeOnLoadMethodAttributes (43ms)
			AfterProcessingInitializeOnLoad (1ms)
			EditorAssembliesLoaded (0ms)
		ExecutionOrderSort2 (0ms)
		AwakeInstancesAfterBackupRestoration (13ms)
Refreshing native plugins compatible for Editor in 0.72 ms, found 2 plugins.
Preloading 0 native plugins for Editor in 0.00 ms.
Unloading 13 Unused Serialized files (Serialized files now loaded: 0)
Unloading 4280 unused Assets / (4.2 MB). Loaded Objects now: 5168.
Memory consumption went from 138.2 MB to 133.9 MB.
Total: 6.293700 ms (FindLiveObjects: 0.320700 ms CreateObjectMapping: 0.174800 ms MarkObjects: 3.449800 ms  DeleteObjects: 2.347200 ms)

Prepare: number of updated asset objects reloaded= 0
========================================================================
Received Import Request.
  Time since last request: 750.780836 seconds.
  path: Assets/Scenes/cameratest2.unity
  artifactKey: Guid(9e20fbfc5227901419a4c06a0ffc479b) Importer(2089858483,192608db42251d675da83286b1cce702)
Start importing Assets/Scenes/cameratest2.unity using Guid(9e20fbfc5227901419a4c06a0ffc479b) Importer(2089858483,192608db42251d675da83286b1cce702) (ScriptedImporter) -> (artifact id: 'da39c90f97ed7886ae58d0d59b0b344d') in 0.2559367 seconds
Number of updated asset objects reloaded before import = 0Number of asset objects unloaded after import = 1

========================================================================
Received Prepare
Refreshing native plugins compatible for Editor in 0.64 ms, found 2 plugins.
Preloading 0 native plugins for Editor in 0.00 ms.
Unloading 13 Unused Serialized files (Serialized files now loaded: 0)
Unloading 4272 unused Assets / (4.0 MB). Loaded Objects now: 5169.
Memory consumption went from 138.4 MB to 134.3 MB.
Total: 6.055200 ms (FindLiveObjects: 0.301600 ms CreateObjectMapping: 0.165200 ms MarkObjects: 3.933300 ms  DeleteObjects: 1.653500 ms)

Prepare: number of updated asset objects reloaded= 0
========================================================================
Received Import Request.
  Time since last request: 0.450643 seconds.
  path: Assets/Scripts/PC/ElevatorController.cs
  artifactKey: Guid(7217569084b5bed488a1737cef48e3e8) Importer(815301076,1909f56bfc062723c751e8b465ee728b)
Start importing Assets/Scripts/PC/ElevatorController.cs using Guid(7217569084b5bed488a1737cef48e3e8) Importer(815301076,1909f56bfc062723c751e8b465ee728b) (PreviewImporter) -> (artifact id: '70e5f58d0b7bda519fc6a55a355c45cd') in 0.0088158 seconds
Number of updated asset objects reloaded before import = 0Number of asset objects unloaded after import = 0

========================================================================
Received Import Request.
  Time since last request: 0.719319 seconds.
  path: Assets/Scripts/PC/ElevatorController.cs
  artifactKey: Guid(7217569084b5bed488a1737cef48e3e8) Importer(2089858483,192608db42251d675da83286b1cce702)
Start importing Assets/Scripts/PC/ElevatorController.cs using Guid(7217569084b5bed488a1737cef48e3e8) Importer(2089858483,192608db42251d675da83286b1cce702) (ScriptedImporter) -> (artifact id: 'c73b0182350572e96ef44b45cf408b29') in 0.0450099 seconds
Number of updated asset objects reloaded before import = 0Number of asset objects unloaded after import = 0

========================================================================
Received Prepare
Begin MonoManager ReloadAssembly
- Loaded All Assemblies, in  0.685 seconds
Refreshing native plugins compatible for Editor in 0.62 ms, found 2 plugins.
Native extension for WindowsStandalone target not found
Native extension for WebGL target not found
Assertion failed on expression: '!AssetDatabase::IsAssetImportWorkerProcess()'
UnityEngine.Debug:ExtractStackTraceNoAlloc (byte*,int,string)
UnityEngine.StackTraceUtility:ExtractStackTrace ()
YG.EditorScr.AssetEditScope:Dispose () (at Assets/PluginYourGames/Scripts/EditorScr/FileYG.cs:143)
YG.EditorScr.DefineSymbols:ConversionPlatformConfigs () (at Assets/PluginYourGames/Scripts/EditorScr/DefineSymbols.cs:292)
YG.EditorScr.DefineSymbols:UpdateDefineSymbols () (at Assets/PluginYourGames/Scripts/EditorScr/DefineSymbols.cs:60)
YG.EditorScr.DefineSymbols:.cctor () (at Assets/PluginYourGames/Scripts/EditorScr/DefineSymbols.cs:34)
System.Runtime.CompilerServices.RuntimeHelpers:RunClassConstructor (System.RuntimeTypeHandle)
UnityEditor.EditorAssemblies:ProcessInitializeOnLoadAttributes (System.Type[])

[Assets/PluginYourGames/Scripts/EditorScr/FileYG.cs line 143]

Asset Pipeline Refresh (id=e79480c3a2030eb42898e028add32472): Total: 0.001 seconds - Initiated by StopAssetImportingV2(NoUpdateAssetOptions)
[ScriptCompilation] NOT recompiling all scripts because this is an import worker process. Reason to compile was: Define symbols changed
[Package Manager] Failed to launch server process. Reason: Unity was launched with the -noUpm command-line argument
[Package Manager] Unable to send message (not connected to server process).
[Package Manager] Cannot connect to Unity Package Manager local server
Mono: successfully reloaded assembly
- Finished resetting the current domain, in  0.676 seconds
Domain Reload Profiling: 1364ms
	BeginReloadAssembly (243ms)
		ExecutionOrderSort (0ms)
		DisableScriptedObjects (6ms)
		BackupInstance (0ms)
		ReleaseScriptingObjects (0ms)
		CreateAndSetChildDomain (79ms)
	RebuildCommonClasses (38ms)
	RebuildNativeTypeToScriptingClass (14ms)
	initialDomainReloadingComplete (27ms)
	LoadAllAssembliesAndSetupDomain (366ms)
		LoadAssemblies (338ms)
		RebuildTransferFunctionScriptingTraits (0ms)
		AnalyzeDomain (130ms)
			TypeCache.Refresh (13ms)
				TypeCache.ScanAssembly (3ms)
			BuildScriptInfoCaches (105ms)
			ResolveRequiredComponents (10ms)
	FinalizeReload (676ms)
		ReleaseScriptCaches (0ms)
		RebuildScriptCaches (0ms)
		SetupLoadedEditorAssemblies (510ms)
			LogAssemblyErrors (0ms)
			InitializePlatformSupportModulesInManaged (2ms)
			SetLoadedEditorAssemblies (4ms)
			BeforeProcessingInitializeOnLoad (105ms)
			ProcessInitializeOnLoadAttributes (337ms)
			ProcessInitializeOnLoadMethodAttributes (59ms)
			AfterProcessingInitializeOnLoad (2ms)
			EditorAssembliesLoaded (0ms)
		ExecutionOrderSort2 (0ms)
		AwakeInstancesAfterBackupRestoration (20ms)
Refreshing native plugins compatible for Editor in 0.55 ms, found 2 plugins.
Preloading 0 native plugins for Editor in 0.00 ms.
Unloading 13 Unused Serialized files (Serialized files now loaded: 0)
Unloading 4281 unused Assets / (4.0 MB). Loaded Objects now: 5171.
Memory consumption went from 138.2 MB to 134.2 MB.
Total: 5.051100 ms (FindLiveObjects: 0.291700 ms CreateObjectMapping: 0.171100 ms MarkObjects: 3.145200 ms  DeleteObjects: 1.441900 ms)

Prepare: number of updated asset objects reloaded= 0
========================================================================
Received Import Request.
  Time since last request: 9.389759 seconds.
  path: Assets/Scripts/PC/ElevatorController.cs
  artifactKey: Guid(7217569084b5bed488a1737cef48e3e8) Importer(815301076,1909f56bfc062723c751e8b465ee728b)
Start importing Assets/Scripts/PC/ElevatorController.cs using Guid(7217569084b5bed488a1737cef48e3e8) Importer(815301076,1909f56bfc062723c751e8b465ee728b) (PreviewImporter) -> (artifact id: 'eae2324f6e60750a5eddd10bb6cc8122') in 0.0094012 seconds
Number of updated asset objects reloaded before import = 0Number of asset objects unloaded after import = 0

========================================================================
Received Prepare
Begin MonoManager ReloadAssembly
- Loaded All Assemblies, in  0.566 seconds
Refreshing native plugins compatible for Editor in 0.52 ms, found 2 plugins.
Native extension for WindowsStandalone target not found
Native extension for WebGL target not found
Assertion failed on expression: '!AssetDatabase::IsAssetImportWorkerProcess()'
UnityEngine.Debug:ExtractStackTraceNoAlloc (byte*,int,string)
UnityEngine.StackTraceUtility:ExtractStackTrace ()
YG.EditorScr.AssetEditScope:Dispose () (at Assets/PluginYourGames/Scripts/EditorScr/FileYG.cs:143)
YG.EditorScr.DefineSymbols:ConversionPlatformConfigs () (at Assets/PluginYourGames/Scripts/EditorScr/DefineSymbols.cs:292)
YG.EditorScr.DefineSymbols:UpdateDefineSymbols () (at Assets/PluginYourGames/Scripts/EditorScr/DefineSymbols.cs:60)
YG.EditorScr.DefineSymbols:.cctor () (at Assets/PluginYourGames/Scripts/EditorScr/DefineSymbols.cs:34)
System.Runtime.CompilerServices.RuntimeHelpers:RunClassConstructor (System.RuntimeTypeHandle)
UnityEditor.EditorAssemblies:ProcessInitializeOnLoadAttributes (System.Type[])

[Assets/PluginYourGames/Scripts/EditorScr/FileYG.cs line 143]

Asset Pipeline Refresh (id=a19b942c0468eb44ca56b974302f557a): Total: 0.000 seconds - Initiated by StopAssetImportingV2(NoUpdateAssetOptions)
[ScriptCompilation] NOT recompiling all scripts because this is an import worker process. Reason to compile was: Define symbols changed
[Package Manager] Failed to launch server process. Reason: Unity was launched with the -noUpm command-line argument
[Package Manager] Unable to send message (not connected to server process).
[Package Manager] Cannot connect to Unity Package Manager local server
Mono: successfully reloaded assembly
- Finished resetting the current domain, in  0.511 seconds
Domain Reload Profiling: 1079ms
	BeginReloadAssembly (211ms)
		ExecutionOrderSort (0ms)
		DisableScriptedObjects (6ms)
		BackupInstance (0ms)
		ReleaseScriptingObjects (0ms)
		CreateAndSetChildDomain (57ms)
	RebuildCommonClasses (37ms)
	RebuildNativeTypeToScriptingClass (11ms)
	initialDomainReloadingComplete (24ms)
	LoadAllAssembliesAndSetupDomain (285ms)
		LoadAssemblies (255ms)
		RebuildTransferFunctionScriptingTraits (0ms)
		AnalyzeDomain (118ms)
			TypeCache.Refresh (9ms)
				TypeCache.ScanAssembly (2ms)
			BuildScriptInfoCaches (97ms)
			ResolveRequiredComponents (9ms)
	FinalizeReload (511ms)
		ReleaseScriptCaches (0ms)
		RebuildScriptCaches (0ms)
		SetupLoadedEditorAssemblies (385ms)
			LogAssemblyErrors (0ms)
			InitializePlatformSupportModulesInManaged (2ms)
			SetLoadedEditorAssemblies (4ms)
			BeforeProcessingInitializeOnLoad (76ms)
			ProcessInitializeOnLoadAttributes (257ms)
			ProcessInitializeOnLoadMethodAttributes (44ms)
			AfterProcessingInitializeOnLoad (1ms)
			EditorAssembliesLoaded (0ms)
		ExecutionOrderSort2 (0ms)
		AwakeInstancesAfterBackupRestoration (13ms)
Refreshing native plugins compatible for Editor in 0.57 ms, found 2 plugins.
Preloading 0 native plugins for Editor in 0.00 ms.
Unloading 13 Unused Serialized files (Serialized files now loaded: 0)
Unloading 4281 unused Assets / (4.1 MB). Loaded Objects now: 5173.
Memory consumption went from 138.2 MB to 134.1 MB.
Total: 4.759800 ms (FindLiveObjects: 0.293900 ms CreateObjectMapping: 0.162400 ms MarkObjects: 2.968500 ms  DeleteObjects: 1.333600 ms)

Prepare: number of updated asset objects reloaded= 0
========================================================================
Received Import Request.
  Time since last request: 20.999261 seconds.
  path: Assets/Scripts/PC/ElevatorController.cs
  artifactKey: Guid(7217569084b5bed488a1737cef48e3e8) Importer(815301076,1909f56bfc062723c751e8b465ee728b)
Start importing Assets/Scripts/PC/ElevatorController.cs using Guid(7217569084b5bed488a1737cef48e3e8) Importer(815301076,1909f56bfc062723c751e8b465ee728b) (PreviewImporter) -> (artifact id: '2b6a456727fc82ac61e5e8dd7e87ec5a') in 0.0072744 seconds
Number of updated asset objects reloaded before import = 0Number of asset objects unloaded after import = 0

========================================================================
Received Prepare
Begin MonoManager ReloadAssembly
- Loaded All Assemblies, in  0.511 seconds
Refreshing native plugins compatible for Editor in 0.54 ms, found 2 plugins.
Native extension for WindowsStandalone target not found
Native extension for WebGL target not found
Assertion failed on expression: '!AssetDatabase::IsAssetImportWorkerProcess()'
UnityEngine.Debug:ExtractStackTraceNoAlloc (byte*,int,string)
UnityEngine.StackTraceUtility:ExtractStackTrace ()
YG.EditorScr.AssetEditScope:Dispose () (at Assets/PluginYourGames/Scripts/EditorScr/FileYG.cs:143)
YG.EditorScr.DefineSymbols:ConversionPlatformConfigs () (at Assets/PluginYourGames/Scripts/EditorScr/DefineSymbols.cs:292)
YG.EditorScr.DefineSymbols:UpdateDefineSymbols () (at Assets/PluginYourGames/Scripts/EditorScr/DefineSymbols.cs:60)
YG.EditorScr.DefineSymbols:.cctor () (at Assets/PluginYourGames/Scripts/EditorScr/DefineSymbols.cs:34)
System.Runtime.CompilerServices.RuntimeHelpers:RunClassConstructor (System.RuntimeTypeHandle)
UnityEditor.EditorAssemblies:ProcessInitializeOnLoadAttributes (System.Type[])

[Assets/PluginYourGames/Scripts/EditorScr/FileYG.cs line 143]

Asset Pipeline Refresh (id=c7ce7c2ce06397046809972b21e1f5fa): Total: 0.000 seconds - Initiated by StopAssetImportingV2(NoUpdateAssetOptions)
[ScriptCompilation] NOT recompiling all scripts because this is an import worker process. Reason to compile was: Define symbols changed
[Package Manager] Failed to launch server process. Reason: Unity was launched with the -noUpm command-line argument
[Package Manager] Unable to send message (not connected to server process).
[Package Manager] Cannot connect to Unity Package Manager local server
Mono: successfully reloaded assembly
- Finished resetting the current domain, in  0.523 seconds
Domain Reload Profiling: 1036ms
	BeginReloadAssembly (178ms)
		ExecutionOrderSort (0ms)
		DisableScriptedObjects (5ms)
		BackupInstance (0ms)
		ReleaseScriptingObjects (0ms)
		CreateAndSetChildDomain (38ms)
	RebuildCommonClasses (32ms)
	RebuildNativeTypeToScriptingClass (10ms)
	initialDomainReloadingComplete (19ms)
	LoadAllAssembliesAndSetupDomain (274ms)
		LoadAssemblies (249ms)
		RebuildTransferFunctionScriptingTraits (0ms)
		AnalyzeDomain (112ms)
			TypeCache.Refresh (5ms)
				TypeCache.ScanAssembly (0ms)
			BuildScriptInfoCaches (95ms)
			ResolveRequiredComponents (8ms)
	FinalizeReload (523ms)
		ReleaseScriptCaches (0ms)
		RebuildScriptCaches (0ms)
		SetupLoadedEditorAssemblies (396ms)
			LogAssemblyErrors (0ms)
			InitializePlatformSupportModulesInManaged (3ms)
			SetLoadedEditorAssemblies (5ms)
			BeforeProcessingInitializeOnLoad (76ms)
			ProcessInitializeOnLoadAttributes (272ms)
			ProcessInitializeOnLoadMethodAttributes (39ms)
			AfterProcessingInitializeOnLoad (1ms)
			EditorAssembliesLoaded (0ms)
		ExecutionOrderSort2 (0ms)
		AwakeInstancesAfterBackupRestoration (12ms)
Refreshing native plugins compatible for Editor in 0.60 ms, found 2 plugins.
Preloading 0 native plugins for Editor in 0.00 ms.
Unloading 13 Unused Serialized files (Serialized files now loaded: 0)
Unloading 4281 unused Assets / (4.3 MB). Loaded Objects now: 5175.
Memory consumption went from 138.3 MB to 134.0 MB.
Total: 5.142900 ms (FindLiveObjects: 0.304300 ms CreateObjectMapping: 0.166700 ms MarkObjects: 2.914300 ms  DeleteObjects: 1.756400 ms)

Prepare: number of updated asset objects reloaded= 0
========================================================================
Received Prepare
Begin MonoManager ReloadAssembly
- Loaded All Assemblies, in  0.502 seconds
Refreshing native plugins compatible for Editor in 0.51 ms, found 2 plugins.
Native extension for WindowsStandalone target not found
Native extension for WebGL target not found
Assertion failed on expression: '!AssetDatabase::IsAssetImportWorkerProcess()'
UnityEngine.Debug:ExtractStackTraceNoAlloc (byte*,int,string)
UnityEngine.StackTraceUtility:ExtractStackTrace ()
YG.EditorScr.AssetEditScope:Dispose () (at Assets/PluginYourGames/Scripts/EditorScr/FileYG.cs:143)
YG.EditorScr.DefineSymbols:ConversionPlatformConfigs () (at Assets/PluginYourGames/Scripts/EditorScr/DefineSymbols.cs:292)
YG.EditorScr.DefineSymbols:UpdateDefineSymbols () (at Assets/PluginYourGames/Scripts/EditorScr/DefineSymbols.cs:60)
YG.EditorScr.DefineSymbols:.cctor () (at Assets/PluginYourGames/Scripts/EditorScr/DefineSymbols.cs:34)
System.Runtime.CompilerServices.RuntimeHelpers:RunClassConstructor (System.RuntimeTypeHandle)
UnityEditor.EditorAssemblies:ProcessInitializeOnLoadAttributes (System.Type[])

[Assets/PluginYourGames/Scripts/EditorScr/FileYG.cs line 143]

Asset Pipeline Refresh (id=86746e57708f4fb4180a5d8265609d88): Total: 0.000 seconds - Initiated by StopAssetImportingV2(NoUpdateAssetOptions)
[ScriptCompilation] NOT recompiling all scripts because this is an import worker process. Reason to compile was: Define symbols changed
[Package Manager] Failed to launch server process. Reason: Unity was launched with the -noUpm command-line argument
[Package Manager] Unable to send message (not connected to server process).
[Package Manager] Cannot connect to Unity Package Manager local server
Mono: successfully reloaded assembly
- Finished resetting the current domain, in  0.508 seconds
Domain Reload Profiling: 1013ms
	BeginReloadAssembly (172ms)
		ExecutionOrderSort (0ms)
		DisableScriptedObjects (4ms)
		BackupInstance (0ms)
		ReleaseScriptingObjects (0ms)
		CreateAndSetChildDomain (37ms)
	RebuildCommonClasses (36ms)
	RebuildNativeTypeToScriptingClass (15ms)
	initialDomainReloadingComplete (21ms)
	LoadAllAssembliesAndSetupDomain (260ms)
		LoadAssemblies (229ms)
		RebuildTransferFunctionScriptingTraits (0ms)
		AnalyzeDomain (110ms)
			TypeCache.Refresh (6ms)
				TypeCache.ScanAssembly (0ms)
			BuildScriptInfoCaches (93ms)
			ResolveRequiredComponents (9ms)
	FinalizeReload (509ms)
		ReleaseScriptCaches (0ms)
		RebuildScriptCaches (0ms)
		SetupLoadedEditorAssemblies (390ms)
			LogAssemblyErrors (0ms)
			InitializePlatformSupportModulesInManaged (3ms)
			SetLoadedEditorAssemblies (5ms)
			BeforeProcessingInitializeOnLoad (78ms)
			ProcessInitializeOnLoadAttributes (261ms)
			ProcessInitializeOnLoadMethodAttributes (41ms)
			AfterProcessingInitializeOnLoad (1ms)
			EditorAssembliesLoaded (0ms)
		ExecutionOrderSort2 (0ms)
		AwakeInstancesAfterBackupRestoration (12ms)
Refreshing native plugins compatible for Editor in 0.54 ms, found 2 plugins.
Preloading 0 native plugins for Editor in 0.00 ms.
Unloading 13 Unused Serialized files (Serialized files now loaded: 0)
Unloading 4281 unused Assets / (4.3 MB). Loaded Objects now: 5177.
Memory consumption went from 138.3 MB to 134.0 MB.
Total: 4.917700 ms (FindLiveObjects: 0.291500 ms CreateObjectMapping: 0.166300 ms MarkObjects: 3.046400 ms  DeleteObjects: 1.412400 ms)

Prepare: number of updated asset objects reloaded= 0
========================================================================
Received Prepare
Begin MonoManager ReloadAssembly
- Loaded All Assemblies, in  0.476 seconds
Refreshing native plugins compatible for Editor in 0.52 ms, found 2 plugins.
Native extension for WindowsStandalone target not found
Native extension for WebGL target not found
Assertion failed on expression: '!AssetDatabase::IsAssetImportWorkerProcess()'
UnityEngine.Debug:ExtractStackTraceNoAlloc (byte*,int,string)
UnityEngine.StackTraceUtility:ExtractStackTrace ()
YG.EditorScr.AssetEditScope:Dispose () (at Assets/PluginYourGames/Scripts/EditorScr/FileYG.cs:143)
YG.EditorScr.DefineSymbols:ConversionPlatformConfigs () (at Assets/PluginYourGames/Scripts/EditorScr/DefineSymbols.cs:292)
YG.EditorScr.DefineSymbols:UpdateDefineSymbols () (at Assets/PluginYourGames/Scripts/EditorScr/DefineSymbols.cs:60)
YG.EditorScr.DefineSymbols:.cctor () (at Assets/PluginYourGames/Scripts/EditorScr/DefineSymbols.cs:34)
System.Runtime.CompilerServices.RuntimeHelpers:RunClassConstructor (System.RuntimeTypeHandle)
UnityEditor.EditorAssemblies:ProcessInitializeOnLoadAttributes (System.Type[])

[Assets/PluginYourGames/Scripts/EditorScr/FileYG.cs line 143]

Asset Pipeline Refresh (id=61ab882311104b347a3c36c37a91b2b1): Total: 0.001 seconds - Initiated by StopAssetImportingV2(NoUpdateAssetOptions)
[ScriptCompilation] NOT recompiling all scripts because this is an import worker process. Reason to compile was: Define symbols changed
[Package Manager] Failed to launch server process. Reason: Unity was launched with the -noUpm command-line argument
[Package Manager] Unable to send message (not connected to server process).
[Package Manager] Cannot connect to Unity Package Manager local server
Mono: successfully reloaded assembly
- Finished resetting the current domain, in  0.527 seconds
Domain Reload Profiling: 1005ms
	BeginReloadAssembly (164ms)
		ExecutionOrderSort (0ms)
		DisableScriptedObjects (4ms)
		BackupInstance (0ms)
		ReleaseScriptingObjects (0ms)
		CreateAndSetChildDomain (34ms)
	RebuildCommonClasses (27ms)
	RebuildNativeTypeToScriptingClass (9ms)
	initialDomainReloadingComplete (20ms)
	LoadAllAssembliesAndSetupDomain (257ms)
		LoadAssemblies (233ms)
		RebuildTransferFunctionScriptingTraits (0ms)
		AnalyzeDomain (108ms)
			TypeCache.Refresh (5ms)
				TypeCache.ScanAssembly (0ms)
			BuildScriptInfoCaches (93ms)
			ResolveRequiredComponents (8ms)
	FinalizeReload (528ms)
		ReleaseScriptCaches (0ms)
		RebuildScriptCaches (0ms)
		SetupLoadedEditorAssemblies (409ms)
			LogAssemblyErrors (0ms)
			InitializePlatformSupportModulesInManaged (3ms)
			SetLoadedEditorAssemblies (4ms)
			BeforeProcessingInitializeOnLoad (82ms)
			ProcessInitializeOnLoadAttributes (270ms)
			ProcessInitializeOnLoadMethodAttributes (49ms)
			AfterProcessingInitializeOnLoad (2ms)
			EditorAssembliesLoaded (0ms)
		ExecutionOrderSort2 (0ms)
		AwakeInstancesAfterBackupRestoration (12ms)
Refreshing native plugins compatible for Editor in 0.60 ms, found 2 plugins.
Preloading 0 native plugins for Editor in 0.00 ms.
Unloading 13 Unused Serialized files (Serialized files now loaded: 0)
Unloading 4281 unused Assets / (4.7 MB). Loaded Objects now: 5179.
Memory consumption went from 138.3 MB to 133.7 MB.
Total: 5.325100 ms (FindLiveObjects: 0.302100 ms CreateObjectMapping: 0.179300 ms MarkObjects: 3.095400 ms  DeleteObjects: 1.747400 ms)

Prepare: number of updated asset objects reloaded= 0
========================================================================
Received Prepare
Begin MonoManager ReloadAssembly
- Loaded All Assemblies, in  0.633 seconds
Refreshing native plugins compatible for Editor in 0.78 ms, found 2 plugins.
Native extension for WindowsStandalone target not found
Native extension for WebGL target not found
Assertion failed on expression: '!AssetDatabase::IsAssetImportWorkerProcess()'
UnityEngine.Debug:ExtractStackTraceNoAlloc (byte*,int,string)
UnityEngine.StackTraceUtility:ExtractStackTrace ()
YG.EditorScr.AssetEditScope:Dispose () (at Assets/PluginYourGames/Scripts/EditorScr/FileYG.cs:143)
YG.EditorScr.DefineSymbols:ConversionPlatformConfigs () (at Assets/PluginYourGames/Scripts/EditorScr/DefineSymbols.cs:292)
YG.EditorScr.DefineSymbols:UpdateDefineSymbols () (at Assets/PluginYourGames/Scripts/EditorScr/DefineSymbols.cs:60)
YG.EditorScr.DefineSymbols:.cctor () (at Assets/PluginYourGames/Scripts/EditorScr/DefineSymbols.cs:34)
System.Runtime.CompilerServices.RuntimeHelpers:RunClassConstructor (System.RuntimeTypeHandle)
UnityEditor.EditorAssemblies:ProcessInitializeOnLoadAttributes (System.Type[])

[Assets/PluginYourGames/Scripts/EditorScr/FileYG.cs line 143]

Asset Pipeline Refresh (id=8a861c86e0745e7439f686593a14586e): Total: 0.001 seconds - Initiated by StopAssetImportingV2(NoUpdateAssetOptions)
[ScriptCompilation] NOT recompiling all scripts because this is an import worker process. Reason to compile was: Define symbols changed
[Package Manager] Failed to launch server process. Reason: Unity was launched with the -noUpm command-line argument
[Package Manager] Unable to send message (not connected to server process).
[Package Manager] Cannot connect to Unity Package Manager local server
Mono: successfully reloaded assembly
- Finished resetting the current domain, in  0.698 seconds
Domain Reload Profiling: 1334ms
	BeginReloadAssembly (189ms)
		ExecutionOrderSort (0ms)
		DisableScriptedObjects (7ms)
		BackupInstance (0ms)
		ReleaseScriptingObjects (0ms)
		CreateAndSetChildDomain (38ms)
	RebuildCommonClasses (36ms)
	RebuildNativeTypeToScriptingClass (13ms)
	initialDomainReloadingComplete (23ms)
	LoadAllAssembliesAndSetupDomain (375ms)
		LoadAssemblies (328ms)
		RebuildTransferFunctionScriptingTraits (0ms)
		AnalyzeDomain (134ms)
			TypeCache.Refresh (7ms)
				TypeCache.ScanAssembly (0ms)
			BuildScriptInfoCaches (114ms)
			ResolveRequiredComponents (10ms)
	FinalizeReload (699ms)
		ReleaseScriptCaches (0ms)
		RebuildScriptCaches (0ms)
		SetupLoadedEditorAssemblies (545ms)
			LogAssemblyErrors (0ms)
			InitializePlatformSupportModulesInManaged (3ms)
			SetLoadedEditorAssemblies (5ms)
			BeforeProcessingInitializeOnLoad (111ms)
			ProcessInitializeOnLoadAttributes (374ms)
			ProcessInitializeOnLoadMethodAttributes (50ms)
			AfterProcessingInitializeOnLoad (2ms)
			EditorAssembliesLoaded (0ms)
		ExecutionOrderSort2 (0ms)
		AwakeInstancesAfterBackupRestoration (16ms)
Refreshing native plugins compatible for Editor in 0.61 ms, found 2 plugins.
Preloading 0 native plugins for Editor in 0.00 ms.
Unloading 13 Unused Serialized files (Serialized files now loaded: 0)
Unloading 4281 unused Assets / (4.2 MB). Loaded Objects now: 5181.
Memory consumption went from 138.4 MB to 134.2 MB.
Total: 5.210400 ms (FindLiveObjects: 0.338900 ms CreateObjectMapping: 0.174900 ms MarkObjects: 3.220000 ms  DeleteObjects: 1.475100 ms)

Prepare: number of updated asset objects reloaded= 0
========================================================================
Received Prepare
Begin MonoManager ReloadAssembly
- Loaded All Assemblies, in  0.480 seconds
Refreshing native plugins compatible for Editor in 1.03 ms, found 2 plugins.
Native extension for WindowsStandalone target not found
Native extension for WebGL target not found
Assertion failed on expression: '!AssetDatabase::IsAssetImportWorkerProcess()'
UnityEngine.Debug:ExtractStackTraceNoAlloc (byte*,int,string)
UnityEngine.StackTraceUtility:ExtractStackTrace ()
YG.EditorScr.AssetEditScope:Dispose () (at Assets/PluginYourGames/Scripts/EditorScr/FileYG.cs:143)
YG.EditorScr.DefineSymbols:ConversionPlatformConfigs () (at Assets/PluginYourGames/Scripts/EditorScr/DefineSymbols.cs:292)
YG.EditorScr.DefineSymbols:UpdateDefineSymbols () (at Assets/PluginYourGames/Scripts/EditorScr/DefineSymbols.cs:60)
YG.EditorScr.DefineSymbols:.cctor () (at Assets/PluginYourGames/Scripts/EditorScr/DefineSymbols.cs:34)
System.Runtime.CompilerServices.RuntimeHelpers:RunClassConstructor (System.RuntimeTypeHandle)
UnityEditor.EditorAssemblies:ProcessInitializeOnLoadAttributes (System.Type[])

[Assets/PluginYourGames/Scripts/EditorScr/FileYG.cs line 143]

Asset Pipeline Refresh (id=662ec0be0aec27c4c9f20f4ce85257e3): Total: 0.001 seconds - Initiated by StopAssetImportingV2(NoUpdateAssetOptions)
[ScriptCompilation] NOT recompiling all scripts because this is an import worker process. Reason to compile was: Define symbols changed
[Package Manager] Failed to launch server process. Reason: Unity was launched with the -noUpm command-line argument
[Package Manager] Unable to send message (not connected to server process).
[Package Manager] Cannot connect to Unity Package Manager local server
Mono: successfully reloaded assembly
- Finished resetting the current domain, in  0.504 seconds
Domain Reload Profiling: 987ms
	BeginReloadAssembly (158ms)
		ExecutionOrderSort (0ms)
		DisableScriptedObjects (5ms)
		BackupInstance (0ms)
		ReleaseScriptingObjects (0ms)
		CreateAndSetChildDomain (35ms)
	RebuildCommonClasses (31ms)
	RebuildNativeTypeToScriptingClass (9ms)
	initialDomainReloadingComplete (21ms)
	LoadAllAssembliesAndSetupDomain (265ms)
		LoadAssemblies (224ms)
		RebuildTransferFunctionScriptingTraits (0ms)
		AnalyzeDomain (114ms)
			TypeCache.Refresh (5ms)
				TypeCache.ScanAssembly (0ms)
			BuildScriptInfoCaches (99ms)
			ResolveRequiredComponents (8ms)
	FinalizeReload (505ms)
		ReleaseScriptCaches (0ms)
		RebuildScriptCaches (0ms)
		SetupLoadedEditorAssemblies (383ms)
			LogAssemblyErrors (0ms)
			InitializePlatformSupportModulesInManaged (2ms)
			SetLoadedEditorAssemblies (4ms)
			BeforeProcessingInitializeOnLoad (70ms)
			ProcessInitializeOnLoadAttributes (263ms)
			ProcessInitializeOnLoadMethodAttributes (42ms)
			AfterProcessingInitializeOnLoad (1ms)
			EditorAssembliesLoaded (0ms)
		ExecutionOrderSort2 (0ms)
		AwakeInstancesAfterBackupRestoration (15ms)
Refreshing native plugins compatible for Editor in 0.68 ms, found 2 plugins.
Preloading 0 native plugins for Editor in 0.00 ms.
Unloading 13 Unused Serialized files (Serialized files now loaded: 0)
Unloading 4281 unused Assets / (4.3 MB). Loaded Objects now: 5183.
Memory consumption went from 138.4 MB to 134.1 MB.
Total: 4.903500 ms (FindLiveObjects: 0.305400 ms CreateObjectMapping: 0.176500 ms MarkObjects: 2.998400 ms  DeleteObjects: 1.422100 ms)

Prepare: number of updated asset objects reloaded= 0
========================================================================
Received Prepare
Begin MonoManager ReloadAssembly
- Loaded All Assemblies, in  0.525 seconds
Refreshing native plugins compatible for Editor in 0.52 ms, found 2 plugins.
Native extension for WindowsStandalone target not found
Native extension for WebGL target not found
Assertion failed on expression: '!AssetDatabase::IsAssetImportWorkerProcess()'
UnityEngine.Debug:ExtractStackTraceNoAlloc (byte*,int,string)
UnityEngine.StackTraceUtility:ExtractStackTrace ()
YG.EditorScr.AssetEditScope:Dispose () (at Assets/PluginYourGames/Scripts/EditorScr/FileYG.cs:143)
YG.EditorScr.DefineSymbols:ConversionPlatformConfigs () (at Assets/PluginYourGames/Scripts/EditorScr/DefineSymbols.cs:292)
YG.EditorScr.DefineSymbols:UpdateDefineSymbols () (at Assets/PluginYourGames/Scripts/EditorScr/DefineSymbols.cs:60)
YG.EditorScr.DefineSymbols:.cctor () (at Assets/PluginYourGames/Scripts/EditorScr/DefineSymbols.cs:34)
System.Runtime.CompilerServices.RuntimeHelpers:RunClassConstructor (System.RuntimeTypeHandle)
UnityEditor.EditorAssemblies:ProcessInitializeOnLoadAttributes (System.Type[])

[Assets/PluginYourGames/Scripts/EditorScr/FileYG.cs line 143]

Asset Pipeline Refresh (id=f6e7a2feaadaa9e419070cf7f0bcea1d): Total: 0.000 seconds - Initiated by StopAssetImportingV2(NoUpdateAssetOptions)
[ScriptCompilation] NOT recompiling all scripts because this is an import worker process. Reason to compile was: Define symbols changed
[Package Manager] Failed to launch server process. Reason: Unity was launched with the -noUpm command-line argument
[Package Manager] Unable to send message (not connected to server process).
[Package Manager] Cannot connect to Unity Package Manager local server
Mono: successfully reloaded assembly
- Finished resetting the current domain, in  0.529 seconds
Domain Reload Profiling: 1056ms
	BeginReloadAssembly (176ms)
		ExecutionOrderSort (0ms)
		DisableScriptedObjects (7ms)
		BackupInstance (0ms)
		ReleaseScriptingObjects (0ms)
		CreateAndSetChildDomain (34ms)
	RebuildCommonClasses (34ms)
	RebuildNativeTypeToScriptingClass (14ms)
	initialDomainReloadingComplete (20ms)
	LoadAllAssembliesAndSetupDomain (284ms)
		LoadAssemblies (248ms)
		RebuildTransferFunctionScriptingTraits (0ms)
		AnalyzeDomain (120ms)
			TypeCache.Refresh (5ms)
				TypeCache.ScanAssembly (0ms)
			BuildScriptInfoCaches (103ms)
			ResolveRequiredComponents (9ms)
	FinalizeReload (529ms)
		ReleaseScriptCaches (0ms)
		RebuildScriptCaches (0ms)
		SetupLoadedEditorAssemblies (409ms)
			LogAssemblyErrors (0ms)
			InitializePlatformSupportModulesInManaged (2ms)
			SetLoadedEditorAssemblies (4ms)
			BeforeProcessingInitializeOnLoad (91ms)
			ProcessInitializeOnLoadAttributes (270ms)
			ProcessInitializeOnLoadMethodAttributes (40ms)
			AfterProcessingInitializeOnLoad (2ms)
			EditorAssembliesLoaded (0ms)
		ExecutionOrderSort2 (0ms)
		AwakeInstancesAfterBackupRestoration (12ms)
Refreshing native plugins compatible for Editor in 0.60 ms, found 2 plugins.
Preloading 0 native plugins for Editor in 0.00 ms.
Unloading 13 Unused Serialized files (Serialized files now loaded: 0)
Unloading 4281 unused Assets / (4.3 MB). Loaded Objects now: 5185.
Memory consumption went from 138.4 MB to 134.1 MB.
Total: 5.339600 ms (FindLiveObjects: 0.296600 ms CreateObjectMapping: 0.176800 ms MarkObjects: 3.411600 ms  DeleteObjects: 1.453800 ms)

Prepare: number of updated asset objects reloaded= 0
========================================================================
Received Prepare
Begin MonoManager ReloadAssembly
- Loaded All Assemblies, in  0.473 seconds
Refreshing native plugins compatible for Editor in 0.64 ms, found 2 plugins.
Native extension for WindowsStandalone target not found
Native extension for WebGL target not found
Assertion failed on expression: '!AssetDatabase::IsAssetImportWorkerProcess()'
UnityEngine.Debug:ExtractStackTraceNoAlloc (byte*,int,string)
UnityEngine.StackTraceUtility:ExtractStackTrace ()
YG.EditorScr.AssetEditScope:Dispose () (at Assets/PluginYourGames/Scripts/EditorScr/FileYG.cs:143)
YG.EditorScr.DefineSymbols:ConversionPlatformConfigs () (at Assets/PluginYourGames/Scripts/EditorScr/DefineSymbols.cs:292)
YG.EditorScr.DefineSymbols:UpdateDefineSymbols () (at Assets/PluginYourGames/Scripts/EditorScr/DefineSymbols.cs:60)
YG.EditorScr.DefineSymbols:.cctor () (at Assets/PluginYourGames/Scripts/EditorScr/DefineSymbols.cs:34)
System.Runtime.CompilerServices.RuntimeHelpers:RunClassConstructor (System.RuntimeTypeHandle)
UnityEditor.EditorAssemblies:ProcessInitializeOnLoadAttributes (System.Type[])

[Assets/PluginYourGames/Scripts/EditorScr/FileYG.cs line 143]

Asset Pipeline Refresh (id=1ad5417bc6650814388c73fbbb591a42): Total: 0.000 seconds - Initiated by StopAssetImportingV2(NoUpdateAssetOptions)
[ScriptCompilation] NOT recompiling all scripts because this is an import worker process. Reason to compile was: Define symbols changed
[Package Manager] Failed to launch server process. Reason: Unity was launched with the -noUpm command-line argument
[Package Manager] Unable to send message (not connected to server process).
[Package Manager] Cannot connect to Unity Package Manager local server
Mono: successfully reloaded assembly
- Finished resetting the current domain, in  0.525 seconds
Domain Reload Profiling: 1001ms
	BeginReloadAssembly (152ms)
		ExecutionOrderSort (0ms)
		DisableScriptedObjects (5ms)
		BackupInstance (0ms)
		ReleaseScriptingObjects (0ms)
		CreateAndSetChildDomain (31ms)
	RebuildCommonClasses (26ms)
	RebuildNativeTypeToScriptingClass (9ms)
	initialDomainReloadingComplete (20ms)
	LoadAllAssembliesAndSetupDomain (268ms)
		LoadAssemblies (224ms)
		RebuildTransferFunctionScriptingTraits (0ms)
		AnalyzeDomain (116ms)
			TypeCache.Refresh (6ms)
				TypeCache.ScanAssembly (0ms)
			BuildScriptInfoCaches (101ms)
			ResolveRequiredComponents (7ms)
	FinalizeReload (525ms)
		ReleaseScriptCaches (0ms)
		RebuildScriptCaches (0ms)
		SetupLoadedEditorAssemblies (410ms)
			LogAssemblyErrors (0ms)
			InitializePlatformSupportModulesInManaged (3ms)
			SetLoadedEditorAssemblies (4ms)
			BeforeProcessingInitializeOnLoad (81ms)
			ProcessInitializeOnLoadAttributes (272ms)
			ProcessInitializeOnLoadMethodAttributes (49ms)
			AfterProcessingInitializeOnLoad (1ms)
			EditorAssembliesLoaded (0ms)
		ExecutionOrderSort2 (0ms)
		AwakeInstancesAfterBackupRestoration (12ms)
Refreshing native plugins compatible for Editor in 0.66 ms, found 2 plugins.
Preloading 0 native plugins for Editor in 0.00 ms.
Unloading 13 Unused Serialized files (Serialized files now loaded: 0)
Unloading 4281 unused Assets / (4.3 MB). Loaded Objects now: 5187.
Memory consumption went from 138.5 MB to 134.2 MB.
Total: 5.244800 ms (FindLiveObjects: 0.296200 ms CreateObjectMapping: 0.205800 ms MarkObjects: 3.297500 ms  DeleteObjects: 1.444500 ms)

Prepare: number of updated asset objects reloaded= 0
========================================================================
Received Prepare
Begin MonoManager ReloadAssembly
- Loaded All Assemblies, in  0.826 seconds
Refreshing native plugins compatible for Editor in 0.83 ms, found 2 plugins.
Native extension for WindowsStandalone target not found
Native extension for WebGL target not found
Assertion failed on expression: '!AssetDatabase::IsAssetImportWorkerProcess()'
UnityEngine.Debug:ExtractStackTraceNoAlloc (byte*,int,string)
UnityEngine.StackTraceUtility:ExtractStackTrace ()
YG.EditorScr.AssetEditScope:Dispose () (at Assets/PluginYourGames/Scripts/EditorScr/FileYG.cs:143)
YG.EditorScr.DefineSymbols:ConversionPlatformConfigs () (at Assets/PluginYourGames/Scripts/EditorScr/DefineSymbols.cs:292)
YG.EditorScr.DefineSymbols:UpdateDefineSymbols () (at Assets/PluginYourGames/Scripts/EditorScr/DefineSymbols.cs:60)
YG.EditorScr.DefineSymbols:.cctor () (at Assets/PluginYourGames/Scripts/EditorScr/DefineSymbols.cs:34)
System.Runtime.CompilerServices.RuntimeHelpers:RunClassConstructor (System.RuntimeTypeHandle)
UnityEditor.EditorAssemblies:ProcessInitializeOnLoadAttributes (System.Type[])

[Assets/PluginYourGames/Scripts/EditorScr/FileYG.cs line 143]

Asset Pipeline Refresh (id=ba9c4e48249e3d6488481fd1fcdc34e1): Total: 0.001 seconds - Initiated by StopAssetImportingV2(NoUpdateAssetOptions)
[ScriptCompilation] NOT recompiling all scripts because this is an import worker process. Reason to compile was: Define symbols changed
[Package Manager] Failed to launch server process. Reason: Unity was launched with the -noUpm command-line argument
[Package Manager] Unable to send message (not connected to server process).
[Package Manager] Cannot connect to Unity Package Manager local server
Mono: successfully reloaded assembly
- Finished resetting the current domain, in  0.707 seconds
Domain Reload Profiling: 1535ms
	BeginReloadAssembly (306ms)
		ExecutionOrderSort (0ms)
		DisableScriptedObjects (12ms)
		BackupInstance (0ms)
		ReleaseScriptingObjects (0ms)
		CreateAndSetChildDomain (79ms)
	RebuildCommonClasses (48ms)
	RebuildNativeTypeToScriptingClass (15ms)
	initialDomainReloadingComplete (32ms)
	LoadAllAssembliesAndSetupDomain (426ms)
		LoadAssemblies (395ms)
		RebuildTransferFunctionScriptingTraits (0ms)
		AnalyzeDomain (172ms)
			TypeCache.Refresh (17ms)
				TypeCache.ScanAssembly (3ms)
			BuildScriptInfoCaches (140ms)
			ResolveRequiredComponents (11ms)
	FinalizeReload (707ms)
		ReleaseScriptCaches (0ms)
		RebuildScriptCaches (0ms)
		SetupLoadedEditorAssemblies (547ms)
			LogAssemblyErrors (0ms)
			InitializePlatformSupportModulesInManaged (3ms)
			SetLoadedEditorAssemblies (6ms)
			BeforeProcessingInitializeOnLoad (110ms)
			ProcessInitializeOnLoadAttributes (376ms)
			ProcessInitializeOnLoadMethodAttributes (51ms)
			AfterProcessingInitializeOnLoad (1ms)
			EditorAssembliesLoaded (0ms)
		ExecutionOrderSort2 (0ms)
		AwakeInstancesAfterBackupRestoration (19ms)
Refreshing native plugins compatible for Editor in 1.18 ms, found 2 plugins.
Preloading 0 native plugins for Editor in 0.00 ms.
Unloading 13 Unused Serialized files (Serialized files now loaded: 0)
Unloading 4281 unused Assets / (4.6 MB). Loaded Objects now: 5189.
Memory consumption went from 138.5 MB to 134.0 MB.
Total: 8.811200 ms (FindLiveObjects: 0.430900 ms CreateObjectMapping: 0.310400 ms MarkObjects: 5.530900 ms  DeleteObjects: 2.537200 ms)

Prepare: number of updated asset objects reloaded= 0
========================================================================
Received Prepare
Begin MonoManager ReloadAssembly
- Loaded All Assemblies, in  0.488 seconds
Refreshing native plugins compatible for Editor in 0.50 ms, found 2 plugins.
Native extension for WindowsStandalone target not found
Native extension for WebGL target not found
Assertion failed on expression: '!AssetDatabase::IsAssetImportWorkerProcess()'
UnityEngine.Debug:ExtractStackTraceNoAlloc (byte*,int,string)
UnityEngine.StackTraceUtility:ExtractStackTrace ()
YG.EditorScr.AssetEditScope:Dispose () (at Assets/PluginYourGames/Scripts/EditorScr/FileYG.cs:143)
YG.EditorScr.DefineSymbols:ConversionPlatformConfigs () (at Assets/PluginYourGames/Scripts/EditorScr/DefineSymbols.cs:292)
YG.EditorScr.DefineSymbols:UpdateDefineSymbols () (at Assets/PluginYourGames/Scripts/EditorScr/DefineSymbols.cs:60)
YG.EditorScr.DefineSymbols:.cctor () (at Assets/PluginYourGames/Scripts/EditorScr/DefineSymbols.cs:34)
System.Runtime.CompilerServices.RuntimeHelpers:RunClassConstructor (System.RuntimeTypeHandle)
UnityEditor.EditorAssemblies:ProcessInitializeOnLoadAttributes (System.Type[])

[Assets/PluginYourGames/Scripts/EditorScr/FileYG.cs line 143]

Asset Pipeline Refresh (id=d2b798999702b2a42a1e3e28e2d053db): Total: 0.000 seconds - Initiated by StopAssetImportingV2(NoUpdateAssetOptions)
[ScriptCompilation] NOT recompiling all scripts because this is an import worker process. Reason to compile was: Define symbols changed
[Package Manager] Failed to launch server process. Reason: Unity was launched with the -noUpm command-line argument
[Package Manager] Unable to send message (not connected to server process).
[Package Manager] Cannot connect to Unity Package Manager local server
Mono: successfully reloaded assembly
- Finished resetting the current domain, in  0.524 seconds
Domain Reload Profiling: 1014ms
	BeginReloadAssembly (157ms)
		ExecutionOrderSort (0ms)
		DisableScriptedObjects (4ms)
		BackupInstance (0ms)
		ReleaseScriptingObjects (0ms)
		CreateAndSetChildDomain (37ms)
	RebuildCommonClasses (39ms)
	RebuildNativeTypeToScriptingClass (9ms)
	initialDomainReloadingComplete (19ms)
	LoadAllAssembliesAndSetupDomain (265ms)
		LoadAssemblies (224ms)
		RebuildTransferFunctionScriptingTraits (0ms)
		AnalyzeDomain (110ms)
			TypeCache.Refresh (6ms)
				TypeCache.ScanAssembly (0ms)
			BuildScriptInfoCaches (94ms)
			ResolveRequiredComponents (9ms)
	FinalizeReload (524ms)
		ReleaseScriptCaches (0ms)
		RebuildScriptCaches (0ms)
		SetupLoadedEditorAssemblies (409ms)
			LogAssemblyErrors (0ms)
			InitializePlatformSupportModulesInManaged (2ms)
			SetLoadedEditorAssemblies (5ms)
			BeforeProcessingInitializeOnLoad (84ms)
			ProcessInitializeOnLoadAttributes (274ms)
			ProcessInitializeOnLoadMethodAttributes (42ms)
			AfterProcessingInitializeOnLoad (1ms)
			EditorAssembliesLoaded (0ms)
		ExecutionOrderSort2 (0ms)
		AwakeInstancesAfterBackupRestoration (13ms)
Refreshing native plugins compatible for Editor in 0.57 ms, found 2 plugins.
Preloading 0 native plugins for Editor in 0.00 ms.
Unloading 13 Unused Serialized files (Serialized files now loaded: 0)
Unloading 4281 unused Assets / (5.0 MB). Loaded Objects now: 5191.
Memory consumption went from 138.6 MB to 133.6 MB.
Total: 5.212700 ms (FindLiveObjects: 0.323400 ms CreateObjectMapping: 0.178500 ms MarkObjects: 2.936200 ms  DeleteObjects: 1.773800 ms)

Prepare: number of updated asset objects reloaded= 0
========================================================================
Received Prepare
Begin MonoManager ReloadAssembly
- Loaded All Assemblies, in  0.500 seconds
Refreshing native plugins compatible for Editor in 0.81 ms, found 2 plugins.
Native extension for WindowsStandalone target not found
Native extension for WebGL target not found
Assertion failed on expression: '!AssetDatabase::IsAssetImportWorkerProcess()'
UnityEngine.Debug:ExtractStackTraceNoAlloc (byte*,int,string)
UnityEngine.StackTraceUtility:ExtractStackTrace ()
YG.EditorScr.AssetEditScope:Dispose () (at Assets/PluginYourGames/Scripts/EditorScr/FileYG.cs:143)
YG.EditorScr.DefineSymbols:ConversionPlatformConfigs () (at Assets/PluginYourGames/Scripts/EditorScr/DefineSymbols.cs:292)
YG.EditorScr.DefineSymbols:UpdateDefineSymbols () (at Assets/PluginYourGames/Scripts/EditorScr/DefineSymbols.cs:60)
YG.EditorScr.DefineSymbols:.cctor () (at Assets/PluginYourGames/Scripts/EditorScr/DefineSymbols.cs:34)
System.Runtime.CompilerServices.RuntimeHelpers:RunClassConstructor (System.RuntimeTypeHandle)
UnityEditor.EditorAssemblies:ProcessInitializeOnLoadAttributes (System.Type[])

[Assets/PluginYourGames/Scripts/EditorScr/FileYG.cs line 143]

Asset Pipeline Refresh (id=ce5f52be59d950f4eae480481c0ef25f): Total: 0.001 seconds - Initiated by StopAssetImportingV2(NoUpdateAssetOptions)
[ScriptCompilation] NOT recompiling all scripts because this is an import worker process. Reason to compile was: Define symbols changed
[Package Manager] Failed to launch server process. Reason: Unity was launched with the -noUpm command-line argument
[Package Manager] Unable to send message (not connected to server process).
[Package Manager] Cannot connect to Unity Package Manager local server
Mono: successfully reloaded assembly
- Finished resetting the current domain, in  0.527 seconds
Domain Reload Profiling: 1030ms
	BeginReloadAssembly (170ms)
		ExecutionOrderSort (0ms)
		DisableScriptedObjects (5ms)
		BackupInstance (0ms)
		ReleaseScriptingObjects (0ms)
		CreateAndSetChildDomain (42ms)
	RebuildCommonClasses (28ms)
	RebuildNativeTypeToScriptingClass (14ms)
	initialDomainReloadingComplete (25ms)
	LoadAllAssembliesAndSetupDomain (266ms)
		LoadAssemblies (221ms)
		RebuildTransferFunctionScriptingTraits (0ms)
		AnalyzeDomain (111ms)
			TypeCache.Refresh (6ms)
				TypeCache.ScanAssembly (0ms)
			BuildScriptInfoCaches (94ms)
			ResolveRequiredComponents (9ms)
	FinalizeReload (528ms)
		ReleaseScriptCaches (0ms)
		RebuildScriptCaches (0ms)
		SetupLoadedEditorAssemblies (399ms)
			LogAssemblyErrors (0ms)
			InitializePlatformSupportModulesInManaged (3ms)
			SetLoadedEditorAssemblies (4ms)
			BeforeProcessingInitializeOnLoad (73ms)
			ProcessInitializeOnLoadAttributes (265ms)
			ProcessInitializeOnLoadMethodAttributes (51ms)
			AfterProcessingInitializeOnLoad (1ms)
			EditorAssembliesLoaded (0ms)
		ExecutionOrderSort2 (0ms)
		AwakeInstancesAfterBackupRestoration (18ms)
Refreshing native plugins compatible for Editor in 0.66 ms, found 2 plugins.
Preloading 0 native plugins for Editor in 0.00 ms.
Unloading 13 Unused Serialized files (Serialized files now loaded: 0)
Unloading 4281 unused Assets / (4.6 MB). Loaded Objects now: 5193.
Memory consumption went from 138.6 MB to 134.0 MB.
Total: 5.369800 ms (FindLiveObjects: 0.323500 ms CreateObjectMapping: 0.183700 ms MarkObjects: 2.929000 ms  DeleteObjects: 1.932700 ms)

Prepare: number of updated asset objects reloaded= 0
========================================================================
Received Import Request.
  Time since last request: 1897.945192 seconds.
  path: Assets/TextureProject/Door/openElevation.prefab
  artifactKey: Guid(7aca344a7e24fba499c84c5d69886c8f) Importer(815301076,1909f56bfc062723c751e8b465ee728b)
Start importing Assets/TextureProject/Door/openElevation.prefab using Guid(7aca344a7e24fba499c84c5d69886c8f) Importer(815301076,1909f56bfc062723c751e8b465ee728b) (PreviewImporter) -> (artifact id: '13f9bd2f318ffc238a44c95b5ac413c4') in 1.0780825 seconds
Number of updated asset objects reloaded before import = 0Number of asset objects unloaded after import = 20

========================================================================
Received Prepare
Begin MonoManager ReloadAssembly
- Loaded All Assemblies, in  0.573 seconds
Refreshing native plugins compatible for Editor in 0.51 ms, found 2 plugins.
Native extension for WindowsStandalone target not found
Native extension for WebGL target not found
Assertion failed on expression: '!AssetDatabase::IsAssetImportWorkerProcess()'
UnityEngine.Debug:ExtractStackTraceNoAlloc (byte*,int,string)
UnityEngine.StackTraceUtility:ExtractStackTrace ()
YG.EditorScr.AssetEditScope:Dispose () (at Assets/PluginYourGames/Scripts/EditorScr/FileYG.cs:143)
YG.EditorScr.DefineSymbols:ConversionPlatformConfigs () (at Assets/PluginYourGames/Scripts/EditorScr/DefineSymbols.cs:292)
YG.EditorScr.DefineSymbols:UpdateDefineSymbols () (at Assets/PluginYourGames/Scripts/EditorScr/DefineSymbols.cs:60)
YG.EditorScr.DefineSymbols:.cctor () (at Assets/PluginYourGames/Scripts/EditorScr/DefineSymbols.cs:34)
System.Runtime.CompilerServices.RuntimeHelpers:RunClassConstructor (System.RuntimeTypeHandle)
UnityEditor.EditorAssemblies:ProcessInitializeOnLoadAttributes (System.Type[])

[Assets/PluginYourGames/Scripts/EditorScr/FileYG.cs line 143]

Asset Pipeline Refresh (id=8d0a7e755b732dc43abeef8ac5d8024d): Total: 0.001 seconds - Initiated by StopAssetImportingV2(NoUpdateAssetOptions)
[ScriptCompilation] NOT recompiling all scripts because this is an import worker process. Reason to compile was: Define symbols changed
[Package Manager] Failed to launch server process. Reason: Unity was launched with the -noUpm command-line argument
[Package Manager] Unable to send message (not connected to server process).
[Package Manager] Cannot connect to Unity Package Manager local server
Mono: successfully reloaded assembly
- Finished resetting the current domain, in  0.521 seconds
Domain Reload Profiling: 1096ms
	BeginReloadAssembly (220ms)
		ExecutionOrderSort (0ms)
		DisableScriptedObjects (15ms)
		BackupInstance (0ms)
		ReleaseScriptingObjects (0ms)
		CreateAndSetChildDomain (54ms)
	RebuildCommonClasses (30ms)
	RebuildNativeTypeToScriptingClass (10ms)
	initialDomainReloadingComplete (22ms)
	LoadAllAssembliesAndSetupDomain (294ms)
		LoadAssemblies (283ms)
		RebuildTransferFunctionScriptingTraits (0ms)
		AnalyzeDomain (116ms)
			TypeCache.Refresh (5ms)
				TypeCache.ScanAssembly (0ms)
			BuildScriptInfoCaches (101ms)
			ResolveRequiredComponents (8ms)
	FinalizeReload (521ms)
		ReleaseScriptCaches (0ms)
		RebuildScriptCaches (0ms)
		SetupLoadedEditorAssemblies (408ms)
			LogAssemblyErrors (0ms)
			InitializePlatformSupportModulesInManaged (3ms)
			SetLoadedEditorAssemblies (4ms)
			BeforeProcessingInitializeOnLoad (78ms)
			ProcessInitializeOnLoadAttributes (279ms)
			ProcessInitializeOnLoadMethodAttributes (43ms)
			AfterProcessingInitializeOnLoad (1ms)
			EditorAssembliesLoaded (0ms)
		ExecutionOrderSort2 (0ms)
		AwakeInstancesAfterBackupRestoration (13ms)
Refreshing native plugins compatible for Editor in 0.71 ms, found 2 plugins.
Preloading 0 native plugins for Editor in 0.00 ms.
Unloading 13 Unused Serialized files (Serialized files now loaded: 0)
Unloading 4282 unused Assets / (4.1 MB). Loaded Objects now: 5216.
Memory consumption went from 138.8 MB to 134.7 MB.
Total: 5.151900 ms (FindLiveObjects: 0.292700 ms CreateObjectMapping: 0.168100 ms MarkObjects: 3.101100 ms  DeleteObjects: 1.589000 ms)

Prepare: number of updated asset objects reloaded= 0
========================================================================
Received Import Request.
  Time since last request: 246.631074 seconds.
  path: Assets/Prefabs/MainChar.prefab
  artifactKey: Guid(4a40008620cbe2a47b92e8d1d9166808) Importer(815301076,1909f56bfc062723c751e8b465ee728b)
Start importing Assets/Prefabs/MainChar.prefab using Guid(4a40008620cbe2a47b92e8d1d9166808) Importer(815301076,1909f56bfc062723c751e8b465ee728b) (PreviewImporter) -> (artifact id: '80119f217e14061129405a87ac9b92c1') in 0.7736574 seconds
Number of updated asset objects reloaded before import = 0Number of asset objects unloaded after import = 428

========================================================================
Received Import Request.
  Time since last request: 0.000033 seconds.
  path: Assets/Prefabs/Room/Hole-room.prefab
  artifactKey: Guid(89f762edeb54a1544a2920e85589d2fe) Importer(815301076,1909f56bfc062723c751e8b465ee728b)
Start importing Assets/Prefabs/Room/Hole-room.prefab using Guid(89f762edeb54a1544a2920e85589d2fe) Importer(815301076,1909f56bfc062723c751e8b465ee728b) (PreviewImporter) -> (artifact id: '7883e1508c9acc5f490dd046b9978b57') in 0.4159803 seconds
Number of updated asset objects reloaded before import = 0Number of asset objects unloaded after import = 503

========================================================================
Received Import Request.
  Time since last request: 0.000093 seconds.
  path: Assets/Prefabs/PrototypeSafe.prefab
  artifactKey: Guid(ef8a1ac8c271a1341abc6a662df67489) Importer(815301076,1909f56bfc062723c751e8b465ee728b)
Start importing Assets/Prefabs/PrototypeSafe.prefab using Guid(ef8a1ac8c271a1341abc6a662df67489) Importer(815301076,1909f56bfc062723c751e8b465ee728b) (PreviewImporter) -> (artifact id: '1cb38d5f1cc85e05d710db7ef2b87c8a') in 0.1698813 seconds
Number of updated asset objects reloaded before import = 0Number of asset objects unloaded after import = 303

========================================================================
Received Import Request.
  Time since last request: 0.000029 seconds.
  path: Assets/Prefabs/Prototype.prefab
  artifactKey: Guid(623b83ad640dea34f80b26702a9274e8) Importer(815301076,1909f56bfc062723c751e8b465ee728b)
Start importing Assets/Prefabs/Prototype.prefab using Guid(623b83ad640dea34f80b26702a9274e8) Importer(815301076,1909f56bfc062723c751e8b465ee728b) (PreviewImporter) -> (artifact id: 'ca8edee5701e8cdec4e700a99e98e070') in 0.2353528 seconds
Number of updated asset objects reloaded before import = 0Number of asset objects unloaded after import = 1487

========================================================================
Received Import Request.
  Time since last request: 0.000042 seconds.
  path: Assets/Prefabs/Phylanc/PrefabRoom/reset/Glass Room 1.prefab
  artifactKey: Guid(6dd5dd275e4f4c54a9ebbce258c7d998) Importer(815301076,1909f56bfc062723c751e8b465ee728b)
Start importing Assets/Prefabs/Phylanc/PrefabRoom/reset/Glass Room 1.prefab using Guid(6dd5dd275e4f4c54a9ebbce258c7d998) Importer(815301076,1909f56bfc062723c751e8b465ee728b) (PreviewImporter) -> (artifact id: 'fcf43ec5751aa07817197cbd6d73506e') in 0.1235616 seconds
Number of updated asset objects reloaded before import = 0Number of asset objects unloaded after import = 228

Editor requested this worker to shutdown with reason: Scaling down because of idle timeout
AssetImportWorker is now disconnected from the server
Process exiting
Exiting without the bug reporter. Application will terminate with return code 0