# 3ds Max Wavefront OBJ Exporter v0.97b - (c)2007 guruware
# File Created: 27.09.2011 15:41:04

mtllib Lift.mtl

#
# object Rectangle117
#

v  -10053.1084 2070.7529 -968.1125
v  -10011.1084 2070.7529 -968.1125
v  -10011.1084 66.7280 -968.1125
v  -10053.1084 66.7280 -968.1125
v  -10057.1084 2070.7529 -683.7186
v  -10057.1084 2070.7529 -964.1125
v  -10057.1084 66.7280 -964.1125
v  -10057.1084 66.7280 -683.7186
v  -10011.1084 2070.7529 -679.7186
v  -10053.1084 2070.7529 -679.7186
v  -10053.1084 66.7280 -679.7186
v  -10011.1084 66.7280 -679.7186
v  -10007.1084 2070.7529 -964.1125
v  -10007.1084 2070.7529 -683.7186
v  -10007.1084 66.7280 -683.7186
v  -10007.1084 66.7280 -964.1125
v  -10053.1084 62.7280 -683.7186
v  -10053.1084 62.7280 -964.1125
v  -10011.1084 62.7280 -964.1125
v  -10011.1084 62.7280 -683.7186
v  -10011.1084 2074.7529 -964.1125
v  -10053.1084 2074.7529 -964.1125
v  -10053.1084 2074.7529 -683.7186
v  -10011.1084 2074.7529 -683.7186
v  -8543.1143 2070.7529 -1164.1072
v  -8501.1143 2070.7529 -1164.1072
v  -8501.1143 66.7280 -1164.1072
v  -8543.1143 66.7280 -1164.1072
v  -8547.1143 2070.7529 -1118.1072
v  -8547.1143 2070.7529 -1160.1072
v  -8547.1143 66.7280 -1160.1072
v  -8547.1143 66.7280 -1118.1072
v  -8501.1143 2070.7529 -1114.1072
v  -8543.1143 2070.7529 -1114.1072
v  -8543.1143 66.7280 -1114.1072
v  -8501.1143 66.7280 -1114.1072
v  -8497.1143 2070.7529 -1160.1072
v  -8497.1143 2070.7529 -1118.1072
v  -8497.1143 66.7280 -1118.1072
v  -8497.1143 66.7280 -1160.1072
v  -8543.1143 62.7280 -1118.1072
v  -8543.1143 62.7280 -1160.1072
v  -8501.1143 62.7280 -1160.1072
v  -8501.1143 62.7280 -1118.1072
v  -8501.1143 2074.7529 -1160.1072
v  -8543.1143 2074.7529 -1160.1072
v  -8543.1143 2074.7529 -1118.1072
v  -8501.1143 2074.7529 -1118.1072
v  -8543.1084 2070.7529 -914.1072
v  -8501.1084 2070.7529 -914.1072
v  -8501.1084 66.7280 -914.1072
v  -8543.1084 66.7280 -914.1072
v  -8547.1084 2070.7529 -868.1072
v  -8547.1084 2070.7529 -910.1072
v  -8547.1084 66.7280 -910.1072
v  -8547.1084 66.7280 -868.1072
v  -8501.1084 2070.7529 -864.1072
v  -8543.1084 2070.7529 -864.1072
v  -8543.1084 66.7280 -864.1072
v  -8501.1084 66.7280 -864.1072
v  -8497.1084 2070.7529 -910.1072
v  -8497.1084 2070.7529 -868.1072
v  -8497.1084 66.7280 -868.1072
v  -8497.1084 66.7280 -910.1072
v  -8543.1084 62.7280 -868.1072
v  -8543.1084 62.7280 -910.1072
v  -8501.1084 62.7280 -910.1072
v  -8501.1084 62.7280 -868.1072
v  -8501.1084 2074.7529 -910.1072
v  -8543.1084 2074.7529 -910.1072
v  -8543.1084 2074.7529 -868.1072
v  -8501.1084 2074.7529 -868.1072
v  -10010.5898 65.3456 -967.9525
v  -10011.1084 65.2880 -967.9525
v  -10053.6270 62.8880 -965.4949
v  -10053.1084 62.8880 -965.5525
v  -10054.4912 62.8880 -683.2002
v  -10054.5488 62.8880 -683.7186
v  -10007.2686 65.3456 -683.2001
v  -10007.2686 65.2880 -683.7186
v  -10009.7256 2071.2712 -967.9525
v  -10009.6680 2070.7529 -967.9525
v  -10056.9482 2071.2712 -965.4949
v  -10056.9482 2070.7529 -965.5525
v  -10054.4912 2071.2712 -679.8785
v  -10054.5488 2070.7529 -679.8785
v  -10007.2686 2071.2712 -682.3362
v  -10007.2686 2070.7529 -682.2786
v  -8500.5957 65.3456 -1163.9471
v  -8501.1143 65.2880 -1163.9471
v  -8543.6328 62.8880 -1161.4895
v  -8543.1143 62.8880 -1161.5471
v  -8544.4971 62.8880 -1117.5887
v  -8544.5547 62.8880 -1118.1072
v  -8497.2744 65.3456 -1117.5891
v  -8497.2744 65.2880 -1118.1072
v  -8499.7314 2071.2712 -1163.9471
v  -8499.6738 2070.7529 -1163.9471
v  -8546.9541 2071.2712 -1161.4895
v  -8546.9541 2070.7529 -1161.5471
v  -8544.4971 2071.2712 -1114.2672
v  -8544.5547 2070.7529 -1114.2672
v  -8497.2744 2071.2712 -1116.7249
v  -8497.2744 2070.7529 -1116.6672
v  -8500.5898 65.3456 -913.9473
v  -8501.1084 65.2880 -913.9473
v  -8543.6270 62.8880 -911.4896
v  -8543.1084 62.8880 -911.5472
v  -8544.4912 62.8880 -867.5889
v  -8544.5488 62.8880 -868.1072
v  -8497.2686 65.3456 -867.5891
v  -8497.2686 65.2880 -868.1072
v  -8499.7256 2071.2712 -913.9473
v  -8499.6680 2070.7529 -913.9473
v  -8546.9482 2071.2712 -911.4896
v  -8546.9482 2070.7529 -911.5472
v  -8544.4912 2071.2712 -864.2672
v  -8544.5488 2070.7529 -864.2672
v  -8497.2686 2071.2712 -866.7249
v  -8497.2686 2070.7529 -866.6672
v  -10053.1084 65.2880 -967.9525
v  -10054.5488 2070.7529 -967.9525
v  -10054.5488 66.7280 -967.9525
v  -10011.1084 2072.1929 -967.9525
v  -10053.1084 2072.1929 -967.9525
v  -10009.6680 66.7280 -967.9525
v  -10056.9482 65.2880 -683.7186
v  -10056.9482 65.2880 -964.1125
v  -10056.9482 2070.7529 -682.2786
v  -10056.9482 66.7280 -682.2786
v  -10056.9482 2072.1929 -964.1125
v  -10056.9482 2072.1929 -683.7186
v  -10011.1084 65.2880 -679.8785
v  -10053.1084 65.2880 -679.8785
v  -10009.6680 2070.7529 -679.8785
v  -10009.6680 66.7280 -679.8785
v  -10053.1084 2072.1929 -679.8785
v  -10011.1084 2072.1929 -679.8785
v  -10007.2695 65.2880 -964.1125
v  -10007.2686 2072.1929 -683.7186
v  -10007.2686 2072.1929 -964.1125
v  -8543.1143 65.2880 -1163.9471
v  -8544.5547 2070.7529 -1163.9471
v  -8544.5547 66.7280 -1163.9471
v  -8501.1143 2072.1929 -1163.9471
v  -8543.1143 2072.1929 -1163.9471
v  -8499.6738 66.7280 -1163.9471
v  -8546.9541 65.2880 -1118.1072
v  -8546.9541 65.2880 -1160.1072
v  -8546.9541 2070.7529 -1116.6672
v  -8546.9541 66.7280 -1116.6672
v  -8546.9541 2072.1929 -1160.1072
v  -8546.9541 2072.1929 -1118.1072
v  -8501.1143 65.2880 -1114.2679
v  -8543.1143 65.2880 -1114.2672
v  -8499.6738 2070.7529 -1114.2672
v  -8499.6738 66.7280 -1114.2672
v  -8543.1143 2072.1929 -1114.2672
v  -8501.1143 2072.1929 -1114.2672
v  -8497.2754 65.2880 -1160.1072
v  -8497.2744 2072.1929 -1118.1072
v  -8497.2744 2072.1929 -1160.1072
v  -8543.1084 65.2880 -913.9473
v  -8544.5488 2070.7529 -913.9473
v  -8544.5488 66.7280 -913.9473
v  -8501.1084 2072.1929 -913.9473
v  -8543.1084 2072.1929 -913.9473
v  -8499.6680 66.7280 -913.9473
v  -8546.9482 65.2880 -868.1072
v  -8546.9482 65.2880 -910.1072
v  -8546.9482 2070.7529 -866.6672
v  -8546.9482 66.7280 -866.6672
v  -8546.9482 2072.1929 -910.1072
v  -8546.9482 2072.1929 -868.1072
v  -8501.1084 65.2880 -864.2679
v  -8543.1084 65.2880 -864.2672
v  -8499.6680 2070.7529 -864.2672
v  -8499.6680 66.7280 -864.2672
v  -8543.1084 2072.1929 -864.2672
v  -8501.1084 2072.1929 -864.2672
v  -8497.2695 65.2880 -910.1072
v  -8497.2686 2072.1929 -868.1072
v  -8497.2686 2072.1929 -910.1072
v  -10009.7266 66.2097 -967.9525
v  -10008.6514 65.8065 -967.4725
v  -10008.5488 66.7280 -967.4725
v  -10007.8838 65.5184 -966.6725
v  -10007.7480 66.7280 -966.6725
v  -10007.4229 65.3456 -965.5525
v  -10007.2686 66.7280 -965.5525
v  -10009.8994 65.8065 -967.9525
v  -10008.9590 65.0896 -967.4725
v  -10008.2871 64.5776 -966.6725
v  -10007.8838 64.2704 -965.5525
v  -10007.7500 64.1680 -964.1125
v  -10010.1875 65.5184 -967.9525
v  -10009.4707 64.5776 -967.4725
v  -10008.9590 63.9056 -966.6725
v  -10008.6523 63.5024 -965.5525
v  -10008.5498 63.3680 -964.1125
v  -10010.1875 64.2704 -967.4725
v  -10009.8994 63.5024 -966.6725
v  -10009.7266 63.0416 -965.5525
v  -10009.6689 62.8880 -964.1125
v  -10011.1084 64.1680 -967.4725
v  -10011.1084 63.3680 -966.6725
v  -10011.1084 62.8880 -965.5525
v  -10054.5488 62.8880 -964.1125
v  -10054.4912 62.8880 -964.6309
v  -10055.5664 63.3680 -965.0341
v  -10055.6680 63.3680 -964.1125
v  -10056.3340 64.1680 -965.3221
v  -10056.4688 64.1680 -964.1125
v  -10056.7949 65.2880 -965.4949
v  -10056.9482 66.7280 -965.5525
v  -10054.3184 62.8880 -965.0341
v  -10055.2588 63.3680 -965.7509
v  -10055.9307 64.1680 -966.2629
v  -10056.3340 65.2880 -966.5701
v  -10056.4688 66.7280 -966.6725
v  -10054.0303 62.8880 -965.3221
v  -10054.7471 63.3680 -966.2629
v  -10055.2588 64.1680 -966.9349
v  -10055.5664 65.2880 -967.3381
v  -10055.6680 66.7280 -967.4725
v  -10054.0303 63.3680 -966.5701
v  -10054.3184 64.1680 -967.3381
v  -10054.4912 65.2880 -967.7989
v  -10053.1084 63.3680 -966.6725
v  -10053.1084 64.1680 -967.4725
v  -10053.1084 62.8880 -682.2786
v  -10053.6270 62.8880 -682.3362
v  -10054.0303 63.3680 -681.2610
v  -10053.1084 63.3680 -681.1586
v  -10054.3184 64.1680 -680.4930
v  -10053.1084 64.1680 -680.3586
v  -10054.4912 65.2880 -680.0322
v  -10054.5488 66.7280 -679.8785
v  -10054.0303 62.8880 -682.5090
v  -10054.7471 63.3680 -681.5682
v  -10055.2588 64.1680 -680.8962
v  -10055.5664 65.2880 -680.4930
v  -10055.6680 66.7280 -680.3586
v  -10054.3184 62.8880 -682.7970
v  -10055.2588 63.3680 -682.0801
v  -10055.9307 64.1680 -681.5682
v  -10056.3340 65.2880 -681.2610
v  -10056.4688 66.7280 -681.1586
v  -10055.5664 63.3680 -682.7970
v  -10056.3340 64.1680 -682.5090
v  -10056.7949 65.2880 -682.3362
v  -10055.6680 63.3680 -683.7186
v  -10056.4688 64.1680 -683.7186
v  -10007.2686 66.7280 -682.2786
v  -10007.2686 66.2097 -682.3361
v  -10007.7480 65.8065 -681.2609
v  -10007.7480 66.7280 -681.1586
v  -10008.5488 65.5184 -680.4929
v  -10008.5488 66.7280 -680.3586
v  -10009.6680 65.3456 -680.0321
v  -10007.2686 65.8065 -682.5089
v  -10007.7480 65.0896 -681.5681
v  -10008.5488 64.5776 -680.8961
v  -10009.6680 64.2704 -680.4929
v  -10011.1084 64.1680 -680.3585
v  -10007.2686 65.5184 -682.7969
v  -10007.7480 64.5776 -682.0801
v  -10008.5488 63.9056 -681.5681
v  -10009.6680 63.5024 -681.2609
v  -10011.1084 63.3680 -681.1584
v  -10007.7480 64.2704 -682.7969
v  -10008.5488 63.5024 -682.5089
v  -10009.6680 63.0416 -682.3361
v  -10011.1084 62.8880 -682.2785
v  -10007.7480 64.1680 -683.7186
v  -10008.5488 63.3680 -683.7186
v  -10009.6680 62.8880 -683.7186
v  -10010.5898 2072.1353 -967.9525
v  -10010.1865 2073.2104 -967.4725
v  -10011.1084 2073.3130 -967.4725
v  -10009.8984 2073.9785 -966.6725
v  -10011.1084 2074.1128 -966.6725
v  -10009.7256 2074.4392 -965.5525
v  -10011.1084 2074.5928 -965.5525
v  -10009.6680 2074.5928 -964.1125
v  -10010.1865 2071.9624 -967.9525
v  -10009.4697 2072.9033 -967.4725
v  -10008.9580 2073.5752 -966.6725
v  -10008.6504 2073.9785 -965.5525
v  -10008.5488 2074.1128 -964.1125
v  -10009.8984 2071.6743 -967.9525
v  -10008.9580 2072.3911 -967.4725
v  -10008.2861 2072.9033 -966.6725
v  -10007.8828 2073.2104 -965.5525
v  -10007.7480 2073.3130 -964.1125
v  -10008.6504 2071.6743 -967.4725
v  -10007.8828 2071.9624 -966.6725
v  -10007.4219 2072.1353 -965.5525
v  -10008.5488 2070.7529 -967.4725
v  -10007.7480 2070.7529 -966.6725
v  -10007.2686 2070.7529 -965.5525
v  -10056.9482 2072.1353 -964.6309
v  -10056.4688 2073.2104 -965.0341
v  -10056.4688 2073.3130 -964.1125
v  -10055.6680 2073.9785 -965.3221
v  -10055.6680 2074.1128 -964.1125
v  -10054.5488 2074.4392 -965.4949
v  -10054.5488 2074.5928 -964.1125
v  -10053.1084 2074.5928 -965.5525
v  -10056.9482 2071.9624 -965.0341
v  -10056.4688 2072.9033 -965.7509
v  -10055.6680 2073.5752 -966.2629
v  -10054.5488 2073.9785 -966.5701
v  -10053.1084 2074.1128 -966.6725
v  -10056.9482 2071.6743 -965.3221
v  -10056.4688 2072.3911 -966.2629
v  -10055.6680 2072.9033 -966.9349
v  -10054.5488 2073.2104 -967.3381
v  -10053.1084 2073.3130 -967.4725
v  -10056.4688 2071.6743 -966.5701
v  -10055.6680 2071.9624 -967.3381
v  -10054.5488 2072.1353 -967.7989
v  -10056.4688 2070.7529 -966.6725
v  -10055.6680 2070.7529 -967.4725
v  -10053.6270 2072.1353 -679.8785
v  -10054.0303 2073.2104 -680.3586
v  -10053.1084 2073.3130 -680.3586
v  -10054.3184 2073.9785 -681.1586
v  -10053.1084 2074.1128 -681.1586
v  -10054.4912 2074.4392 -682.2786
v  -10053.1084 2074.5928 -682.2786
v  -10054.5488 2074.5928 -683.7186
v  -10054.0303 2071.9624 -679.8785
v  -10054.7471 2072.9033 -680.3586
v  -10055.2588 2073.5752 -681.1586
v  -10055.5664 2073.9785 -682.2786
v  -10055.6680 2074.1128 -683.7186
v  -10054.3184 2071.6743 -679.8785
v  -10055.2588 2072.3911 -680.3586
v  -10055.9307 2072.9033 -681.1586
v  -10056.3340 2073.2104 -682.2786
v  -10056.4688 2073.3130 -683.7186
v  -10055.5664 2071.6743 -680.3586
v  -10056.3340 2071.9624 -681.1586
v  -10056.7949 2072.1353 -682.2786
v  -10055.6680 2070.7529 -680.3586
v  -10056.4688 2070.7529 -681.1586
v  -10007.2686 2072.1353 -683.2002
v  -10007.7480 2073.2104 -682.7970
v  -10007.7480 2073.3130 -683.7186
v  -10008.5488 2073.9785 -682.5090
v  -10008.5488 2074.1128 -683.7186
v  -10009.6680 2074.4392 -682.3362
v  -10009.6680 2074.5928 -683.7186
v  -10011.1084 2074.5928 -682.2786
v  -10007.2686 2071.9624 -682.7970
v  -10007.7480 2072.9033 -682.0801
v  -10008.5488 2073.5752 -681.5682
v  -10009.6680 2073.9785 -681.2610
v  -10011.1084 2074.1128 -681.1586
v  -10007.2686 2071.6743 -682.5090
v  -10007.7480 2072.3911 -681.5682
v  -10008.5488 2072.9033 -680.8962
v  -10009.6680 2073.2104 -680.4930
v  -10011.1084 2073.3130 -680.3586
v  -10007.7480 2071.6743 -681.2610
v  -10008.5488 2071.9624 -680.4930
v  -10009.6680 2072.1353 -680.0322
v  -10007.7480 2070.7529 -681.1586
v  -10008.5488 2070.7529 -680.3586
v  -8499.7324 66.2096 -1163.9471
v  -8498.6572 65.8064 -1163.4672
v  -8498.5547 66.7280 -1163.4672
v  -8497.8896 65.5184 -1162.6672
v  -8497.7539 66.7280 -1162.6672
v  -8497.4287 65.3456 -1161.5471
v  -8497.2744 66.7280 -1161.5471
v  -8499.9053 65.8064 -1163.9471
v  -8498.9648 65.0896 -1163.4672
v  -8498.2930 64.5776 -1162.6672
v  -8497.8896 64.2704 -1161.5471
v  -8497.7559 64.1680 -1160.1072
v  -8500.1934 65.5184 -1163.9471
v  -8499.4766 64.5776 -1163.4672
v  -8498.9648 63.9056 -1162.6672
v  -8498.6582 63.5024 -1161.5471
v  -8498.5557 63.3680 -1160.1072
v  -8500.1934 64.2704 -1163.4672
v  -8499.9053 63.5024 -1162.6672
v  -8499.7324 63.0416 -1161.5471
v  -8499.6748 62.8880 -1160.1072
v  -8501.1143 64.1680 -1163.4672
v  -8501.1143 63.3680 -1162.6672
v  -8501.1143 62.8880 -1161.5471
v  -8544.5547 62.8880 -1160.1072
v  -8544.4971 62.8880 -1160.6256
v  -8545.5723 63.3680 -1161.0288
v  -8545.6738 63.3680 -1160.1072
v  -8546.3398 64.1680 -1161.3168
v  -8546.4746 64.1680 -1160.1072
v  -8546.8008 65.2880 -1161.4896
v  -8546.9541 66.7280 -1161.5471
v  -8544.3242 62.8880 -1161.0288
v  -8545.2646 63.3680 -1161.7456
v  -8545.9365 64.1680 -1162.2576
v  -8546.3398 65.2880 -1162.5648
v  -8546.4746 66.7280 -1162.6672
v  -8544.0361 62.8880 -1161.3168
v  -8544.7529 63.3680 -1162.2576
v  -8545.2646 64.1680 -1162.9296
v  -8545.5723 65.2880 -1163.3328
v  -8545.6738 66.7280 -1163.4672
v  -8544.0361 63.3680 -1162.5648
v  -8544.3242 64.1680 -1163.3328
v  -8544.4961 65.2880 -1163.7936
v  -8543.1143 63.3680 -1162.6672
v  -8543.1143 64.1680 -1163.4672
v  -8543.1143 62.8880 -1116.6672
v  -8543.6328 62.8880 -1116.7249
v  -8544.0361 63.3680 -1115.6495
v  -8543.1143 63.3680 -1115.5471
v  -8544.3242 64.1680 -1114.8816
v  -8543.1143 64.1680 -1114.7472
v  -8544.4961 65.2880 -1114.4208
v  -8544.5547 66.7280 -1114.2672
v  -8544.0361 62.8880 -1116.8976
v  -8544.7529 63.3680 -1115.9568
v  -8545.2646 64.1680 -1115.2848
v  -8545.5723 65.2880 -1114.8816
v  -8545.6738 66.7280 -1114.7472
v  -8544.3242 62.8880 -1117.1855
v  -8545.2646 63.3680 -1116.4688
v  -8545.9365 64.1680 -1115.9568
v  -8546.3398 65.2880 -1115.6495
v  -8546.4746 66.7280 -1115.5471
v  -8545.5723 63.3680 -1117.1855
v  -8546.3398 64.1680 -1116.8976
v  -8546.8008 65.2880 -1116.7247
v  -8545.6738 63.3680 -1118.1072
v  -8546.4746 64.1680 -1118.1072
v  -8497.2744 66.7280 -1116.6672
v  -8497.2744 66.2096 -1116.7251
v  -8497.7539 65.8064 -1115.6501
v  -8497.7539 66.7280 -1115.5471
v  -8498.5547 65.5184 -1114.8822
v  -8498.5547 66.7280 -1114.7472
v  -8499.6738 65.3456 -1114.4215
v  -8497.2744 65.8064 -1116.8979
v  -8497.7539 65.0896 -1115.9575
v  -8498.5547 64.5776 -1115.2858
v  -8499.6738 64.2704 -1114.8827
v  -8501.1143 64.1680 -1114.7483
v  -8497.2744 65.5184 -1117.1860
v  -8497.7539 64.5776 -1116.4695
v  -8498.5547 63.9056 -1115.9578
v  -8499.6738 63.5024 -1115.6506
v  -8501.1143 63.3680 -1115.5483
v  -8497.7539 64.2704 -1117.1860
v  -8498.5547 63.5024 -1116.8982
v  -8499.6738 63.0416 -1116.7255
v  -8501.1143 62.8880 -1116.6680
v  -8497.7539 64.1680 -1118.1072
v  -8498.5547 63.3680 -1118.1072
v  -8499.6738 62.8880 -1118.1072
v  -8500.5957 2072.1353 -1163.9471
v  -8500.1924 2073.2104 -1163.4672
v  -8501.1143 2073.3130 -1163.4672
v  -8499.9043 2073.9785 -1162.6672
v  -8501.1143 2074.1128 -1162.6672
v  -8499.7324 2074.4392 -1161.5471
v  -8501.1143 2074.5928 -1161.5471
v  -8499.6738 2074.5928 -1160.1072
v  -8500.1924 2071.9624 -1163.9471
v  -8499.4756 2072.9033 -1163.4672
v  -8498.9639 2073.5752 -1162.6672
v  -8498.6563 2073.9785 -1161.5471
v  -8498.5547 2074.1128 -1160.1072
v  -8499.9043 2071.6743 -1163.9471
v  -8498.9639 2072.3911 -1163.4672
v  -8498.2920 2072.9033 -1162.6672
v  -8497.8887 2073.2104 -1161.5471
v  -8497.7539 2073.3130 -1160.1072
v  -8498.6563 2071.6743 -1163.4672
v  -8497.8887 2071.9624 -1162.6672
v  -8497.4277 2072.1353 -1161.5471
v  -8498.5547 2070.7529 -1163.4672
v  -8497.7539 2070.7529 -1162.6672
v  -8497.2744 2070.7529 -1161.5471
v  -8546.9541 2072.1353 -1160.6256
v  -8546.4746 2073.2104 -1161.0288
v  -8546.4746 2073.3130 -1160.1072
v  -8545.6738 2073.9785 -1161.3168
v  -8545.6738 2074.1128 -1160.1072
v  -8544.5547 2074.4392 -1161.4896
v  -8544.5547 2074.5928 -1160.1072
v  -8543.1143 2074.5928 -1161.5471
v  -8546.9541 2071.9624 -1161.0288
v  -8546.4746 2072.9033 -1161.7456
v  -8545.6738 2073.5752 -1162.2576
v  -8544.5547 2073.9785 -1162.5648
v  -8543.1143 2074.1128 -1162.6672
v  -8546.9541 2071.6743 -1161.3168
v  -8546.4746 2072.3911 -1162.2576
v  -8545.6738 2072.9033 -1162.9296
v  -8544.5547 2073.2104 -1163.3328
v  -8543.1143 2073.3130 -1163.4672
v  -8546.4746 2071.6743 -1162.5648
v  -8545.6738 2071.9624 -1163.3328
v  -8544.5547 2072.1353 -1163.7936
v  -8546.4746 2070.7529 -1162.6672
v  -8545.6738 2070.7529 -1163.4672
v  -8543.6328 2072.1353 -1114.2672
v  -8544.0361 2073.2104 -1114.7472
v  -8543.1143 2073.3130 -1114.7472
v  -8544.3242 2073.9785 -1115.5471
v  -8543.1143 2074.1128 -1115.5471
v  -8544.4961 2074.4392 -1116.6672
v  -8543.1143 2074.5928 -1116.6672
v  -8544.5547 2074.5928 -1118.1072
v  -8544.0361 2071.9624 -1114.2672
v  -8544.7529 2072.9033 -1114.7472
v  -8545.2646 2073.5752 -1115.5471
v  -8545.5723 2073.9785 -1116.6672
v  -8545.6738 2074.1128 -1118.1072
v  -8544.3242 2071.6743 -1114.2672
v  -8545.2646 2072.3911 -1114.7472
v  -8545.9365 2072.9033 -1115.5471
v  -8546.3398 2073.2104 -1116.6672
v  -8546.4746 2073.3130 -1118.1072
v  -8545.5723 2071.6743 -1114.7472
v  -8546.3398 2071.9624 -1115.5471
v  -8546.8008 2072.1353 -1116.6672
v  -8545.6738 2070.7529 -1114.7472
v  -8546.4746 2070.7529 -1115.5471
v  -8497.2744 2072.1353 -1117.5887
v  -8497.7539 2073.2104 -1117.1855
v  -8497.7539 2073.3130 -1118.1072
v  -8498.5547 2073.9785 -1116.8976
v  -8498.5547 2074.1128 -1118.1072
v  -8499.6738 2074.4392 -1116.7247
v  -8499.6738 2074.5928 -1118.1072
v  -8501.1143 2074.5928 -1116.6672
v  -8497.2744 2071.9624 -1117.1855
v  -8497.7539 2072.9033 -1116.4688
v  -8498.5547 2073.5752 -1115.9568
v  -8499.6738 2073.9785 -1115.6495
v  -8501.1143 2074.1128 -1115.5471
v  -8497.2744 2071.6743 -1116.8976
v  -8497.7539 2072.3911 -1115.9568
v  -8498.5547 2072.9033 -1115.2848
v  -8499.6738 2073.2104 -1114.8816
v  -8501.1143 2073.3130 -1114.7472
v  -8497.7539 2071.6743 -1115.6495
v  -8498.5547 2071.9624 -1114.8816
v  -8499.6738 2072.1353 -1114.4208
v  -8497.7539 2070.7529 -1115.5471
v  -8498.5547 2070.7529 -1114.7472
v  -8499.7266 66.2096 -913.9473
v  -8498.6514 65.8064 -913.4672
v  -8498.5488 66.7280 -913.4672
v  -8497.8838 65.5184 -912.6672
v  -8497.7480 66.7280 -912.6672
v  -8497.4229 65.3456 -911.5472
v  -8497.2686 66.7280 -911.5472
v  -8499.8994 65.8064 -913.9473
v  -8498.9590 65.0896 -913.4672
v  -8498.2871 64.5776 -912.6672
v  -8497.8838 64.2704 -911.5472
v  -8497.7500 64.1680 -910.1072
v  -8500.1875 65.5184 -913.9473
v  -8499.4707 64.5776 -913.4672
v  -8498.9590 63.9056 -912.6672
v  -8498.6523 63.5024 -911.5472
v  -8498.5498 63.3680 -910.1072
v  -8500.1875 64.2704 -913.4672
v  -8499.8994 63.5024 -912.6672
v  -8499.7266 63.0416 -911.5472
v  -8499.6689 62.8880 -910.1072
v  -8501.1084 64.1680 -913.4672
v  -8501.1084 63.3680 -912.6672
v  -8501.1084 62.8880 -911.5472
v  -8544.5488 62.8880 -910.1072
v  -8544.4912 62.8880 -910.6256
v  -8545.5664 63.3680 -911.0288
v  -8545.6680 63.3680 -910.1072
v  -8546.3340 64.1680 -911.3168
v  -8546.4688 64.1680 -910.1072
v  -8546.7949 65.2880 -911.4896
v  -8546.9482 66.7280 -911.5472
v  -8544.3184 62.8880 -911.0288
v  -8545.2588 63.3680 -911.7456
v  -8545.9307 64.1680 -912.2576
v  -8546.3340 65.2880 -912.5648
v  -8546.4688 66.7280 -912.6672
v  -8544.0303 62.8880 -911.3168
v  -8544.7471 63.3680 -912.2576
v  -8545.2588 64.1680 -912.9296
v  -8545.5664 65.2880 -913.3328
v  -8545.6680 66.7280 -913.4672
v  -8544.0303 63.3680 -912.5648
v  -8544.3184 64.1680 -913.3328
v  -8544.4902 65.2880 -913.7936
v  -8543.1084 63.3680 -912.6672
v  -8543.1084 64.1680 -913.4672
v  -8543.1084 62.8880 -866.6672
v  -8543.6270 62.8880 -866.7249
v  -8544.0303 63.3680 -865.6497
v  -8543.1084 63.3680 -865.5472
v  -8544.3184 64.1680 -864.8817
v  -8543.1084 64.1680 -864.7473
v  -8544.4902 65.2880 -864.4208
v  -8544.5488 66.7280 -864.2672
v  -8544.0303 62.8880 -866.8976
v  -8544.7471 63.3680 -865.9568
v  -8545.2588 64.1680 -865.2849
v  -8545.5664 65.2880 -864.8817
v  -8545.6680 66.7280 -864.7473
v  -8544.3184 62.8880 -867.1857
v  -8545.2588 63.3680 -866.4689
v  -8545.9307 64.1680 -865.9568
v  -8546.3340 65.2880 -865.6497
v  -8546.4688 66.7280 -865.5472
v  -8545.5664 63.3680 -867.1857
v  -8546.3340 64.1680 -866.8976
v  -8546.7949 65.2880 -866.7249
v  -8545.6680 63.3680 -868.1072
v  -8546.4688 64.1680 -868.1072
v  -8497.2686 66.7280 -866.6672
v  -8497.2686 66.2096 -866.7251
v  -8497.7480 65.8064 -865.6501
v  -8497.7480 66.7280 -865.5472
v  -8498.5488 65.5184 -864.8823
v  -8498.5488 66.7280 -864.7473
v  -8499.6680 65.3456 -864.4216
v  -8497.2686 65.8064 -866.8981
v  -8497.7480 65.0896 -865.9576
v  -8498.5488 64.5776 -865.2858
v  -8499.6680 64.2704 -864.8828
v  -8501.1084 64.1680 -864.7484
v  -8497.2686 65.5184 -867.1861
v  -8497.7480 64.5776 -866.4696
v  -8498.5488 63.9056 -865.9578
v  -8499.6680 63.5024 -865.6508
v  -8501.1084 63.3680 -865.5483
v  -8497.7480 64.2704 -867.1862
v  -8498.5488 63.5024 -866.8983
v  -8499.6680 63.0416 -866.7256
v  -8501.1084 62.8880 -866.6680
v  -8497.7480 64.1680 -868.1072
v  -8498.5488 63.3680 -868.1072
v  -8499.6680 62.8880 -868.1072
v  -8500.5898 2072.1353 -913.9473
v  -8500.1865 2073.2104 -913.4672
v  -8501.1084 2073.3130 -913.4672
v  -8499.8984 2073.9785 -912.6672
v  -8501.1084 2074.1128 -912.6672
v  -8499.7266 2074.4392 -911.5472
v  -8501.1084 2074.5928 -911.5472
v  -8499.6680 2074.5928 -910.1072
v  -8500.1865 2071.9624 -913.9473
v  -8499.4697 2072.9033 -913.4672
v  -8498.9580 2073.5752 -912.6672
v  -8498.6504 2073.9785 -911.5472
v  -8498.5488 2074.1128 -910.1072
v  -8499.8984 2071.6743 -913.9473
v  -8498.9580 2072.3911 -913.4672
v  -8498.2861 2072.9033 -912.6672
v  -8497.8828 2073.2104 -911.5472
v  -8497.7480 2073.3130 -910.1072
v  -8498.6504 2071.6743 -913.4672
v  -8497.8828 2071.9624 -912.6672
v  -8497.4219 2072.1353 -911.5472
v  -8498.5488 2070.7529 -913.4672
v  -8497.7480 2070.7529 -912.6672
v  -8497.2686 2070.7529 -911.5472
v  -8546.9482 2072.1353 -910.6256
v  -8546.4688 2073.2104 -911.0288
v  -8546.4688 2073.3130 -910.1072
v  -8545.6680 2073.9785 -911.3168
v  -8545.6680 2074.1128 -910.1072
v  -8544.5488 2074.4392 -911.4896
v  -8544.5488 2074.5928 -910.1072
v  -8543.1084 2074.5928 -911.5472
v  -8546.9482 2071.9624 -911.0288
v  -8546.4688 2072.9033 -911.7456
v  -8545.6680 2073.5752 -912.2576
v  -8544.5488 2073.9785 -912.5648
v  -8543.1084 2074.1128 -912.6672
v  -8546.9482 2071.6743 -911.3168
v  -8546.4688 2072.3911 -912.2576
v  -8545.6680 2072.9033 -912.9296
v  -8544.5488 2073.2104 -913.3328
v  -8543.1084 2073.3130 -913.4672
v  -8546.4688 2071.6743 -912.5648
v  -8545.6680 2071.9624 -913.3328
v  -8544.5488 2072.1353 -913.7936
v  -8546.4688 2070.7529 -912.6672
v  -8545.6680 2070.7529 -913.4672
v  -8543.6270 2072.1353 -864.2672
v  -8544.0303 2073.2104 -864.7473
v  -8543.1084 2073.3130 -864.7473
v  -8544.3184 2073.9785 -865.5472
v  -8543.1084 2074.1128 -865.5472
v  -8544.4902 2074.4392 -866.6672
v  -8543.1084 2074.5928 -866.6672
v  -8544.5488 2074.5928 -868.1072
v  -8544.0303 2071.9624 -864.2672
v  -8544.7471 2072.9033 -864.7473
v  -8545.2588 2073.5752 -865.5472
v  -8545.5664 2073.9785 -866.6672
v  -8545.6680 2074.1128 -868.1072
v  -8544.3184 2071.6743 -864.2672
v  -8545.2588 2072.3911 -864.7473
v  -8545.9307 2072.9033 -865.5472
v  -8546.3340 2073.2104 -866.6672
v  -8546.4688 2073.3130 -868.1072
v  -8545.5664 2071.6743 -864.7473
v  -8546.3340 2071.9624 -865.5472
v  -8546.7949 2072.1353 -866.6672
v  -8545.6680 2070.7529 -864.7473
v  -8546.4688 2070.7529 -865.5472
v  -8497.2686 2072.1353 -867.5889
v  -8497.7480 2073.2104 -867.1857
v  -8497.7480 2073.3130 -868.1072
v  -8498.5488 2073.9785 -866.8976
v  -8498.5488 2074.1128 -868.1072
v  -8499.6680 2074.4392 -866.7249
v  -8499.6680 2074.5928 -868.1072
v  -8501.1084 2074.5928 -866.6672
v  -8497.2686 2071.9624 -867.1857
v  -8497.7480 2072.9033 -866.4689
v  -8498.5488 2073.5752 -865.9568
v  -8499.6680 2073.9785 -865.6497
v  -8501.1084 2074.1128 -865.5472
v  -8497.2686 2071.6743 -866.8976
v  -8497.7480 2072.3911 -865.9568
v  -8498.5488 2072.9033 -865.2849
v  -8499.6680 2073.2104 -864.8817
v  -8501.1084 2073.3130 -864.7473
v  -8497.7480 2071.6743 -865.6497
v  -8498.5488 2071.9624 -864.8817
v  -8499.6680 2072.1353 -864.4208
v  -8497.7480 2070.7529 -865.5472
v  -8498.5488 2070.7529 -864.7473
v  -10053.1084 245.7854 -1204.6147
v  -10011.1084 245.7854 -1204.6147
v  -10011.1084 66.7281 -1204.6146
v  -10053.1084 66.7281 -1204.6146
v  -10057.1084 245.7854 -972.1293
v  -10057.1084 245.7854 -1200.6147
v  -10057.1084 66.7281 -1200.6146
v  -10057.1084 66.7281 -972.1292
v  -10011.1084 245.7854 -968.1293
v  -10053.1084 245.7854 -968.1293
v  -10053.1084 66.7281 -968.1292
v  -10011.1084 66.7281 -968.1292
v  -10007.1084 245.7854 -1200.6147
v  -10007.1084 245.7854 -972.1293
v  -10007.1084 66.7281 -972.1292
v  -10007.1084 66.7281 -1200.6146
v  -10053.1084 62.7281 -972.1292
v  -10053.1084 62.7281 -1200.6146
v  -10011.1084 62.7281 -1200.6146
v  -10011.1084 62.7281 -972.1292
v  -10011.1084 249.7854 -1200.6147
v  -10053.1084 249.7854 -1200.6147
v  -10053.1084 249.7854 -972.1293
v  -10011.1084 249.7854 -972.1293
v  -10010.5898 65.3457 -1204.4546
v  -10011.1084 65.2881 -1204.4546
v  -10053.6270 62.8880 -1201.9971
v  -10053.1084 62.8880 -1202.0547
v  -10054.4912 62.8880 -971.6108
v  -10054.5488 62.8880 -972.1292
v  -10007.2686 65.3457 -971.6108
v  -10007.2686 65.2881 -972.1292
v  -10009.7256 246.3037 -1204.4547
v  -10009.6680 245.7854 -1204.4547
v  -10056.9482 246.3037 -1201.9971
v  -10056.9482 245.7854 -1202.0547
v  -10054.4912 246.3037 -968.2892
v  -10054.5488 245.7854 -968.2892
v  -10007.2686 246.3037 -970.7468
v  -10007.2686 245.7854 -970.6892
v  -10053.1084 65.2881 -1204.4546
v  -10054.5488 245.7854 -1204.4547
v  -10054.5488 66.7281 -1204.4546
v  -10011.1084 247.2253 -1204.4547
v  -10053.1084 247.2253 -1204.4547
v  -10009.6680 66.7281 -1204.4546
v  -10056.9482 65.2881 -972.1292
v  -10056.9482 65.2881 -1200.6146
v  -10056.9482 245.7854 -970.6892
v  -10056.9482 66.7281 -970.6892
v  -10056.9482 247.2253 -1200.6147
v  -10056.9482 247.2253 -972.1293
v  -10011.1084 65.2881 -968.2891
v  -10053.1084 65.2881 -968.2892
v  -10009.6680 245.7854 -968.2892
v  -10009.6680 66.7281 -968.2892
v  -10053.1084 247.2253 -968.2892
v  -10011.1084 247.2253 -968.2892
v  -10007.2695 65.2881 -1200.6146
v  -10007.2686 247.2253 -972.1293
v  -10007.2686 247.2253 -1200.6147
v  -10009.7266 66.2098 -1204.4546
v  -10008.6514 65.8064 -1203.9746
v  -10008.5488 66.7281 -1203.9746
v  -10007.8838 65.5185 -1203.1746
v  -10007.7480 66.7281 -1203.1746
v  -10007.4229 65.3457 -1202.0547
v  -10007.2686 66.7281 -1202.0547
v  -10009.8994 65.8064 -1204.4546
v  -10008.9590 65.0896 -1203.9746
v  -10008.2871 64.5777 -1203.1746
v  -10007.8838 64.2706 -1202.0547
v  -10007.7500 64.1680 -1200.6146
v  -10010.1875 65.5185 -1204.4546
v  -10009.4707 64.5777 -1203.9746
v  -10008.9590 63.9057 -1203.1746
v  -10008.6523 63.5025 -1202.0547
v  -10008.5498 63.3681 -1200.6146
v  -10010.1875 64.2706 -1203.9746
v  -10009.8994 63.5025 -1203.1746
v  -10009.7266 63.0417 -1202.0547
v  -10009.6689 62.8880 -1200.6146
v  -10011.1084 64.1680 -1203.9746
v  -10011.1084 63.3681 -1203.1746
v  -10011.1084 62.8880 -1202.0547
v  -10054.5488 62.8880 -1200.6146
v  -10054.4912 62.8880 -1201.1331
v  -10055.5664 63.3681 -1201.5361
v  -10055.6680 63.3681 -1200.6146
v  -10056.3340 64.1680 -1201.8242
v  -10056.4688 64.1680 -1200.6146
v  -10056.7949 65.2881 -1201.9971
v  -10056.9482 66.7281 -1202.0547
v  -10054.3184 62.8880 -1201.5361
v  -10055.2588 63.3681 -1202.2529
v  -10055.9307 64.1680 -1202.7650
v  -10056.3340 65.2881 -1203.0723
v  -10056.4688 66.7281 -1203.1746
v  -10054.0303 62.8880 -1201.8242
v  -10054.7471 63.3681 -1202.7650
v  -10055.2588 64.1680 -1203.4370
v  -10055.5664 65.2881 -1203.8402
v  -10055.6680 66.7281 -1203.9746
v  -10054.0303 63.3681 -1203.0723
v  -10054.3184 64.1680 -1203.8402
v  -10054.4912 65.2881 -1204.3010
v  -10053.1084 63.3681 -1203.1746
v  -10053.1084 64.1680 -1203.9746
v  -10053.1084 62.8880 -970.6892
v  -10053.6270 62.8880 -970.7468
v  -10054.0303 63.3681 -969.6716
v  -10053.1084 63.3681 -969.5692
v  -10054.3184 64.1680 -968.9036
v  -10053.1084 64.1680 -968.7692
v  -10054.4912 65.2881 -968.4428
v  -10054.5488 66.7281 -968.2892
v  -10054.0303 62.8880 -970.9196
v  -10054.7471 63.3681 -969.9788
v  -10055.2588 64.1680 -969.3068
v  -10055.5664 65.2881 -968.9036
v  -10055.6680 66.7281 -968.7692
v  -10054.3184 62.8880 -971.2076
v  -10055.2588 63.3681 -970.4908
v  -10055.9307 64.1680 -969.9788
v  -10056.3340 65.2881 -969.6716
v  -10056.4688 66.7281 -969.5692
v  -10055.5664 63.3681 -971.2076
v  -10056.3340 64.1680 -970.9196
v  -10056.7949 65.2881 -970.7468
v  -10055.6680 63.3681 -972.1292
v  -10056.4688 64.1680 -972.1292
v  -10007.2686 66.7281 -970.6892
v  -10007.2686 66.2098 -970.7468
v  -10007.7480 65.8064 -969.6716
v  -10007.7480 66.7281 -969.5692
v  -10008.5488 65.5185 -968.9036
v  -10008.5488 66.7281 -968.7692
v  -10009.6680 65.3457 -968.4427
v  -10007.2686 65.8064 -970.9196
v  -10007.7480 65.0896 -969.9788
v  -10008.5488 64.5777 -969.3067
v  -10009.6680 64.2705 -968.9035
v  -10011.1084 64.1680 -968.7691
v  -10007.2686 65.5185 -971.2076
v  -10007.7480 64.5777 -970.4907
v  -10008.5488 63.9057 -969.9788
v  -10009.6680 63.5025 -969.6715
v  -10011.1084 63.3681 -969.5691
v  -10007.7480 64.2705 -971.2076
v  -10008.5488 63.5025 -970.9196
v  -10009.6680 63.0417 -970.7467
v  -10011.1084 62.8880 -970.6891
v  -10007.7480 64.1680 -972.1292
v  -10008.5488 63.3681 -972.1292
v  -10009.6680 62.8880 -972.1292
v  -10010.5898 247.1677 -1204.4547
v  -10010.1865 248.2429 -1203.9746
v  -10011.1084 248.3455 -1203.9746
v  -10009.8984 249.0110 -1203.1747
v  -10011.1084 249.1453 -1203.1747
v  -10009.7256 249.4717 -1202.0547
v  -10011.1084 249.6252 -1202.0547
v  -10009.6680 249.6255 -1200.6147
v  -10010.1865 246.9949 -1204.4547
v  -10009.4697 247.9358 -1203.9746
v  -10008.9580 248.6079 -1203.1747
v  -10008.6504 249.0110 -1202.0547
v  -10008.5488 249.1455 -1200.6147
v  -10009.8984 246.7070 -1204.4547
v  -10008.9580 247.4238 -1203.9746
v  -10008.2861 247.9358 -1203.1747
v  -10007.8828 248.2429 -1202.0547
v  -10007.7480 248.3455 -1200.6147
v  -10008.6504 246.7070 -1203.9746
v  -10007.8828 246.9949 -1203.1747
v  -10007.4219 247.1677 -1202.0547
v  -10008.5488 245.7854 -1203.9746
v  -10007.7480 245.7854 -1203.1747
v  -10007.2686 245.7854 -1202.0547
v  -10056.9482 247.1677 -1201.1331
v  -10056.4688 248.2429 -1201.5363
v  -10056.4688 248.3455 -1200.6147
v  -10055.6680 249.0110 -1201.8242
v  -10055.6680 249.1453 -1200.6147
v  -10054.5488 249.4717 -1201.9971
v  -10054.5488 249.6252 -1200.6147
v  -10053.1084 249.6252 -1202.0547
v  -10056.9482 246.9949 -1201.5363
v  -10056.4688 247.9358 -1202.2531
v  -10055.6680 248.6077 -1202.7651
v  -10054.5488 249.0110 -1203.0723
v  -10053.1084 249.1453 -1203.1747
v  -10056.9482 246.7070 -1201.8242
v  -10056.4688 247.4238 -1202.7651
v  -10055.6680 247.9358 -1203.4370
v  -10054.5488 248.2429 -1203.8403
v  -10053.1084 248.3455 -1203.9746
v  -10056.4688 246.7070 -1203.0723
v  -10055.6680 246.9949 -1203.8403
v  -10054.5488 247.1677 -1204.3010
v  -10056.4688 245.7854 -1203.1747
v  -10055.6680 245.7854 -1203.9746
v  -10053.6270 247.1677 -968.2892
v  -10054.0303 248.2429 -968.7693
v  -10053.1084 248.3455 -968.7693
v  -10054.3184 249.0110 -969.5692
v  -10053.1084 249.1453 -969.5692
v  -10054.4912 249.4717 -970.6892
v  -10053.1084 249.6252 -970.6892
v  -10054.5488 249.6255 -972.1293
v  -10054.0303 246.9949 -968.2892
v  -10054.7471 247.9358 -968.7693
v  -10055.2588 248.6079 -969.5692
v  -10055.5664 249.0110 -970.6892
v  -10055.6680 249.1455 -972.1293
v  -10054.3184 246.7070 -968.2892
v  -10055.2588 247.4238 -968.7693
v  -10055.9307 247.9358 -969.5692
v  -10056.3340 248.2429 -970.6892
v  -10056.4688 248.3455 -972.1293
v  -10055.5664 246.7070 -968.7693
v  -10056.3340 246.9949 -969.5692
v  -10056.7949 247.1677 -970.6892
v  -10055.6680 245.7854 -968.7693
v  -10056.4688 245.7854 -969.5692
v  -10007.2686 247.1677 -971.6108
v  -10007.7480 248.2429 -971.2076
v  -10007.7480 248.3455 -972.1293
v  -10008.5488 249.0110 -970.9197
v  -10008.5488 249.1453 -972.1293
v  -10009.6680 249.4717 -970.7468
v  -10009.6680 249.6252 -972.1293
v  -10011.1084 249.6252 -970.6892
v  -10007.2686 246.9949 -971.2076
v  -10007.7480 247.9358 -970.4908
v  -10008.5488 248.6077 -969.9789
v  -10009.6680 249.0110 -969.6716
v  -10011.1084 249.1453 -969.5692
v  -10007.2686 246.7070 -970.9197
v  -10007.7480 247.4238 -969.9789
v  -10008.5488 247.9358 -969.3069
v  -10009.6680 248.2429 -968.9037
v  -10011.1084 248.3455 -968.7693
v  -10007.7480 246.7070 -969.6716
v  -10008.5488 246.9949 -968.9037
v  -10009.6680 247.1677 -968.4429
v  -10007.7480 245.7854 -969.5692
v  -10008.5488 245.7854 -968.7693
v  -10053.1084 2070.7529 -679.7404
v  -10011.1084 2070.7529 -679.7404
v  -10011.1084 66.7280 -679.7404
v  -10053.1084 66.7280 -679.7404
v  -10057.1084 2070.7529 -633.6527
v  -10057.1084 2070.7529 -675.7404
v  -10057.1084 66.7280 -675.7404
v  -10057.1084 66.7280 -633.6527
v  -10011.1084 2070.7529 -629.6527
v  -10053.1084 2070.7529 -629.6527
v  -10053.1084 66.7280 -629.6527
v  -10011.1084 66.7280 -629.6527
v  -10007.1084 2070.7529 -675.7404
v  -10007.1084 2070.7529 -633.6527
v  -10007.1084 66.7280 -633.6527
v  -10007.1084 66.7280 -675.7404
v  -10053.1084 62.7280 -633.6527
v  -10053.1084 62.7280 -675.7404
v  -10011.1084 62.7280 -675.7404
v  -10011.1084 62.7280 -633.6527
v  -10011.1084 2074.7529 -675.7404
v  -10053.1084 2074.7529 -675.7404
v  -10053.1084 2074.7529 -633.6527
v  -10011.1084 2074.7529 -633.6527
v  -10010.5898 65.3456 -679.5804
v  -10011.1084 65.2880 -679.5804
v  -10053.6270 62.8880 -677.1228
v  -10053.1084 62.8880 -677.1804
v  -10054.4912 62.8880 -633.1343
v  -10054.5488 62.8880 -633.6527
v  -10007.2686 65.3456 -633.1343
v  -10007.2686 65.2880 -633.6527
v  -10009.7256 2071.2712 -679.5804
v  -10009.6680 2070.7529 -679.5804
v  -10056.9482 2071.2712 -677.1228
v  -10056.9482 2070.7529 -677.1804
v  -10054.4912 2071.2712 -629.8127
v  -10054.5488 2070.7529 -629.8127
v  -10007.2686 2071.2712 -632.2703
v  -10007.2686 2070.7529 -632.2127
v  -10053.1084 65.2880 -679.5804
v  -10054.5488 2070.7529 -679.5804
v  -10054.5488 66.7280 -679.5804
v  -10011.1084 2072.1929 -679.5804
v  -10053.1084 2072.1929 -679.5804
v  -10009.6680 66.7280 -679.5804
v  -10056.9482 65.2880 -633.6527
v  -10056.9482 65.2880 -675.7404
v  -10056.9482 2070.7529 -632.2127
v  -10056.9482 66.7280 -632.2127
v  -10056.9482 2072.1929 -675.7404
v  -10056.9482 2072.1929 -633.6527
v  -10011.1084 65.2880 -629.8126
v  -10053.1084 65.2880 -629.8127
v  -10009.6680 2070.7529 -629.8127
v  -10009.6680 66.7280 -629.8127
v  -10053.1084 2072.1929 -629.8127
v  -10011.1084 2072.1929 -629.8127
v  -10007.2695 65.2880 -675.7404
v  -10007.2686 2072.1929 -633.6527
v  -10007.2686 2072.1929 -675.7404
v  -10009.7266 66.2097 -679.5804
v  -10008.6514 65.8065 -679.1004
v  -10008.5488 66.7280 -679.1004
v  -10007.8838 65.5184 -678.3004
v  -10007.7480 66.7280 -678.3004
v  -10007.4229 65.3456 -677.1804
v  -10007.2686 66.7280 -677.1804
v  -10009.8994 65.8065 -679.5804
v  -10008.9590 65.0896 -679.1004
v  -10008.2871 64.5776 -678.3004
v  -10007.8838 64.2704 -677.1804
v  -10007.7500 64.1680 -675.7404
v  -10010.1875 65.5184 -679.5804
v  -10009.4707 64.5776 -679.1004
v  -10008.9590 63.9056 -678.3004
v  -10008.6523 63.5024 -677.1804
v  -10008.5498 63.3680 -675.7404
v  -10010.1875 64.2704 -679.1004
v  -10009.8994 63.5024 -678.3004
v  -10009.7266 63.0416 -677.1804
v  -10009.6689 62.8880 -675.7404
v  -10011.1084 64.1680 -679.1004
v  -10011.1084 63.3680 -678.3004
v  -10011.1084 62.8880 -677.1804
v  -10054.5488 62.8880 -675.7404
v  -10054.4912 62.8880 -676.2588
v  -10055.5664 63.3680 -676.6620
v  -10055.6680 63.3680 -675.7404
v  -10056.3340 64.1680 -676.9500
v  -10056.4688 64.1680 -675.7404
v  -10056.7949 65.2880 -677.1228
v  -10056.9482 66.7280 -677.1804
v  -10054.3184 62.8880 -676.6620
v  -10055.2588 63.3680 -677.3788
v  -10055.9307 64.1680 -677.8908
v  -10056.3340 65.2880 -678.1980
v  -10056.4688 66.7280 -678.3004
v  -10054.0303 62.8880 -676.9500
v  -10054.7471 63.3680 -677.8908
v  -10055.2588 64.1680 -678.5628
v  -10055.5664 65.2880 -678.9660
v  -10055.6680 66.7280 -679.1004
v  -10054.0303 63.3680 -678.1980
v  -10054.3184 64.1680 -678.9660
v  -10054.4912 65.2880 -679.4268
v  -10053.1084 63.3680 -678.3004
v  -10053.1084 64.1680 -679.1004
v  -10053.1084 62.8880 -632.2127
v  -10053.6270 62.8880 -632.2703
v  -10054.0303 63.3680 -631.1951
v  -10053.1084 63.3680 -631.0927
v  -10054.3184 64.1680 -630.4271
v  -10053.1084 64.1680 -630.2927
v  -10054.4912 65.2880 -629.9663
v  -10054.5488 66.7280 -629.8127
v  -10054.0303 62.8880 -632.4431
v  -10054.7471 63.3680 -631.5023
v  -10055.2588 64.1680 -630.8303
v  -10055.5664 65.2880 -630.4271
v  -10055.6680 66.7280 -630.2927
v  -10054.3184 62.8880 -632.7311
v  -10055.2588 63.3680 -632.0143
v  -10055.9307 64.1680 -631.5023
v  -10056.3340 65.2880 -631.1951
v  -10056.4688 66.7280 -631.0927
v  -10055.5664 63.3680 -632.7311
v  -10056.3340 64.1680 -632.4431
v  -10056.7949 65.2880 -632.2703
v  -10055.6680 63.3680 -633.6527
v  -10056.4688 64.1680 -633.6527
v  -10007.2686 66.7280 -632.2127
v  -10007.2686 66.2097 -632.2703
v  -10007.7480 65.8065 -631.1951
v  -10007.7480 66.7280 -631.0927
v  -10008.5488 65.5184 -630.4271
v  -10008.5488 66.7280 -630.2927
v  -10009.6680 65.3456 -629.9662
v  -10007.2686 65.8065 -632.4431
v  -10007.7480 65.0896 -631.5023
v  -10008.5488 64.5776 -630.8302
v  -10009.6680 64.2704 -630.4270
v  -10011.1084 64.1680 -630.2926
v  -10007.2686 65.5184 -632.7311
v  -10007.7480 64.5776 -632.0142
v  -10008.5488 63.9056 -631.5022
v  -10009.6680 63.5024 -631.1950
v  -10011.1084 63.3680 -631.0926
v  -10007.7480 64.2704 -632.7311
v  -10008.5488 63.5024 -632.4431
v  -10009.6680 63.0416 -632.2703
v  -10011.1084 62.8880 -632.2126
v  -10007.7480 64.1680 -633.6527
v  -10008.5488 63.3680 -633.6527
v  -10009.6680 62.8880 -633.6527
v  -10010.5898 2072.1353 -679.5804
v  -10010.1865 2073.2104 -679.1004
v  -10011.1084 2073.3130 -679.1004
v  -10009.8984 2073.9785 -678.3004
v  -10011.1084 2074.1128 -678.3004
v  -10009.7256 2074.4392 -677.1804
v  -10011.1084 2074.5928 -677.1804
v  -10009.6680 2074.5928 -675.7404
v  -10010.1865 2071.9624 -679.5804
v  -10009.4697 2072.9033 -679.1004
v  -10008.9580 2073.5752 -678.3004
v  -10008.6504 2073.9785 -677.1804
v  -10008.5488 2074.1128 -675.7404
v  -10009.8984 2071.6743 -679.5804
v  -10008.9580 2072.3911 -679.1004
v  -10008.2861 2072.9033 -678.3004
v  -10007.8828 2073.2104 -677.1804
v  -10007.7480 2073.3130 -675.7404
v  -10008.6504 2071.6743 -679.1004
v  -10007.8828 2071.9624 -678.3004
v  -10007.4219 2072.1353 -677.1804
v  -10008.5488 2070.7529 -679.1004
v  -10007.7480 2070.7529 -678.3004
v  -10007.2686 2070.7529 -677.1804
v  -10056.9482 2072.1353 -676.2588
v  -10056.4688 2073.2104 -676.6620
v  -10056.4688 2073.3130 -675.7404
v  -10055.6680 2073.9785 -676.9500
v  -10055.6680 2074.1128 -675.7404
v  -10054.5488 2074.4392 -677.1228
v  -10054.5488 2074.5928 -675.7404
v  -10053.1084 2074.5928 -677.1804
v  -10056.9482 2071.9624 -676.6620
v  -10056.4688 2072.9033 -677.3788
v  -10055.6680 2073.5752 -677.8908
v  -10054.5488 2073.9785 -678.1980
v  -10053.1084 2074.1128 -678.3004
v  -10056.9482 2071.6743 -676.9500
v  -10056.4688 2072.3911 -677.8908
v  -10055.6680 2072.9033 -678.5628
v  -10054.5488 2073.2104 -678.9660
v  -10053.1084 2073.3130 -679.1004
v  -10056.4688 2071.6743 -678.1980
v  -10055.6680 2071.9624 -678.9660
v  -10054.5488 2072.1353 -679.4268
v  -10056.4688 2070.7529 -678.3004
v  -10055.6680 2070.7529 -679.1004
v  -10053.6270 2072.1353 -629.8127
v  -10054.0303 2073.2104 -630.2927
v  -10053.1084 2073.3130 -630.2927
v  -10054.3184 2073.9785 -631.0927
v  -10053.1084 2074.1128 -631.0927
v  -10054.4912 2074.4392 -632.2127
v  -10053.1084 2074.5928 -632.2127
v  -10054.5488 2074.5928 -633.6527
v  -10054.0303 2071.9624 -629.8127
v  -10054.7471 2072.9033 -630.2927
v  -10055.2588 2073.5752 -631.0927
v  -10055.5664 2073.9785 -632.2127
v  -10055.6680 2074.1128 -633.6527
v  -10054.3184 2071.6743 -629.8127
v  -10055.2588 2072.3911 -630.2927
v  -10055.9307 2072.9033 -631.0927
v  -10056.3340 2073.2104 -632.2127
v  -10056.4688 2073.3130 -633.6527
v  -10055.5664 2071.6743 -630.2927
v  -10056.3340 2071.9624 -631.0927
v  -10056.7949 2072.1353 -632.2127
v  -10055.6680 2070.7529 -630.2927
v  -10056.4688 2070.7529 -631.0927
v  -10007.2686 2072.1353 -633.1343
v  -10007.7480 2073.2104 -632.7311
v  -10007.7480 2073.3130 -633.6527
v  -10008.5488 2073.9785 -632.4431
v  -10008.5488 2074.1128 -633.6527
v  -10009.6680 2074.4392 -632.2703
v  -10009.6680 2074.5928 -633.6527
v  -10011.1084 2074.5928 -632.2127
v  -10007.2686 2071.9624 -632.7311
v  -10007.7480 2072.9033 -632.0143
v  -10008.5488 2073.5752 -631.5023
v  -10009.6680 2073.9785 -631.1951
v  -10011.1084 2074.1128 -631.0927
v  -10007.2686 2071.6743 -632.4431
v  -10007.7480 2072.3911 -631.5023
v  -10008.5488 2072.9033 -630.8303
v  -10009.6680 2073.2104 -630.4271
v  -10011.1084 2073.3130 -630.2927
v  -10007.7480 2071.6743 -631.1951
v  -10008.5488 2071.9624 -630.4271
v  -10009.6680 2072.1353 -629.9663
v  -10007.7480 2070.7529 -631.0927
v  -10008.5488 2070.7529 -630.2927
v  -10053.1084 2070.7529 -1204.6145
v  -10011.1084 2070.7529 -1204.6145
v  -10011.1084 254.2199 -1204.6146
v  -10053.1084 254.2199 -1204.6146
v  -10057.1084 2070.7532 -972.1292
v  -10057.1084 2070.7529 -1200.6145
v  -10057.1084 254.2199 -1200.6146
v  -10057.1084 254.2199 -972.1292
v  -10011.1084 2070.7532 -968.1292
v  -10053.1084 2070.7532 -968.1292
v  -10053.1084 254.2199 -968.1292
v  -10011.1084 254.2199 -968.1292
v  -10007.1084 2070.7529 -1200.6145
v  -10007.1084 2070.7532 -972.1292
v  -10007.1084 254.2199 -972.1292
v  -10007.1084 254.2199 -1200.6146
v  -10053.1084 250.2199 -972.1292
v  -10053.1084 250.2199 -1200.6146
v  -10011.1084 250.2199 -1200.6146
v  -10011.1084 250.2199 -972.1292
v  -10011.1084 2074.7529 -1200.6145
v  -10053.1084 2074.7529 -1200.6145
v  -10053.1084 2074.7532 -972.1292
v  -10011.1084 2074.7532 -972.1292
v  -10010.5898 252.8376 -1204.4546
v  -10011.1084 252.7800 -1204.4546
v  -10053.6270 250.3799 -1201.9971
v  -10053.1084 250.3799 -1202.0547
v  -10054.4912 250.3798 -971.6108
v  -10054.5488 250.3798 -972.1292
v  -10007.2686 252.8376 -971.6108
v  -10007.2686 252.7800 -972.1292
v  -10009.7256 2071.2715 -1204.4546
v  -10009.6680 2070.7529 -1204.4546
v  -10056.9482 2071.2715 -1201.9971
v  -10056.9482 2070.7529 -1202.0547
v  -10054.4912 2071.2715 -968.2892
v  -10054.5488 2070.7532 -968.2892
v  -10007.2686 2071.2715 -970.7468
v  -10007.2686 2070.7532 -970.6892
v  -10053.1084 252.7800 -1204.4546
v  -10054.5488 2070.7529 -1204.4546
v  -10054.5488 254.2199 -1204.4546
v  -10011.1084 2072.1929 -1204.4546
v  -10053.1084 2072.1929 -1204.4546
v  -10009.6680 254.2199 -1204.4546
v  -10056.9482 252.7800 -972.1292
v  -10056.9482 252.7800 -1200.6146
v  -10056.9482 2070.7532 -970.6892
v  -10056.9482 254.2199 -970.6892
v  -10056.9482 2072.1929 -1200.6145
v  -10056.9482 2072.1931 -972.1292
v  -10011.1084 252.7800 -968.2891
v  -10053.1084 252.7800 -968.2892
v  -10009.6680 2070.7532 -968.2892
v  -10009.6680 254.2199 -968.2892
v  -10053.1084 2072.1931 -968.2892
v  -10011.1084 2072.1931 -968.2892
v  -10007.2695 252.7800 -1200.6146
v  -10007.2686 2072.1931 -972.1292
v  -10007.2686 2072.1929 -1200.6145
v  -10009.7266 253.7016 -1204.4546
v  -10008.6514 253.2983 -1203.9746
v  -10008.5488 254.2199 -1203.9746
v  -10007.8838 253.0103 -1203.1746
v  -10007.7480 254.2199 -1203.1746
v  -10007.4229 252.8376 -1202.0547
v  -10007.2686 254.2199 -1202.0547
v  -10009.8994 253.2983 -1204.4546
v  -10008.9590 252.5815 -1203.9746
v  -10008.2871 252.0695 -1203.1746
v  -10007.8838 251.7624 -1202.0547
v  -10007.7500 251.6599 -1200.6146
v  -10010.1875 253.0103 -1204.4546
v  -10009.4707 252.0695 -1203.9746
v  -10008.9590 251.3976 -1203.1746
v  -10008.6523 250.9944 -1202.0547
v  -10008.5498 250.8600 -1200.6146
v  -10010.1875 251.7624 -1203.9746
v  -10009.8994 250.9944 -1203.1746
v  -10009.7266 250.5335 -1202.0547
v  -10009.6689 250.3799 -1200.6146
v  -10011.1084 251.6599 -1203.9746
v  -10011.1084 250.8600 -1203.1746
v  -10011.1084 250.3799 -1202.0547
v  -10054.5488 250.3799 -1200.6146
v  -10054.4912 250.3799 -1201.1331
v  -10055.5664 250.8600 -1201.5361
v  -10055.6680 250.8600 -1200.6146
v  -10056.3340 251.6599 -1201.8242
v  -10056.4688 251.6599 -1200.6146
v  -10056.7949 252.7800 -1201.9971
v  -10056.9482 254.2199 -1202.0547
v  -10054.3184 250.3799 -1201.5361
v  -10055.2588 250.8600 -1202.2529
v  -10055.9307 251.6599 -1202.7650
v  -10056.3340 252.7800 -1203.0723
v  -10056.4688 254.2199 -1203.1746
v  -10054.0303 250.3799 -1201.8242
v  -10054.7471 250.8600 -1202.7650
v  -10055.2588 251.6599 -1203.4370
v  -10055.5664 252.7800 -1203.8402
v  -10055.6680 254.2199 -1203.9746
v  -10054.0303 250.8600 -1203.0723
v  -10054.3184 251.6599 -1203.8402
v  -10054.4912 252.7800 -1204.3010
v  -10053.1084 250.8600 -1203.1746
v  -10053.1084 251.6599 -1203.9746
v  -10053.1084 250.3798 -970.6892
v  -10053.6270 250.3798 -970.7468
v  -10054.0303 250.8599 -969.6716
v  -10053.1084 250.8599 -969.5692
v  -10054.3184 251.6599 -968.9036
v  -10053.1084 251.6599 -968.7692
v  -10054.4912 252.7800 -968.4428
v  -10054.5488 254.2199 -968.2892
v  -10054.0303 250.3798 -970.9196
v  -10054.7471 250.8599 -969.9788
v  -10055.2588 251.6599 -969.3068
v  -10055.5664 252.7800 -968.9036
v  -10055.6680 254.2199 -968.7692
v  -10054.3184 250.3798 -971.2076
v  -10055.2588 250.8599 -970.4908
v  -10055.9307 251.6599 -969.9788
v  -10056.3340 252.7800 -969.6716
v  -10056.4688 254.2199 -969.5692
v  -10055.5664 250.8599 -971.2076
v  -10056.3340 251.6599 -970.9196
v  -10056.7949 252.7800 -970.7468
v  -10055.6680 250.8599 -972.1292
v  -10056.4688 251.6599 -972.1292
v  -10007.2686 254.2199 -970.6892
v  -10007.2686 253.7016 -970.7468
v  -10007.7480 253.2983 -969.6716
v  -10007.7480 254.2199 -969.5692
v  -10008.5488 253.0103 -968.9036
v  -10008.5488 254.2199 -968.7692
v  -10009.6680 252.8376 -968.4427
v  -10007.2686 253.2983 -970.9196
v  -10007.7480 252.5815 -969.9788
v  -10008.5488 252.0695 -969.3067
v  -10009.6680 251.7624 -968.9035
v  -10011.1084 251.6599 -968.7691
v  -10007.2686 253.0103 -971.2076
v  -10007.7480 252.0695 -970.4907
v  -10008.5488 251.3975 -969.9788
v  -10009.6680 250.9943 -969.6715
v  -10011.1084 250.8599 -969.5691
v  -10007.7480 251.7624 -971.2076
v  -10008.5488 250.9943 -970.9196
v  -10009.6680 250.5335 -970.7467
v  -10011.1084 250.3798 -970.6891
v  -10007.7480 251.6599 -972.1292
v  -10008.5488 250.8599 -972.1292
v  -10009.6680 250.3798 -972.1292
v  -10010.5898 2072.1353 -1204.4546
v  -10010.1865 2073.2104 -1203.9746
v  -10011.1084 2073.3130 -1203.9746
v  -10009.8984 2073.9785 -1203.1746
v  -10011.1084 2074.1128 -1203.1746
v  -10009.7256 2074.4395 -1202.0547
v  -10011.1084 2074.5928 -1202.0547
v  -10009.6680 2074.5933 -1200.6145
v  -10010.1865 2071.9624 -1204.4546
v  -10009.4697 2072.9033 -1203.9746
v  -10008.9580 2073.5757 -1203.1746
v  -10008.6504 2073.9785 -1202.0547
v  -10008.5488 2074.1133 -1200.6145
v  -10009.8984 2071.6748 -1204.4546
v  -10008.9580 2072.3916 -1203.9746
v  -10008.2861 2072.9033 -1203.1746
v  -10007.8828 2073.2104 -1202.0547
v  -10007.7480 2073.3130 -1200.6145
v  -10008.6504 2071.6748 -1203.9746
v  -10007.8828 2071.9624 -1203.1746
v  -10007.4219 2072.1353 -1202.0547
v  -10008.5488 2070.7529 -1203.9746
v  -10007.7480 2070.7529 -1203.1746
v  -10007.2686 2070.7529 -1202.0547
v  -10056.9482 2072.1353 -1201.1331
v  -10056.4688 2073.2104 -1201.5361
v  -10056.4688 2073.3130 -1200.6145
v  -10055.6680 2073.9785 -1201.8242
v  -10055.6680 2074.1128 -1200.6145
v  -10054.5488 2074.4395 -1201.9971
v  -10054.5488 2074.5928 -1200.6145
v  -10053.1084 2074.5928 -1202.0547
v  -10056.9482 2071.9624 -1201.5361
v  -10056.4688 2072.9033 -1202.2529
v  -10055.6680 2073.5752 -1202.7649
v  -10054.5488 2073.9785 -1203.0723
v  -10053.1084 2074.1128 -1203.1746
v  -10056.9482 2071.6748 -1201.8242
v  -10056.4688 2072.3916 -1202.7649
v  -10055.6680 2072.9033 -1203.4370
v  -10054.5488 2073.2104 -1203.8401
v  -10053.1084 2073.3130 -1203.9746
v  -10056.4688 2071.6748 -1203.0723
v  -10055.6680 2071.9624 -1203.8401
v  -10054.5488 2072.1353 -1204.3010
v  -10056.4688 2070.7529 -1203.1746
v  -10055.6680 2070.7529 -1203.9746
v  -10053.6270 2072.1355 -968.2892
v  -10054.0303 2073.2107 -968.7692
v  -10053.1084 2073.3132 -968.7692
v  -10054.3184 2073.9788 -969.5692
v  -10053.1084 2074.1130 -969.5692
v  -10054.4912 2074.4395 -970.6892
v  -10053.1084 2074.5930 -970.6892
v  -10054.5488 2074.5933 -972.1292
v  -10054.0303 2071.9626 -968.2892
v  -10054.7471 2072.9036 -968.7692
v  -10055.2588 2073.5757 -969.5692
v  -10055.5664 2073.9788 -970.6892
v  -10055.6680 2074.1133 -972.1292
v  -10054.3184 2071.6748 -968.2892
v  -10055.2588 2072.3916 -968.7692
v  -10055.9307 2072.9036 -969.5692
v  -10056.3340 2073.2107 -970.6892
v  -10056.4688 2073.3132 -972.1292
v  -10055.5664 2071.6748 -968.7692
v  -10056.3340 2071.9626 -969.5692
v  -10056.7949 2072.1355 -970.6892
v  -10055.6680 2070.7532 -968.7692
v  -10056.4688 2070.7532 -969.5692
v  -10007.2686 2072.1355 -971.6108
v  -10007.7480 2073.2107 -971.2076
v  -10007.7480 2073.3132 -972.1292
v  -10008.5488 2073.9788 -970.9196
v  -10008.5488 2074.1130 -972.1292
v  -10009.6680 2074.4395 -970.7468
v  -10009.6680 2074.5930 -972.1292
v  -10011.1084 2074.5930 -970.6892
v  -10007.2686 2071.9626 -971.2076
v  -10007.7480 2072.9036 -970.4908
v  -10008.5488 2073.5754 -969.9788
v  -10009.6680 2073.9788 -969.6716
v  -10011.1084 2074.1130 -969.5692
v  -10007.2686 2071.6748 -970.9196
v  -10007.7480 2072.3916 -969.9788
v  -10008.5488 2072.9036 -969.3068
v  -10009.6680 2073.2107 -968.9036
v  -10011.1084 2073.3132 -968.7692
v  -10007.7480 2071.6748 -969.6716
v  -10008.5488 2071.9626 -968.9036
v  -10009.6680 2072.1355 -968.4427
v  -10007.7480 2070.7532 -969.5692
v  -10008.5488 2070.7532 -968.7692
# 1488 vertices

vn 0.0000 0.0000 -1.0000
vn -1.0000 0.0000 -0.0000
vn 0.0000 0.0000 1.0000
vn 1.0000 0.0000 -0.0000
vn 0.0000 -1.0000 -0.0000
vn 0.0000 1.0000 -0.0000
vn 0.0123 -0.1104 -0.9938
vn -0.0123 -0.9938 -0.1104
vn -0.1104 -0.9938 0.0123
vn 0.9938 -0.1104 0.0123
vn 0.1104 0.0123 -0.9938
vn -0.9938 0.0123 -0.1104
vn -0.1104 0.0123 0.9938
vn 0.9938 0.0123 0.1104
vn -0.1104 -0.9938 0.0122
vn 0.1104 0.0122 -0.9938
vn -0.1104 0.0122 0.9938
vn 0.0000 -0.1104 -0.9939
vn -0.1104 0.0000 -0.9939
vn 0.0000 0.1104 -0.9939
vn 0.1104 0.0000 -0.9939
vn -0.9939 -0.1104 -0.0000
vn -0.9939 0.0000 0.1104
vn -0.9939 0.1104 -0.0000
vn -0.0000 -0.1104 0.9939
vn 0.1104 0.0000 0.9939
vn 0.0000 0.1104 0.9939
vn 0.9939 -0.1107 -0.0000
vn 0.9939 0.1104 0.0000
vn -0.9939 -0.1105 -0.0000
vn -0.9939 0.0000 0.1105
vn -0.9939 0.1105 -0.0000
vn 0.0000 -0.1107 0.9939
vn -0.0000 0.1104 0.9939
vn 0.9939 0.1105 0.0000
vn 0.1104 -0.0123 -0.9938
vn 0.3935 -0.0439 -0.9183
vn 0.7049 -0.0787 -0.7049
vn 0.9143 -0.1021 -0.3919
vn 0.9878 -0.1103 -0.1098
vn 0.0991 -0.0425 -0.9942
vn 0.3548 -0.1522 -0.9225
vn 0.6421 -0.2754 -0.7154
vn 0.8416 -0.3609 -0.4019
vn 0.9131 -0.3917 -0.1131
vn 0.0747 -0.0747 -0.9944
vn 0.2680 -0.2680 -0.9254
vn 0.4885 -0.4886 -0.7229
vn 0.6452 -0.6452 -0.4092
vn 0.7024 -0.7024 -0.1155
vn 0.0425 -0.0991 -0.9942
vn 0.1521 -0.3548 -0.9225
vn 0.2753 -0.6421 -0.7155
vn 0.3608 -0.8416 -0.4019
vn 0.3915 -0.9132 -0.1131
vn 0.0438 -0.3935 -0.9183
vn 0.0784 -0.7049 -0.7049
vn 0.1017 -0.9144 -0.3919
vn 0.1098 -0.9879 -0.1098
vn -0.1104 -0.9938 -0.0123
vn -0.3936 -0.9183 -0.0437
vn -0.7049 -0.7049 -0.0783
vn -0.9144 -0.3919 -0.1016
vn -0.9879 -0.1098 -0.1098
vn -0.0991 -0.9942 -0.0425
vn -0.3548 -0.9225 -0.1521
vn -0.6421 -0.7155 -0.2752
vn -0.8416 -0.4019 -0.3607
vn -0.9133 -0.1131 -0.3914
vn -0.0746 -0.9944 -0.0746
vn -0.2680 -0.9254 -0.2680
vn -0.4885 -0.7230 -0.4885
vn -0.6452 -0.4092 -0.6452
vn -0.7024 -0.1155 -0.7024
vn -0.0425 -0.9942 -0.0991
vn -0.1521 -0.9225 -0.3548
vn -0.2752 -0.7155 -0.6421
vn -0.3607 -0.4019 -0.8416
vn -0.3914 -0.1131 -0.9132
vn -0.0437 -0.9183 -0.3936
vn -0.0783 -0.7049 -0.7049
vn -0.1016 -0.3919 -0.9144
vn -0.1098 -0.1098 -0.9879
vn -0.0123 -0.9938 0.1104
vn -0.0437 -0.9183 0.3936
vn -0.0783 -0.7049 0.7049
vn -0.1016 -0.3919 0.9144
vn -0.1098 -0.1098 0.9879
vn -0.0425 -0.9942 0.0991
vn -0.1521 -0.9225 0.3548
vn -0.2752 -0.7155 0.6421
vn -0.3607 -0.4019 0.8416
vn -0.3914 -0.1131 0.9133
vn -0.0746 -0.9944 0.0746
vn -0.2680 -0.9254 0.2680
vn -0.4885 -0.7230 0.4885
vn -0.6452 -0.4092 0.6452
vn -0.7024 -0.1155 0.7024
vn -0.0991 -0.9942 0.0425
vn -0.3548 -0.9225 0.1521
vn -0.6421 -0.7155 0.2752
vn -0.8416 -0.4019 0.3607
vn -0.9133 -0.1131 0.3914
vn -0.3936 -0.9183 0.0437
vn -0.7049 -0.7049 0.0783
vn -0.9144 -0.3919 0.1016
vn -0.9879 -0.1098 0.1098
vn 0.9938 -0.0123 0.1104
vn 0.9183 -0.0437 0.3935
vn 0.7049 -0.0783 0.7049
vn 0.3919 -0.1016 0.9144
vn 0.1098 -0.1097 0.9879
vn 0.9942 -0.0425 0.0991
vn 0.9225 -0.1520 0.3548
vn 0.7155 -0.2752 0.6421
vn 0.4019 -0.3607 0.8416
vn 0.1131 -0.3914 0.9133
vn 0.9944 -0.0747 0.0747
vn 0.9254 -0.2680 0.2680
vn 0.7230 -0.4885 0.4885
vn 0.4092 -0.6452 0.6452
vn 0.1155 -0.7024 0.7024
vn 0.9942 -0.0991 0.0425
vn 0.9225 -0.3548 0.1520
vn 0.7155 -0.6421 0.2752
vn 0.4019 -0.8416 0.3607
vn 0.1131 -0.9132 0.3914
vn 0.9183 -0.3935 0.0437
vn 0.7049 -0.7049 0.0783
vn 0.3919 -0.9144 0.1016
vn 0.1098 -0.9879 0.1098
vn 0.0122 0.1104 -0.9938
vn 0.0437 0.3935 -0.9183
vn 0.0783 0.7049 -0.7049
vn 0.1015 0.9144 -0.3918
vn 0.1097 0.9879 -0.1098
vn 0.0425 0.0991 -0.9942
vn 0.1521 0.3548 -0.9225
vn 0.2752 0.6421 -0.7155
vn 0.3607 0.8417 -0.4019
vn 0.3913 0.9133 -0.1131
vn 0.0747 0.0747 -0.9944
vn 0.2680 0.2680 -0.9254
vn 0.4886 0.4885 -0.7230
vn 0.6452 0.6451 -0.4092
vn 0.7024 0.7023 -0.1155
vn 0.0991 0.0425 -0.9942
vn 0.3548 0.1521 -0.9225
vn 0.6421 0.2752 -0.7155
vn 0.8416 0.3607 -0.4019
vn 0.9132 0.3914 -0.1131
vn 0.3936 0.0437 -0.9183
vn 0.7049 0.0783 -0.7049
vn 0.9144 0.1016 -0.3919
vn 0.9879 0.1098 -0.1098
vn -0.9938 0.1104 -0.0122
vn -0.9183 0.3935 -0.0437
vn -0.7049 0.7050 -0.0783
vn -0.3919 0.9144 -0.1016
vn -0.1098 0.9879 -0.1098
vn -0.9942 0.0991 -0.0425
vn -0.9225 0.3548 -0.1521
vn -0.7155 0.6421 -0.2752
vn -0.4019 0.8416 -0.3607
vn -0.1131 0.9133 -0.3914
vn -0.9944 0.0747 -0.0747
vn -0.9254 0.2680 -0.2680
vn -0.7230 0.4885 -0.4885
vn -0.4092 0.6452 -0.6452
vn -0.1155 0.7024 -0.7024
vn -0.9942 0.0425 -0.0991
vn -0.9225 0.1521 -0.3548
vn -0.7155 0.2752 -0.6421
vn -0.4019 0.3607 -0.8416
vn -0.1131 0.3914 -0.9133
vn -0.9183 0.0437 -0.3935
vn -0.7049 0.0783 -0.7049
vn -0.3919 0.1016 -0.9144
vn -0.1098 0.1098 -0.9879
vn -0.0122 0.1104 0.9938
vn -0.0437 0.3935 0.9183
vn -0.0783 0.7049 0.7049
vn -0.1015 0.9144 0.3918
vn -0.1097 0.9879 0.1098
vn -0.0425 0.0991 0.9942
vn -0.1520 0.3548 0.9225
vn -0.2752 0.6421 0.7155
vn -0.3607 0.8417 0.4019
vn -0.3913 0.9133 0.1131
vn -0.0747 0.0747 0.9944
vn -0.2680 0.2680 0.9254
vn -0.4886 0.4885 0.7230
vn -0.6452 0.6451 0.4092
vn -0.7024 0.7023 0.1155
vn -0.0991 0.0425 0.9942
vn -0.3548 0.1521 0.9225
vn -0.6421 0.2752 0.7155
vn -0.8416 0.3607 0.4019
vn -0.9132 0.3914 0.1131
vn -0.3935 0.0437 0.9183
vn -0.7049 0.0783 0.7049
vn -0.9144 0.1016 0.3919
vn -0.9879 0.1098 0.1098
vn 0.9938 0.1104 0.0122
vn 0.9183 0.3935 0.0437
vn 0.7049 0.7050 0.0783
vn 0.3919 0.9144 0.1016
vn 0.1098 0.9879 0.1098
vn 0.9942 0.0991 0.0425
vn 0.9225 0.3548 0.1521
vn 0.7155 0.6421 0.2752
vn 0.4019 0.8416 0.3607
vn 0.1131 0.9133 0.3914
vn 0.9944 0.0747 0.0747
vn 0.9254 0.2680 0.2680
vn 0.7230 0.4885 0.4885
vn 0.4092 0.6452 0.6452
vn 0.1155 0.7024 0.7023
vn 0.9942 0.0425 0.0991
vn 0.9225 0.1521 0.3548
vn 0.7155 0.2752 0.6421
vn 0.4019 0.3607 0.8416
vn 0.1131 0.3914 0.9133
vn 0.9183 0.0437 0.3935
vn 0.7049 0.0783 0.7049
vn 0.3919 0.1016 0.9144
vn 0.1098 0.1098 0.9879
vn 0.3935 -0.0440 -0.9183
vn 0.7049 -0.0788 -0.7049
vn 0.9131 -0.3916 -0.1131
vn 0.7023 -0.7024 -0.1155
vn -0.1104 -0.9938 -0.0122
vn -0.3935 -0.9183 -0.0437
vn -0.7050 -0.7049 -0.0783
vn -0.0747 -0.9944 -0.0747
vn -0.3914 -0.1131 -0.9133
vn -0.0437 -0.9183 -0.3935
vn -0.0437 -0.9183 0.3935
vn -0.0747 -0.9944 0.0747
vn -0.3935 -0.9183 0.0437
vn -0.7050 -0.7049 0.0783
vn 0.9183 -0.0439 0.3935
vn 0.7049 -0.0787 0.7049
vn 0.3918 -0.1021 0.9144
vn 0.1098 -0.1103 0.9878
vn 0.9942 -0.0425 0.0992
vn 0.9225 -0.1522 0.3548
vn 0.7155 -0.2754 0.6421
vn 0.4018 -0.3610 0.8416
vn 0.1131 -0.3917 0.9131
vn 0.4091 -0.6452 0.6452
vn 0.9942 -0.0992 0.0425
vn 0.9225 -0.3548 0.1521
vn 0.7155 -0.6421 0.2753
vn 0.4019 -0.8416 0.3608
vn 0.1131 -0.9132 0.3915
vn 0.7050 -0.7049 0.0784
vn 0.3918 -0.9144 0.1017
vn 0.6452 0.6451 -0.4093
vn 0.9133 0.3914 -0.1131
vn 0.3935 0.0437 -0.9183
vn 0.7050 0.0783 -0.7049
vn -0.9938 0.1105 -0.0122
vn -0.7050 0.7049 -0.0783
vn -0.3918 0.9144 -0.1015
vn -0.1098 0.9879 -0.1097
vn -0.9225 0.3548 -0.1520
vn -0.4019 0.8417 -0.3607
vn -0.1131 0.9133 -0.3913
vn -0.9254 0.2679 -0.2680
vn -0.7230 0.4884 -0.4885
vn -0.4092 0.6451 -0.6452
vn -0.1155 0.7023 -0.7024
vn -0.9942 0.0425 -0.0992
vn -0.1131 0.3914 -0.9132
vn -0.7050 0.0783 -0.7049
vn -0.1521 0.3548 0.9225
vn -0.6452 0.6451 0.4093
vn -0.9133 0.3914 0.1131
vn -0.7050 0.0783 0.7049
vn 0.9938 0.1105 0.0122
vn 0.7050 0.7049 0.0783
vn 0.3918 0.9144 0.1015
vn 0.1098 0.9879 0.1097
vn 0.9225 0.3548 0.1520
vn 0.4019 0.8417 0.3607
vn 0.1131 0.9133 0.3913
vn 0.9254 0.2679 0.2680
vn 0.7230 0.4884 0.4885
vn 0.4092 0.6451 0.6452
vn 0.1155 0.7023 0.7024
vn 0.9942 0.0425 0.0992
vn 0.1131 0.3914 0.9132
vn 0.7050 0.0783 0.7049
vn -0.7024 -0.1155 0.7023
vn -0.2680 0.2679 0.9254
vn 0.3918 0.1016 0.9144
vn 0.0000 -0.3939 -0.9191
vn 0.0000 -0.7071 -0.7071
vn 0.0000 -0.9191 -0.3939
vn 0.0000 -0.9939 -0.1104
vn -0.3939 0.0000 -0.9191
vn -0.7071 0.0000 -0.7071
vn -0.9191 0.0000 -0.3939
vn -0.9939 0.0000 -0.1104
vn 0.0000 0.3939 -0.9192
vn 0.0000 0.7071 -0.7071
vn 0.0000 0.9192 -0.3939
vn 0.0000 0.9939 -0.1105
vn 0.3939 0.0000 -0.9191
vn 0.7071 0.0000 -0.7071
vn 0.9191 0.0000 -0.3939
vn 0.9939 0.0000 -0.1104
vn -0.9191 -0.3939 -0.0000
vn -0.7071 -0.7071 -0.0000
vn -0.3939 -0.9191 -0.0000
vn -0.1104 -0.9939 -0.0000
vn -0.9191 0.0000 0.3939
vn -0.7071 0.0000 0.7071
vn -0.3939 0.0000 0.9191
vn -0.1104 0.0000 0.9939
vn -0.9192 0.3939 -0.0000
vn -0.7071 0.7071 -0.0000
vn -0.3939 0.9192 -0.0000
vn -0.1104 0.9939 -0.0000
vn -0.0000 -0.3939 0.9191
vn -0.0000 -0.7071 0.7071
vn -0.0000 -0.9191 0.3939
vn -0.0000 -0.9939 0.1104
vn 0.3939 0.0000 0.9191
vn 0.7071 0.0000 0.7071
vn 0.9191 0.0000 0.3939
vn 0.9939 0.0000 0.1104
vn 0.0000 0.3939 0.9192
vn 0.0000 0.7071 0.7071
vn 0.0000 0.9192 0.3939
vn 0.0000 0.9939 0.1105
vn 0.9191 -0.3940 -0.0000
vn 0.7071 -0.7071 -0.0000
vn 0.3940 -0.9191 -0.0000
vn 0.1104 -0.9939 -0.0000
vn 0.9192 0.3939 0.0000
vn 0.7071 0.7071 0.0000
vn 0.3939 0.9192 0.0000
vn 0.1104 0.9939 0.0000
vn -0.0000 -0.3939 -0.9191
vn -0.0000 -0.7071 -0.7071
vn -0.0000 -0.9191 -0.3939
vn -0.0000 -0.9939 -0.1104
vn -0.3939 0.0000 -0.9192
vn -0.9192 0.0000 -0.3939
vn -0.9939 0.0000 -0.1105
vn 0.0000 0.3939 -0.9191
vn 0.0000 0.9939 -0.1104
vn 0.3939 0.0000 -0.9192
vn 0.9192 0.0000 -0.3939
vn 0.9939 0.0000 -0.1105
vn -0.9192 -0.3939 -0.0000
vn -0.3939 -0.9192 -0.0000
vn -0.9192 0.0000 0.3939
vn -0.3939 0.0000 0.9192
vn 0.0000 -0.3941 0.9191
vn 0.0000 -0.7071 0.7071
vn 0.0000 -0.9191 0.3940
vn 0.0000 -0.9939 0.1105
vn 0.3939 0.0000 0.9192
vn 0.9192 0.0000 0.3939
vn 0.9939 0.0000 0.1105
vn -0.0000 0.3939 0.9191
vn -0.0000 0.7071 0.7071
vn -0.0000 0.9192 0.3939
vn -0.0000 0.9939 0.1104
vn 0.1105 -0.9939 -0.0000
vn 0.0000 -0.3940 0.9191
vn -0.0000 0.3939 0.9192
vn 0.0000 -0.0000 -1.0000
vn -0.1104 -0.0000 -0.9939
vn 0.1104 -0.0000 -0.9939
vn 0.9939 0.1104 -0.0000
vn 0.3936 -0.0439 -0.9182
vn 0.8416 -0.3610 -0.4018
vn 0.2680 -0.2681 -0.9254
vn 0.1521 -0.3549 -0.9225
vn -0.3936 -0.9182 -0.0437
vn -0.7049 -0.7050 -0.0783
vn -0.9144 -0.3918 -0.1016
vn -0.3549 -0.9225 -0.1521
vn -0.8417 -0.4019 -0.3607
vn -0.9132 -0.1131 -0.3914
vn -0.1521 -0.9225 -0.3549
vn -0.0437 -0.9182 -0.3936
vn -0.0783 -0.7050 -0.7049
vn -0.0437 -0.9182 0.3936
vn -0.0783 -0.7050 0.7049
vn -0.1521 -0.9225 0.3549
vn -0.3914 -0.1131 0.9132
vn -0.3549 -0.9225 0.1521
vn -0.8417 -0.4019 0.3607
vn -0.9132 -0.1131 0.3914
vn -0.3936 -0.9182 0.0437
vn -0.7049 -0.7050 0.0783
vn -0.9144 -0.3918 0.1016
vn 0.4019 -0.3607 0.8417
vn 0.9944 -0.0747 0.0746
vn 0.9183 -0.3935 0.0438
vn 0.7049 -0.7049 0.0784
vn 0.0123 0.1104 -0.9938
vn 0.0438 0.3935 -0.9183
vn 0.0783 0.7050 -0.7049
vn 0.1097 0.9879 -0.1099
vn 0.2751 0.6421 -0.7155
vn 0.3606 0.8417 -0.4018
vn 0.3913 0.9133 -0.1132
vn 0.0746 0.0747 -0.9944
vn 0.4885 0.4885 -0.7230
vn 0.6452 0.6452 -0.4092
vn 0.7024 0.7023 -0.1156
vn -0.9938 0.1104 -0.0123
vn -0.9183 0.3935 -0.0438
vn -0.1130 0.9133 -0.3914
vn -0.9944 0.0747 -0.0746
vn -0.9254 0.2680 -0.2679
vn -0.7230 0.4886 -0.4885
vn -0.1155 0.7024 -0.7023
vn -0.9225 0.1520 -0.3548
vn -0.0123 0.1104 0.9938
vn -0.0438 0.3935 0.9183
vn -0.0783 0.7050 0.7049
vn -0.1097 0.9879 0.1099
vn -0.2751 0.6421 0.7155
vn -0.3606 0.8417 0.4018
vn -0.3913 0.9133 0.1132
vn -0.0746 0.0747 0.9944
vn -0.2679 0.2680 0.9254
vn -0.4885 0.4885 0.7230
vn -0.6452 0.6452 0.4092
vn -0.7024 0.7023 0.1156
vn -0.3548 0.1520 0.9225
vn 0.9938 0.1104 0.0123
vn 0.9183 0.3935 0.0438
vn 0.1130 0.9133 0.3914
vn 0.9944 0.0747 0.0746
vn 0.9254 0.2680 0.2679
vn 0.7230 0.4886 0.4885
vn 0.9225 0.1520 0.3548
vn 0.0000 -0.9191 -0.3940
vn -0.3939 -0.0000 -0.9191
vn -0.7071 -0.0000 -0.7071
vn -0.9191 -0.0000 -0.3939
vn -0.9939 -0.0000 -0.1104
vn 0.0000 0.7072 -0.7070
vn 0.3939 -0.0000 -0.9191
vn 0.7071 -0.0000 -0.7071
vn 0.9191 -0.0000 -0.3939
vn 0.9939 -0.0000 -0.1104
vn -0.3940 -0.9191 -0.0000
vn -0.1105 0.9939 -0.0000
vn -0.0000 -0.3939 0.9192
vn -0.0000 -0.9191 0.3940
vn 0.0000 0.7072 0.7070
vn 0.9192 0.3939 -0.0000
vn 0.1105 0.9939 0.0000
vn 0.0000 -0.0000 1.0000
vn -0.9939 -0.0000 0.1104
vn 0.1104 -0.0000 0.9939
vn 0.0000 0.1105 0.9939
vn 0.0438 0.3936 -0.9182
vn 0.1521 0.3549 -0.9225
vn 0.2751 0.6421 -0.7156
vn 0.0746 0.0746 -0.9944
vn 0.3549 0.1521 -0.9225
vn 0.3936 0.0437 -0.9182
vn 0.7049 0.0783 -0.7050
vn -0.4093 0.6452 -0.6452
vn -0.7049 0.0783 -0.7050
vn -0.0123 0.1105 0.9938
vn -0.0425 0.0992 0.9942
vn -0.0992 0.0425 0.9942
vn -0.3940 0.0000 -0.9191
vn 0.0000 0.3940 -0.9191
vn 0.0000 0.7072 -0.7071
vn 0.3940 0.0000 -0.9191
vn -0.9191 -0.0000 0.3939
vn -0.7071 -0.0000 0.7071
vn -0.3939 -0.0000 0.9191
vn -0.1104 -0.0000 0.9939
vn 0.3939 -0.0000 0.9191
vn 0.7071 -0.0000 0.7071
vn 0.9191 -0.0000 0.3939
vn 0.9939 -0.0000 0.1104
vn 0.7071 0.7071 -0.0000
vn 0.1105 0.9939 -0.0000
# 492 vertex normals

g Rectangle117
usemtl wire_028028177
s 1
f 1//1 2//1 3//1 4//1 
s 4
f 5//2 6//2 7//2 8//2 
s 2
f 9//3 10//3 11//3 12//3 
s 4
f 13//4 14//4 15//4 16//4 
s 16
f 17//5 18//5 19//5 20//5 
f 21//6 22//6 23//6 24//6 
s 1
f 25//1 26//1 27//1 28//1 
s 4
f 29//2 30//2 31//2 32//2 
s 2
f 33//3 34//3 35//3 36//3 
s 4
f 37//4 38//4 39//4 40//4 
s 16
f 41//5 42//5 43//5 44//5 
f 45//6 46//6 47//6 48//6 
s 1
f 49//1 50//1 51//1 52//1 
s 4
f 53//2 54//2 55//2 56//2 
s 2
f 57//3 58//3 59//3 60//3 
s 4
f 61//4 62//4 63//4 64//4 
s 16
f 65//5 66//5 67//5 68//5 
f 69//6 70//6 71//6 72//6 
s off
f 3//7 73//7 74//7 
f 18//8 75//8 76//8 
f 17//9 77//9 78//9 
f 15//10 79//10 80//10 
f 2//11 81//11 82//11 
f 6//12 83//12 84//12 
f 10//13 85//13 86//13 
f 14//14 87//14 88//14 
f 27//7 89//7 90//7 
f 42//8 91//8 92//8 
f 41//15 93//15 94//15 
f 39//10 95//10 96//10 
f 26//16 97//16 98//16 
f 30//12 99//12 100//12 
f 34//17 101//17 102//17 
f 38//14 103//14 104//14 
f 51//7 105//7 106//7 
f 66//8 107//8 108//8 
f 65//15 109//15 110//15 
f 63//10 111//10 112//10 
f 50//16 113//16 114//16 
f 54//12 115//12 116//12 
f 58//17 117//17 118//17 
f 62//14 119//14 120//14 
f 121//18 4//18 3//18 74//18 
f 122//19 1//19 4//19 123//19 
f 124//20 2//20 1//20 125//20 
f 126//21 3//21 2//21 82//21 
f 127//22 8//22 7//22 128//22 
f 129//23 5//23 8//23 130//23 
f 131//24 6//24 5//24 132//24 
f 133//25 12//25 11//25 134//25 
f 135//26 9//26 12//26 136//26 
f 137//27 10//27 9//27 138//27 
f 139//28 16//28 15//28 80//28 
f 140//29 14//29 13//29 141//29 
f 142//18 28//18 27//18 90//18 
f 143//19 25//19 28//19 144//19 
f 145//20 26//20 25//20 146//20 
f 147//21 27//21 26//21 98//21 
f 148//30 32//30 31//30 149//30 
f 150//31 29//31 32//31 151//31 
f 152//32 30//32 29//32 153//32 
f 154//33 36//33 35//33 155//33 
f 156//26 33//26 36//26 157//26 
f 158//34 34//34 33//34 159//34 
f 160//28 40//28 39//28 96//28 
f 161//35 38//35 37//35 162//35 
f 163//18 52//18 51//18 106//18 
f 164//19 49//19 52//19 165//19 
f 166//20 50//20 49//20 167//20 
f 168//21 51//21 50//21 114//21 
f 169//30 56//30 55//30 170//30 
f 171//31 53//31 56//31 172//31 
f 173//32 54//32 53//32 174//32 
f 175//33 60//33 59//33 176//33 
f 177//26 57//26 60//26 178//26 
f 179//34 58//34 57//34 180//34 
f 181//28 64//28 63//28 112//28 
f 182//35 62//35 61//35 183//35 
f 3//36 126//36 184//36 
f 185//37 184//37 126//37 186//37 
f 187//38 185//38 186//38 188//38 
f 189//39 187//39 188//39 190//39 
f 139//40 189//40 190//40 16//40 
f 3//41 184//41 191//41 
f 192//42 191//42 184//42 185//42 
f 193//43 192//43 185//43 187//43 
f 194//44 193//44 187//44 189//44 
f 195//45 194//45 189//45 139//45 
f 3//46 191//46 196//46 
f 197//47 196//47 191//47 192//47 
f 198//48 197//48 192//48 193//48 
f 199//49 198//49 193//49 194//49 
f 200//50 199//50 194//50 195//50 
f 3//51 196//51 73//51 
f 201//52 73//52 196//52 197//52 
f 202//53 201//53 197//53 198//53 
f 203//54 202//54 198//54 199//54 
f 204//55 203//55 199//55 200//55 
f 205//56 74//56 73//56 201//56 
f 206//57 205//57 201//57 202//57 
f 207//58 206//58 202//58 203//58 
f 19//59 207//59 203//59 204//59 
f 18//60 208//60 209//60 
f 210//61 209//61 208//61 211//61 
f 212//62 210//62 211//62 213//62 
f 214//63 212//63 213//63 128//63 
f 215//64 214//64 128//64 7//64 
f 18//65 209//65 216//65 
f 217//66 216//66 209//66 210//66 
f 218//67 217//67 210//67 212//67 
f 219//68 218//68 212//68 214//68 
f 220//69 219//69 214//69 215//69 
f 18//70 216//70 221//70 
f 222//71 221//71 216//71 217//71 
f 223//72 222//72 217//72 218//72 
f 224//73 223//73 218//73 219//73 
f 225//74 224//74 219//74 220//74 
f 18//75 221//75 75//75 
f 226//76 75//76 221//76 222//76 
f 227//77 226//77 222//77 223//77 
f 228//78 227//78 223//78 224//78 
f 123//79 228//79 224//79 225//79 
f 229//80 76//80 75//80 226//80 
f 230//81 229//81 226//81 227//81 
f 121//82 230//82 227//82 228//82 
f 4//83 121//83 228//83 123//83 
f 17//84 231//84 232//84 
f 233//85 232//85 231//85 234//85 
f 235//86 233//86 234//86 236//86 
f 237//87 235//87 236//87 134//87 
f 238//88 237//88 134//88 11//88 
f 17//89 232//89 239//89 
f 240//90 239//90 232//90 233//90 
f 241//91 240//91 233//91 235//91 
f 242//92 241//92 235//92 237//92 
f 243//93 242//93 237//93 238//93 
f 17//94 239//94 244//94 
f 245//95 244//95 239//95 240//95 
f 246//96 245//96 240//96 241//96 
f 247//97 246//97 241//97 242//97 
f 248//98 247//98 242//98 243//98 
f 17//99 244//99 77//99 
f 249//100 77//100 244//100 245//100 
f 250//101 249//101 245//101 246//101 
f 251//102 250//102 246//102 247//102 
f 130//103 251//103 247//103 248//103 
f 252//104 78//104 77//104 249//104 
f 253//105 252//105 249//105 250//105 
f 127//106 253//106 250//106 251//106 
f 8//107 127//107 251//107 130//107 
f 15//108 254//108 255//108 
f 256//109 255//109 254//109 257//109 
f 258//110 256//110 257//110 259//110 
f 260//111 258//111 259//111 136//111 
f 133//112 260//112 136//112 12//112 
f 15//113 255//113 261//113 
f 262//114 261//114 255//114 256//114 
f 263//115 262//115 256//115 258//115 
f 264//116 263//116 258//116 260//116 
f 265//117 264//117 260//117 133//117 
f 15//118 261//118 266//118 
f 267//119 266//119 261//119 262//119 
f 268//120 267//120 262//120 263//120 
f 269//121 268//121 263//121 264//121 
f 270//122 269//122 264//122 265//122 
f 15//123 266//123 79//123 
f 271//124 79//124 266//124 267//124 
f 272//125 271//125 267//125 268//125 
f 273//126 272//126 268//126 269//126 
f 274//127 273//127 269//127 270//127 
f 275//128 80//128 79//128 271//128 
f 276//129 275//129 271//129 272//129 
f 277//130 276//130 272//130 273//130 
f 20//131 277//131 273//131 274//131 
f 2//132 124//132 278//132 
f 279//133 278//133 124//133 280//133 
f 281//134 279//134 280//134 282//134 
f 283//135 281//135 282//135 284//135 
f 285//136 283//136 284//136 21//136 
f 2//137 278//137 286//137 
f 287//138 286//138 278//138 279//138 
f 288//139 287//139 279//139 281//139 
f 289//140 288//140 281//140 283//140 
f 290//141 289//141 283//141 285//141 
f 2//142 286//142 291//142 
f 292//143 291//143 286//143 287//143 
f 293//144 292//144 287//144 288//144 
f 294//145 293//145 288//145 289//145 
f 295//146 294//146 289//146 290//146 
f 2//147 291//147 81//147 
f 296//148 81//148 291//148 292//148 
f 297//149 296//149 292//149 293//149 
f 298//150 297//150 293//150 294//150 
f 141//151 298//151 294//151 295//151 
f 299//152 82//152 81//152 296//152 
f 300//153 299//153 296//153 297//153 
f 301//154 300//154 297//154 298//154 
f 13//155 301//155 298//155 141//155 
f 6//156 131//156 302//156 
f 303//157 302//157 131//157 304//157 
f 305//158 303//158 304//158 306//158 
f 307//159 305//159 306//159 308//159 
f 309//160 307//160 308//160 22//160 
f 6//161 302//161 310//161 
f 311//162 310//162 302//162 303//162 
f 312//163 311//163 303//163 305//163 
f 313//164 312//164 305//164 307//164 
f 314//165 313//165 307//165 309//165 
f 6//166 310//166 315//166 
f 316//167 315//167 310//167 311//167 
f 317//168 316//168 311//168 312//168 
f 318//169 317//169 312//169 313//169 
f 319//170 318//170 313//170 314//170 
f 6//171 315//171 83//171 
f 320//172 83//172 315//172 316//172 
f 321//173 320//173 316//173 317//173 
f 322//174 321//174 317//174 318//174 
f 125//175 322//175 318//175 319//175 
f 323//176 84//176 83//176 320//176 
f 324//177 323//177 320//177 321//177 
f 122//178 324//178 321//178 322//178 
f 1//179 122//179 322//179 125//179 
f 10//180 137//180 325//180 
f 326//181 325//181 137//181 327//181 
f 328//182 326//182 327//182 329//182 
f 330//183 328//183 329//183 331//183 
f 332//184 330//184 331//184 23//184 
f 10//185 325//185 333//185 
f 334//186 333//186 325//186 326//186 
f 335//187 334//187 326//187 328//187 
f 336//188 335//188 328//188 330//188 
f 337//189 336//189 330//189 332//189 
f 10//190 333//190 338//190 
f 339//191 338//191 333//191 334//191 
f 340//192 339//192 334//192 335//192 
f 341//193 340//193 335//193 336//193 
f 342//194 341//194 336//194 337//194 
f 10//195 338//195 85//195 
f 343//196 85//196 338//196 339//196 
f 344//197 343//197 339//197 340//197 
f 345//198 344//198 340//198 341//198 
f 132//199 345//199 341//199 342//199 
f 346//200 86//200 85//200 343//200 
f 347//201 346//201 343//201 344//201 
f 129//202 347//202 344//202 345//202 
f 5//203 129//203 345//203 132//203 
f 14//204 140//204 348//204 
f 349//205 348//205 140//205 350//205 
f 351//206 349//206 350//206 352//206 
f 353//207 351//207 352//207 354//207 
f 355//208 353//208 354//208 24//208 
f 14//209 348//209 356//209 
f 357//210 356//210 348//210 349//210 
f 358//211 357//211 349//211 351//211 
f 359//212 358//212 351//212 353//212 
f 360//213 359//213 353//213 355//213 
f 14//214 356//214 361//214 
f 362//215 361//215 356//215 357//215 
f 363//216 362//216 357//216 358//216 
f 364//217 363//217 358//217 359//217 
f 365//218 364//218 359//218 360//218 
f 14//219 361//219 87//219 
f 366//220 87//220 361//220 362//220 
f 367//221 366//221 362//221 363//221 
f 368//222 367//222 363//222 364//222 
f 138//223 368//223 364//223 365//223 
f 369//224 88//224 87//224 366//224 
f 370//225 369//225 366//225 367//225 
f 135//226 370//226 367//226 368//226 
f 9//227 135//227 368//227 138//227 
f 27//36 147//36 371//36 
f 372//228 371//228 147//228 373//228 
f 374//229 372//229 373//229 375//229 
f 376//39 374//39 375//39 377//39 
f 160//40 376//40 377//40 40//40 
f 27//41 371//41 378//41 
f 379//42 378//42 371//42 372//42 
f 380//43 379//43 372//43 374//43 
f 381//44 380//44 374//44 376//44 
f 382//230 381//230 376//230 160//230 
f 27//46 378//46 383//46 
f 384//47 383//47 378//47 379//47 
f 385//48 384//48 379//48 380//48 
f 386//49 385//49 380//49 381//49 
f 387//231 386//231 381//231 382//231 
f 27//51 383//51 89//51 
f 388//52 89//52 383//52 384//52 
f 389//53 388//53 384//53 385//53 
f 390//54 389//54 385//54 386//54 
f 391//55 390//55 386//55 387//55 
f 392//56 90//56 89//56 388//56 
f 393//57 392//57 388//57 389//57 
f 394//58 393//58 389//58 390//58 
f 43//59 394//59 390//59 391//59 
f 42//232 395//232 396//232 
f 397//233 396//233 395//233 398//233 
f 399//234 397//234 398//234 400//234 
f 401//63 399//63 400//63 149//63 
f 402//64 401//64 149//64 31//64 
f 42//65 396//65 403//65 
f 404//66 403//66 396//66 397//66 
f 405//67 404//67 397//67 399//67 
f 406//68 405//68 399//68 401//68 
f 407//69 406//69 401//69 402//69 
f 42//235 403//235 408//235 
f 409//71 408//71 403//71 404//71 
f 410//72 409//72 404//72 405//72 
f 411//73 410//73 405//73 406//73 
f 412//74 411//74 406//74 407//74 
f 42//75 408//75 91//75 
f 413//76 91//76 408//76 409//76 
f 414//77 413//77 409//77 410//77 
f 415//78 414//78 410//78 411//78 
f 144//236 415//236 411//236 412//236 
f 416//237 92//237 91//237 413//237 
f 417//81 416//81 413//81 414//81 
f 142//82 417//82 414//82 415//82 
f 28//83 142//83 415//83 144//83 
f 41//84 418//84 419//84 
f 420//238 419//238 418//238 421//238 
f 422//86 420//86 421//86 423//86 
f 424//87 422//87 423//87 155//87 
f 425//88 424//88 155//88 35//88 
f 41//89 419//89 426//89 
f 427//90 426//90 419//90 420//90 
f 428//91 427//91 420//91 422//91 
f 429//92 428//92 422//92 424//92 
f 430//93 429//93 424//93 425//93 
f 41//239 426//239 431//239 
f 432//95 431//95 426//95 427//95 
f 433//96 432//96 427//96 428//96 
f 434//97 433//97 428//97 429//97 
f 435//98 434//98 429//98 430//98 
f 41//99 431//99 93//99 
f 436//100 93//100 431//100 432//100 
f 437//101 436//101 432//101 433//101 
f 438//102 437//102 433//102 434//102 
f 151//103 438//103 434//103 435//103 
f 439//240 94//240 93//240 436//240 
f 440//241 439//241 436//241 437//241 
f 148//106 440//106 437//106 438//106 
f 32//107 148//107 438//107 151//107 
f 39//108 441//108 442//108 
f 443//242 442//242 441//242 444//242 
f 445//243 443//243 444//243 446//243 
f 447//244 445//244 446//244 157//244 
f 154//245 447//245 157//245 36//245 
f 39//246 442//246 448//246 
f 449//247 448//247 442//247 443//247 
f 450//248 449//248 443//248 445//248 
f 451//249 450//249 445//249 447//249 
f 452//250 451//250 447//250 154//250 
f 39//118 448//118 453//118 
f 454//119 453//119 448//119 449//119 
f 455//120 454//120 449//120 450//120 
f 456//251 455//251 450//251 451//251 
f 457//122 456//122 451//122 452//122 
f 39//252 453//252 95//252 
f 458//253 95//253 453//253 454//253 
f 459//254 458//254 454//254 455//254 
f 460//255 459//255 455//255 456//255 
f 461//256 460//256 456//256 457//256 
f 462//128 96//128 95//128 458//128 
f 463//257 462//257 458//257 459//257 
f 464//258 463//258 459//258 460//258 
f 44//131 464//131 460//131 461//131 
f 26//132 145//132 465//132 
f 466//133 465//133 145//133 467//133 
f 468//134 466//134 467//134 469//134 
f 470//135 468//135 469//135 471//135 
f 472//136 470//136 471//136 45//136 
f 26//137 465//137 473//137 
f 474//138 473//138 465//138 466//138 
f 475//139 474//139 466//139 468//139 
f 476//140 475//140 468//140 470//140 
f 477//141 476//141 470//141 472//141 
f 26//142 473//142 478//142 
f 479//143 478//143 473//143 474//143 
f 480//144 479//144 474//144 475//144 
f 481//259 480//259 475//259 476//259 
f 482//146 481//146 476//146 477//146 
f 26//147 478//147 97//147 
f 483//148 97//148 478//148 479//148 
f 484//149 483//149 479//149 480//149 
f 485//150 484//150 480//150 481//150 
f 162//260 485//260 481//260 482//260 
f 486//261 98//261 97//261 483//261 
f 487//262 486//262 483//262 484//262 
f 488//154 487//154 484//154 485//154 
f 37//155 488//155 485//155 162//155 
f 30//263 152//263 489//263 
f 490//157 489//157 152//157 491//157 
f 492//264 490//264 491//264 493//264 
f 494//265 492//265 493//265 495//265 
f 496//266 494//266 495//266 46//266 
f 30//161 489//161 497//161 
f 498//267 497//267 489//267 490//267 
f 499//163 498//163 490//163 492//163 
f 500//268 499//268 492//268 494//268 
f 501//269 500//269 494//269 496//269 
f 30//166 497//166 502//166 
f 503//270 502//270 497//270 498//270 
f 504//271 503//271 498//271 499//271 
f 505//272 504//272 499//272 500//272 
f 506//273 505//273 500//273 501//273 
f 30//274 502//274 99//274 
f 507//172 99//172 502//172 503//172 
f 508//173 507//173 503//173 504//173 
f 509//174 508//174 504//174 505//174 
f 146//275 509//275 505//275 506//275 
f 510//176 100//176 99//176 507//176 
f 511//276 510//276 507//276 508//276 
f 143//178 511//178 508//178 509//178 
f 25//179 143//179 509//179 146//179 
f 34//180 158//180 512//180 
f 513//181 512//181 158//181 514//181 
f 515//182 513//182 514//182 516//182 
f 517//183 515//183 516//183 518//183 
f 519//184 517//184 518//184 47//184 
f 34//185 512//185 520//185 
f 521//277 520//277 512//277 513//277 
f 522//187 521//187 513//187 515//187 
f 523//188 522//188 515//188 517//188 
f 524//189 523//189 517//189 519//189 
f 34//190 520//190 525//190 
f 526//191 525//191 520//191 521//191 
f 527//192 526//192 521//192 522//192 
f 528//278 527//278 522//278 523//278 
f 529//194 528//194 523//194 524//194 
f 34//195 525//195 101//195 
f 530//196 101//196 525//196 526//196 
f 531//197 530//197 526//197 527//197 
f 532//198 531//198 527//198 528//198 
f 153//279 532//279 528//279 529//279 
f 533//200 102//200 101//200 530//200 
f 534//280 533//280 530//280 531//280 
f 150//202 534//202 531//202 532//202 
f 29//203 150//203 532//203 153//203 
f 38//281 161//281 535//281 
f 536//205 535//205 161//205 537//205 
f 538//282 536//282 537//282 539//282 
f 540//283 538//283 539//283 541//283 
f 542//284 540//284 541//284 48//284 
f 38//209 535//209 543//209 
f 544//285 543//285 535//285 536//285 
f 545//211 544//211 536//211 538//211 
f 546//286 545//286 538//286 540//286 
f 547//287 546//287 540//287 542//287 
f 38//214 543//214 548//214 
f 549//288 548//288 543//288 544//288 
f 550//289 549//289 544//289 545//289 
f 551//290 550//290 545//290 546//290 
f 552//291 551//291 546//291 547//291 
f 38//292 548//292 103//292 
f 553//220 103//220 548//220 549//220 
f 554//221 553//221 549//221 550//221 
f 555//222 554//222 550//222 551//222 
f 159//293 555//293 551//293 552//293 
f 556//224 104//224 103//224 553//224 
f 557//294 556//294 553//294 554//294 
f 156//226 557//226 554//226 555//226 
f 33//227 156//227 555//227 159//227 
f 51//36 168//36 558//36 
f 559//228 558//228 168//228 560//228 
f 561//229 559//229 560//229 562//229 
f 563//39 561//39 562//39 564//39 
f 181//40 563//40 564//40 64//40 
f 51//41 558//41 565//41 
f 566//42 565//42 558//42 559//42 
f 567//43 566//43 559//43 561//43 
f 568//44 567//44 561//44 563//44 
f 569//230 568//230 563//230 181//230 
f 51//46 565//46 570//46 
f 571//47 570//47 565//47 566//47 
f 572//48 571//48 566//48 567//48 
f 573//49 572//49 567//49 568//49 
f 574//231 573//231 568//231 569//231 
f 51//51 570//51 105//51 
f 575//52 105//52 570//52 571//52 
f 576//53 575//53 571//53 572//53 
f 577//54 576//54 572//54 573//54 
f 578//55 577//55 573//55 574//55 
f 579//56 106//56 105//56 575//56 
f 580//57 579//57 575//57 576//57 
f 581//58 580//58 576//58 577//58 
f 67//59 581//59 577//59 578//59 
f 66//232 582//232 583//232 
f 584//233 583//233 582//233 585//233 
f 586//234 584//234 585//234 587//234 
f 588//63 586//63 587//63 170//63 
f 589//64 588//64 170//64 55//64 
f 66//65 583//65 590//65 
f 591//66 590//66 583//66 584//66 
f 592//67 591//67 584//67 586//67 
f 593//68 592//68 586//68 588//68 
f 594//69 593//69 588//69 589//69 
f 66//235 590//235 595//235 
f 596//71 595//71 590//71 591//71 
f 597//72 596//72 591//72 592//72 
f 598//73 597//73 592//73 593//73 
f 599//74 598//74 593//74 594//74 
f 66//75 595//75 107//75 
f 600//76 107//76 595//76 596//76 
f 601//77 600//77 596//77 597//77 
f 602//78 601//78 597//78 598//78 
f 165//236 602//236 598//236 599//236 
f 603//237 108//237 107//237 600//237 
f 604//81 603//81 600//81 601//81 
f 163//82 604//82 601//82 602//82 
f 52//83 163//83 602//83 165//83 
f 65//84 605//84 606//84 
f 607//238 606//238 605//238 608//238 
f 609//86 607//86 608//86 610//86 
f 611//87 609//87 610//87 176//87 
f 612//88 611//88 176//88 59//88 
f 65//89 606//89 613//89 
f 614//90 613//90 606//90 607//90 
f 615//91 614//91 607//91 609//91 
f 616//92 615//92 609//92 611//92 
f 617//93 616//93 611//93 612//93 
f 65//239 613//239 618//239 
f 619//95 618//95 613//95 614//95 
f 620//96 619//96 614//96 615//96 
f 621//97 620//97 615//97 616//97 
f 622//295 621//295 616//295 617//295 
f 65//99 618//99 109//99 
f 623//100 109//100 618//100 619//100 
f 624//101 623//101 619//101 620//101 
f 625//102 624//102 620//102 621//102 
f 172//103 625//103 621//103 622//103 
f 626//240 110//240 109//240 623//240 
f 627//241 626//241 623//241 624//241 
f 169//106 627//106 624//106 625//106 
f 56//107 169//107 625//107 172//107 
f 63//108 628//108 629//108 
f 630//242 629//242 628//242 631//242 
f 632//243 630//243 631//243 633//243 
f 634//244 632//244 633//244 178//244 
f 175//245 634//245 178//245 60//245 
f 63//246 629//246 635//246 
f 636//247 635//247 629//247 630//247 
f 637//248 636//248 630//248 632//248 
f 638//249 637//249 632//249 634//249 
f 639//250 638//250 634//250 175//250 
f 63//118 635//118 640//118 
f 641//119 640//119 635//119 636//119 
f 642//120 641//120 636//120 637//120 
f 643//251 642//251 637//251 638//251 
f 644//122 643//122 638//122 639//122 
f 63//252 640//252 111//252 
f 645//253 111//253 640//253 641//253 
f 646//254 645//254 641//254 642//254 
f 647//255 646//255 642//255 643//255 
f 648//256 647//256 643//256 644//256 
f 649//128 112//128 111//128 645//128 
f 650//257 649//257 645//257 646//257 
f 651//258 650//258 646//258 647//258 
f 68//131 651//131 647//131 648//131 
f 50//132 166//132 652//132 
f 653//133 652//133 166//133 654//133 
f 655//134 653//134 654//134 656//134 
f 657//135 655//135 656//135 658//135 
f 659//136 657//136 658//136 69//136 
f 50//137 652//137 660//137 
f 661//138 660//138 652//138 653//138 
f 662//139 661//139 653//139 655//139 
f 663//140 662//140 655//140 657//140 
f 664//141 663//141 657//141 659//141 
f 50//142 660//142 665//142 
f 666//143 665//143 660//143 661//143 
f 667//144 666//144 661//144 662//144 
f 668//259 667//259 662//259 663//259 
f 669//146 668//146 663//146 664//146 
f 50//147 665//147 113//147 
f 670//148 113//148 665//148 666//148 
f 671//149 670//149 666//149 667//149 
f 672//150 671//150 667//150 668//150 
f 183//260 672//260 668//260 669//260 
f 673//261 114//261 113//261 670//261 
f 674//262 673//262 670//262 671//262 
f 675//154 674//154 671//154 672//154 
f 61//155 675//155 672//155 183//155 
f 54//263 173//263 676//263 
f 677//157 676//157 173//157 678//157 
f 679//264 677//264 678//264 680//264 
f 681//265 679//265 680//265 682//265 
f 683//266 681//266 682//266 70//266 
f 54//161 676//161 684//161 
f 685//267 684//267 676//267 677//267 
f 686//163 685//163 677//163 679//163 
f 687//268 686//268 679//268 681//268 
f 688//269 687//269 681//269 683//269 
f 54//166 684//166 689//166 
f 690//270 689//270 684//270 685//270 
f 691//271 690//271 685//271 686//271 
f 692//272 691//272 686//272 687//272 
f 693//273 692//273 687//273 688//273 
f 54//274 689//274 115//274 
f 694//172 115//172 689//172 690//172 
f 695//173 694//173 690//173 691//173 
f 696//174 695//174 691//174 692//174 
f 167//275 696//275 692//275 693//275 
f 697//176 116//176 115//176 694//176 
f 698//276 697//276 694//276 695//276 
f 164//178 698//178 695//178 696//178 
f 49//179 164//179 696//179 167//179 
f 58//180 179//180 699//180 
f 700//181 699//181 179//181 701//181 
f 702//182 700//182 701//182 703//182 
f 704//183 702//183 703//183 705//183 
f 706//184 704//184 705//184 71//184 
f 58//185 699//185 707//185 
f 708//186 707//186 699//186 700//186 
f 709//187 708//187 700//187 702//187 
f 710//188 709//188 702//188 704//188 
f 711//189 710//189 704//189 706//189 
f 58//190 707//190 712//190 
f 713//296 712//296 707//296 708//296 
f 714//192 713//192 708//192 709//192 
f 715//278 714//278 709//278 710//278 
f 716//194 715//194 710//194 711//194 
f 58//195 712//195 117//195 
f 717//196 117//196 712//196 713//196 
f 718//197 717//197 713//197 714//197 
f 719//198 718//198 714//198 715//198 
f 174//279 719//279 715//279 716//279 
f 720//200 118//200 117//200 717//200 
f 721//280 720//280 717//280 718//280 
f 171//202 721//202 718//202 719//202 
f 53//203 171//203 719//203 174//203 
f 62//281 182//281 722//281 
f 723//205 722//205 182//205 724//205 
f 725//282 723//282 724//282 726//282 
f 727//283 725//283 726//283 728//283 
f 729//284 727//284 728//284 72//284 
f 62//209 722//209 730//209 
f 731//285 730//285 722//285 723//285 
f 732//211 731//211 723//211 725//211 
f 733//286 732//286 725//286 727//286 
f 734//287 733//287 727//287 729//287 
f 62//214 730//214 735//214 
f 736//288 735//288 730//288 731//288 
f 737//289 736//289 731//289 732//289 
f 738//217 737//217 732//217 733//217 
f 739//291 738//291 733//291 734//291 
f 62//292 735//292 119//292 
f 740//220 119//220 735//220 736//220 
f 741//221 740//221 736//221 737//221 
f 742//222 741//222 737//222 738//222 
f 180//293 742//293 738//293 739//293 
f 743//224 120//224 119//224 740//224 
f 744//294 743//294 740//294 741//294 
f 177//297 744//297 741//297 742//297 
f 57//227 177//227 742//227 180//227 
f 230//298 121//298 74//298 205//298 
f 229//299 230//299 205//299 206//299 
f 76//300 229//300 206//300 207//300 
f 18//301 76//301 207//301 19//301 
f 324//302 122//302 123//302 225//302 
f 323//303 324//303 225//303 220//303 
f 84//304 323//304 220//304 215//304 
f 6//305 84//305 215//305 7//305 
f 280//306 124//306 125//306 319//306 
f 282//307 280//307 319//307 314//307 
f 284//308 282//308 314//308 309//308 
f 21//309 284//309 309//309 22//309 
f 186//310 126//310 82//310 299//310 
f 188//311 186//311 299//311 300//311 
f 190//312 188//312 300//312 301//312 
f 16//313 190//313 301//313 13//313 
f 253//314 127//314 128//314 213//314 
f 252//315 253//315 213//315 211//315 
f 78//316 252//316 211//316 208//316 
f 17//317 78//317 208//317 18//317 
f 347//318 129//318 130//318 248//318 
f 346//319 347//319 248//319 243//319 
f 86//320 346//320 243//320 238//320 
f 10//321 86//321 238//321 11//321 
f 304//322 131//322 132//322 342//322 
f 306//323 304//323 342//323 337//323 
f 308//324 306//324 337//324 332//324 
f 22//325 308//325 332//325 23//325 
f 265//326 133//326 134//326 236//326 
f 270//327 265//327 236//327 234//327 
f 274//328 270//328 234//328 231//328 
f 20//329 274//329 231//329 17//329 
f 370//330 135//330 136//330 259//330 
f 369//331 370//331 259//331 257//331 
f 88//332 369//332 257//332 254//332 
f 14//333 88//333 254//333 15//333 
f 327//334 137//334 138//334 365//334 
f 329//335 327//335 365//335 360//335 
f 331//336 329//336 360//336 355//336 
f 23//337 331//337 355//337 24//337 
f 195//338 139//338 80//338 275//338 
f 200//339 195//339 275//339 276//339 
f 204//340 200//340 276//340 277//340 
f 19//341 204//341 277//341 20//341 
f 350//342 140//342 141//342 295//342 
f 352//343 350//343 295//343 290//343 
f 354//344 352//344 290//344 285//344 
f 24//345 354//345 285//345 21//345 
f 417//346 142//346 90//346 392//346 
f 416//347 417//347 392//347 393//347 
f 92//348 416//348 393//348 394//348 
f 42//349 92//349 394//349 43//349 
f 511//350 143//350 144//350 412//350 
f 510//303 511//303 412//303 407//303 
f 100//351 510//351 407//351 402//351 
f 30//352 100//352 402//352 31//352 
f 467//353 145//353 146//353 506//353 
f 469//307 467//307 506//307 501//307 
f 471//308 469//308 501//308 496//308 
f 45//354 471//354 496//354 46//354 
f 373//355 147//355 98//355 486//355 
f 375//311 373//311 486//311 487//311 
f 377//356 375//356 487//356 488//356 
f 40//357 377//357 488//357 37//357 
f 440//358 148//358 149//358 400//358 
f 439//315 440//315 400//315 398//315 
f 94//359 439//359 398//359 395//359 
f 41//317 94//317 395//317 42//317 
f 534//360 150//360 151//360 435//360 
f 533//319 534//319 435//319 430//319 
f 102//361 533//361 430//361 425//361 
f 34//321 102//321 425//321 35//321 
f 491//322 152//322 153//322 529//322 
f 493//323 491//323 529//323 524//323 
f 495//324 493//324 524//324 519//324 
f 46//325 495//325 519//325 47//325 
f 452//362 154//362 155//362 423//362 
f 457//363 452//363 423//363 421//363 
f 461//364 457//364 421//364 418//364 
f 44//365 461//365 418//365 41//365 
f 557//366 156//366 157//366 446//366 
f 556//331 557//331 446//331 444//331 
f 104//367 556//367 444//367 441//367 
f 38//368 104//368 441//368 39//368 
f 514//369 158//369 159//369 552//369 
f 516//370 514//370 552//370 547//370 
f 518//371 516//371 547//371 542//371 
f 47//372 518//372 542//372 48//372 
f 382//338 160//338 96//338 462//338 
f 387//339 382//339 462//339 463//339 
f 391//340 387//340 463//340 464//340 
f 43//373 391//373 464//373 44//373 
f 537//342 161//342 162//342 482//342 
f 539//343 537//343 482//343 477//343 
f 541//344 539//344 477//344 472//344 
f 48//345 541//345 472//345 45//345 
f 604//346 163//346 106//346 579//346 
f 603//347 604//347 579//347 580//347 
f 108//348 603//348 580//348 581//348 
f 66//349 108//349 581//349 67//349 
f 698//350 164//350 165//350 599//350 
f 697//303 698//303 599//303 594//303 
f 116//351 697//351 594//351 589//351 
f 54//352 116//352 589//352 55//352 
f 654//353 166//353 167//353 693//353 
f 656//307 654//307 693//307 688//307 
f 658//308 656//308 688//308 683//308 
f 69//354 658//354 683//354 70//354 
f 560//355 168//355 114//355 673//355 
f 562//311 560//311 673//311 674//311 
f 564//356 562//356 674//356 675//356 
f 64//357 564//357 675//357 61//357 
f 627//358 169//358 170//358 587//358 
f 626//315 627//315 587//315 585//315 
f 110//359 626//359 585//359 582//359 
f 65//317 110//317 582//317 66//317 
f 721//360 171//360 172//360 622//360 
f 720//319 721//319 622//319 617//319 
f 118//361 720//361 617//361 612//361 
f 58//321 118//321 612//321 59//321 
f 678//322 173//322 174//322 716//322 
f 680//323 678//323 716//323 711//323 
f 682//324 680//324 711//324 706//324 
f 70//325 682//325 706//325 71//325 
f 639//374 175//374 176//374 610//374 
f 644//363 639//363 610//363 608//363 
f 648//364 644//364 608//364 605//364 
f 68//365 648//365 605//365 65//365 
f 744//366 177//366 178//366 633//366 
f 743//331 744//331 633//331 631//331 
f 120//367 743//367 631//367 628//367 
f 62//368 120//368 628//368 63//368 
f 701//375 179//375 180//375 739//375 
f 703//370 701//370 739//370 734//370 
f 705//371 703//371 734//371 729//371 
f 71//372 705//372 729//372 72//372 
f 569//338 181//338 112//338 649//338 
f 574//339 569//339 649//339 650//339 
f 578//340 574//340 650//340 651//340 
f 67//373 578//373 651//373 68//373 
f 724//342 182//342 183//342 669//342 
f 726//343 724//343 669//343 664//343 
f 728//344 726//344 664//344 659//344 
f 72//345 728//345 659//345 69//345 
s 1
f 745//376 746//376 747//376 748//376 
s 4
f 749//2 750//2 751//2 752//2 
s 2
f 753//3 754//3 755//3 756//3 
s 4
f 757//4 758//4 759//4 760//4 
s 16
f 761//5 762//5 763//5 764//5 
f 765//6 766//6 767//6 768//6 
s off
f 747//7 769//7 770//7 
f 762//8 771//8 772//8 
f 761//9 773//9 774//9 
f 759//10 775//10 776//10 
f 746//11 777//11 778//11 
f 750//12 779//12 780//12 
f 754//13 781//13 782//13 
f 758//14 783//14 784//14 
f 785//18 748//18 747//18 770//18 
f 786//377 745//377 748//377 787//377 
f 788//20 746//20 745//20 789//20 
f 790//378 747//378 746//378 778//378 
f 791//22 752//22 751//22 792//22 
f 793//23 749//23 752//23 794//23 
f 795//24 750//24 749//24 796//24 
f 797//25 756//25 755//25 798//25 
f 799//26 753//26 756//26 800//26 
f 801//27 754//27 753//27 802//27 
f 803//28 760//28 759//28 776//28 
f 804//379 758//379 757//379 805//379 
f 747//36 790//36 806//36 
f 807//380 806//380 790//380 808//380 
f 809//38 807//38 808//38 810//38 
f 811//39 809//39 810//39 812//39 
f 803//40 811//40 812//40 760//40 
f 747//41 806//41 813//41 
f 814//42 813//42 806//42 807//42 
f 815//43 814//43 807//43 809//43 
f 816//381 815//381 809//381 811//381 
f 817//230 816//230 811//230 803//230 
f 747//46 813//46 818//46 
f 819//382 818//382 813//382 814//382 
f 820//48 819//48 814//48 815//48 
f 821//49 820//49 815//49 816//49 
f 822//50 821//50 816//50 817//50 
f 747//51 818//51 769//51 
f 823//383 769//383 818//383 819//383 
f 824//53 823//53 819//53 820//53 
f 825//54 824//54 820//54 821//54 
f 826//55 825//55 821//55 822//55 
f 827//56 770//56 769//56 823//56 
f 828//57 827//57 823//57 824//57 
f 829//58 828//58 824//58 825//58 
f 763//59 829//59 825//59 826//59 
f 762//60 830//60 831//60 
f 832//384 831//384 830//384 833//384 
f 834//385 832//385 833//385 835//385 
f 836//386 834//386 835//386 792//386 
f 837//64 836//64 792//64 751//64 
f 762//65 831//65 838//65 
f 839//387 838//387 831//387 832//387 
f 840//67 839//67 832//67 834//67 
f 841//388 840//388 834//388 836//388 
f 842//389 841//389 836//389 837//389 
f 762//70 838//70 843//70 
f 844//71 843//71 838//71 839//71 
f 845//72 844//72 839//72 840//72 
f 846//73 845//73 840//73 841//73 
f 847//74 846//74 841//74 842//74 
f 762//75 843//75 771//75 
f 848//390 771//390 843//390 844//390 
f 849//77 848//77 844//77 845//77 
f 850//78 849//78 845//78 846//78 
f 787//79 850//79 846//79 847//79 
f 851//391 772//391 771//391 848//391 
f 852//392 851//392 848//392 849//392 
f 785//82 852//82 849//82 850//82 
f 748//83 785//83 850//83 787//83 
f 761//84 853//84 854//84 
f 855//393 854//393 853//393 856//393 
f 857//394 855//394 856//394 858//394 
f 859//87 857//87 858//87 798//87 
f 860//88 859//88 798//88 755//88 
f 761//89 854//89 861//89 
f 862//395 861//395 854//395 855//395 
f 863//91 862//91 855//91 857//91 
f 864//92 863//92 857//92 859//92 
f 865//396 864//396 859//396 860//396 
f 761//94 861//94 866//94 
f 867//95 866//95 861//95 862//95 
f 868//96 867//96 862//96 863//96 
f 869//97 868//97 863//97 864//97 
f 870//98 869//98 864//98 865//98 
f 761//99 866//99 773//99 
f 871//397 773//397 866//397 867//397 
f 872//101 871//101 867//101 868//101 
f 873//398 872//398 868//398 869//398 
f 794//399 873//399 869//399 870//399 
f 874//400 774//400 773//400 871//400 
f 875//401 874//401 871//401 872//401 
f 791//402 875//402 872//402 873//402 
f 752//107 791//107 873//107 794//107 
f 759//108 876//108 877//108 
f 878//109 877//109 876//109 879//109 
f 880//110 878//110 879//110 881//110 
f 882//111 880//111 881//111 800//111 
f 797//112 882//112 800//112 756//112 
f 759//113 877//113 883//113 
f 884//114 883//114 877//114 878//114 
f 885//115 884//115 878//115 880//115 
f 886//403 885//403 880//403 882//403 
f 887//117 886//117 882//117 797//117 
f 759//404 883//404 888//404 
f 889//119 888//119 883//119 884//119 
f 890//120 889//120 884//120 885//120 
f 891//121 890//121 885//121 886//121 
f 892//122 891//122 886//122 887//122 
f 759//123 888//123 775//123 
f 893//124 775//124 888//124 889//124 
f 894//125 893//125 889//125 890//125 
f 895//126 894//126 890//126 891//126 
f 896//127 895//127 891//127 892//127 
f 897//405 776//405 775//405 893//405 
f 898//406 897//406 893//406 894//406 
f 899//130 898//130 894//130 895//130 
f 764//131 899//131 895//131 896//131 
f 746//407 788//407 900//407 
f 901//408 900//408 788//408 902//408 
f 903//409 901//409 902//409 904//409 
f 905//135 903//135 904//135 906//135 
f 907//410 905//410 906//410 765//410 
f 746//137 900//137 908//137 
f 909//138 908//138 900//138 901//138 
f 910//411 909//411 901//411 903//411 
f 911//412 910//412 903//412 905//412 
f 912//413 911//413 905//413 907//413 
f 746//414 908//414 913//414 
f 914//143 913//143 908//143 909//143 
f 915//415 914//415 909//415 910//415 
f 916//416 915//416 910//416 911//416 
f 917//417 916//417 911//417 912//417 
f 746//147 913//147 777//147 
f 918//148 777//148 913//148 914//148 
f 919//149 918//149 914//149 915//149 
f 920//150 919//150 915//150 916//150 
f 805//260 920//260 916//260 917//260 
f 921//152 778//152 777//152 918//152 
f 922//153 921//153 918//153 919//153 
f 923//154 922//154 919//154 920//154 
f 757//155 923//155 920//155 805//155 
f 750//418 795//418 924//418 
f 925//419 924//419 795//419 926//419 
f 927//158 925//158 926//158 928//158 
f 929//265 927//265 928//265 930//265 
f 931//160 929//160 930//160 766//160 
f 750//161 924//161 932//161 
f 933//267 932//267 924//267 925//267 
f 934//163 933//163 925//163 927//163 
f 935//164 934//164 927//164 929//164 
f 936//420 935//420 929//420 931//420 
f 750//421 932//421 937//421 
f 938//422 937//422 932//422 933//422 
f 939//423 938//423 933//423 934//423 
f 940//169 939//169 934//169 935//169 
f 941//424 940//424 935//424 936//424 
f 750//171 937//171 779//171 
f 942//425 779//425 937//425 938//425 
f 943//173 942//173 938//173 939//173 
f 944//174 943//174 939//174 940//174 
f 789//275 944//275 940//275 941//275 
f 945//176 780//176 779//176 942//176 
f 946//177 945//177 942//177 943//177 
f 786//178 946//178 943//178 944//178 
f 745//179 786//179 944//179 789//179 
f 754//426 801//426 947//426 
f 948//427 947//427 801//427 949//427 
f 950//428 948//428 949//428 951//428 
f 952//183 950//183 951//183 953//183 
f 954//429 952//429 953//429 767//429 
f 754//185 947//185 955//185 
f 956//277 955//277 947//277 948//277 
f 957//430 956//430 948//430 950//430 
f 958//431 957//431 950//431 952//431 
f 959//432 958//432 952//432 954//432 
f 754//433 955//433 960//433 
f 961//434 960//434 955//434 956//434 
f 962//435 961//435 956//435 957//435 
f 963//436 962//436 957//436 958//436 
f 964//437 963//437 958//437 959//437 
f 754//195 960//195 781//195 
f 965//438 781//438 960//438 961//438 
f 966//197 965//197 961//197 962//197 
f 967//198 966//198 962//198 963//198 
f 796//279 967//279 963//279 964//279 
f 968//200 782//200 781//200 965//200 
f 969//201 968//201 965//201 966//201 
f 793//202 969//202 966//202 967//202 
f 749//203 793//203 967//203 796//203 
f 758//439 804//439 970//439 
f 971//440 970//440 804//440 972//440 
f 973//206 971//206 972//206 974//206 
f 975//283 973//283 974//283 976//283 
f 977//208 975//208 976//208 768//208 
f 758//209 970//209 978//209 
f 979//285 978//285 970//285 971//285 
f 980//211 979//211 971//211 973//211 
f 981//212 980//212 973//212 975//212 
f 982//441 981//441 975//441 977//441 
f 758//442 978//442 983//442 
f 984//443 983//443 978//443 979//443 
f 985//444 984//444 979//444 980//444 
f 986//217 985//217 980//217 981//217 
f 987//218 986//218 981//218 982//218 
f 758//219 983//219 783//219 
f 988//445 783//445 983//445 984//445 
f 989//221 988//221 984//221 985//221 
f 990//222 989//222 985//222 986//222 
f 802//223 990//223 986//223 987//223 
f 991//224 784//224 783//224 988//224 
f 992//225 991//225 988//225 989//225 
f 799//226 992//226 989//226 990//226 
f 753//227 799//227 990//227 802//227 
f 852//298 785//298 770//298 827//298 
f 851//299 852//299 827//299 828//299 
f 772//446 851//446 828//446 829//446 
f 762//301 772//301 829//301 763//301 
f 946//447 786//447 787//447 847//447 
f 945//448 946//448 847//448 842//448 
f 780//449 945//449 842//449 837//449 
f 750//450 780//450 837//450 751//450 
f 902//353 788//353 789//353 941//353 
f 904//451 902//451 941//451 936//451 
f 906//308 904//308 936//308 931//308 
f 765//309 906//309 931//309 766//309 
f 808//452 790//452 778//452 921//452 
f 810//453 808//453 921//453 922//453 
f 812//454 810//454 922//454 923//454 
f 760//455 812//455 923//455 757//455 
f 875//358 791//358 792//358 835//358 
f 874//315 875//315 835//315 833//315 
f 774//456 874//456 833//456 830//456 
f 761//317 774//317 830//317 762//317 
f 969//318 793//318 794//318 870//318 
f 968//319 969//319 870//319 865//319 
f 782//320 968//320 865//320 860//320 
f 754//321 782//321 860//321 755//321 
f 926//322 795//322 796//322 964//322 
f 928//323 926//323 964//323 959//323 
f 930//324 928//324 959//324 954//324 
f 766//457 930//457 954//457 767//457 
f 887//458 797//458 798//458 858//458 
f 892//327 887//327 858//327 856//327 
f 896//459 892//459 856//459 853//459 
f 764//329 896//329 853//329 761//329 
f 992//330 799//330 800//330 881//330 
f 991//331 992//331 881//331 879//331 
f 784//332 991//332 879//332 876//332 
f 758//333 784//333 876//333 759//333 
f 949//334 801//334 802//334 987//334 
f 951//460 949//460 987//460 982//460 
f 953//336 951//336 982//336 977//336 
f 767//337 953//337 977//337 768//337 
f 817//338 803//338 776//338 897//338 
f 822//339 817//339 897//339 898//339 
f 826//340 822//340 898//340 899//340 
f 763//341 826//341 899//341 764//341 
f 972//461 804//461 805//461 917//461 
f 974//343 972//343 917//343 912//343 
f 976//344 974//344 912//344 907//344 
f 768//462 976//462 907//462 765//462 
s 1
f 993//1 994//1 995//1 996//1 
s 4
f 997//2 998//2 999//2 1000//2 
s 2
f 1001//3 1002//3 1003//3 1004//3 
s 4
f 1005//4 1006//4 1007//4 1008//4 
s 16
f 1009//5 1010//5 1011//5 1012//5 
f 1013//6 1014//6 1015//6 1016//6 
s off
f 995//7 1017//7 1018//7 
f 1010//8 1019//8 1020//8 
f 1009//9 1021//9 1022//9 
f 1007//10 1023//10 1024//10 
f 994//11 1025//11 1026//11 
f 998//12 1027//12 1028//12 
f 1002//13 1029//13 1030//13 
f 1006//14 1031//14 1032//14 
f 1033//18 996//18 995//18 1018//18 
f 1034//19 993//19 996//19 1035//19 
f 1036//20 994//20 993//20 1037//20 
f 1038//21 995//21 994//21 1026//21 
f 1039//22 1000//22 999//22 1040//22 
f 1041//23 997//23 1000//23 1042//23 
f 1043//24 998//24 997//24 1044//24 
f 1045//25 1004//25 1003//25 1046//25 
f 1047//26 1001//26 1004//26 1048//26 
f 1049//27 1002//27 1001//27 1050//27 
f 1051//28 1008//28 1007//28 1024//28 
f 1052//29 1006//29 1005//29 1053//29 
f 995//36 1038//36 1054//36 
f 1055//37 1054//37 1038//37 1056//37 
f 1057//38 1055//38 1056//38 1058//38 
f 1059//39 1057//39 1058//39 1060//39 
f 1051//40 1059//40 1060//40 1008//40 
f 995//41 1054//41 1061//41 
f 1062//42 1061//42 1054//42 1055//42 
f 1063//43 1062//43 1055//43 1057//43 
f 1064//44 1063//44 1057//44 1059//44 
f 1065//45 1064//45 1059//45 1051//45 
f 995//46 1061//46 1066//46 
f 1067//47 1066//47 1061//47 1062//47 
f 1068//48 1067//48 1062//48 1063//48 
f 1069//49 1068//49 1063//49 1064//49 
f 1070//50 1069//50 1064//50 1065//50 
f 995//51 1066//51 1017//51 
f 1071//52 1017//52 1066//52 1067//52 
f 1072//53 1071//53 1067//53 1068//53 
f 1073//54 1072//54 1068//54 1069//54 
f 1074//55 1073//55 1069//55 1070//55 
f 1075//56 1018//56 1017//56 1071//56 
f 1076//57 1075//57 1071//57 1072//57 
f 1077//58 1076//58 1072//58 1073//58 
f 1011//59 1077//59 1073//59 1074//59 
f 1010//60 1078//60 1079//60 
f 1080//61 1079//61 1078//61 1081//61 
f 1082//62 1080//62 1081//62 1083//62 
f 1084//63 1082//63 1083//63 1040//63 
f 1085//64 1084//64 1040//64 999//64 
f 1010//65 1079//65 1086//65 
f 1087//66 1086//66 1079//66 1080//66 
f 1088//67 1087//67 1080//67 1082//67 
f 1089//68 1088//68 1082//68 1084//68 
f 1090//69 1089//69 1084//69 1085//69 
f 1010//70 1086//70 1091//70 
f 1092//71 1091//71 1086//71 1087//71 
f 1093//72 1092//72 1087//72 1088//72 
f 1094//73 1093//73 1088//73 1089//73 
f 1095//74 1094//74 1089//74 1090//74 
f 1010//75 1091//75 1019//75 
f 1096//76 1019//76 1091//76 1092//76 
f 1097//77 1096//77 1092//77 1093//77 
f 1098//78 1097//78 1093//78 1094//78 
f 1035//79 1098//79 1094//79 1095//79 
f 1099//80 1020//80 1019//80 1096//80 
f 1100//81 1099//81 1096//81 1097//81 
f 1033//82 1100//82 1097//82 1098//82 
f 996//83 1033//83 1098//83 1035//83 
f 1009//84 1101//84 1102//84 
f 1103//85 1102//85 1101//85 1104//85 
f 1105//86 1103//86 1104//86 1106//86 
f 1107//87 1105//87 1106//87 1046//87 
f 1108//88 1107//88 1046//88 1003//88 
f 1009//89 1102//89 1109//89 
f 1110//90 1109//90 1102//90 1103//90 
f 1111//91 1110//91 1103//91 1105//91 
f 1112//92 1111//92 1105//92 1107//92 
f 1113//93 1112//93 1107//93 1108//93 
f 1009//94 1109//94 1114//94 
f 1115//95 1114//95 1109//95 1110//95 
f 1116//96 1115//96 1110//96 1111//96 
f 1117//97 1116//97 1111//97 1112//97 
f 1118//98 1117//98 1112//98 1113//98 
f 1009//99 1114//99 1021//99 
f 1119//100 1021//100 1114//100 1115//100 
f 1120//101 1119//101 1115//101 1116//101 
f 1121//102 1120//102 1116//102 1117//102 
f 1042//103 1121//103 1117//103 1118//103 
f 1122//104 1022//104 1021//104 1119//104 
f 1123//105 1122//105 1119//105 1120//105 
f 1039//106 1123//106 1120//106 1121//106 
f 1000//107 1039//107 1121//107 1042//107 
f 1007//108 1124//108 1125//108 
f 1126//109 1125//109 1124//109 1127//109 
f 1128//110 1126//110 1127//110 1129//110 
f 1130//111 1128//111 1129//111 1048//111 
f 1045//112 1130//112 1048//112 1004//112 
f 1007//113 1125//113 1131//113 
f 1132//114 1131//114 1125//114 1126//114 
f 1133//115 1132//115 1126//115 1128//115 
f 1134//116 1133//116 1128//116 1130//116 
f 1135//117 1134//117 1130//117 1045//117 
f 1007//118 1131//118 1136//118 
f 1137//119 1136//119 1131//119 1132//119 
f 1138//120 1137//120 1132//120 1133//120 
f 1139//121 1138//121 1133//121 1134//121 
f 1140//122 1139//122 1134//122 1135//122 
f 1007//123 1136//123 1023//123 
f 1141//124 1023//124 1136//124 1137//124 
f 1142//125 1141//125 1137//125 1138//125 
f 1143//126 1142//126 1138//126 1139//126 
f 1144//127 1143//127 1139//127 1140//127 
f 1145//128 1024//128 1023//128 1141//128 
f 1146//129 1145//129 1141//129 1142//129 
f 1147//130 1146//130 1142//130 1143//130 
f 1012//131 1147//131 1143//131 1144//131 
f 994//132 1036//132 1148//132 
f 1149//133 1148//133 1036//133 1150//133 
f 1151//134 1149//134 1150//134 1152//134 
f 1153//135 1151//135 1152//135 1154//135 
f 1155//136 1153//136 1154//136 1013//136 
f 994//137 1148//137 1156//137 
f 1157//138 1156//138 1148//138 1149//138 
f 1158//139 1157//139 1149//139 1151//139 
f 1159//140 1158//140 1151//140 1153//140 
f 1160//141 1159//141 1153//141 1155//141 
f 994//142 1156//142 1161//142 
f 1162//143 1161//143 1156//143 1157//143 
f 1163//144 1162//144 1157//144 1158//144 
f 1164//145 1163//145 1158//145 1159//145 
f 1165//146 1164//146 1159//146 1160//146 
f 994//147 1161//147 1025//147 
f 1166//148 1025//148 1161//148 1162//148 
f 1167//149 1166//149 1162//149 1163//149 
f 1168//150 1167//150 1163//150 1164//150 
f 1053//151 1168//151 1164//151 1165//151 
f 1169//152 1026//152 1025//152 1166//152 
f 1170//153 1169//153 1166//153 1167//153 
f 1171//154 1170//154 1167//154 1168//154 
f 1005//155 1171//155 1168//155 1053//155 
f 998//156 1043//156 1172//156 
f 1173//157 1172//157 1043//157 1174//157 
f 1175//158 1173//158 1174//158 1176//158 
f 1177//159 1175//159 1176//159 1178//159 
f 1179//160 1177//160 1178//160 1014//160 
f 998//161 1172//161 1180//161 
f 1181//162 1180//162 1172//162 1173//162 
f 1182//163 1181//163 1173//163 1175//163 
f 1183//164 1182//164 1175//164 1177//164 
f 1184//165 1183//165 1177//165 1179//165 
f 998//166 1180//166 1185//166 
f 1186//167 1185//167 1180//167 1181//167 
f 1187//168 1186//168 1181//168 1182//168 
f 1188//169 1187//169 1182//169 1183//169 
f 1189//170 1188//170 1183//170 1184//170 
f 998//171 1185//171 1027//171 
f 1190//172 1027//172 1185//172 1186//172 
f 1191//173 1190//173 1186//173 1187//173 
f 1192//174 1191//174 1187//174 1188//174 
f 1037//175 1192//175 1188//175 1189//175 
f 1193//176 1028//176 1027//176 1190//176 
f 1194//177 1193//177 1190//177 1191//177 
f 1034//178 1194//178 1191//178 1192//178 
f 993//179 1034//179 1192//179 1037//179 
f 1002//180 1049//180 1195//180 
f 1196//181 1195//181 1049//181 1197//181 
f 1198//182 1196//182 1197//182 1199//182 
f 1200//183 1198//183 1199//183 1201//183 
f 1202//184 1200//184 1201//184 1015//184 
f 1002//185 1195//185 1203//185 
f 1204//186 1203//186 1195//186 1196//186 
f 1205//187 1204//187 1196//187 1198//187 
f 1206//188 1205//188 1198//188 1200//188 
f 1207//189 1206//189 1200//189 1202//189 
f 1002//190 1203//190 1208//190 
f 1209//191 1208//191 1203//191 1204//191 
f 1210//192 1209//192 1204//192 1205//192 
f 1211//193 1210//193 1205//193 1206//193 
f 1212//194 1211//194 1206//194 1207//194 
f 1002//195 1208//195 1029//195 
f 1213//196 1029//196 1208//196 1209//196 
f 1214//197 1213//197 1209//197 1210//197 
f 1215//198 1214//198 1210//198 1211//198 
f 1044//199 1215//199 1211//199 1212//199 
f 1216//200 1030//200 1029//200 1213//200 
f 1217//201 1216//201 1213//201 1214//201 
f 1041//202 1217//202 1214//202 1215//202 
f 997//203 1041//203 1215//203 1044//203 
f 1006//204 1052//204 1218//204 
f 1219//205 1218//205 1052//205 1220//205 
f 1221//206 1219//206 1220//206 1222//206 
f 1223//207 1221//207 1222//207 1224//207 
f 1225//208 1223//208 1224//208 1016//208 
f 1006//209 1218//209 1226//209 
f 1227//210 1226//210 1218//210 1219//210 
f 1228//211 1227//211 1219//211 1221//211 
f 1229//212 1228//212 1221//212 1223//212 
f 1230//213 1229//213 1223//213 1225//213 
f 1006//214 1226//214 1231//214 
f 1232//215 1231//215 1226//215 1227//215 
f 1233//216 1232//216 1227//216 1228//216 
f 1234//217 1233//217 1228//217 1229//217 
f 1235//218 1234//218 1229//218 1230//218 
f 1006//219 1231//219 1031//219 
f 1236//220 1031//220 1231//220 1232//220 
f 1237//221 1236//221 1232//221 1233//221 
f 1238//222 1237//222 1233//222 1234//222 
f 1050//223 1238//223 1234//223 1235//223 
f 1239//224 1032//224 1031//224 1236//224 
f 1240//225 1239//225 1236//225 1237//225 
f 1047//226 1240//226 1237//226 1238//226 
f 1001//227 1047//227 1238//227 1050//227 
f 1100//298 1033//298 1018//298 1075//298 
f 1099//299 1100//299 1075//299 1076//299 
f 1020//300 1099//300 1076//300 1077//300 
f 1010//301 1020//301 1077//301 1011//301 
f 1194//302 1034//302 1035//302 1095//302 
f 1193//303 1194//303 1095//303 1090//303 
f 1028//304 1193//304 1090//304 1085//304 
f 998//305 1028//305 1085//305 999//305 
f 1150//306 1036//306 1037//306 1189//306 
f 1152//307 1150//307 1189//307 1184//307 
f 1154//308 1152//308 1184//308 1179//308 
f 1013//309 1154//309 1179//309 1014//309 
f 1056//310 1038//310 1026//310 1169//310 
f 1058//311 1056//311 1169//311 1170//311 
f 1060//312 1058//312 1170//312 1171//312 
f 1008//313 1060//313 1171//313 1005//313 
f 1123//314 1039//314 1040//314 1083//314 
f 1122//315 1123//315 1083//315 1081//315 
f 1022//316 1122//316 1081//316 1078//316 
f 1009//317 1022//317 1078//317 1010//317 
f 1217//318 1041//318 1042//318 1118//318 
f 1216//319 1217//319 1118//319 1113//319 
f 1030//320 1216//320 1113//320 1108//320 
f 1002//321 1030//321 1108//321 1003//321 
f 1174//322 1043//322 1044//322 1212//322 
f 1176//323 1174//323 1212//323 1207//323 
f 1178//324 1176//324 1207//324 1202//324 
f 1014//325 1178//325 1202//325 1015//325 
f 1135//458 1045//458 1046//458 1106//458 
f 1140//327 1135//327 1106//327 1104//327 
f 1144//328 1140//328 1104//328 1101//328 
f 1012//329 1144//329 1101//329 1009//329 
f 1240//330 1047//330 1048//330 1129//330 
f 1239//331 1240//331 1129//331 1127//331 
f 1032//332 1239//332 1127//332 1124//332 
f 1006//333 1032//333 1124//333 1007//333 
f 1197//334 1049//334 1050//334 1235//334 
f 1199//335 1197//335 1235//335 1230//335 
f 1201//336 1199//336 1230//336 1225//336 
f 1015//337 1201//337 1225//337 1016//337 
f 1065//338 1051//338 1024//338 1145//338 
f 1070//339 1065//339 1145//339 1146//339 
f 1074//340 1070//340 1146//340 1147//340 
f 1011//341 1074//341 1147//341 1012//341 
f 1220//342 1052//342 1053//342 1165//342 
f 1222//343 1220//343 1165//343 1160//343 
f 1224//344 1222//344 1160//344 1155//344 
f 1016//345 1224//345 1155//345 1013//345 
s 1
f 1241//1 1242//1 1243//1 1244//1 
s 4
f 1245//2 1246//2 1247//2 1248//2 
s 2
f 1249//463 1250//463 1251//463 1252//463 
s 4
f 1253//4 1254//4 1255//4 1256//4 
s 16
f 1257//5 1258//5 1259//5 1260//5 
f 1261//6 1262//6 1263//6 1264//6 
s off
f 1243//7 1265//7 1266//7 
f 1258//8 1267//8 1268//8 
f 1257//9 1269//9 1270//9 
f 1255//10 1271//10 1272//10 
f 1242//11 1273//11 1274//11 
f 1246//12 1275//12 1276//12 
f 1250//13 1277//13 1278//13 
f 1254//14 1279//14 1280//14 
f 1281//18 1244//18 1243//18 1266//18 
f 1282//19 1241//19 1244//19 1283//19 
f 1284//20 1242//20 1241//20 1285//20 
f 1286//21 1243//21 1242//21 1274//21 
f 1287//22 1248//22 1247//22 1288//22 
f 1289//464 1245//464 1248//464 1290//464 
f 1291//24 1246//24 1245//24 1292//24 
f 1293//25 1252//25 1251//25 1294//25 
f 1295//465 1249//465 1252//465 1296//465 
f 1297//466 1250//466 1249//466 1298//466 
f 1299//28 1256//28 1255//28 1272//28 
f 1300//379 1254//379 1253//379 1301//379 
f 1243//36 1286//36 1302//36 
f 1303//380 1302//380 1286//380 1304//380 
f 1305//38 1303//38 1304//38 1306//38 
f 1307//39 1305//39 1306//39 1308//39 
f 1299//40 1307//40 1308//40 1256//40 
f 1243//41 1302//41 1309//41 
f 1310//42 1309//42 1302//42 1303//42 
f 1311//43 1310//43 1303//43 1305//43 
f 1312//381 1311//381 1305//381 1307//381 
f 1313//230 1312//230 1307//230 1299//230 
f 1243//46 1309//46 1314//46 
f 1315//382 1314//382 1309//382 1310//382 
f 1316//48 1315//48 1310//48 1311//48 
f 1317//49 1316//49 1311//49 1312//49 
f 1318//50 1317//50 1312//50 1313//50 
f 1243//51 1314//51 1265//51 
f 1319//383 1265//383 1314//383 1315//383 
f 1320//53 1319//53 1315//53 1316//53 
f 1321//54 1320//54 1316//54 1317//54 
f 1322//55 1321//55 1317//55 1318//55 
f 1323//56 1266//56 1265//56 1319//56 
f 1324//57 1323//57 1319//57 1320//57 
f 1325//58 1324//58 1320//58 1321//58 
f 1259//59 1325//59 1321//59 1322//59 
f 1258//60 1326//60 1327//60 
f 1328//384 1327//384 1326//384 1329//384 
f 1330//385 1328//385 1329//385 1331//385 
f 1332//386 1330//386 1331//386 1288//386 
f 1333//64 1332//64 1288//64 1247//64 
f 1258//65 1327//65 1334//65 
f 1335//387 1334//387 1327//387 1328//387 
f 1336//67 1335//67 1328//67 1330//67 
f 1337//388 1336//388 1330//388 1332//388 
f 1338//389 1337//389 1332//389 1333//389 
f 1258//70 1334//70 1339//70 
f 1340//71 1339//71 1334//71 1335//71 
f 1341//72 1340//72 1335//72 1336//72 
f 1342//73 1341//73 1336//73 1337//73 
f 1343//74 1342//74 1337//74 1338//74 
f 1258//75 1339//75 1267//75 
f 1344//390 1267//390 1339//390 1340//390 
f 1345//77 1344//77 1340//77 1341//77 
f 1346//78 1345//78 1341//78 1342//78 
f 1283//79 1346//79 1342//79 1343//79 
f 1347//391 1268//391 1267//391 1344//391 
f 1348//392 1347//392 1344//392 1345//392 
f 1281//82 1348//82 1345//82 1346//82 
f 1244//83 1281//83 1346//83 1283//83 
f 1257//84 1349//84 1350//84 
f 1351//393 1350//393 1349//393 1352//393 
f 1353//394 1351//394 1352//394 1354//394 
f 1355//87 1353//87 1354//87 1294//87 
f 1356//88 1355//88 1294//88 1251//88 
f 1257//89 1350//89 1357//89 
f 1358//395 1357//395 1350//395 1351//395 
f 1359//91 1358//91 1351//91 1353//91 
f 1360//92 1359//92 1353//92 1355//92 
f 1361//396 1360//396 1355//396 1356//396 
f 1257//94 1357//94 1362//94 
f 1363//95 1362//95 1357//95 1358//95 
f 1364//96 1363//96 1358//96 1359//96 
f 1365//97 1364//97 1359//97 1360//97 
f 1366//98 1365//98 1360//98 1361//98 
f 1257//99 1362//99 1269//99 
f 1367//397 1269//397 1362//397 1363//397 
f 1368//101 1367//101 1363//101 1364//101 
f 1369//398 1368//398 1364//398 1365//398 
f 1290//399 1369//399 1365//399 1366//399 
f 1370//400 1270//400 1269//400 1367//400 
f 1371//401 1370//401 1367//401 1368//401 
f 1287//402 1371//402 1368//402 1369//402 
f 1248//107 1287//107 1369//107 1290//107 
f 1255//108 1372//108 1373//108 
f 1374//109 1373//109 1372//109 1375//109 
f 1376//110 1374//110 1375//110 1377//110 
f 1378//111 1376//111 1377//111 1296//111 
f 1293//112 1378//112 1296//112 1252//112 
f 1255//113 1373//113 1379//113 
f 1380//114 1379//114 1373//114 1374//114 
f 1381//115 1380//115 1374//115 1376//115 
f 1382//403 1381//403 1376//403 1378//403 
f 1383//117 1382//117 1378//117 1293//117 
f 1255//404 1379//404 1384//404 
f 1385//119 1384//119 1379//119 1380//119 
f 1386//120 1385//120 1380//120 1381//120 
f 1387//121 1386//121 1381//121 1382//121 
f 1388//122 1387//122 1382//122 1383//122 
f 1255//123 1384//123 1271//123 
f 1389//124 1271//124 1384//124 1385//124 
f 1390//125 1389//125 1385//125 1386//125 
f 1391//126 1390//126 1386//126 1387//126 
f 1392//127 1391//127 1387//127 1388//127 
f 1393//405 1272//405 1271//405 1389//405 
f 1394//406 1393//406 1389//406 1390//406 
f 1395//130 1394//130 1390//130 1391//130 
f 1260//131 1395//131 1391//131 1392//131 
f 1242//407 1284//407 1396//407 
f 1397//467 1396//467 1284//467 1398//467 
f 1399//134 1397//134 1398//134 1400//134 
f 1401//135 1399//135 1400//135 1402//135 
f 1403//410 1401//410 1402//410 1261//410 
f 1242//137 1396//137 1404//137 
f 1405//468 1404//468 1396//468 1397//468 
f 1406//469 1405//469 1397//469 1399//469 
f 1407//412 1406//412 1399//412 1401//412 
f 1408//413 1407//413 1401//413 1403//413 
f 1242//470 1404//470 1409//470 
f 1410//143 1409//143 1404//143 1405//143 
f 1411//415 1410//415 1405//415 1406//415 
f 1412//416 1411//416 1406//416 1407//416 
f 1413//417 1412//417 1407//417 1408//417 
f 1242//147 1409//147 1273//147 
f 1414//471 1273//471 1409//471 1410//471 
f 1415//149 1414//149 1410//149 1411//149 
f 1416//150 1415//150 1411//150 1412//150 
f 1301//260 1416//260 1412//260 1413//260 
f 1417//472 1274//472 1273//472 1414//472 
f 1418//473 1417//473 1414//473 1415//473 
f 1419//154 1418//154 1415//154 1416//154 
f 1253//155 1419//155 1416//155 1301//155 
f 1246//418 1291//418 1420//418 
f 1421//419 1420//419 1291//419 1422//419 
f 1423//158 1421//158 1422//158 1424//158 
f 1425//265 1423//265 1424//265 1426//265 
f 1427//160 1425//160 1426//160 1262//160 
f 1246//161 1420//161 1428//161 
f 1429//267 1428//267 1420//267 1421//267 
f 1430//163 1429//163 1421//163 1423//163 
f 1431//164 1430//164 1423//164 1425//164 
f 1432//420 1431//420 1425//420 1427//420 
f 1246//421 1428//421 1433//421 
f 1434//422 1433//422 1428//422 1429//422 
f 1435//423 1434//423 1429//423 1430//423 
f 1436//474 1435//474 1430//474 1431//474 
f 1437//170 1436//170 1431//170 1432//170 
f 1246//171 1433//171 1275//171 
f 1438//172 1275//172 1433//172 1434//172 
f 1439//173 1438//173 1434//173 1435//173 
f 1440//174 1439//174 1435//174 1436//174 
f 1285//275 1440//275 1436//275 1437//275 
f 1441//176 1276//176 1275//176 1438//176 
f 1442//475 1441//475 1438//475 1439//475 
f 1282//178 1442//178 1439//178 1440//178 
f 1241//179 1282//179 1440//179 1285//179 
f 1250//476 1297//476 1443//476 
f 1444//427 1443//427 1297//427 1445//427 
f 1446//428 1444//428 1445//428 1447//428 
f 1448//183 1446//183 1447//183 1449//183 
f 1450//429 1448//429 1449//429 1263//429 
f 1250//477 1443//477 1451//477 
f 1452//186 1451//186 1443//186 1444//186 
f 1453//430 1452//430 1444//430 1446//430 
f 1454//431 1453//431 1446//431 1448//431 
f 1455//432 1454//432 1448//432 1450//432 
f 1250//190 1451//190 1456//190 
f 1457//434 1456//434 1451//434 1452//434 
f 1458//435 1457//435 1452//435 1453//435 
f 1459//436 1458//436 1453//436 1454//436 
f 1460//437 1459//437 1454//437 1455//437 
f 1250//478 1456//478 1277//478 
f 1461//438 1277//438 1456//438 1457//438 
f 1462//197 1461//197 1457//197 1458//197 
f 1463//198 1462//198 1458//198 1459//198 
f 1292//279 1463//279 1459//279 1460//279 
f 1464//200 1278//200 1277//200 1461//200 
f 1465//201 1464//201 1461//201 1462//201 
f 1289//202 1465//202 1462//202 1463//202 
f 1245//203 1289//203 1463//203 1292//203 
f 1254//439 1300//439 1466//439 
f 1467//440 1466//440 1300//440 1468//440 
f 1469//206 1467//206 1468//206 1470//206 
f 1471//283 1469//283 1470//283 1472//283 
f 1473//208 1471//208 1472//208 1264//208 
f 1254//209 1466//209 1474//209 
f 1475//285 1474//285 1466//285 1467//285 
f 1476//211 1475//211 1467//211 1469//211 
f 1477//212 1476//212 1469//212 1471//212 
f 1478//441 1477//441 1471//441 1473//441 
f 1254//442 1474//442 1479//442 
f 1480//443 1479//443 1474//443 1475//443 
f 1481//444 1480//444 1475//444 1476//444 
f 1482//217 1481//217 1476//217 1477//217 
f 1483//218 1482//218 1477//218 1478//218 
f 1254//219 1479//219 1279//219 
f 1484//445 1279//445 1479//445 1480//445 
f 1485//221 1484//221 1480//221 1481//221 
f 1486//222 1485//222 1481//222 1482//222 
f 1298//223 1486//223 1482//223 1483//223 
f 1487//224 1280//224 1279//224 1484//224 
f 1488//225 1487//225 1484//225 1485//225 
f 1295//226 1488//226 1485//226 1486//226 
f 1249//227 1295//227 1486//227 1298//227 
f 1348//298 1281//298 1266//298 1323//298 
f 1347//299 1348//299 1323//299 1324//299 
f 1268//446 1347//446 1324//446 1325//446 
f 1258//301 1268//301 1325//301 1259//301 
f 1442//479 1282//479 1283//479 1343//479 
f 1441//303 1442//303 1343//303 1338//303 
f 1276//304 1441//304 1338//304 1333//304 
f 1246//305 1276//305 1333//305 1247//305 
f 1398//480 1284//480 1285//480 1437//480 
f 1400//481 1398//481 1437//481 1432//481 
f 1402//308 1400//308 1432//308 1427//308 
f 1261//309 1402//309 1427//309 1262//309 
f 1304//482 1286//482 1274//482 1417//482 
f 1306//311 1304//311 1417//311 1418//311 
f 1308//312 1306//312 1418//312 1419//312 
f 1256//313 1308//313 1419//313 1253//313 
f 1371//358 1287//358 1288//358 1331//358 
f 1370//315 1371//315 1331//315 1329//315 
f 1270//456 1370//456 1329//456 1326//456 
f 1257//317 1270//317 1326//317 1258//317 
f 1465//483 1289//483 1290//483 1366//483 
f 1464//484 1465//484 1366//484 1361//484 
f 1278//485 1464//485 1361//485 1356//485 
f 1250//486 1278//486 1356//486 1251//486 
f 1422//322 1291//322 1292//322 1460//322 
f 1424//323 1422//323 1460//323 1455//323 
f 1426//324 1424//324 1455//324 1450//324 
f 1262//457 1426//457 1450//457 1263//457 
f 1383//458 1293//458 1294//458 1354//458 
f 1388//327 1383//327 1354//327 1352//327 
f 1392//459 1388//459 1352//459 1349//459 
f 1260//329 1392//329 1349//329 1257//329 
f 1488//487 1295//487 1296//487 1377//487 
f 1487//488 1488//488 1377//488 1375//488 
f 1280//489 1487//489 1375//489 1372//489 
f 1254//490 1280//490 1372//490 1255//490 
f 1445//334 1297//334 1298//334 1483//334 
f 1447//460 1445//460 1483//460 1478//460 
f 1449//336 1447//336 1478//336 1473//336 
f 1263//337 1449//337 1473//337 1264//337 
f 1313//338 1299//338 1272//338 1393//338 
f 1318//339 1313//339 1393//339 1394//339 
f 1322//340 1318//340 1394//340 1395//340 
f 1259//341 1322//341 1395//341 1260//341 
f 1468//461 1300//461 1301//461 1413//461 
f 1470//491 1468//491 1413//491 1408//491 
f 1472//344 1470//344 1408//344 1403//344 
f 1264//492 1472//492 1403//492 1261//492 
# 1356 polygons - 240 triangles

#
# object Line011
#

v  -10005.6963 919.1846 -241.2613
v  -10005.4736 916.4350 -241.0348
v  -9931.1006 916.4350 -313.9614
v  -9931.3232 919.1846 -314.1879
v  -10006.3281 921.7097 -241.9064
v  -9931.9551 921.7097 -314.8330
v  -10007.3213 923.9379 -242.9185
v  -9932.9482 923.9379 -315.8451
v  -10008.6221 925.7969 -244.2458
v  -9934.2490 925.7969 -317.1724
v  -10010.1826 927.2143 -245.8368
v  -9935.8096 927.2143 -318.7634
v  -10011.9502 928.1177 -247.6398
v  -9937.5771 928.1177 -320.5663
v  -10013.8750 928.4350 -249.6030
v  -9939.5020 928.4350 -322.5296
v  -10015.8008 928.1177 -251.5663
v  -9941.4277 928.1177 -324.4929
v  -10017.5684 927.2143 -253.3692
v  -9943.1953 927.2143 -326.2958
v  -10019.1279 925.7969 -254.9602
v  -9944.7549 925.7969 -327.8867
v  -10020.4297 923.9379 -256.2875
v  -9946.0566 923.9379 -329.2141
v  -10021.4219 921.7097 -257.2996
v  -9947.0488 921.7097 -330.2261
v  -10022.0547 919.1846 -257.9447
v  -9947.6816 919.1846 -330.8712
v  -10022.2773 916.4350 -258.1712
v  -9947.9043 916.4350 -331.0978
v  -10022.0547 913.6854 -257.9447
v  -9947.6816 913.6854 -330.8712
v  -10021.4219 911.1603 -257.2996
v  -9947.0488 911.1603 -330.2261
v  -10020.4297 908.9321 -256.2875
v  -9946.0566 908.9321 -329.2141
v  -10019.1279 907.0732 -254.9602
v  -9944.7549 907.0732 -327.8867
v  -10017.5684 905.6558 -253.3692
v  -9943.1953 905.6558 -326.2958
v  -10015.8008 904.7523 -251.5663
v  -9941.4277 904.7523 -324.4928
v  -10013.8750 904.4350 -249.6030
v  -9939.5020 904.4350 -322.5296
v  -10011.9502 904.7523 -247.6398
v  -9937.5771 904.7523 -320.5663
v  -10010.1826 905.6558 -245.8368
v  -9935.8096 905.6558 -318.7634
v  -10008.6221 907.0732 -244.2458
v  -9934.2490 907.0732 -317.1724
v  -10007.3213 908.9321 -242.9185
v  -9932.9482 908.9321 -315.8451
v  -10006.3281 911.1603 -241.9064
v  -9931.9551 911.1603 -314.8330
v  -10005.6963 913.6854 -241.2613
v  -9931.3232 913.6854 -314.1879
v  -10015.0586 919.1846 -844.4983
v  -10015.0586 916.4350 -844.1810
v  -9954.4043 916.4350 -844.1814
v  -9954.4043 919.1846 -844.4987
v  -10015.0586 921.7097 -845.4018
v  -9954.4043 921.7097 -845.4022
v  -10015.0586 923.9379 -846.8192
v  -9954.4043 923.9379 -846.8195
v  -10015.0586 925.7969 -848.6782
v  -9954.4043 925.7969 -848.6785
v  -10015.0586 927.2143 -850.9064
v  -9954.4043 927.2143 -850.9067
v  -10015.0586 928.1177 -853.4315
v  -9954.4043 928.1177 -853.4318
v  -10015.0586 928.4350 -856.1810
v  -9954.4043 928.4350 -856.1814
v  -10015.0586 928.1177 -858.9307
v  -9954.4043 928.1177 -858.9310
v  -10015.0586 927.2143 -861.4557
v  -9954.4043 927.2143 -861.4561
v  -10015.0586 925.7969 -863.6839
v  -9954.4043 925.7969 -863.6843
v  -10015.0586 923.9379 -865.5429
v  -9954.4043 923.9379 -865.5433
v  -10015.0586 921.7097 -866.9603
v  -9954.4043 921.7097 -866.9606
v  -10015.0586 919.1846 -867.8638
v  -9954.4043 919.1846 -867.8641
v  -10015.0586 916.4350 -868.1810
v  -9954.4043 916.4350 -868.1814
v  -10015.0586 913.6854 -867.8638
v  -9954.4043 913.6854 -867.8641
v  -10015.0586 911.1603 -866.9603
v  -9954.4043 911.1603 -866.9606
v  -10015.0586 908.9321 -865.5429
v  -9954.4043 908.9321 -865.5433
v  -10015.0586 907.0732 -863.6839
v  -9954.4043 907.0732 -863.6843
v  -10015.0586 905.6558 -861.4557
v  -9954.4043 905.6558 -861.4561
v  -10015.0586 904.7523 -858.9307
v  -9954.4043 904.7523 -858.9310
v  -10015.0586 904.4350 -856.1810
v  -9954.4043 904.4350 -856.1814
v  -10015.0586 904.7523 -853.4314
v  -9954.4043 904.7523 -853.4318
v  -10015.0586 905.6558 -850.9064
v  -9954.4043 905.6558 -850.9067
v  -10015.0586 907.0732 -848.6782
v  -9954.4043 907.0732 -848.6785
v  -10015.0586 908.9321 -846.8192
v  -9954.4043 908.9321 -846.8195
v  -10015.0586 911.1603 -845.4018
v  -9954.4043 911.1603 -845.4022
v  -10015.0586 913.6854 -844.4983
v  -9954.4043 913.6854 -844.4987
v  -8525.0791 919.1846 -260.3581
v  -8524.8564 916.4350 -260.5846
v  -8599.2295 916.4350 -333.5111
v  -8599.4521 919.1846 -333.2846
v  -8525.7109 921.7097 -259.7130
v  -8600.0840 921.7097 -332.6395
v  -8526.7041 923.9379 -258.7009
v  -8601.0771 923.9379 -331.6275
v  -8528.0049 925.7969 -257.3736
v  -8602.3779 925.7969 -330.3001
v  -8529.5654 927.2143 -255.7826
v  -8603.9385 927.2143 -328.7092
v  -8531.3330 928.1177 -253.9797
v  -8605.7061 928.1177 -326.9062
v  -8533.2578 928.4350 -252.0164
v  -8607.6309 928.4350 -324.9430
v  -8535.1836 928.1177 -250.0531
v  -8609.5566 928.1177 -322.9797
v  -8536.9512 927.2143 -248.2502
v  -8611.3242 927.2143 -321.1768
v  -8538.5117 925.7969 -246.6592
v  -8612.8848 925.7969 -319.5858
v  -8539.8125 923.9379 -245.3319
v  -8614.1855 923.9379 -318.2585
v  -8540.8047 921.7097 -244.3198
v  -8615.1777 921.7097 -317.2464
v  -8541.4375 919.1846 -243.6747
v  -8615.8105 919.1846 -316.6013
v  -8541.6602 916.4350 -243.4482
v  -8616.0332 916.4350 -316.3748
v  -8541.4375 913.6854 -243.6747
v  -8615.8105 913.6854 -316.6013
v  -8540.8047 911.1603 -244.3198
v  -8615.1777 911.1603 -317.2464
v  -8539.8125 908.9321 -245.3319
v  -8614.1855 908.9321 -318.2585
v  -8538.5107 907.0732 -246.6592
v  -8612.8838 907.0732 -319.5858
v  -8536.9512 905.6558 -248.2502
v  -8611.3242 905.6558 -321.1768
v  -8535.1836 904.7523 -250.0531
v  -8609.5566 904.7523 -322.9797
v  -8533.2578 904.4350 -252.0164
v  -8607.6309 904.4350 -324.9430
v  -8531.3330 904.7523 -253.9797
v  -8605.7061 904.7523 -326.9062
v  -8529.5654 905.6558 -255.7826
v  -8603.9385 905.6558 -328.7092
v  -8528.0049 907.0732 -257.3736
v  -8602.3779 907.0732 -330.3001
v  -8526.7041 908.9321 -258.7009
v  -8601.0771 908.9321 -331.6275
v  -8525.7109 911.1603 -259.7130
v  -8600.0840 911.1603 -332.6395
v  -8525.0791 913.6854 -260.3581
v  -8599.4521 913.6854 -333.2846
v  -8548.1602 919.1846 -871.2438
v  -8548.1602 916.4350 -871.5610
v  -8608.8145 916.4350 -871.5614
v  -8608.8145 919.1846 -871.2441
v  -8548.1602 921.7097 -870.3403
v  -8608.8145 921.7097 -870.3406
v  -8548.1602 923.9379 -868.9229
v  -8608.8145 923.9379 -868.9233
v  -8548.1602 925.7969 -867.0639
v  -8608.8145 925.7969 -867.0643
v  -8548.1602 927.2143 -864.8357
v  -8608.8145 927.2143 -864.8361
v  -8548.1602 928.1177 -862.3106
v  -8608.8145 928.1177 -862.3110
v  -8548.1602 928.4350 -859.5610
v  -8608.8145 928.4350 -859.5614
v  -8548.1602 928.1177 -856.8114
v  -8608.8145 928.1177 -856.8118
v  -8548.1602 927.2143 -854.2864
v  -8608.8145 927.2143 -854.2867
v  -8548.1602 925.7969 -852.0582
v  -8608.8145 925.7969 -852.0585
v  -8548.1602 923.9379 -850.1992
v  -8608.8145 923.9379 -850.1995
v  -8548.1602 921.7097 -848.7818
v  -8608.8145 921.7097 -848.7822
v  -8548.1602 919.1846 -847.8783
v  -8608.8145 919.1846 -847.8787
v  -8548.1602 916.4350 -847.5610
v  -8608.8145 916.4350 -847.5614
v  -8548.1602 913.6854 -847.8783
v  -8608.8145 913.6854 -847.8787
v  -8548.1602 911.1603 -848.7818
v  -8608.8145 911.1603 -848.7822
v  -8548.1602 908.9321 -850.1992
v  -8608.8145 908.9321 -850.1995
v  -8548.1602 907.0732 -852.0582
v  -8608.8145 907.0732 -852.0585
v  -8548.1602 905.6558 -854.2864
v  -8608.8145 905.6558 -854.2867
v  -8548.1602 904.7523 -856.8114
v  -8608.8145 904.7523 -856.8118
v  -8548.1602 904.4350 -859.5610
v  -8608.8145 904.4350 -859.5614
v  -8548.1602 904.7523 -862.3107
v  -8608.8145 904.7523 -862.3110
v  -8548.1602 905.6558 -864.8357
v  -8608.8145 905.6558 -864.8361
v  -8548.1602 907.0732 -867.0639
v  -8608.8145 907.0732 -867.0643
v  -8548.1602 908.9321 -868.9229
v  -8608.8145 908.9321 -868.9233
v  -8548.1602 911.1603 -870.3403
v  -8608.8145 911.1603 -870.3406
v  -8548.1602 913.6854 -871.2438
v  -8608.8145 913.6854 -871.2441
# 224 vertices

vn 0.6818 0.2272 0.6953
vn 0.7001 -0.0000 0.7140
vn 0.6289 0.4395 0.6413
vn 0.5462 0.6257 0.5570
vn 0.4380 0.7801 0.4467
vn 0.3077 0.8982 0.3138
vn 0.1591 0.9738 0.1623
vn -0.0000 1.0000 -0.0000
vn -0.1591 0.9738 -0.1623
vn -0.3077 0.8982 -0.3138
vn -0.4380 0.7801 -0.4467
vn -0.5462 0.6257 -0.5570
vn -0.6289 0.4395 -0.6413
vn -0.6818 0.2272 -0.6953
vn -0.7001 -0.0000 -0.7140
vn -0.7001 0.0000 -0.7140
vn -0.6818 -0.2272 -0.6953
vn -0.6289 -0.4395 -0.6413
vn -0.5462 -0.6257 -0.5570
vn -0.4380 -0.7801 -0.4467
vn -0.3077 -0.8982 -0.3138
vn -0.1591 -0.9738 -0.1623
vn -0.0000 -1.0000 -0.0000
vn 0.1591 -0.9738 0.1623
vn 0.3077 -0.8982 0.3138
vn 0.4380 -0.7801 0.4467
vn 0.5462 -0.6257 0.5570
vn 0.6289 -0.4395 0.6413
vn 0.6818 -0.2272 0.6953
vn 0.7140 0.0000 -0.7001
vn 0.7140 -0.0000 -0.7001
vn -0.7140 0.0000 0.7001
vn -0.7140 -0.0000 0.7001
vn 0.0000 0.2272 0.9738
vn 0.0000 -0.0000 1.0000
vn 0.0000 0.4395 0.8982
vn 0.0000 0.6257 0.7801
vn 0.0000 0.7801 0.6257
vn 0.0000 0.8982 0.4395
vn 0.0000 0.9738 0.2272
vn 0.0000 1.0000 0.0000
vn -0.0000 0.9738 -0.2272
vn -0.0000 0.8982 -0.4395
vn -0.0000 0.7801 -0.6257
vn -0.0000 0.6257 -0.7801
vn -0.0000 0.4395 -0.8982
vn -0.0000 0.2272 -0.9738
vn -0.0000 -0.0000 -1.0000
vn -0.0000 -0.2272 -0.9738
vn -0.0000 -0.4395 -0.8982
vn -0.0000 -0.6257 -0.7801
vn -0.0000 -0.7801 -0.6257
vn -0.0000 -0.8982 -0.4395
vn -0.0000 -0.9738 -0.2272
vn 0.0000 -0.9738 0.2272
vn 0.0000 -0.8982 0.4395
vn 0.0000 -0.7801 0.6257
vn 0.0000 -0.6257 0.7801
vn 0.0000 -0.4395 0.8982
vn 0.0000 -0.2272 0.9738
vn 1.0000 -0.0000 -0.0000
vn 1.0000 0.0000 -0.0000
vn -1.0000 0.0000 0.0000
vn -1.0000 -0.0000 0.0000
vn 0.6818 0.2272 -0.6953
vn 0.7001 -0.0000 -0.7140
vn 0.6289 0.4395 -0.6413
vn 0.5462 0.6257 -0.5570
vn 0.4380 0.7801 -0.4467
vn 0.3077 0.8982 -0.3138
vn 0.1591 0.9738 -0.1623
vn -0.0000 1.0000 0.0000
vn 0.0000 1.0000 -0.0000
vn -0.1591 0.9738 0.1623
vn -0.3077 0.8982 0.3138
vn -0.4380 0.7801 0.4467
vn -0.5462 0.6257 0.5570
vn -0.6289 0.4395 0.6413
vn -0.6818 0.2272 0.6953
vn -0.7001 -0.0000 0.7140
vn -0.7001 0.0000 0.7140
vn -0.6818 -0.2272 0.6953
vn -0.6289 -0.4395 0.6413
vn -0.5462 -0.6257 0.5570
vn -0.4380 -0.7801 0.4467
vn -0.3077 -0.8982 0.3138
vn -0.1591 -0.9738 0.1623
vn -0.0000 -1.0000 0.0000
vn 0.0000 -1.0000 -0.0000
vn 0.1591 -0.9738 -0.1623
vn 0.3077 -0.8982 -0.3138
vn 0.4380 -0.7801 -0.4467
vn 0.5462 -0.6257 -0.5570
vn 0.6289 -0.4395 -0.6413
vn 0.6818 -0.2272 -0.6953
vn -0.7140 0.0000 -0.7001
vn -0.7140 0.0000 -0.7002
vn -0.7140 -0.0000 -0.7001
vn -0.7139 0.0000 -0.7002
vn 0.7140 0.0000 0.7001
vn 0.7139 0.0000 0.7002
vn 0.7140 -0.0000 0.7002
vn 0.7140 -0.0000 0.7001
vn 0.0000 0.2272 -0.9738
vn 0.0000 -0.0000 -1.0000
vn 0.0000 0.4395 -0.8982
vn 0.0000 0.6257 -0.7801
vn 0.0000 0.7801 -0.6257
vn 0.0000 0.8982 -0.4395
vn 0.0000 0.9738 -0.2272
vn -0.0000 0.9738 0.2272
vn -0.0000 0.8982 0.4395
vn -0.0000 0.7801 0.6257
vn -0.0000 0.6257 0.7801
vn -0.0000 0.4395 0.8982
vn -0.0000 0.2272 0.9738
vn -0.0000 -0.0000 1.0000
vn -0.0000 -0.2272 0.9738
vn -0.0000 -0.4395 0.8982
vn -0.0000 -0.6257 0.7801
vn -0.0000 -0.7801 0.6257
vn -0.0000 -0.8982 0.4395
vn -0.0000 -0.9738 0.2272
vn 0.0000 -0.9738 -0.2272
vn 0.0000 -0.8982 -0.4395
vn 0.0000 -0.7801 -0.6257
vn 0.0000 -0.6257 -0.7801
vn 0.0000 -0.4395 -0.8982
vn 0.0000 -0.2272 -0.9738
vn -1.0000 -0.0000 -0.0000
vn -1.0000 0.0000 -0.0000
vn -1.0000 0.0000 -0.0001
vn 1.0000 0.0000 0.0000
vn 1.0000 0.0000 0.0001
vn 1.0000 -0.0000 0.0000
# 135 vertex normals

g Line011
usemtl wire_028028177
s 1
f 1489//493 1490//494 1491//494 1492//493 
s 3
f 1493//495 1489//493 1492//493 1494//495 
s 2
f 1495//496 1493//495 1494//495 1496//496 
f 1497//497 1495//496 1496//496 1498//497 
f 1499//498 1497//497 1498//497 1500//498 
f 1501//499 1499//498 1500//498 1502//499 
f 1503//500 1501//499 1502//499 1504//500 
f 1505//501 1503//500 1504//500 1506//501 
f 1507//502 1505//501 1506//501 1508//502 
f 1509//503 1507//502 1508//502 1510//503 
f 1511//504 1509//503 1510//503 1512//504 
f 1513//505 1511//504 1512//504 1514//505 
f 1515//506 1513//505 1514//505 1516//506 
f 1517//507 1515//506 1516//506 1518//508 
f 1519//509 1517//507 1518//508 1520//509 
f 1521//510 1519//509 1520//509 1522//510 
f 1523//511 1521//510 1522//510 1524//511 
f 1525//512 1523//511 1524//511 1526//512 
f 1527//513 1525//512 1526//512 1528//513 
f 1529//514 1527//513 1528//513 1530//514 
f 1531//515 1529//514 1530//514 1532//515 
f 1533//516 1531//515 1532//515 1534//516 
f 1535//517 1533//516 1534//516 1536//517 
f 1537//518 1535//517 1536//517 1538//518 
f 1539//519 1537//518 1538//518 1540//519 
f 1541//520 1539//519 1540//519 1542//520 
f 1543//521 1541//520 1542//520 1544//521 
s 3
f 1490//494 1543//521 1544//521 1491//494 
s 2147483648
f 1496//522 1494//522 1492//522 1491//523 
f 1496//522 1491//523 1544//523 1542//523 
f 1496//522 1542//523 1540//522 1538//523 
f 1496//522 1538//523 1536//523 1534//523 
f 1496//522 1534//523 1532//523 1530//522 
f 1496//522 1530//522 1528//522 1526//523 
f 1498//523 1496//522 1526//523 1500//523 
f 1502//522 1500//523 1526//523 1504//523 
f 1506//523 1504//523 1526//523 1508//523 
f 1510//523 1508//523 1526//523 1524//523 
f 1512//522 1510//523 1524//523 1514//522 
f 1514//522 1524//523 1522//522 1520//522 
f 1516//522 1514//522 1520//522 1518//522 
f 1515//524 1517//524 1519//524 1513//524 
f 1489//525 1493//525 1495//525 1490//524 
f 1543//524 1490//524 1495//525 1541//524 
f 1539//524 1541//524 1495//525 1537//524 
f 1535//524 1537//524 1495//525 1533//524 
f 1531//525 1533//524 1495//525 1529//524 
f 1527//524 1529//524 1495//525 1525//524 
f 1525//524 1495//525 1497//524 1499//524 
f 1525//524 1499//524 1501//525 1503//525 
f 1525//524 1503//525 1505//524 1507//524 
f 1525//524 1507//524 1509//525 1523//524 
f 1523//524 1509//525 1511//524 1513//524 
f 1521//524 1523//524 1513//524 1519//524 
s 1
f 1545//526 1546//527 1547//527 1548//526 
s 3
f 1549//528 1545//526 1548//526 1550//528 
s 2
f 1551//529 1549//528 1550//528 1552//529 
f 1553//530 1551//529 1552//529 1554//530 
f 1555//531 1553//530 1554//530 1556//531 
f 1557//532 1555//531 1556//531 1558//532 
f 1559//533 1557//532 1558//532 1560//533 
f 1561//534 1559//533 1560//533 1562//534 
f 1563//535 1561//534 1562//534 1564//535 
f 1565//536 1563//535 1564//535 1566//536 
f 1567//537 1565//536 1566//536 1568//537 
f 1569//538 1567//537 1568//537 1570//538 
f 1571//539 1569//538 1570//538 1572//539 
f 1573//540 1571//539 1572//539 1574//540 
f 1575//541 1573//540 1574//540 1576//541 
f 1577//542 1575//541 1576//541 1578//542 
f 1579//543 1577//542 1578//542 1580//543 
f 1581//544 1579//543 1580//543 1582//544 
f 1583//545 1581//544 1582//544 1584//545 
f 1585//546 1583//545 1584//545 1586//546 
f 1587//515 1585//546 1586//546 1588//515 
f 1589//547 1587//515 1588//515 1590//547 
f 1591//548 1589//547 1590//547 1592//548 
f 1593//549 1591//548 1592//548 1594//549 
f 1595//550 1593//549 1594//549 1596//550 
f 1597//551 1595//550 1596//550 1598//551 
f 1599//552 1597//551 1598//551 1600//552 
s 3
f 1546//527 1599//552 1600//552 1547//527 
s 2147483648
f 1552//553 1550//553 1548//554 1547//553 
f 1552//553 1547//553 1600//553 1598//553 
f 1552//553 1598//553 1596//553 1594//553 
f 1552//553 1594//553 1592//553 1590//553 
f 1552//553 1590//553 1588//553 1586//553 
f 1552//553 1586//553 1584//553 1582//553 
f 1554//554 1552//553 1582//553 1556//553 
f 1558//553 1556//553 1582//553 1560//553 
f 1562//553 1560//553 1582//553 1564//553 
f 1566//553 1564//553 1582//553 1580//553 
f 1568//553 1566//553 1580//553 1570//553 
f 1570//553 1580//553 1578//553 1576//553 
f 1572//554 1570//553 1576//553 1574//554 
f 1571//555 1573//555 1575//555 1569//555 
f 1545//555 1549//556 1551//556 1546//556 
f 1599//555 1546//556 1551//556 1597//555 
f 1595//555 1597//555 1551//556 1593//555 
f 1591//556 1593//555 1551//556 1589//556 
f 1587//555 1589//556 1551//556 1585//555 
f 1583//556 1585//555 1551//556 1581//556 
f 1581//556 1551//556 1553//555 1555//555 
f 1581//556 1555//555 1557//555 1559//555 
f 1581//556 1559//555 1561//556 1563//555 
f 1581//556 1563//555 1565//555 1579//555 
f 1579//555 1565//555 1567//555 1569//555 
f 1577//555 1579//555 1569//555 1575//555 
s 1
f 1601//557 1602//558 1603//558 1604//557 
s 3
f 1605//559 1601//557 1604//557 1606//559 
s 2
f 1607//560 1605//559 1606//559 1608//560 
f 1609//561 1607//560 1608//560 1610//561 
f 1611//562 1609//561 1610//561 1612//562 
f 1613//563 1611//562 1612//562 1614//563 
f 1615//564 1613//563 1614//563 1616//565 
f 1617//566 1615//564 1616//565 1618//566 
f 1619//567 1617//566 1618//566 1620//567 
f 1621//568 1619//567 1620//567 1622//568 
f 1623//569 1621//568 1622//568 1624//569 
f 1625//570 1623//569 1624//569 1626//570 
f 1627//571 1625//570 1626//570 1628//571 
f 1629//572 1627//571 1628//571 1630//573 
f 1631//574 1629//572 1630//573 1632//574 
f 1633//575 1631//574 1632//574 1634//575 
f 1635//576 1633//575 1634//575 1636//576 
f 1637//577 1635//576 1636//576 1638//577 
f 1639//578 1637//577 1638//577 1640//578 
f 1641//579 1639//578 1640//578 1642//579 
f 1643//580 1641//579 1642//579 1644//581 
f 1645//582 1643//580 1644//581 1646//582 
f 1647//583 1645//582 1646//582 1648//583 
f 1649//584 1647//583 1648//583 1650//584 
f 1651//585 1649//584 1650//584 1652//585 
f 1653//586 1651//585 1652//585 1654//586 
f 1655//587 1653//586 1654//586 1656//587 
s 3
f 1602//558 1655//587 1656//587 1603//558 
s 2147483648
f 1608//588 1606//589 1604//589 1603//590 
f 1608//588 1603//590 1656//590 1654//590 
f 1608//588 1654//590 1652//588 1650//588 
f 1608//588 1650//588 1648//590 1646//590 
f 1608//588 1646//590 1644//588 1642//590 
f 1608//588 1642//590 1640//588 1638//588 
f 1610//588 1608//588 1638//588 1612//588 
f 1614//590 1612//588 1638//588 1616//588 
f 1618//590 1616//588 1638//588 1620//590 
f 1622//590 1620//590 1638//588 1636//590 
f 1624//588 1622//590 1636//590 1626//588 
f 1626//588 1636//590 1634//588 1632//588 
f 1628//588 1626//588 1632//588 1630//591 
f 1627//592 1629//593 1631//592 1625//592 
f 1601//594 1605//594 1607//595 1602//592 
f 1655//592 1602//592 1607//595 1653//592 
f 1651//592 1653//592 1607//595 1649//595 
f 1647//592 1649//595 1607//595 1645//592 
f 1643//595 1645//592 1607//595 1641//592 
f 1639//595 1641//592 1607//595 1637//595 
f 1637//595 1607//595 1609//595 1611//595 
f 1637//595 1611//595 1613//592 1615//595 
f 1637//595 1615//595 1617//592 1619//592 
f 1637//595 1619//592 1621//592 1635//592 
f 1635//592 1621//592 1623//592 1625//592 
f 1633//592 1635//592 1625//592 1631//592 
s 1
f 1657//596 1658//597 1659//597 1660//596 
s 3
f 1661//598 1657//596 1660//596 1662//598 
s 2
f 1663//599 1661//598 1662//598 1664//599 
f 1665//600 1663//599 1664//599 1666//600 
f 1667//601 1665//600 1666//600 1668//601 
f 1669//602 1667//601 1668//601 1670//602 
f 1671//565 1669//602 1670//602 1672//565 
f 1673//603 1671//565 1672//565 1674//603 
f 1675//604 1673//603 1674//603 1676//604 
f 1677//605 1675//604 1676//604 1678//605 
f 1679//606 1677//605 1678//605 1680//606 
f 1681//607 1679//606 1680//606 1682//607 
f 1683//608 1681//607 1682//607 1684//608 
f 1685//609 1683//608 1684//608 1686//609 
f 1687//610 1685//609 1686//609 1688//610 
f 1689//611 1687//610 1688//610 1690//611 
f 1691//612 1689//611 1690//611 1692//612 
f 1693//613 1691//612 1692//612 1694//613 
f 1695//614 1693//613 1694//613 1696//614 
f 1697//615 1695//614 1696//614 1698//615 
f 1699//580 1697//615 1698//615 1700//581 
f 1701//616 1699//580 1700//581 1702//616 
f 1703//617 1701//616 1702//616 1704//617 
f 1705//618 1703//617 1704//617 1706//618 
f 1707//619 1705//618 1706//618 1708//619 
f 1709//620 1707//619 1708//619 1710//620 
f 1711//621 1709//620 1710//620 1712//621 
s 3
f 1658//597 1711//621 1712//621 1659//597 
s 2147483648
f 1664//622 1662//623 1660//623 1659//623 
f 1664//622 1659//623 1712//623 1710//623 
f 1664//622 1710//623 1708//624 1706//623 
f 1664//622 1706//623 1704//555 1702//555 
f 1664//622 1702//555 1700//623 1698//623 
f 1664//622 1698//623 1696//623 1694//623 
f 1666//622 1664//622 1694//623 1668//623 
f 1670//623 1668//623 1694//623 1672//623 
f 1674//623 1672//623 1694//623 1676//623 
f 1678//623 1676//623 1694//623 1692//623 
f 1680//623 1678//623 1692//623 1682//623 
f 1682//623 1692//623 1690//623 1688//623 
f 1684//623 1682//623 1688//623 1686//623 
f 1683//554 1685//554 1687//554 1681//554 
f 1657//554 1661//554 1663//625 1658//554 
f 1711//554 1658//554 1663//625 1709//554 
f 1707//626 1709//554 1663//625 1705//627 
f 1703//553 1705//627 1663//625 1701//553 
f 1699//627 1701//553 1663//625 1697//627 
f 1695//627 1697//627 1663//625 1693//627 
f 1693//627 1663//625 1665//625 1667//554 
f 1693//627 1667//554 1669//554 1671//554 
f 1693//627 1671//554 1673//554 1675//554 
f 1693//627 1675//554 1677//554 1691//554 
f 1691//554 1677//554 1679//554 1681//554 
f 1689//554 1691//554 1681//554 1687//554 
# 216 polygons

#
# object Line010
#

v  -10005.6963 643.5399 -241.2613
v  -10005.4736 640.7902 -241.0348
v  -9931.1006 640.7902 -313.9614
v  -9931.3232 643.5399 -314.1879
v  -10006.3281 646.0649 -241.9064
v  -9931.9551 646.0649 -314.8330
v  -10007.3213 648.2931 -242.9185
v  -9932.9482 648.2931 -315.8451
v  -10008.6221 650.1521 -244.2458
v  -9934.2490 650.1521 -317.1724
v  -10010.1826 651.5695 -245.8368
v  -9935.8096 651.5695 -318.7634
v  -10011.9502 652.4730 -247.6398
v  -9937.5771 652.4730 -320.5663
v  -10013.8750 652.7902 -249.6030
v  -9939.5020 652.7902 -322.5296
v  -10015.8008 652.4730 -251.5663
v  -9941.4277 652.4730 -324.4929
v  -10017.5684 651.5695 -253.3692
v  -9943.1953 651.5695 -326.2958
v  -10019.1279 650.1521 -254.9602
v  -9944.7549 650.1521 -327.8867
v  -10020.4297 648.2931 -256.2875
v  -9946.0566 648.2931 -329.2141
v  -10021.4219 646.0649 -257.2996
v  -9947.0488 646.0649 -330.2261
v  -10022.0547 643.5399 -257.9447
v  -9947.6816 643.5399 -330.8712
v  -10022.2773 640.7902 -258.1712
v  -9947.9043 640.7902 -331.0978
v  -10022.0547 638.0406 -257.9447
v  -9947.6816 638.0406 -330.8712
v  -10021.4219 635.5156 -257.2996
v  -9947.0488 635.5156 -330.2261
v  -10020.4297 633.2874 -256.2875
v  -9946.0566 633.2874 -329.2141
v  -10019.1279 631.4284 -254.9602
v  -9944.7549 631.4284 -327.8867
v  -10017.5684 630.0110 -253.3692
v  -9943.1953 630.0110 -326.2958
v  -10015.8008 629.1075 -251.5663
v  -9941.4277 629.1075 -324.4928
v  -10013.8750 628.7902 -249.6030
v  -9939.5020 628.7902 -322.5296
v  -10011.9502 629.1075 -247.6398
v  -9937.5771 629.1075 -320.5663
v  -10010.1826 630.0110 -245.8368
v  -9935.8096 630.0110 -318.7634
v  -10008.6221 631.4284 -244.2458
v  -9934.2490 631.4284 -317.1724
v  -10007.3213 633.2874 -242.9185
v  -9932.9482 633.2874 -315.8451
v  -10006.3281 635.5156 -241.9064
v  -9931.9551 635.5156 -314.8330
v  -10005.6963 638.0406 -241.2613
v  -9931.3232 638.0406 -314.1879
v  -10015.0586 643.5399 -844.4983
v  -10015.0586 640.7902 -844.1810
v  -9954.4043 640.7902 -844.1814
v  -9954.4043 643.5399 -844.4987
v  -10015.0586 646.0649 -845.4018
v  -9954.4043 646.0649 -845.4022
v  -10015.0586 648.2931 -846.8192
v  -9954.4043 648.2931 -846.8195
v  -10015.0586 650.1521 -848.6782
v  -9954.4043 650.1521 -848.6785
v  -10015.0586 651.5695 -850.9064
v  -9954.4043 651.5695 -850.9067
v  -10015.0586 652.4730 -853.4315
v  -9954.4043 652.4730 -853.4318
v  -10015.0586 652.7902 -856.1810
v  -9954.4043 652.7902 -856.1814
v  -10015.0586 652.4730 -858.9307
v  -9954.4043 652.4730 -858.9310
v  -10015.0586 651.5695 -861.4557
v  -9954.4043 651.5695 -861.4561
v  -10015.0586 650.1521 -863.6839
v  -9954.4043 650.1521 -863.6843
v  -10015.0586 648.2931 -865.5429
v  -9954.4043 648.2931 -865.5433
v  -10015.0586 646.0649 -866.9603
v  -9954.4043 646.0649 -866.9606
v  -10015.0586 643.5399 -867.8638
v  -9954.4043 643.5399 -867.8641
v  -10015.0586 640.7902 -868.1810
v  -9954.4043 640.7902 -868.1814
v  -10015.0586 638.0406 -867.8638
v  -9954.4043 638.0406 -867.8641
v  -10015.0586 635.5156 -866.9603
v  -9954.4043 635.5156 -866.9606
v  -10015.0586 633.2874 -865.5429
v  -9954.4043 633.2874 -865.5433
v  -10015.0586 631.4284 -863.6839
v  -9954.4043 631.4284 -863.6843
v  -10015.0586 630.0110 -861.4557
v  -9954.4043 630.0110 -861.4561
v  -10015.0586 629.1075 -858.9307
v  -9954.4043 629.1075 -858.9310
v  -10015.0586 628.7902 -856.1810
v  -9954.4043 628.7902 -856.1814
v  -10015.0586 629.1075 -853.4314
v  -9954.4043 629.1075 -853.4318
v  -10015.0586 630.0110 -850.9064
v  -9954.4043 630.0110 -850.9067
v  -10015.0586 631.4284 -848.6782
v  -9954.4043 631.4284 -848.6785
v  -10015.0586 633.2874 -846.8192
v  -9954.4043 633.2874 -846.8195
v  -10015.0586 635.5156 -845.4018
v  -9954.4043 635.5156 -845.4022
v  -10015.0586 638.0406 -844.4983
v  -9954.4043 638.0406 -844.4987
v  -8525.0791 643.5399 -260.3581
v  -8524.8564 640.7902 -260.5846
v  -8599.2295 640.7902 -333.5111
v  -8599.4521 643.5399 -333.2846
v  -8525.7109 646.0649 -259.7130
v  -8600.0840 646.0649 -332.6395
v  -8526.7041 648.2931 -258.7009
v  -8601.0771 648.2931 -331.6275
v  -8528.0049 650.1521 -257.3736
v  -8602.3779 650.1521 -330.3001
v  -8529.5654 651.5695 -255.7826
v  -8603.9385 651.5695 -328.7092
v  -8531.3330 652.4730 -253.9797
v  -8605.7061 652.4730 -326.9062
v  -8533.2578 652.7902 -252.0164
v  -8607.6309 652.7902 -324.9430
v  -8535.1836 652.4730 -250.0531
v  -8609.5566 652.4730 -322.9797
v  -8536.9512 651.5695 -248.2502
v  -8611.3242 651.5695 -321.1768
v  -8538.5117 650.1521 -246.6592
v  -8612.8848 650.1521 -319.5858
v  -8539.8125 648.2931 -245.3319
v  -8614.1855 648.2931 -318.2585
v  -8540.8047 646.0649 -244.3198
v  -8615.1777 646.0649 -317.2464
v  -8541.4375 643.5399 -243.6747
v  -8615.8105 643.5399 -316.6013
v  -8541.6602 640.7902 -243.4482
v  -8616.0332 640.7902 -316.3748
v  -8541.4375 638.0406 -243.6747
v  -8615.8105 638.0406 -316.6013
v  -8540.8047 635.5156 -244.3198
v  -8615.1777 635.5156 -317.2464
v  -8539.8125 633.2874 -245.3319
v  -8614.1855 633.2874 -318.2585
v  -8538.5107 631.4284 -246.6592
v  -8612.8838 631.4284 -319.5858
v  -8536.9512 630.0110 -248.2502
v  -8611.3242 630.0110 -321.1768
v  -8535.1836 629.1075 -250.0531
v  -8609.5566 629.1075 -322.9797
v  -8533.2578 628.7902 -252.0164
v  -8607.6309 628.7902 -324.9430
v  -8531.3330 629.1075 -253.9797
v  -8605.7061 629.1075 -326.9062
v  -8529.5654 630.0110 -255.7826
v  -8603.9385 630.0110 -328.7092
v  -8528.0049 631.4284 -257.3736
v  -8602.3779 631.4284 -330.3001
v  -8526.7041 633.2874 -258.7009
v  -8601.0771 633.2874 -331.6275
v  -8525.7109 635.5156 -259.7130
v  -8600.0840 635.5156 -332.6395
v  -8525.0791 638.0406 -260.3581
v  -8599.4521 638.0406 -333.2846
v  -8548.1602 643.5399 -871.2438
v  -8548.1602 640.7902 -871.5610
v  -8608.8145 640.7902 -871.5614
v  -8608.8145 643.5399 -871.2441
v  -8548.1602 646.0649 -870.3403
v  -8608.8145 646.0649 -870.3406
v  -8548.1602 648.2931 -868.9229
v  -8608.8145 648.2931 -868.9233
v  -8548.1602 650.1521 -867.0639
v  -8608.8145 650.1521 -867.0643
v  -8548.1602 651.5695 -864.8357
v  -8608.8145 651.5695 -864.8361
v  -8548.1602 652.4730 -862.3106
v  -8608.8145 652.4730 -862.3110
v  -8548.1602 652.7902 -859.5610
v  -8608.8145 652.7902 -859.5614
v  -8548.1602 652.4730 -856.8114
v  -8608.8145 652.4730 -856.8118
v  -8548.1602 651.5695 -854.2864
v  -8608.8145 651.5695 -854.2867
v  -8548.1602 650.1521 -852.0582
v  -8608.8145 650.1521 -852.0585
v  -8548.1602 648.2931 -850.1992
v  -8608.8145 648.2931 -850.1995
v  -8548.1602 646.0649 -848.7818
v  -8608.8145 646.0649 -848.7822
v  -8548.1602 643.5399 -847.8783
v  -8608.8145 643.5399 -847.8787
v  -8548.1602 640.7902 -847.5610
v  -8608.8145 640.7902 -847.5614
v  -8548.1602 638.0406 -847.8783
v  -8608.8145 638.0406 -847.8787
v  -8548.1602 635.5156 -848.7818
v  -8608.8145 635.5156 -848.7822
v  -8548.1602 633.2874 -850.1992
v  -8608.8145 633.2874 -850.1995
v  -8548.1602 631.4284 -852.0582
v  -8608.8145 631.4284 -852.0585
v  -8548.1602 630.0110 -854.2864
v  -8608.8145 630.0110 -854.2867
v  -8548.1602 629.1075 -856.8114
v  -8608.8145 629.1075 -856.8118
v  -8548.1602 628.7902 -859.5610
v  -8608.8145 628.7902 -859.5614
v  -8548.1602 629.1075 -862.3107
v  -8608.8145 629.1075 -862.3110
v  -8548.1602 630.0110 -864.8357
v  -8608.8145 630.0110 -864.8361
v  -8548.1602 631.4284 -867.0639
v  -8608.8145 631.4284 -867.0643
v  -8548.1602 633.2874 -868.9229
v  -8608.8145 633.2874 -868.9233
v  -8548.1602 635.5156 -870.3403
v  -8608.8145 635.5156 -870.3406
v  -8548.1602 638.0406 -871.2438
v  -8608.8145 638.0406 -871.2441
# 224 vertices

vn 0.6818 0.2272 0.6953
vn 0.7001 -0.0000 0.7140
vn 0.6289 0.4395 0.6413
vn 0.5462 0.6257 0.5570
vn 0.4380 0.7801 0.4467
vn 0.3077 0.8982 0.3138
vn 0.1591 0.9738 0.1623
vn -0.0000 1.0000 -0.0000
vn -0.1591 0.9738 -0.1623
vn -0.3077 0.8982 -0.3138
vn -0.4380 0.7801 -0.4467
vn -0.5462 0.6257 -0.5570
vn -0.6289 0.4395 -0.6413
vn -0.6818 0.2272 -0.6953
vn -0.7001 -0.0000 -0.7140
vn -0.7001 0.0000 -0.7140
vn -0.6818 -0.2272 -0.6953
vn -0.6289 -0.4395 -0.6413
vn -0.5462 -0.6257 -0.5570
vn -0.4380 -0.7801 -0.4467
vn -0.3077 -0.8982 -0.3138
vn -0.1591 -0.9738 -0.1623
vn -0.0000 -1.0000 -0.0000
vn 0.1591 -0.9738 0.1623
vn 0.3077 -0.8982 0.3138
vn 0.4380 -0.7801 0.4467
vn 0.5462 -0.6257 0.5570
vn 0.6289 -0.4395 0.6413
vn 0.6818 -0.2272 0.6953
vn 0.7140 0.0000 -0.7001
vn 0.7140 -0.0000 -0.7001
vn -0.7140 0.0000 0.7001
vn -0.7140 -0.0000 0.7001
vn 0.0000 0.2272 0.9738
vn 0.0000 -0.0000 1.0000
vn 0.0000 0.4395 0.8982
vn 0.0000 0.6257 0.7801
vn 0.0000 0.7801 0.6257
vn 0.0000 0.8982 0.4395
vn 0.0000 0.9738 0.2272
vn 0.0000 1.0000 0.0000
vn -0.0000 0.9738 -0.2272
vn -0.0000 0.8982 -0.4395
vn -0.0000 0.7801 -0.6257
vn -0.0000 0.6257 -0.7801
vn -0.0000 0.4395 -0.8982
vn -0.0000 0.2272 -0.9738
vn -0.0000 -0.0000 -1.0000
vn -0.0000 -0.2272 -0.9738
vn -0.0000 -0.4395 -0.8982
vn -0.0000 -0.6257 -0.7801
vn -0.0000 -0.7801 -0.6257
vn -0.0000 -0.8982 -0.4395
vn -0.0000 -0.9738 -0.2272
vn 0.0000 -0.9738 0.2272
vn 0.0000 -0.8982 0.4395
vn 0.0000 -0.7801 0.6257
vn 0.0000 -0.6257 0.7801
vn 0.0000 -0.4395 0.8982
vn 0.0000 -0.2272 0.9738
vn 1.0000 -0.0000 -0.0000
vn 1.0000 0.0000 -0.0000
vn -1.0000 0.0000 0.0000
vn -1.0000 -0.0000 0.0000
vn 0.6818 0.2272 -0.6953
vn 0.7001 -0.0000 -0.7140
vn 0.6289 0.4395 -0.6413
vn 0.5462 0.6257 -0.5570
vn 0.4380 0.7801 -0.4467
vn 0.3077 0.8982 -0.3138
vn 0.1591 0.9738 -0.1623
vn -0.0000 1.0000 0.0000
vn 0.0000 1.0000 -0.0000
vn -0.1591 0.9738 0.1623
vn -0.3077 0.8982 0.3138
vn -0.4380 0.7801 0.4467
vn -0.5462 0.6257 0.5570
vn -0.6289 0.4395 0.6413
vn -0.6818 0.2272 0.6953
vn -0.7001 -0.0000 0.7140
vn -0.7001 0.0000 0.7140
vn -0.6818 -0.2272 0.6953
vn -0.6289 -0.4395 0.6413
vn -0.5462 -0.6257 0.5570
vn -0.4380 -0.7801 0.4467
vn -0.3077 -0.8982 0.3138
vn -0.1591 -0.9738 0.1623
vn -0.0000 -1.0000 0.0000
vn 0.0000 -1.0000 -0.0000
vn 0.1591 -0.9738 -0.1623
vn 0.3077 -0.8982 -0.3138
vn 0.4380 -0.7801 -0.4467
vn 0.5462 -0.6257 -0.5570
vn 0.6289 -0.4395 -0.6413
vn 0.6818 -0.2272 -0.6953
vn -0.7140 0.0000 -0.7001
vn -0.7140 0.0000 -0.7002
vn -0.7140 -0.0000 -0.7001
vn -0.7139 0.0000 -0.7002
vn 0.7140 0.0000 0.7001
vn 0.7139 0.0000 0.7002
vn 0.7140 -0.0000 0.7002
vn 0.7140 -0.0000 0.7001
vn 0.0000 0.2272 -0.9738
vn 0.0000 -0.0000 -1.0000
vn 0.0000 0.4395 -0.8982
vn 0.0000 0.6257 -0.7801
vn 0.0000 0.7801 -0.6257
vn 0.0000 0.8982 -0.4395
vn 0.0000 0.9738 -0.2272
vn -0.0000 0.9738 0.2272
vn -0.0000 0.8982 0.4395
vn -0.0000 0.7801 0.6257
vn -0.0000 0.6257 0.7801
vn -0.0000 0.4395 0.8982
vn -0.0000 0.2272 0.9738
vn -0.0000 -0.0000 1.0000
vn -0.0000 -0.2272 0.9738
vn -0.0000 -0.4395 0.8982
vn -0.0000 -0.6257 0.7801
vn -0.0000 -0.7801 0.6257
vn -0.0000 -0.8982 0.4395
vn -0.0000 -0.9738 0.2272
vn 0.0000 -0.9738 -0.2272
vn 0.0000 -0.8982 -0.4395
vn 0.0000 -0.7801 -0.6257
vn 0.0000 -0.6257 -0.7801
vn 0.0000 -0.4395 -0.8982
vn 0.0000 -0.2272 -0.9738
vn -1.0000 -0.0000 -0.0000
vn -1.0000 0.0000 -0.0000
vn -1.0000 0.0000 -0.0001
vn 1.0000 0.0000 0.0000
vn 1.0000 0.0000 0.0001
vn 1.0000 -0.0000 0.0000
# 135 vertex normals

g Line010
usemtl wire_028028177
s 1
f 1713//628 1714//629 1715//629 1716//628 
s 3
f 1717//630 1713//628 1716//628 1718//630 
s 2
f 1719//631 1717//630 1718//630 1720//631 
f 1721//632 1719//631 1720//631 1722//632 
f 1723//633 1721//632 1722//632 1724//633 
f 1725//634 1723//633 1724//633 1726//634 
f 1727//635 1725//634 1726//634 1728//635 
f 1729//636 1727//635 1728//635 1730//636 
f 1731//637 1729//636 1730//636 1732//637 
f 1733//638 1731//637 1732//637 1734//638 
f 1735//639 1733//638 1734//638 1736//639 
f 1737//640 1735//639 1736//639 1738//640 
f 1739//641 1737//640 1738//640 1740//641 
f 1741//642 1739//641 1740//641 1742//643 
f 1743//644 1741//642 1742//643 1744//644 
f 1745//645 1743//644 1744//644 1746//645 
f 1747//646 1745//645 1746//645 1748//646 
f 1749//647 1747//646 1748//646 1750//647 
f 1751//648 1749//647 1750//647 1752//648 
f 1753//649 1751//648 1752//648 1754//649 
f 1755//650 1753//649 1754//649 1756//650 
f 1757//651 1755//650 1756//650 1758//651 
f 1759//652 1757//651 1758//651 1760//652 
f 1761//653 1759//652 1760//652 1762//653 
f 1763//654 1761//653 1762//653 1764//654 
f 1765//655 1763//654 1764//654 1766//655 
f 1767//656 1765//655 1766//655 1768//656 
s 3
f 1714//629 1767//656 1768//656 1715//629 
s 2147483648
f 1720//657 1718//657 1716//657 1715//658 
f 1720//657 1715//658 1768//658 1766//658 
f 1720//657 1766//658 1764//657 1762//658 
f 1720//657 1762//658 1760//658 1758//658 
f 1720//657 1758//658 1756//658 1754//657 
f 1720//657 1754//657 1752//657 1750//658 
f 1722//658 1720//657 1750//658 1724//658 
f 1726//657 1724//658 1750//658 1728//658 
f 1730//658 1728//658 1750//658 1732//658 
f 1734//658 1732//658 1750//658 1748//658 
f 1736//657 1734//658 1748//658 1738//657 
f 1738//657 1748//658 1746//657 1744//657 
f 1740//657 1738//657 1744//657 1742//657 
f 1739//659 1741//659 1743//659 1737//659 
f 1713//660 1717//660 1719//660 1714//659 
f 1767//659 1714//659 1719//660 1765//659 
f 1763//659 1765//659 1719//660 1761//659 
f 1759//659 1761//659 1719//660 1757//659 
f 1755//660 1757//659 1719//660 1753//659 
f 1751//659 1753//659 1719//660 1749//659 
f 1749//659 1719//660 1721//659 1723//659 
f 1749//659 1723//659 1725//660 1727//660 
f 1749//659 1727//660 1729//659 1731//659 
f 1749//659 1731//659 1733//660 1747//659 
f 1747//659 1733//660 1735//659 1737//659 
f 1745//659 1747//659 1737//659 1743//659 
s 1
f 1769//661 1770//662 1771//662 1772//661 
s 3
f 1773//663 1769//661 1772//661 1774//663 
s 2
f 1775//664 1773//663 1774//663 1776//664 
f 1777//665 1775//664 1776//664 1778//665 
f 1779//666 1777//665 1778//665 1780//666 
f 1781//667 1779//666 1780//666 1782//667 
f 1783//668 1781//667 1782//667 1784//668 
f 1785//669 1783//668 1784//668 1786//669 
f 1787//670 1785//669 1786//669 1788//670 
f 1789//671 1787//670 1788//670 1790//671 
f 1791//672 1789//671 1790//671 1792//672 
f 1793//673 1791//672 1792//672 1794//673 
f 1795//674 1793//673 1794//673 1796//674 
f 1797//675 1795//674 1796//674 1798//675 
f 1799//676 1797//675 1798//675 1800//676 
f 1801//677 1799//676 1800//676 1802//677 
f 1803//678 1801//677 1802//677 1804//678 
f 1805//679 1803//678 1804//678 1806//679 
f 1807//680 1805//679 1806//679 1808//680 
f 1809//681 1807//680 1808//680 1810//681 
f 1811//650 1809//681 1810//681 1812//650 
f 1813//682 1811//650 1812//650 1814//682 
f 1815//683 1813//682 1814//682 1816//683 
f 1817//684 1815//683 1816//683 1818//684 
f 1819//685 1817//684 1818//684 1820//685 
f 1821//686 1819//685 1820//685 1822//686 
f 1823//687 1821//686 1822//686 1824//687 
s 3
f 1770//662 1823//687 1824//687 1771//662 
s 2147483648
f 1776//688 1774//688 1772//689 1771//688 
f 1776//688 1771//688 1824//688 1822//688 
f 1776//688 1822//688 1820//688 1818//688 
f 1776//688 1818//688 1816//688 1814//688 
f 1776//688 1814//688 1812//688 1810//688 
f 1776//688 1810//688 1808//688 1806//688 
f 1778//689 1776//688 1806//688 1780//688 
f 1782//688 1780//688 1806//688 1784//688 
f 1786//688 1784//688 1806//688 1788//688 
f 1790//688 1788//688 1806//688 1804//688 
f 1792//688 1790//688 1804//688 1794//688 
f 1794//688 1804//688 1802//688 1800//688 
f 1796//689 1794//688 1800//688 1798//689 
f 1795//690 1797//690 1799//690 1793//690 
f 1769//690 1773//691 1775//691 1770//691 
f 1823//690 1770//691 1775//691 1821//690 
f 1819//690 1821//690 1775//691 1817//690 
f 1815//691 1817//690 1775//691 1813//691 
f 1811//690 1813//691 1775//691 1809//690 
f 1807//691 1809//690 1775//691 1805//691 
f 1805//691 1775//691 1777//690 1779//690 
f 1805//691 1779//690 1781//690 1783//690 
f 1805//691 1783//690 1785//691 1787//690 
f 1805//691 1787//690 1789//690 1803//690 
f 1803//690 1789//690 1791//690 1793//690 
f 1801//690 1803//690 1793//690 1799//690 
s 1
f 1825//692 1826//693 1827//693 1828//692 
s 3
f 1829//694 1825//692 1828//692 1830//694 
s 2
f 1831//695 1829//694 1830//694 1832//695 
f 1833//696 1831//695 1832//695 1834//696 
f 1835//697 1833//696 1834//696 1836//697 
f 1837//698 1835//697 1836//697 1838//698 
f 1839//699 1837//698 1838//698 1840//700 
f 1841//701 1839//699 1840//700 1842//701 
f 1843//702 1841//701 1842//701 1844//702 
f 1845//703 1843//702 1844//702 1846//703 
f 1847//704 1845//703 1846//703 1848//704 
f 1849//705 1847//704 1848//704 1850//705 
f 1851//706 1849//705 1850//705 1852//706 
f 1853//707 1851//706 1852//706 1854//708 
f 1855//709 1853//707 1854//708 1856//709 
f 1857//710 1855//709 1856//709 1858//710 
f 1859//711 1857//710 1858//710 1860//711 
f 1861//712 1859//711 1860//711 1862//712 
f 1863//713 1861//712 1862//712 1864//713 
f 1865//714 1863//713 1864//713 1866//714 
f 1867//715 1865//714 1866//714 1868//716 
f 1869//717 1867//715 1868//716 1870//717 
f 1871//718 1869//717 1870//717 1872//718 
f 1873//719 1871//718 1872//718 1874//719 
f 1875//720 1873//719 1874//719 1876//720 
f 1877//721 1875//720 1876//720 1878//721 
f 1879//722 1877//721 1878//721 1880//722 
s 3
f 1826//693 1879//722 1880//722 1827//693 
s 2147483648
f 1832//723 1830//724 1828//724 1827//725 
f 1832//723 1827//725 1880//725 1878//725 
f 1832//723 1878//725 1876//723 1874//723 
f 1832//723 1874//723 1872//725 1870//725 
f 1832//723 1870//725 1868//723 1866//725 
f 1832//723 1866//725 1864//723 1862//723 
f 1834//723 1832//723 1862//723 1836//723 
f 1838//725 1836//723 1862//723 1840//723 
f 1842//725 1840//723 1862//723 1844//725 
f 1846//725 1844//725 1862//723 1860//725 
f 1848//723 1846//725 1860//725 1850//723 
f 1850//723 1860//725 1858//723 1856//723 
f 1852//723 1850//723 1856//723 1854//726 
f 1851//727 1853//728 1855//727 1849//727 
f 1825//729 1829//729 1831//730 1826//727 
f 1879//727 1826//727 1831//730 1877//727 
f 1875//727 1877//727 1831//730 1873//730 
f 1871//727 1873//730 1831//730 1869//727 
f 1867//730 1869//727 1831//730 1865//727 
f 1863//730 1865//727 1831//730 1861//730 
f 1861//730 1831//730 1833//730 1835//730 
f 1861//730 1835//730 1837//727 1839//730 
f 1861//730 1839//730 1841//727 1843//727 
f 1861//730 1843//727 1845//727 1859//727 
f 1859//727 1845//727 1847//727 1849//727 
f 1857//727 1859//727 1849//727 1855//727 
s 1
f 1881//731 1882//732 1883//732 1884//731 
s 3
f 1885//733 1881//731 1884//731 1886//733 
s 2
f 1887//734 1885//733 1886//733 1888//734 
f 1889//735 1887//734 1888//734 1890//735 
f 1891//736 1889//735 1890//735 1892//736 
f 1893//737 1891//736 1892//736 1894//737 
f 1895//700 1893//737 1894//737 1896//700 
f 1897//738 1895//700 1896//700 1898//738 
f 1899//739 1897//738 1898//738 1900//739 
f 1901//740 1899//739 1900//739 1902//740 
f 1903//741 1901//740 1902//740 1904//741 
f 1905//742 1903//741 1904//741 1906//742 
f 1907//743 1905//742 1906//742 1908//743 
f 1909//744 1907//743 1908//743 1910//744 
f 1911//745 1909//744 1910//744 1912//745 
f 1913//746 1911//745 1912//745 1914//746 
f 1915//747 1913//746 1914//746 1916//747 
f 1917//748 1915//747 1916//747 1918//748 
f 1919//749 1917//748 1918//748 1920//749 
f 1921//750 1919//749 1920//749 1922//750 
f 1923//715 1921//750 1922//750 1924//716 
f 1925//751 1923//715 1924//716 1926//751 
f 1927//752 1925//751 1926//751 1928//752 
f 1929//753 1927//752 1928//752 1930//753 
f 1931//754 1929//753 1930//753 1932//754 
f 1933//755 1931//754 1932//754 1934//755 
f 1935//756 1933//755 1934//755 1936//756 
s 3
f 1882//732 1935//756 1936//756 1883//732 
s 2147483648
f 1888//757 1886//758 1884//758 1883//758 
f 1888//757 1883//758 1936//758 1934//758 
f 1888//757 1934//758 1932//759 1930//758 
f 1888//757 1930//758 1928//690 1926//690 
f 1888//757 1926//690 1924//758 1922//758 
f 1888//757 1922//758 1920//758 1918//758 
f 1890//757 1888//757 1918//758 1892//758 
f 1894//758 1892//758 1918//758 1896//758 
f 1898//758 1896//758 1918//758 1900//758 
f 1902//758 1900//758 1918//758 1916//758 
f 1904//758 1902//758 1916//758 1906//758 
f 1906//758 1916//758 1914//758 1912//758 
f 1908//758 1906//758 1912//758 1910//758 
f 1907//689 1909//689 1911//689 1905//689 
f 1881//689 1885//689 1887//760 1882//689 
f 1935//689 1882//689 1887//760 1933//689 
f 1931//761 1933//689 1887//760 1929//762 
f 1927//688 1929//762 1887//760 1925//688 
f 1923//762 1925//688 1887//760 1921//762 
f 1919//762 1921//762 1887//760 1917//762 
f 1917//762 1887//760 1889//760 1891//689 
f 1917//762 1891//689 1893//689 1895//689 
f 1917//762 1895//689 1897//689 1899//689 
f 1917//762 1899//689 1901//689 1915//689 
f 1915//689 1901//689 1903//689 1905//689 
f 1913//689 1915//689 1905//689 1911//689 
# 216 polygons

#
# object Line009
#

v  -8577.7383 645.3729 -343.3689
v  -8577.2100 640.7902 -343.3384
v  -8577.2090 640.7902 -1435.4786
v  -8577.7383 645.3729 -1435.4786
v  -8579.2441 649.5814 -343.4556
v  -8579.2441 649.5814 -1435.4786
v  -8581.6064 653.2950 -343.5917
v  -8581.6064 653.2950 -1435.4786
v  -8584.7051 656.3933 -343.7701
v  -8584.7051 656.3933 -1435.4786
v  -8588.4180 658.7557 -343.9840
v  -8588.4180 658.7557 -1435.4786
v  -8592.6270 660.2615 -344.2264
v  -8592.6270 660.2615 -1435.4786
v  -8597.2090 660.7902 -344.4903
v  -8597.2090 660.7902 -1435.4786
v  -8601.7920 660.2615 -344.7542
v  -8601.7920 660.2615 -1435.4786
v  -8606.0000 658.7557 -344.9966
v  -8606.0010 658.7557 -1435.4786
v  -8609.7139 656.3933 -345.2105
v  -8609.7139 656.3933 -1435.4786
v  -8612.8125 653.2950 -345.3889
v  -8612.8125 653.2950 -1435.4786
v  -8615.1748 649.5814 -345.5250
v  -8615.1748 649.5814 -1435.4786
v  -8616.6807 645.3729 -345.6118
v  -8616.6807 645.3729 -1435.4786
v  -8617.2090 640.7902 -345.6422
v  -8617.2090 640.7902 -1435.4786
v  -8616.6807 636.2075 -345.6118
v  -8616.6807 636.2075 -1435.4786
v  -8615.1748 631.9991 -345.5250
v  -8615.1748 631.9991 -1435.4786
v  -8612.8125 628.2854 -345.3889
v  -8612.8125 628.2854 -1435.4786
v  -8609.7139 625.1871 -345.2105
v  -8609.7139 625.1871 -1435.4786
v  -8606.0000 622.8248 -344.9966
v  -8606.0010 622.8248 -1435.4786
v  -8601.7920 621.3190 -344.7542
v  -8601.7920 621.3190 -1435.4786
v  -8597.2090 620.7902 -344.4903
v  -8597.2090 620.7902 -1435.4786
v  -8592.6270 621.3190 -344.2264
v  -8592.6270 621.3190 -1435.4786
v  -8588.4180 622.8248 -343.9840
v  -8588.4180 622.8248 -1435.4786
v  -8584.7051 625.1871 -343.7701
v  -8584.7051 625.1871 -1435.4786
v  -8581.6064 628.2855 -343.5917
v  -8581.6064 628.2855 -1435.4786
v  -8579.2441 631.9991 -343.4556
v  -8579.2441 631.9991 -1435.4786
v  -8577.7383 636.2076 -343.3689
v  -8577.7383 636.2076 -1435.4786
v  -8578.9600 645.3729 -332.7769
v  -8578.4424 640.7902 -332.6559
v  -8580.4365 649.5814 -333.1213
v  -8582.7520 653.2950 -333.6618
v  -8585.7891 656.3933 -334.3706
v  -8589.4297 658.7557 -335.2202
v  -8593.5547 660.2615 -336.1830
v  -8598.0469 660.7902 -337.2314
v  -8602.5391 660.2615 -338.2798
v  -8606.6641 658.7557 -339.2426
v  -8610.3047 656.3933 -340.0922
v  -8613.3418 653.2950 -340.8010
v  -8615.6572 649.5814 -341.3415
v  -8617.1328 645.3729 -341.6860
v  -8617.6514 640.7902 -341.8069
v  -8617.1328 636.2075 -341.6860
v  -8615.6572 631.9991 -341.3415
v  -8613.3418 628.2854 -340.8010
v  -8610.3047 625.1871 -340.0922
v  -8606.6641 622.8248 -339.2426
v  -8602.5391 621.3190 -338.2798
v  -8598.0469 620.7902 -337.2314
v  -8593.5547 621.3190 -336.1830
v  -8589.4297 622.8248 -335.2202
v  -8585.7891 625.1871 -334.3706
v  -8582.7520 628.2855 -333.6618
v  -8580.4365 631.9991 -333.1213
v  -8578.9600 636.2076 -332.7769
v  -8582.8682 645.3729 -321.8571
v  -8582.3906 640.7902 -321.6232
v  -8584.2285 649.5814 -322.5232
v  -8586.3643 653.2950 -323.5682
v  -8589.1641 656.3933 -324.9387
v  -8592.5205 658.7557 -326.5814
v  -8596.3242 660.2615 -328.4429
v  -8600.4658 660.7902 -330.4700
v  -8604.6084 660.2615 -332.4971
v  -8608.4121 658.7557 -334.3587
v  -8611.7686 656.3933 -336.0014
v  -8614.5684 653.2950 -337.3719
v  -8616.7031 649.5814 -338.4169
v  -8618.0645 645.3729 -339.0829
v  -8618.5420 640.7902 -339.3168
v  -8618.0645 636.2075 -339.0829
v  -8616.7031 631.9991 -338.4169
v  -8614.5684 628.2854 -337.3719
v  -8611.7686 625.1871 -336.0014
v  -8608.4121 622.8248 -334.3587
v  -8604.6084 621.3190 -332.4971
v  -8600.4658 620.7902 -330.4700
v  -8596.3242 621.3190 -328.4429
v  -8592.5205 622.8248 -326.5814
v  -8589.1641 625.1871 -324.9387
v  -8586.3643 628.2855 -323.5681
v  -8584.2285 631.9991 -322.5232
v  -8582.8682 636.2076 -321.8571
v  -8588.9805 645.3729 -312.2484
v  -8588.5664 640.7902 -311.9156
v  -8590.1621 649.5814 -313.1964
v  -8592.0166 653.2950 -314.6835
v  -8594.4473 656.3933 -316.6339
v  -8597.3613 658.7557 -318.9717
v  -8600.6641 660.2615 -321.6210
v  -8604.2607 660.7902 -324.5059
v  -8607.8564 660.2615 -327.3907
v  -8611.1592 658.7557 -330.0400
v  -8614.0732 656.3933 -332.3778
v  -8616.5039 653.2950 -334.3282
v  -8618.3584 649.5814 -335.8153
v  -8619.5400 645.3729 -336.7633
v  -8619.9551 640.7902 -337.0961
v  -8619.5400 636.2075 -336.7633
v  -8618.3584 631.9991 -335.8153
v  -8616.5039 628.2854 -334.3282
v  -8614.0732 625.1871 -332.3778
v  -8611.1592 622.8248 -330.0400
v  -8607.8564 621.3190 -327.3907
v  -8604.2607 620.7902 -324.5059
v  -8600.6641 621.3190 -321.6210
v  -8597.3613 622.8248 -318.9717
v  -8594.4473 625.1871 -316.6339
v  -8592.0166 628.2855 -314.6835
v  -8590.1621 631.9991 -313.1964
v  -8588.9805 636.2076 -312.2484
v  -8596.9785 645.3729 -304.2510
v  -8596.6455 640.7902 -303.8361
v  -8597.9268 649.5814 -305.4328
v  -8599.4131 653.2950 -307.2867
v  -8601.3633 656.3933 -309.7181
v  -8603.7012 658.7557 -312.6324
v  -8606.3506 660.2615 -315.9351
v  -8609.2344 660.7902 -319.5314
v  -8612.1191 660.2615 -323.1277
v  -8614.7686 658.7557 -326.4304
v  -8617.1055 656.3933 -329.3447
v  -8619.0566 653.2950 -331.7762
v  -8620.5430 649.5814 -333.6301
v  -8621.4912 645.3729 -334.8118
v  -8621.8242 640.7902 -335.2267
v  -8621.4912 636.2075 -334.8118
v  -8620.5430 631.9991 -333.6301
v  -8619.0566 628.2854 -331.7762
v  -8617.1055 625.1871 -329.3447
v  -8614.7686 622.8248 -326.4304
v  -8612.1191 621.3190 -323.1277
v  -8609.2344 620.7902 -319.5314
v  -8606.3506 621.3190 -315.9351
v  -8603.7012 622.8248 -312.6324
v  -8601.3633 625.1871 -309.7181
v  -8599.4131 628.2855 -307.2867
v  -8597.9268 631.9991 -305.4328
v  -8596.9785 636.2076 -304.2510
v  -8606.5898 645.3729 -298.1376
v  -8606.3555 640.7902 -297.6597
v  -8607.2549 649.5814 -299.4987
v  -8608.2998 653.2950 -301.6340
v  -8609.6699 656.3933 -304.4345
v  -8611.3115 658.7557 -307.7912
v  -8613.1729 660.2615 -311.5952
v  -8615.1992 660.7902 -315.7374
v  -8617.2256 660.2615 -319.8796
v  -8619.0859 658.7557 -323.6835
v  -8620.7285 656.3933 -327.0403
v  -8622.0986 653.2950 -329.8408
v  -8623.1426 649.5814 -331.9760
v  -8623.8086 645.3729 -333.3371
v  -8624.0430 640.7902 -333.8151
v  -8623.8086 636.2075 -333.3371
v  -8623.1426 631.9991 -331.9760
v  -8622.0986 628.2854 -329.8408
v  -8620.7285 625.1871 -327.0403
v  -8619.0859 622.8248 -323.6835
v  -8617.2256 621.3190 -319.8796
v  -8615.1992 620.7902 -315.7374
v  -8613.1729 621.3190 -311.5952
v  -8611.3115 622.8248 -307.7912
v  -8609.6699 625.1871 -304.4345
v  -8608.2998 628.2855 -301.6340
v  -8607.2549 631.9991 -299.4987
v  -8606.5898 636.2076 -298.1376
v  -8617.5117 645.3729 -294.2302
v  -8617.3916 640.7902 -293.7119
v  -8617.8564 649.5814 -295.7064
v  -8618.3955 653.2950 -298.0222
v  -8619.1035 656.3933 -301.0595
v  -8619.9521 658.7557 -304.7000
v  -8620.9141 660.2615 -308.8256
v  -8621.9609 660.7902 -313.3180
v  -8623.0078 660.2615 -317.8104
v  -8623.9688 658.7557 -321.9360
v  -8624.8174 656.3933 -325.5765
v  -8625.5254 653.2950 -328.6138
v  -8626.0654 649.5814 -330.9296
v  -8626.4092 645.3729 -332.4058
v  -8626.5303 640.7902 -332.9241
v  -8626.4092 636.2075 -332.4058
v  -8626.0654 631.9991 -330.9296
v  -8625.5254 628.2854 -328.6138
v  -8624.8174 625.1871 -325.5765
v  -8623.9688 622.8248 -321.9360
v  -8623.0078 621.3190 -317.8104
v  -8621.9609 620.7902 -313.3180
v  -8620.9141 621.3190 -308.8256
v  -8619.9521 622.8248 -304.7000
v  -8619.1035 625.1871 -301.0595
v  -8618.3955 628.2855 -298.0222
v  -8617.8564 631.9991 -295.7064
v  -8617.5117 636.2076 -294.2302
v  -8628.1025 645.3729 -293.0092
v  -8628.0723 640.7902 -292.4805
v  -8628.1885 649.5814 -294.5150
v  -8628.3242 653.2950 -296.8774
v  -8628.5020 656.3933 -299.9757
v  -8628.7148 658.7557 -303.6894
v  -8628.9561 660.2615 -307.8979
v  -8629.2197 660.7902 -312.4806
v  -8629.4824 660.2615 -317.0633
v  -8629.7236 658.7557 -321.2718
v  -8629.9365 656.3933 -324.9855
v  -8630.1143 653.2950 -328.0838
v  -8630.2500 649.5814 -330.4462
v  -8630.3369 645.3729 -331.9520
v  -8630.3672 640.7902 -332.4807
v  -8630.3369 636.2075 -331.9520
v  -8630.2500 631.9991 -330.4462
v  -8630.1143 628.2854 -328.0838
v  -8629.9365 625.1871 -324.9855
v  -8629.7236 622.8248 -321.2718
v  -8629.4824 621.3190 -317.0633
v  -8629.2197 620.7902 -312.4806
v  -8628.9561 621.3190 -307.8979
v  -8628.7148 622.8248 -303.6894
v  -8628.5020 625.1871 -299.9757
v  -8628.3242 628.2855 -296.8774
v  -8628.1885 631.9991 -294.5150
v  -8628.1025 636.2076 -293.0092
v  -9920.5322 645.3729 -293.0092
v  -9920.5625 640.7902 -292.4805
v  -9920.4463 649.5814 -294.5150
v  -9920.3105 653.2950 -296.8774
v  -9920.1328 656.3933 -299.9757
v  -9919.9199 658.7557 -303.6894
v  -9919.6787 660.2615 -307.8979
v  -9919.4150 660.7902 -312.4806
v  -9919.1523 660.2615 -317.0633
v  -9918.9111 658.7557 -321.2718
v  -9918.6982 656.3933 -324.9855
v  -9918.5205 653.2950 -328.0838
v  -9918.3848 649.5814 -330.4462
v  -9918.2979 645.3729 -331.9520
v  -9918.2676 640.7902 -332.4807
v  -9918.2979 636.2075 -331.9520
v  -9918.3848 631.9991 -330.4462
v  -9918.5205 628.2854 -328.0838
v  -9918.6982 625.1871 -324.9855
v  -9918.9111 622.8248 -321.2718
v  -9919.1523 621.3190 -317.0633
v  -9919.4150 620.7902 -312.4806
v  -9919.6787 621.3190 -307.8979
v  -9919.9199 622.8248 -303.6894
v  -9920.1328 625.1871 -299.9757
v  -9920.3105 628.2855 -296.8774
v  -9920.4463 631.9991 -294.5151
v  -9920.5322 636.2076 -293.0092
v  -9931.1230 645.3729 -294.2302
v  -9931.2432 640.7902 -293.7119
v  -9930.7783 649.5814 -295.7064
v  -9930.2393 653.2950 -298.0222
v  -9929.5313 656.3933 -301.0595
v  -9928.6826 658.7557 -304.7000
v  -9927.7207 660.2615 -308.8256
v  -9926.6738 660.7902 -313.3180
v  -9925.6270 660.2615 -317.8104
v  -9924.6660 658.7557 -321.9360
v  -9923.8174 656.3933 -325.5765
v  -9923.1094 653.2950 -328.6138
v  -9922.5693 649.5814 -330.9296
v  -9922.2256 645.3729 -332.4058
v  -9922.1045 640.7902 -332.9241
v  -9922.2256 636.2075 -332.4058
v  -9922.5693 631.9991 -330.9296
v  -9923.1094 628.2854 -328.6138
v  -9923.8174 625.1871 -325.5765
v  -9924.6660 622.8248 -321.9360
v  -9925.6270 621.3190 -317.8104
v  -9926.6738 620.7902 -313.3180
v  -9927.7207 621.3190 -308.8256
v  -9928.6826 622.8248 -304.7000
v  -9929.5313 625.1871 -301.0595
v  -9930.2393 628.2855 -298.0222
v  -9930.7783 631.9991 -295.7064
v  -9931.1230 636.2076 -294.2302
v  -9942.0449 645.3729 -298.1375
v  -9942.2793 640.7902 -297.6595
v  -9941.3799 649.5814 -299.4986
v  -9940.3350 653.2950 -301.6339
v  -9938.9648 656.3933 -304.4344
v  -9937.3232 658.7557 -307.7911
v  -9935.4619 660.2615 -311.5951
v  -9933.4355 660.7902 -315.7373
v  -9931.4092 660.2615 -319.8795
v  -9929.5488 658.7557 -323.6834
v  -9927.9063 656.3933 -327.0402
v  -9926.5361 653.2950 -329.8407
v  -9925.4922 649.5814 -331.9760
v  -9924.8262 645.3729 -333.3371
v  -9924.5918 640.7902 -333.8150
v  -9924.8262 636.2075 -333.3371
v  -9925.4922 631.9991 -331.9760
v  -9926.5361 628.2854 -329.8407
v  -9927.9063 625.1871 -327.0402
v  -9929.5488 622.8248 -323.6834
v  -9931.4092 621.3190 -319.8795
v  -9933.4355 620.7902 -315.7373
v  -9935.4619 621.3190 -311.5950
v  -9937.3232 622.8248 -307.7911
v  -9938.9648 625.1871 -304.4344
v  -9940.3350 628.2855 -301.6339
v  -9941.3799 631.9991 -299.4986
v  -9942.0449 636.2076 -298.1375
v  -9951.6563 645.3729 -304.2509
v  -9951.9893 640.7902 -303.8360
v  -9950.7080 649.5814 -305.4327
v  -9949.2217 653.2950 -307.2866
v  -9947.2715 656.3933 -309.7180
v  -9944.9336 658.7557 -312.6324
v  -9942.2852 660.2615 -315.9351
v  -9939.4004 660.7902 -319.5314
v  -9936.5156 660.2615 -323.1277
v  -9933.8662 658.7557 -326.4304
v  -9931.5293 656.3933 -329.3447
v  -9929.5791 653.2950 -331.7762
v  -9928.0918 649.5814 -333.6301
v  -9927.1436 645.3729 -334.8118
v  -9926.8105 640.7902 -335.2267
v  -9927.1436 636.2075 -334.8118
v  -9928.0918 631.9991 -333.6301
v  -9929.5791 628.2854 -331.7762
v  -9931.5293 625.1871 -329.3447
v  -9933.8662 622.8248 -326.4304
v  -9936.5156 621.3190 -323.1277
v  -9939.4004 620.7902 -319.5314
v  -9942.2852 621.3190 -315.9350
v  -9944.9336 622.8248 -312.6324
v  -9947.2715 625.1871 -309.7180
v  -9949.2217 628.2855 -307.2866
v  -9950.7080 631.9991 -305.4327
v  -9951.6563 636.2076 -304.2509
v  -9959.6543 645.3729 -312.2484
v  -9960.0684 640.7902 -311.9155
v  -9958.4727 649.5814 -313.1963
v  -9956.6182 653.2950 -314.6834
v  -9954.1875 656.3933 -316.6339
v  -9951.2734 658.7557 -318.9716
v  -9947.9707 660.2615 -321.6209
v  -9944.3740 660.7902 -324.5058
v  -9940.7783 660.2615 -327.3907
v  -9937.4756 658.7557 -330.0399
v  -9934.5615 656.3933 -332.3777
v  -9932.1309 653.2950 -334.3282
v  -9930.2764 649.5814 -335.8153
v  -9929.0947 645.3729 -336.7632
v  -9928.6797 640.7902 -337.0961
v  -9929.0947 636.2075 -336.7632
v  -9930.2764 631.9991 -335.8153
v  -9932.1309 628.2854 -334.3282
v  -9934.5615 625.1871 -332.3777
v  -9937.4756 622.8248 -330.0399
v  -9940.7783 621.3190 -327.3907
v  -9944.3740 620.7902 -324.5058
v  -9947.9707 621.3190 -321.6209
v  -9951.2734 622.8248 -318.9716
v  -9954.1875 625.1871 -316.6339
v  -9956.6182 628.2855 -314.6834
v  -9958.4727 631.9991 -313.1963
v  -9959.6543 636.2076 -312.2484
v  -9965.7666 645.3729 -321.8571
v  -9966.2441 640.7902 -321.6232
v  -9964.4053 649.5814 -322.5232
v  -9962.2705 653.2950 -323.5681
v  -9959.4707 656.3933 -324.9387
v  -9956.1143 658.7557 -326.5814
v  -9952.3105 660.2615 -328.4429
v  -9948.1680 660.7902 -330.4700
v  -9944.0264 660.2615 -332.4971
v  -9940.2227 658.7557 -334.3587
v  -9936.8662 656.3933 -336.0014
v  -9934.0664 653.2950 -337.3719
v  -9931.9316 649.5814 -338.4169
v  -9930.5703 645.3729 -339.0830
v  -9930.0928 640.7902 -339.3168
v  -9930.5703 636.2075 -339.0830
v  -9931.9316 631.9991 -338.4169
v  -9934.0664 628.2854 -337.3719
v  -9936.8662 625.1871 -336.0014
v  -9940.2227 622.8248 -334.3587
v  -9944.0264 621.3190 -332.4971
v  -9948.1680 620.7902 -330.4700
v  -9952.3105 621.3190 -328.4429
v  -9956.1143 622.8248 -326.5814
v  -9959.4707 625.1871 -324.9387
v  -9962.2705 628.2855 -323.5681
v  -9964.4053 631.9991 -322.5232
v  -9965.7666 636.2076 -321.8571
v  -9969.6738 645.3729 -332.7768
v  -9970.1924 640.7902 -332.6558
v  -9968.1982 649.5814 -333.1213
v  -9965.8828 653.2950 -333.6617
v  -9962.8457 656.3933 -334.3705
v  -9959.2051 658.7557 -335.2202
v  -9955.0801 660.2615 -336.1830
v  -9950.5879 660.7902 -337.2314
v  -9946.0957 660.2615 -338.2798
v  -9941.9707 658.7557 -339.2426
v  -9938.3301 656.3933 -340.0922
v  -9935.2930 653.2950 -340.8010
v  -9932.9775 649.5814 -341.3414
v  -9931.5020 645.3729 -341.6859
v  -9930.9834 640.7902 -341.8069
v  -9931.5020 636.2075 -341.6859
v  -9932.9775 631.9991 -341.3414
v  -9935.2930 628.2854 -340.8010
v  -9938.3301 625.1871 -340.0922
v  -9941.9707 622.8248 -339.2426
v  -9946.0957 621.3190 -338.2798
v  -9950.5879 620.7902 -337.2314
v  -9955.0801 621.3190 -336.1830
v  -9959.2051 622.8248 -335.2202
v  -9962.8457 625.1871 -334.3705
v  -9965.8828 628.2855 -333.6617
v  -9968.1982 631.9991 -333.1213
v  -9969.6738 636.2076 -332.7768
v  -9970.8965 645.3729 -343.3688
v  -9971.4248 640.7902 -343.3383
v  -9969.3906 649.5814 -343.4555
v  -9967.0283 653.2950 -343.5916
v  -9963.9297 656.3933 -343.7700
v  -9960.2168 658.7557 -343.9839
v  -9956.0078 660.2615 -344.2263
v  -9951.4258 660.7902 -344.4902
v  -9946.8428 660.2615 -344.7542
v  -9942.6348 658.7557 -344.9966
v  -9938.9209 656.3933 -345.2104
v  -9935.8223 653.2950 -345.3889
v  -9933.4600 649.5814 -345.5249
v  -9931.9541 645.3729 -345.6117
v  -9931.4258 640.7902 -345.6421
v  -9931.9541 636.2075 -345.6117
v  -9933.4600 631.9991 -345.5249
v  -9935.8223 628.2854 -345.3889
v  -9938.9209 625.1871 -345.2104
v  -9942.6348 622.8248 -344.9966
v  -9946.8428 621.3190 -344.7542
v  -9951.4258 620.7902 -344.4902
v  -9956.0078 621.3190 -344.2263
v  -9960.2168 622.8248 -343.9839
v  -9963.9297 625.1871 -343.7700
v  -9967.0283 628.2855 -343.5916
v  -9969.3906 631.9991 -343.4555
v  -9970.8965 636.2076 -343.3688
v  -9970.8965 645.3729 -955.1385
v  -9971.4258 640.7902 -955.1385
v  -9969.3906 649.5814 -955.1385
v  -9967.0283 653.2950 -955.1385
v  -9963.9297 656.3933 -955.1385
v  -9960.2168 658.7557 -955.1385
v  -9956.0078 660.2615 -955.1385
v  -9951.4258 660.7902 -955.1385
v  -9946.8428 660.2615 -955.1385
v  -9942.6338 658.7557 -955.1385
v  -9938.9209 656.3933 -955.1385
v  -9935.8223 653.2950 -955.1385
v  -9933.4600 649.5814 -955.1385
v  -9931.9541 645.3729 -955.1385
v  -9931.4258 640.7902 -955.1385
v  -9931.9541 636.2075 -955.1385
v  -9933.4600 631.9991 -955.1385
v  -9935.8223 628.2854 -955.1385
v  -9938.9209 625.1871 -955.1385
v  -9942.6338 622.8248 -955.1385
v  -9946.8428 621.3190 -955.1385
v  -9951.4258 620.7902 -955.1385
v  -9956.0078 621.3190 -955.1385
v  -9960.2168 622.8248 -955.1385
v  -9963.9297 625.1871 -955.1385
v  -9967.0283 628.2855 -955.1385
v  -9969.3906 631.9991 -955.1385
v  -9970.8965 636.2076 -955.1385
# 504 vertices

vn 0.9741 0.2263 0.0000
vn 1.0000 -0.0000 0.0000
vn 0.9738 0.2272 0.0000
vn 0.8990 0.4379 0.0000
vn 0.8982 0.4395 0.0000
vn 0.7817 0.6237 0.0000
vn 0.7801 0.6257 0.0000
vn 0.6281 0.7781 0.0000
vn 0.6257 0.7801 0.0000
vn 0.4428 0.8966 0.0000
vn 0.4395 0.8982 0.0000
vn 0.2312 0.9729 0.0000
vn 0.2272 0.9738 -0.0000
vn 0.0042 1.0000 -0.0000
vn 0.0000 1.0000 0.0000
vn -0.2233 0.9748 0.0000
vn -0.2272 0.9738 0.0000
vn -0.4363 0.8998 0.0000
vn -0.4395 0.8982 0.0000
vn -0.6232 0.7820 0.0000
vn -0.6257 0.7801 0.0000
vn -0.7785 0.6276 0.0000
vn -0.7801 0.6257 0.0000
vn -0.8974 0.4411 0.0000
vn -0.8982 0.4395 0.0000
vn -0.9736 0.2282 0.0000
vn -0.9738 0.2272 0.0000
vn -1.0000 0.0000 0.0000
vn -0.9736 -0.2282 0.0000
vn -0.9738 -0.2272 0.0000
vn -0.8974 -0.4411 0.0000
vn -0.8982 -0.4395 0.0000
vn -0.7785 -0.6276 0.0000
vn -0.7801 -0.6257 0.0000
vn -0.6232 -0.7820 0.0000
vn -0.6257 -0.7801 0.0000
vn -0.4363 -0.8998 0.0000
vn -0.4395 -0.8982 0.0000
vn -0.2233 -0.9748 0.0000
vn -0.2272 -0.9738 0.0000
vn 0.0042 -1.0000 0.0000
vn -0.0000 -1.0000 0.0000
vn 0.2312 -0.9729 0.0000
vn 0.2272 -0.9738 0.0000
vn 0.4428 -0.8966 0.0000
vn 0.4395 -0.8982 0.0000
vn 0.6281 -0.7781 0.0000
vn 0.6257 -0.7801 0.0000
vn 0.7817 -0.6237 0.0000
vn 0.7801 -0.6257 0.0000
vn 0.8990 -0.4379 0.0000
vn 0.8982 -0.4395 0.0000
vn 0.9741 -0.2263 0.0000
vn 0.9738 -0.2272 0.0000
vn 0.9679 0.2254 0.1117
vn 0.9934 -0.0000 0.1146
vn 0.9676 0.2263 0.1116
vn 0.8939 0.4363 0.1031
vn 0.8931 0.4379 0.1030
vn 0.7781 0.6217 0.0898
vn 0.7765 0.6237 0.0896
vn 0.6264 0.7762 0.0723
vn 0.6240 0.7781 0.0720
vn 0.4432 0.8950 0.0511
vn 0.4399 0.8966 0.0508
vn 0.2336 0.9720 0.0269
vn 0.2297 0.9729 0.0265
vn 0.0083 1.0000 0.0010
vn 0.0042 1.0000 0.0005
vn -0.2179 0.9756 -0.0251
vn -0.2218 0.9748 -0.0256
vn -0.4302 0.9014 -0.0496
vn -0.4334 0.8998 -0.0500
vn -0.6167 0.7840 -0.0711
vn -0.6191 0.7820 -0.0714
vn -0.7719 0.6295 -0.0890
vn -0.7734 0.6276 -0.0892
vn -0.8908 0.4427 -0.1027
vn -0.8915 0.4411 -0.1028
vn -0.9670 0.2291 -0.1115
vn -0.9672 0.2282 -0.1115
vn -0.9934 -0.0000 -0.1146
vn -0.9670 -0.2291 -0.1115
vn -0.9672 -0.2282 -0.1115
vn -0.8908 -0.4427 -0.1027
vn -0.8915 -0.4411 -0.1028
vn -0.7719 -0.6295 -0.0890
vn -0.7734 -0.6276 -0.0892
vn -0.6167 -0.7840 -0.0711
vn -0.6191 -0.7820 -0.0714
vn -0.4302 -0.9014 -0.0496
vn -0.4334 -0.8998 -0.0500
vn -0.2179 -0.9756 -0.0251
vn -0.2218 -0.9748 -0.0256
vn 0.0083 -1.0000 0.0010
vn 0.0042 -1.0000 0.0005
vn 0.2336 -0.9720 0.0269
vn 0.2297 -0.9729 0.0265
vn 0.4432 -0.8950 0.0511
vn 0.4399 -0.8966 0.0508
vn 0.6264 -0.7762 0.0723
vn 0.6240 -0.7781 0.0720
vn 0.7781 -0.6217 0.0898
vn 0.7765 -0.6237 0.0896
vn 0.8939 -0.4363 0.1031
vn 0.8931 -0.4379 0.1030
vn 0.9679 -0.2254 0.1117
vn 0.9676 -0.2263 0.1116
vn 0.9173 0.2254 0.3283
vn 0.9415 0.0000 0.3369
vn 0.8472 0.4364 0.3031
vn 0.8472 0.4363 0.3032
vn 0.7374 0.6218 0.2639
vn 0.7374 0.6217 0.2639
vn 0.5935 0.7763 0.2124
vn 0.5937 0.7762 0.2124
vn 0.4199 0.8951 0.1502
vn 0.4200 0.8950 0.1503
vn 0.2212 0.9720 0.0792
vn 0.2214 0.9720 0.0792
vn 0.0077 1.0000 0.0027
vn 0.0079 1.0000 0.0028
vn -0.2067 0.9756 -0.0740
vn -0.2065 0.9756 -0.0739
vn -0.4079 0.9013 -0.1459
vn -0.4077 0.9014 -0.1459
vn -0.5847 0.7839 -0.2092
vn -0.5845 0.7839 -0.2091
vn -0.7316 0.6294 -0.2618
vn -0.7316 0.6295 -0.2617
vn -0.8443 0.4426 -0.3021
vn -0.8443 0.4427 -0.3020
vn -0.9165 0.2290 -0.3279
vn -0.9165 0.2291 -0.3279
vn -0.9416 0.0000 -0.3368
vn -0.9165 -0.2290 -0.3279
vn -0.9165 -0.2291 -0.3279
vn -0.8443 -0.4426 -0.3021
vn -0.8443 -0.4427 -0.3020
vn -0.7316 -0.6294 -0.2618
vn -0.7316 -0.6295 -0.2617
vn -0.5847 -0.7839 -0.2092
vn -0.5845 -0.7839 -0.2091
vn -0.4079 -0.9013 -0.1459
vn -0.4077 -0.9014 -0.1459
vn -0.2067 -0.9756 -0.0740
vn -0.2065 -0.9756 -0.0739
vn 0.0077 -1.0000 0.0027
vn 0.0079 -1.0000 0.0028
vn 0.2212 -0.9720 0.0792
vn 0.2214 -0.9720 0.0792
vn 0.4199 -0.8951 0.1502
vn 0.4200 -0.8950 0.1503
vn 0.5935 -0.7763 0.2124
vn 0.5937 -0.7762 0.2124
vn 0.7374 -0.6218 0.2639
vn 0.7374 -0.6217 0.2639
vn 0.8472 -0.4364 0.3031
vn 0.8472 -0.4363 0.3032
vn 0.9173 -0.2254 0.3283
vn 0.8220 0.2255 0.5229
vn 0.8437 0.0000 0.5368
vn 0.8220 0.2254 0.5230
vn 0.7591 0.4364 0.4829
vn 0.7592 0.4364 0.4830
vn 0.6607 0.6219 0.4203
vn 0.6608 0.6218 0.4204
vn 0.5318 0.7763 0.3383
vn 0.5319 0.7763 0.3384
vn 0.3761 0.8951 0.2393
vn 0.3762 0.8951 0.2394
vn 0.1981 0.9720 0.1260
vn 0.1982 0.9720 0.1261
vn 0.0067 1.0000 0.0043
vn 0.0069 1.0000 0.0044
vn -0.1854 0.9756 -0.1179
vn -0.1853 0.9756 -0.1178
vn -0.3656 0.9013 -0.2326
vn -0.3655 0.9013 -0.2325
vn -0.5240 0.7838 -0.3333
vn -0.5239 0.7838 -0.3333
vn -0.6557 0.6294 -0.4171
vn -0.6557 0.6294 -0.4170
vn -0.7567 0.4426 -0.4812
vn -0.7566 0.4426 -0.4812
vn -0.8214 0.2290 -0.5224
vn -0.8438 0.0000 -0.5366
vn -0.8214 -0.2290 -0.5224
vn -0.7567 -0.4426 -0.4812
vn -0.7566 -0.4426 -0.4812
vn -0.6557 -0.6294 -0.4171
vn -0.6557 -0.6294 -0.4170
vn -0.5240 -0.7838 -0.3333
vn -0.5239 -0.7838 -0.3333
vn -0.3656 -0.9013 -0.2326
vn -0.3655 -0.9013 -0.2325
vn -0.1854 -0.9756 -0.1179
vn -0.1853 -0.9756 -0.1179
vn 0.0067 -1.0000 0.0043
vn 0.0069 -1.0000 0.0044
vn 0.1981 -0.9720 0.1260
vn 0.1982 -0.9720 0.1261
vn 0.3762 -0.8951 0.2393
vn 0.3762 -0.8951 0.2394
vn 0.5318 -0.7763 0.3383
vn 0.5319 -0.7763 0.3384
vn 0.6607 -0.6219 0.4203
vn 0.6608 -0.6218 0.4204
vn 0.7591 -0.4364 0.4829
vn 0.7592 -0.4364 0.4830
vn 0.8220 -0.2255 0.5229
vn 0.8220 -0.2254 0.5230
vn 0.6889 0.2255 0.6889
vn 0.7071 0.0000 0.7071
vn 0.6362 0.4365 0.6362
vn 0.5537 0.6219 0.5537
vn 0.4457 0.7763 0.4457
vn 0.4457 0.7764 0.4457
vn 0.3152 0.8951 0.3152
vn 0.1660 0.9720 0.1660
vn 0.0056 1.0000 0.0056
vn -0.1554 0.9756 -0.1554
vn -0.3064 0.9013 -0.3064
vn -0.4391 0.7838 -0.4391
vn -0.4392 0.7838 -0.4391
vn -0.5495 0.6294 -0.5495
vn -0.6341 0.4426 -0.6341
vn -0.6884 0.2290 -0.6883
vn -0.7071 0.0000 -0.7071
vn -0.6884 -0.2290 -0.6883
vn -0.6341 -0.4426 -0.6340
vn -0.6341 -0.4426 -0.6341
vn -0.5495 -0.6294 -0.5495
vn -0.5495 -0.6293 -0.5495
vn -0.4392 -0.7838 -0.4391
vn -0.3064 -0.9013 -0.3064
vn -0.1554 -0.9756 -0.1554
vn 0.0056 -1.0000 0.0056
vn 0.1660 -0.9720 0.1660
vn 0.3152 -0.8951 0.3152
vn 0.4457 -0.7763 0.4457
vn 0.4457 -0.7764 0.4457
vn 0.5537 -0.6219 0.5537
vn 0.6362 -0.4365 0.6362
vn 0.6889 -0.2255 0.6889
vn 0.5229 0.2254 0.8220
vn 0.5367 -0.0000 0.8438
vn 0.5229 0.2255 0.8220
vn 0.4829 0.4364 0.7592
vn 0.4203 0.6218 0.6608
vn 0.4203 0.6219 0.6607
vn 0.3383 0.7763 0.5319
vn 0.3383 0.7763 0.5318
vn 0.2393 0.8951 0.3763
vn 0.2393 0.8951 0.3762
vn 0.1261 0.9720 0.1982
vn 0.1260 0.9720 0.1981
vn 0.0044 1.0000 0.0069
vn 0.0043 1.0000 0.0067
vn -0.1178 0.9756 -0.1853
vn -0.1179 0.9756 -0.1854
vn -0.2325 0.9013 -0.3655
vn -0.2326 0.9013 -0.3656
vn -0.3333 0.7839 -0.5239
vn -0.3333 0.7838 -0.5240
vn -0.4171 0.6294 -0.6556
vn -0.4171 0.6294 -0.6557
vn -0.4813 0.4426 -0.7566
vn -0.5225 0.2290 -0.8213
vn -0.5368 0.0000 -0.8437
vn -0.5225 -0.2290 -0.8213
vn -0.4813 -0.4426 -0.7566
vn -0.4171 -0.6294 -0.6556
vn -0.4171 -0.6294 -0.6557
vn -0.3333 -0.7839 -0.5239
vn -0.3333 -0.7838 -0.5240
vn -0.2325 -0.9013 -0.3655
vn -0.2326 -0.9013 -0.3656
vn -0.1178 -0.9756 -0.1853
vn -0.1179 -0.9756 -0.1854
vn 0.0044 -1.0000 0.0069
vn 0.0043 -1.0000 0.0067
vn 0.1261 -0.9720 0.1982
vn 0.1260 -0.9720 0.1981
vn 0.2393 -0.8951 0.3763
vn 0.2393 -0.8951 0.3762
vn 0.3383 -0.7763 0.5319
vn 0.3383 -0.7763 0.5318
vn 0.4203 -0.6218 0.6608
vn 0.4203 -0.6219 0.6607
vn 0.4829 -0.4364 0.7592
vn 0.5229 -0.2254 0.8220
vn 0.5229 -0.2255 0.8220
vn 0.3282 0.2254 0.9173
vn 0.3368 -0.0000 0.9416
vn 0.3031 0.4363 0.8472
vn 0.3031 0.4364 0.8472
vn 0.2638 0.6217 0.7375
vn 0.2638 0.6218 0.7374
vn 0.2124 0.7762 0.5937
vn 0.2123 0.7763 0.5936
vn 0.1503 0.8950 0.4200
vn 0.1502 0.8951 0.4199
vn 0.0792 0.9720 0.2214
vn 0.0791 0.9720 0.2212
vn 0.0028 1.0000 0.0079
vn 0.0027 1.0000 0.0076
vn -0.0739 0.9756 -0.2065
vn -0.0740 0.9756 -0.2067
vn -0.1459 0.9014 -0.4077
vn -0.1460 0.9013 -0.4079
vn -0.2092 0.7840 -0.5845
vn -0.2093 0.7838 -0.5846
vn -0.2619 0.6295 -0.7315
vn -0.2619 0.6294 -0.7316
vn -0.3023 0.4427 -0.8442
vn -0.3023 0.4426 -0.8442
vn -0.3282 0.2291 -0.9164
vn -0.3282 0.2290 -0.9164
vn -0.3372 0.0000 -0.9414
vn -0.3282 -0.2291 -0.9164
vn -0.3282 -0.2290 -0.9164
vn -0.3023 -0.4427 -0.8442
vn -0.3023 -0.4426 -0.8442
vn -0.2619 -0.6295 -0.7315
vn -0.2619 -0.6294 -0.7316
vn -0.2092 -0.7840 -0.5845
vn -0.2093 -0.7838 -0.5846
vn -0.1459 -0.9014 -0.4077
vn -0.1460 -0.9013 -0.4079
vn -0.0739 -0.9756 -0.2065
vn -0.0740 -0.9756 -0.2067
vn 0.0028 -1.0000 0.0079
vn 0.0027 -1.0000 0.0077
vn 0.0792 -0.9720 0.2214
vn 0.0791 -0.9720 0.2212
vn 0.1503 -0.8950 0.4200
vn 0.1502 -0.8951 0.4199
vn 0.2124 -0.7762 0.5937
vn 0.2123 -0.7763 0.5936
vn 0.2638 -0.6217 0.7375
vn 0.2638 -0.6218 0.7374
vn 0.3031 -0.4363 0.8472
vn 0.3031 -0.4364 0.8472
vn 0.3282 -0.2254 0.9173
vn 0.1116 0.2263 0.9676
vn 0.1145 0.0000 0.9934
vn 0.1116 0.2254 0.9679
vn 0.1030 0.4379 0.8931
vn 0.1031 0.4363 0.8939
vn 0.0895 0.6237 0.7765
vn 0.0897 0.6218 0.7781
vn 0.0720 0.7781 0.6240
vn 0.0722 0.7762 0.6264
vn 0.0507 0.8966 0.4399
vn 0.0511 0.8950 0.4431
vn 0.0265 0.9729 0.2297
vn 0.0269 0.9720 0.2336
vn 0.0005 1.0000 0.0042
vn 0.0010 1.0000 0.0083
vn -0.0256 0.9748 -0.2218
vn -0.0251 0.9756 -0.2179
vn -0.0500 0.8998 -0.4334
vn -0.0497 0.9014 -0.4302
vn -0.0715 0.7820 -0.6191
vn -0.0712 0.7839 -0.6167
vn -0.0893 0.6276 -0.7734
vn -0.0891 0.6295 -0.7719
vn -0.1030 0.4411 -0.8915
vn -0.1029 0.4427 -0.8907
vn -0.1118 0.2282 -0.9672
vn -0.1117 0.2291 -0.9670
vn -0.1148 0.0000 -0.9934
vn -0.1118 -0.2282 -0.9672
vn -0.1117 -0.2291 -0.9670
vn -0.1030 -0.4411 -0.8915
vn -0.1029 -0.4427 -0.8907
vn -0.0893 -0.6276 -0.7734
vn -0.0891 -0.6295 -0.7719
vn -0.0715 -0.7820 -0.6191
vn -0.0712 -0.7839 -0.6167
vn -0.0500 -0.8998 -0.4334
vn -0.0496 -0.9014 -0.4302
vn -0.0256 -0.9748 -0.2218
vn -0.0251 -0.9756 -0.2179
vn 0.0005 -1.0000 0.0042
vn 0.0010 -1.0000 0.0083
vn 0.0265 -0.9729 0.2297
vn 0.0269 -0.9720 0.2336
vn 0.0507 -0.8966 0.4399
vn 0.0511 -0.8950 0.4431
vn 0.0720 -0.7781 0.6240
vn 0.0722 -0.7762 0.6264
vn 0.0895 -0.6237 0.7765
vn 0.0897 -0.6218 0.7781
vn 0.1030 -0.4379 0.8931
vn 0.1031 -0.4363 0.8939
vn 0.1116 -0.2263 0.9676
vn 0.1116 -0.2254 0.9679
vn 0.0000 0.2263 0.9741
vn 0.0000 -0.0000 1.0000
vn 0.0000 0.4379 0.8990
vn 0.0000 0.6237 0.7817
vn 0.0000 0.7781 0.6281
vn 0.0000 0.8966 0.4428
vn 0.0000 0.9729 0.2312
vn 0.0000 1.0000 0.0042
vn 0.0000 0.9748 -0.2233
vn 0.0000 0.8998 -0.4363
vn 0.0000 0.7820 -0.6232
vn 0.0000 0.6276 -0.7785
vn 0.0000 0.4411 -0.8974
vn 0.0000 0.2282 -0.9736
vn 0.0000 0.0000 -1.0000
vn 0.0000 -0.2282 -0.9736
vn 0.0000 -0.4411 -0.8974
vn 0.0000 -0.6276 -0.7785
vn 0.0000 -0.7820 -0.6232
vn 0.0000 -0.8998 -0.4363
vn 0.0000 -0.9748 -0.2233
vn 0.0000 -1.0000 0.0042
vn -0.0000 -1.0000 0.0042
vn -0.0000 -0.9729 0.2312
vn -0.0000 -0.8966 0.4428
vn 0.0000 -0.8966 0.4428
vn 0.0000 -0.7781 0.6281
vn 0.0000 -0.6237 0.7817
vn -0.0000 -0.6237 0.7817
vn -0.0000 -0.4379 0.8990
vn -0.0000 -0.2263 0.9741
vn 0.0000 -0.2263 0.9741
vn -0.1116 0.2254 0.9679
vn -0.1145 -0.0000 0.9934
vn -0.1116 0.2263 0.9676
vn -0.1031 0.4363 0.8939
vn -0.1030 0.4379 0.8931
vn -0.0897 0.6218 0.7781
vn -0.0895 0.6237 0.7765
vn -0.0722 0.7762 0.6264
vn -0.0720 0.7781 0.6240
vn -0.0511 0.8950 0.4431
vn -0.0507 0.8966 0.4399
vn -0.0269 0.9720 0.2336
vn -0.0265 0.9729 0.2297
vn -0.0010 1.0000 0.0083
vn -0.0005 1.0000 0.0042
vn 0.0251 0.9756 -0.2179
vn 0.0256 0.9748 -0.2218
vn 0.0496 0.9014 -0.4302
vn 0.0500 0.8998 -0.4334
vn 0.0712 0.7839 -0.6167
vn 0.0715 0.7820 -0.6191
vn 0.0891 0.6295 -0.7719
vn 0.0893 0.6276 -0.7734
vn 0.1029 0.4427 -0.8907
vn 0.1030 0.4411 -0.8915
vn 0.1117 0.2291 -0.9670
vn 0.1118 0.2282 -0.9672
vn 0.1148 -0.0000 -0.9934
vn 0.1117 -0.2291 -0.9670
vn 0.1117 -0.2282 -0.9672
vn 0.1029 -0.4427 -0.8907
vn 0.1030 -0.4411 -0.8915
vn 0.0891 -0.6295 -0.7719
vn 0.0893 -0.6276 -0.7734
vn 0.0712 -0.7839 -0.6167
vn 0.0715 -0.7820 -0.6191
vn 0.0497 -0.9014 -0.4302
vn 0.0500 -0.8998 -0.4334
vn 0.0252 -0.9756 -0.2179
vn 0.0256 -0.9748 -0.2218
vn -0.0010 -1.0000 0.0083
vn -0.0005 -1.0000 0.0042
vn -0.0269 -0.9720 0.2336
vn -0.0265 -0.9729 0.2297
vn -0.0511 -0.8950 0.4431
vn -0.0507 -0.8966 0.4399
vn -0.0722 -0.7762 0.6264
vn -0.0720 -0.7781 0.6240
vn -0.0897 -0.6218 0.7781
vn -0.0895 -0.6237 0.7765
vn -0.1031 -0.4363 0.8939
vn -0.1030 -0.4379 0.8931
vn -0.1116 -0.2254 0.9679
vn -0.1116 -0.2263 0.9676
vn -0.3281 0.2254 0.9173
vn -0.3368 0.0000 0.9416
vn -0.3282 0.2254 0.9173
vn -0.3031 0.4364 0.8472
vn -0.3031 0.4363 0.8472
vn -0.2638 0.6218 0.7374
vn -0.2638 0.6217 0.7375
vn -0.2123 0.7763 0.5936
vn -0.2124 0.7762 0.5937
vn -0.1502 0.8951 0.4199
vn -0.1503 0.8950 0.4200
vn -0.0791 0.9720 0.2212
vn -0.0792 0.9720 0.2214
vn -0.0027 1.0000 0.0077
vn -0.0028 1.0000 0.0079
vn 0.0740 0.9756 -0.2067
vn 0.0739 0.9756 -0.2065
vn 0.1460 0.9013 -0.4079
vn 0.1459 0.9014 -0.4077
vn 0.2092 0.7838 -0.5846
vn 0.2092 0.7840 -0.5845
vn 0.2619 0.6294 -0.7316
vn 0.2619 0.6295 -0.7315
vn 0.3023 0.4426 -0.8442
vn 0.3023 0.4427 -0.8442
vn 0.3282 0.2290 -0.9164
vn 0.3282 0.2291 -0.9164
vn 0.3372 -0.0000 -0.9414
vn 0.3282 -0.2290 -0.9164
vn 0.3282 -0.2291 -0.9164
vn 0.3023 -0.4426 -0.8442
vn 0.3023 -0.4427 -0.8442
vn 0.2619 -0.6294 -0.7316
vn 0.2619 -0.6295 -0.7315
vn 0.2093 -0.7838 -0.5846
vn 0.2092 -0.7840 -0.5845
vn 0.1460 -0.9013 -0.4079
vn 0.1459 -0.9014 -0.4077
vn 0.0740 -0.9756 -0.2067
vn 0.0739 -0.9756 -0.2065
vn -0.0027 -1.0000 0.0076
vn -0.0028 -1.0000 0.0079
vn -0.0791 -0.9720 0.2212
vn -0.0792 -0.9720 0.2214
vn -0.1502 -0.8951 0.4199
vn -0.1503 -0.8950 0.4200
vn -0.2123 -0.7763 0.5936
vn -0.2124 -0.7762 0.5937
vn -0.2638 -0.6218 0.7374
vn -0.2638 -0.6217 0.7375
vn -0.3031 -0.4364 0.8472
vn -0.3031 -0.4363 0.8472
vn -0.3281 -0.2254 0.9173
vn -0.5229 0.2255 0.8220
vn -0.5367 -0.0000 0.8438
vn -0.5229 0.2254 0.8220
vn -0.4829 0.4364 0.7592
vn -0.4203 0.6219 0.6607
vn -0.4203 0.6218 0.6608
vn -0.3383 0.7763 0.5318
vn -0.3384 0.7763 0.5319
vn -0.2393 0.8951 0.3762
vn -0.2393 0.8951 0.3763
vn -0.1260 0.9720 0.1981
vn -0.1261 0.9720 0.1982
vn -0.0043 1.0000 0.0067
vn -0.0044 1.0000 0.0069
vn 0.1179 0.9756 -0.1854
vn 0.1178 0.9756 -0.1853
vn 0.2326 0.9013 -0.3656
vn 0.2325 0.9013 -0.3655
vn 0.3333 0.7838 -0.5240
vn 0.3333 0.7839 -0.5239
vn 0.4171 0.6293 -0.6557
vn 0.4171 0.6294 -0.6556
vn 0.4813 0.4426 -0.7566
vn 0.5225 0.2290 -0.8213
vn 0.5368 -0.0000 -0.8437
vn 0.5225 -0.2290 -0.8213
vn 0.4813 -0.4426 -0.7566
vn 0.4171 -0.6294 -0.6557
vn 0.4171 -0.6294 -0.6556
vn 0.3333 -0.7838 -0.5240
vn 0.3333 -0.7839 -0.5239
vn 0.2326 -0.9013 -0.3656
vn 0.2325 -0.9013 -0.3655
vn 0.1179 -0.9756 -0.1854
vn 0.1178 -0.9756 -0.1853
vn -0.0043 -1.0000 0.0067
vn -0.0044 -1.0000 0.0069
vn -0.1260 -0.9720 0.1981
vn -0.1261 -0.9720 0.1982
vn -0.2393 -0.8951 0.3762
vn -0.2393 -0.8951 0.3763
vn -0.3383 -0.7763 0.5318
vn -0.3384 -0.7763 0.5319
vn -0.4203 -0.6219 0.6607
vn -0.4203 -0.6218 0.6608
vn -0.4829 -0.4364 0.7592
vn -0.5229 -0.2255 0.8220
vn -0.5229 -0.2254 0.8220
vn -0.6889 0.2255 0.6889
vn -0.7071 0.0000 0.7071
vn -0.6362 0.4365 0.6362
vn -0.5537 0.6219 0.5537
vn -0.4457 0.7764 0.4457
vn -0.4457 0.7763 0.4457
vn -0.3152 0.8951 0.3152
vn -0.1660 0.9720 0.1660
vn -0.0056 1.0000 0.0056
vn 0.1554 0.9756 -0.1554
vn 0.3064 0.9013 -0.3064
vn 0.4392 0.7838 -0.4391
vn 0.5495 0.6294 -0.5495
vn 0.6341 0.4426 -0.6340
vn 0.6884 0.2290 -0.6883
vn 0.7072 -0.0000 -0.7071
vn 0.6884 -0.2290 -0.6883
vn 0.6341 -0.4426 -0.6340
vn 0.5495 -0.6294 -0.5495
vn 0.4392 -0.7838 -0.4391
vn 0.3064 -0.9013 -0.3064
vn 0.1554 -0.9756 -0.1554
vn -0.0056 -1.0000 0.0056
vn -0.1660 -0.9720 0.1660
vn -0.3152 -0.8951 0.3152
vn -0.4457 -0.7764 0.4457
vn -0.4457 -0.7763 0.4457
vn -0.5537 -0.6219 0.5537
vn -0.6362 -0.4365 0.6362
vn -0.6889 -0.2255 0.6889
vn -0.8220 0.2254 0.5229
vn -0.8437 -0.0000 0.5368
vn -0.8220 0.2255 0.5229
vn -0.7592 0.4364 0.4830
vn -0.7591 0.4364 0.4829
vn -0.6608 0.6218 0.4204
vn -0.6607 0.6219 0.4203
vn -0.5319 0.7763 0.3384
vn -0.5318 0.7763 0.3383
vn -0.3762 0.8951 0.2394
vn -0.3762 0.8951 0.2393
vn -0.1982 0.9720 0.1261
vn -0.1981 0.9720 0.1260
vn -0.0069 1.0000 0.0044
vn -0.0067 1.0000 0.0043
vn 0.1853 0.9756 -0.1178
vn 0.1854 0.9756 -0.1179
vn 0.3655 0.9013 -0.2325
vn 0.3656 0.9013 -0.2326
vn 0.5239 0.7838 -0.3333
vn 0.5240 0.7838 -0.3333
vn 0.6557 0.6294 -0.4170
vn 0.6557 0.6294 -0.4171
vn 0.7566 0.4426 -0.4812
vn 0.7567 0.4426 -0.4812
vn 0.8214 0.2290 -0.5224
vn 0.8438 0.0000 -0.5366
vn 0.8214 -0.2290 -0.5224
vn 0.7566 -0.4426 -0.4812
vn 0.7567 -0.4426 -0.4812
vn 0.6557 -0.6294 -0.4170
vn 0.6557 -0.6294 -0.4171
vn 0.5239 -0.7839 -0.3333
vn 0.5240 -0.7838 -0.3333
vn 0.3655 -0.9013 -0.2325
vn 0.3656 -0.9013 -0.2326
vn 0.1853 -0.9756 -0.1178
vn 0.1854 -0.9756 -0.1179
vn -0.0069 -1.0000 0.0044
vn -0.0067 -1.0000 0.0043
vn -0.1982 -0.9720 0.1261
vn -0.1981 -0.9720 0.1260
vn -0.3762 -0.8951 0.2393
vn -0.5319 -0.7763 0.3384
vn -0.5318 -0.7763 0.3383
vn -0.6608 -0.6218 0.4204
vn -0.6607 -0.6219 0.4203
vn -0.7592 -0.4364 0.4830
vn -0.7591 -0.4364 0.4829
vn -0.8220 -0.2254 0.5229
vn -0.8220 -0.2255 0.5229
vn -0.9173 0.2254 0.3283
vn -0.9415 0.0000 0.3369
vn -0.8472 0.4363 0.3032
vn -0.8472 0.4364 0.3031
vn -0.7374 0.6217 0.2639
vn -0.7374 0.6218 0.2639
vn -0.5937 0.7762 0.2124
vn -0.5935 0.7763 0.2124
vn -0.4200 0.8950 0.1503
vn -0.4199 0.8951 0.1502
vn -0.2214 0.9720 0.0792
vn -0.2212 0.9720 0.0792
vn -0.0079 1.0000 0.0028
vn -0.0077 1.0000 0.0027
vn 0.2065 0.9756 -0.0739
vn 0.2067 0.9756 -0.0740
vn 0.4077 0.9014 -0.1459
vn 0.4079 0.9013 -0.1459
vn 0.5845 0.7839 -0.2091
vn 0.5847 0.7839 -0.2092
vn 0.7316 0.6295 -0.2617
vn 0.7316 0.6294 -0.2618
vn 0.8443 0.4427 -0.3021
vn 0.8443 0.4426 -0.3021
vn 0.9165 0.2291 -0.3279
vn 0.9165 0.2290 -0.3279
vn 0.9416 -0.0000 -0.3368
vn 0.9165 -0.2291 -0.3279
vn 0.9165 -0.2290 -0.3279
vn 0.8443 -0.4427 -0.3020
vn 0.8443 -0.4426 -0.3021
vn 0.7316 -0.6295 -0.2617
vn 0.7316 -0.6294 -0.2618
vn 0.5845 -0.7839 -0.2091
vn 0.5846 -0.7839 -0.2092
vn 0.4077 -0.9014 -0.1459
vn 0.4079 -0.9013 -0.1459
vn 0.2065 -0.9756 -0.0739
vn 0.2067 -0.9756 -0.0740
vn -0.0079 -1.0000 0.0028
vn -0.0077 -1.0000 0.0027
vn -0.2214 -0.9720 0.0792
vn -0.2212 -0.9720 0.0792
vn -0.4200 -0.8950 0.1503
vn -0.4199 -0.8951 0.1502
vn -0.5937 -0.7762 0.2124
vn -0.5935 -0.7763 0.2124
vn -0.7374 -0.6217 0.2639
vn -0.7374 -0.6218 0.2639
vn -0.8472 -0.4363 0.3032
vn -0.8472 -0.4364 0.3031
vn -0.9173 -0.2254 0.3283
vn -0.9676 0.2263 0.1117
vn -0.9934 -0.0000 0.1146
vn -0.9678 0.2254 0.1117
vn -0.8931 0.4379 0.1031
vn -0.8939 0.4363 0.1031
vn -0.7765 0.6237 0.0896
vn -0.7781 0.6217 0.0898
vn -0.6240 0.7781 0.0720
vn -0.6264 0.7762 0.0723
vn -0.4399 0.8966 0.0508
vn -0.4432 0.8950 0.0511
vn -0.2297 0.9729 0.0265
vn -0.2336 0.9720 0.0270
vn -0.0042 1.0000 0.0005
vn -0.0083 1.0000 0.0010
vn 0.2218 0.9748 -0.0256
vn 0.2179 0.9756 -0.0251
vn 0.4334 0.8998 -0.0500
vn 0.4302 0.9014 -0.0496
vn 0.6191 0.7820 -0.0714
vn 0.6167 0.7839 -0.0711
vn 0.7734 0.6276 -0.0892
vn 0.7719 0.6295 -0.0890
vn 0.8915 0.4411 -0.1028
vn 0.8908 0.4427 -0.1027
vn 0.9672 0.2282 -0.1115
vn 0.9670 0.2291 -0.1115
vn 0.9934 -0.0000 -0.1146
vn 0.9934 0.0000 -0.1146
vn 0.9672 -0.2282 -0.1115
vn 0.9670 -0.2291 -0.1115
vn 0.8915 -0.4411 -0.1028
vn 0.8908 -0.4427 -0.1027
vn 0.7734 -0.6276 -0.0892
vn 0.7719 -0.6295 -0.0890
vn 0.6191 -0.7820 -0.0714
vn 0.6167 -0.7840 -0.0711
vn 0.4334 -0.8998 -0.0500
vn 0.4302 -0.9014 -0.0496
vn 0.2218 -0.9748 -0.0256
vn 0.2179 -0.9756 -0.0251
vn -0.0042 -1.0000 0.0005
vn -0.0083 -1.0000 0.0010
vn -0.2297 -0.9729 0.0265
vn -0.2336 -0.9720 0.0270
vn -0.4399 -0.8966 0.0508
vn -0.4432 -0.8950 0.0511
vn -0.6240 -0.7781 0.0720
vn -0.6264 -0.7762 0.0723
vn -0.7765 -0.6237 0.0896
vn -0.7781 -0.6217 0.0898
vn -0.8931 -0.4379 0.1031
vn -0.8939 -0.4363 0.1031
vn -0.9676 -0.2263 0.1117
vn -0.9678 -0.2254 0.1117
vn -1.0000 -0.0000 0.0000
vn -0.9741 0.2263 0.0000
vn -0.8990 0.4379 0.0000
vn -0.7817 0.6237 0.0000
vn -0.6281 0.7781 0.0000
vn -0.4428 0.8966 0.0000
vn -0.2312 0.9729 -0.0000
vn -0.0000 1.0000 -0.0000
vn -0.0042 1.0000 0.0000
vn 0.2272 0.9738 0.0000
vn 0.2233 0.9748 0.0000
vn 0.4363 0.8998 0.0000
vn 0.6232 0.7820 0.0000
vn 0.7785 0.6276 0.0000
vn 0.8974 0.4411 0.0000
vn 0.9736 0.2282 0.0000
vn 0.9736 -0.2282 0.0000
vn 0.8974 -0.4411 0.0000
vn 0.7785 -0.6276 0.0000
vn 0.6232 -0.7820 0.0000
vn 0.4363 -0.8998 0.0000
vn 0.2233 -0.9748 0.0000
vn 0.0000 -1.0000 0.0000
vn -0.0042 -1.0000 0.0000
vn -0.2312 -0.9729 0.0000
vn -0.4428 -0.8966 0.0000
vn -0.6281 -0.7781 0.0000
vn -0.7817 -0.6237 0.0000
vn -0.8990 -0.4379 0.0000
vn -0.9741 -0.2263 0.0000
vn -0.0000 0.0000 -1.0000
vn 0.0000 -0.0000 -1.0000
vn -0.0000 -0.0000 -1.0000
# 807 vertex normals

g Line009
usemtl wire_028028177
s 1
f 1937//763 1938//764 1939//764 1940//765 
s 3
f 1941//766 1937//763 1940//765 1942//767 
s 2
f 1943//768 1941//766 1942//767 1944//769 
f 1945//770 1943//768 1944//769 1946//771 
f 1947//772 1945//770 1946//771 1948//773 
f 1949//774 1947//772 1948//773 1950//775 
f 1951//776 1949//774 1950//775 1952//777 
f 1953//778 1951//776 1952//777 1954//779 
f 1955//780 1953//778 1954//779 1956//781 
f 1957//782 1955//780 1956//781 1958//783 
f 1959//784 1957//782 1958//783 1960//785 
f 1961//786 1959//784 1960//785 1962//787 
f 1963//788 1961//786 1962//787 1964//789 
f 1965//790 1963//788 1964//789 1966//790 
f 1967//791 1965//790 1966//790 1968//792 
f 1969//793 1967//791 1968//792 1970//794 
f 1971//795 1969//793 1970//794 1972//796 
f 1973//797 1971//795 1972//796 1974//798 
f 1975//799 1973//797 1974//798 1976//800 
f 1977//801 1975//799 1976//800 1978//802 
f 1979//803 1977//801 1978//802 1980//804 
f 1981//805 1979//803 1980//804 1982//806 
f 1983//807 1981//805 1982//806 1984//808 
f 1985//809 1983//807 1984//808 1986//810 
f 1987//811 1985//809 1986//810 1988//812 
f 1989//813 1987//811 1988//812 1990//814 
f 1991//815 1989//813 1990//814 1992//816 
s 3
f 1938//764 1991//815 1992//816 1939//764 
s 8
f 1993//817 1994//818 1938//818 1937//819 
s 24
f 1995//820 1993//817 1937//819 1941//821 
s 16
f 1996//822 1995//820 1941//821 1943//823 
f 1997//824 1996//822 1943//823 1945//825 
f 1998//826 1997//824 1945//825 1947//827 
f 1999//828 1998//826 1947//827 1949//829 
f 2000//830 1999//828 1949//829 1951//831 
f 2001//832 2000//830 1951//831 1953//833 
f 2002//834 2001//832 1953//833 1955//835 
f 2003//836 2002//834 1955//835 1957//837 
f 2004//838 2003//836 1957//837 1959//839 
f 2005//840 2004//838 1959//839 1961//841 
f 2006//842 2005//840 1961//841 1963//843 
f 2007//844 2006//842 1963//843 1965//844 
f 2008//845 2007//844 1965//844 1967//846 
f 2009//847 2008//845 1967//846 1969//848 
f 2010//849 2009//847 1969//848 1971//850 
f 2011//851 2010//849 1971//850 1973//852 
f 2012//853 2011//851 1973//852 1975//854 
f 2013//855 2012//853 1975//854 1977//856 
f 2014//857 2013//855 1977//856 1979//858 
f 2015//859 2014//857 1979//858 1981//860 
f 2016//861 2015//859 1981//860 1983//862 
f 2017//863 2016//861 1983//862 1985//864 
f 2018//865 2017//863 1985//864 1987//866 
f 2019//867 2018//865 1987//866 1989//868 
f 2020//869 2019//867 1989//868 1991//870 
s 24
f 1994//818 2020//869 1991//870 1938//818 
s 1
f 2021//871 2022//872 1994//872 1993//871 
s 3
f 2023//873 2021//871 1993//871 1995//874 
s 2
f 2024//875 2023//873 1995//874 1996//876 
f 2025//877 2024//875 1996//876 1997//878 
f 2026//879 2025//877 1997//878 1998//880 
f 2027//881 2026//879 1998//880 1999//882 
f 2028//883 2027//881 1999//882 2000//884 
f 2029//885 2028//883 2000//884 2001//886 
f 2030//887 2029//885 2001//886 2002//888 
f 2031//889 2030//887 2002//888 2003//890 
f 2032//891 2031//889 2003//890 2004//892 
f 2033//893 2032//891 2004//892 2005//894 
f 2034//895 2033//893 2005//894 2006//896 
f 2035//897 2034//895 2006//896 2007//897 
f 2036//898 2035//897 2007//897 2008//899 
f 2037//900 2036//898 2008//899 2009//901 
f 2038//902 2037//900 2009//901 2010//903 
f 2039//904 2038//902 2010//903 2011//905 
f 2040//906 2039//904 2011//905 2012//907 
f 2041//908 2040//906 2012//907 2013//909 
f 2042//910 2041//908 2013//909 2014//911 
f 2043//912 2042//910 2014//911 2015//913 
f 2044//914 2043//912 2015//913 2016//915 
f 2045//916 2044//914 2016//915 2017//917 
f 2046//918 2045//916 2017//917 2018//919 
f 2047//920 2046//918 2018//919 2019//921 
f 2048//922 2047//920 2019//921 2020//922 
s 3
f 2022//872 2048//922 2020//922 1994//872 
s 8
f 2049//923 2050//924 2022//924 2021//925 
s 24
f 2051//926 2049//923 2021//925 2023//927 
s 16
f 2052//928 2051//926 2023//927 2024//929 
f 2053//930 2052//928 2024//929 2025//931 
f 2054//932 2053//930 2025//931 2026//933 
f 2055//934 2054//932 2026//933 2027//935 
f 2056//936 2055//934 2027//935 2028//937 
f 2057//938 2056//936 2028//937 2029//939 
f 2058//940 2057//938 2029//939 2030//941 
f 2059//942 2058//940 2030//941 2031//943 
f 2060//944 2059//942 2031//943 2032//945 
f 2061//946 2060//944 2032//945 2033//947 
f 2062//948 2061//946 2033//947 2034//948 
f 2063//949 2062//948 2034//948 2035//949 
f 2064//950 2063//949 2035//949 2036//950 
f 2065//951 2064//950 2036//950 2037//952 
f 2066//953 2065//951 2037//952 2038//954 
f 2067//955 2066//953 2038//954 2039//956 
f 2068//957 2067//955 2039//956 2040//958 
f 2069//959 2068//957 2040//958 2041//960 
f 2070//961 2069//959 2041//960 2042//962 
f 2071//963 2070//961 2042//962 2043//964 
f 2072//965 2071//963 2043//964 2044//966 
f 2073//967 2072//965 2044//966 2045//968 
f 2074//969 2073//967 2045//968 2046//970 
f 2075//971 2074//969 2046//970 2047//972 
f 2076//973 2075//971 2047//972 2048//974 
s 24
f 2050//924 2076//973 2048//974 2022//924 
s 1
f 2077//975 2078//976 2050//976 2049//975 
s 3
f 2079//977 2077//975 2049//975 2051//977 
s 2
f 2080//978 2079//977 2051//977 2052//978 
f 2081//979 2080//978 2052//978 2053//980 
f 2082//981 2081//979 2053//980 2054//981 
f 2083//982 2082//981 2054//981 2055//982 
f 2084//983 2083//982 2055//982 2056//983 
f 2085//984 2084//983 2056//983 2057//984 
f 2086//985 2085//984 2057//984 2058//985 
f 2087//986 2086//985 2058//985 2059//987 
f 2088//988 2087//986 2059//987 2060//988 
f 2089//989 2088//988 2060//988 2061//989 
f 2090//990 2089//989 2061//989 2062//990 
f 2091//991 2090//990 2062//990 2063//991 
f 2092//992 2091//991 2063//991 2064//992 
f 2093//993 2092//992 2064//992 2065//994 
f 2094//995 2093//993 2065//994 2066//996 
f 2095//997 2094//995 2066//996 2067//997 
f 2096//998 2095//997 2067//997 2068//998 
f 2097//999 2096//998 2068//998 2069//999 
f 2098//1000 2097//999 2069//999 2070//1000 
f 2099//1001 2098//1000 2070//1000 2071//1001 
f 2100//1002 2099//1001 2071//1001 2072//1002 
f 2101//1003 2100//1002 2072//1002 2073//1004 
f 2102//1005 2101//1003 2073//1004 2074//1005 
f 2103//1006 2102//1005 2074//1005 2075//1006 
f 2104//1007 2103//1006 2075//1006 2076//1007 
s 3
f 2078//976 2104//1007 2076//1007 2050//976 
s 8
f 2105//1008 2106//1009 2078//1009 2077//1010 
s 24
f 2107//1011 2105//1008 2077//1010 2079//1011 
s 16
f 2108//1012 2107//1011 2079//1011 2080//1013 
f 2109//1014 2108//1012 2080//1013 2081//1015 
f 2110//1016 2109//1014 2081//1015 2082//1017 
f 2111//1018 2110//1016 2082//1017 2083//1019 
f 2112//1020 2111//1018 2083//1019 2084//1021 
f 2113//1022 2112//1020 2084//1021 2085//1023 
f 2114//1024 2113//1022 2085//1023 2086//1025 
f 2115//1026 2114//1024 2086//1025 2087//1027 
f 2116//1028 2115//1026 2087//1027 2088//1029 
f 2117//1030 2116//1028 2088//1029 2089//1030 
f 2118//1031 2117//1030 2089//1030 2090//1031 
f 2119//1032 2118//1031 2090//1031 2091//1032 
f 2120//1033 2119//1032 2091//1032 2092//1033 
f 2121//1034 2120//1033 2092//1033 2093//1034 
f 2122//1035 2121//1034 2093//1034 2094//1036 
f 2123//1037 2122//1035 2094//1036 2095//1038 
f 2124//1039 2123//1037 2095//1038 2096//1040 
f 2125//1041 2124//1039 2096//1040 2097//1042 
f 2126//1043 2125//1041 2097//1042 2098//1044 
f 2127//1045 2126//1043 2098//1044 2099//1046 
f 2128//1047 2127//1045 2099//1046 2100//1048 
f 2129//1049 2128//1047 2100//1048 2101//1050 
f 2130//1051 2129//1049 2101//1050 2102//1052 
f 2131//1053 2130//1051 2102//1052 2103//1053 
f 2132//1054 2131//1053 2103//1053 2104//1055 
s 24
f 2106//1009 2132//1054 2104//1055 2078//1009 
s 1
f 2133//1056 2134//1057 2106//1057 2105//1056 
s 3
f 2135//1058 2133//1056 2105//1056 2107//1059 
s 2
f 2136//1060 2135//1058 2107//1059 2108//1061 
f 2137//1062 2136//1060 2108//1061 2109//1063 
f 2138//1064 2137//1062 2109//1063 2110//1065 
f 2139//1066 2138//1064 2110//1065 2111//1067 
f 2140//1068 2139//1066 2111//1067 2112//1069 
f 2141//1070 2140//1068 2112//1069 2113//1071 
f 2142//1072 2141//1070 2113//1071 2114//1073 
f 2143//1074 2142//1072 2114//1073 2115//1075 
f 2144//1076 2143//1074 2115//1075 2116//1077 
f 2145//1078 2144//1076 2116//1077 2117//1079 
f 2146//1080 2145//1078 2117//1079 2118//1081 
f 2147//1082 2146//1080 2118//1081 2119//1082 
f 2148//1083 2147//1082 2119//1082 2120//1084 
f 2149//1085 2148//1083 2120//1084 2121//1086 
f 2150//1087 2149//1085 2121//1086 2122//1088 
f 2151//1089 2150//1087 2122//1088 2123//1090 
f 2152//1091 2151//1089 2123//1090 2124//1092 
f 2153//1093 2152//1091 2124//1092 2125//1094 
f 2154//1095 2153//1093 2125//1094 2126//1096 
f 2155//1097 2154//1095 2126//1096 2127//1098 
f 2156//1099 2155//1097 2127//1098 2128//1100 
f 2157//1101 2156//1099 2128//1100 2129//1102 
f 2158//1103 2157//1101 2129//1102 2130//1104 
f 2159//1105 2158//1103 2130//1104 2131//1106 
f 2160//1107 2159//1105 2131//1106 2132//1107 
s 3
f 2134//1057 2160//1107 2132//1107 2106//1057 
s 8
f 2161//1108 2162//1109 2134//1109 2133//1110 
s 24
f 2163//1111 2161//1108 2133//1110 2135//1112 
s 16
f 2164//1113 2163//1111 2135//1112 2136//1114 
f 2165//1115 2164//1113 2136//1114 2137//1116 
f 2166//1117 2165//1115 2137//1116 2138//1118 
f 2167//1119 2166//1117 2138//1118 2139//1120 
f 2168//1121 2167//1119 2139//1120 2140//1122 
f 2169//1123 2168//1121 2140//1122 2141//1124 
f 2170//1125 2169//1123 2141//1124 2142//1126 
f 2171//1127 2170//1125 2142//1126 2143//1128 
f 2172//1129 2171//1127 2143//1128 2144//1130 
f 2173//1131 2172//1129 2144//1130 2145//1132 
f 2174//1133 2173//1131 2145//1132 2146//1134 
f 2175//1135 2174//1133 2146//1134 2147//1135 
f 2176//1136 2175//1135 2147//1135 2148//1137 
f 2177//1138 2176//1136 2148//1137 2149//1139 
f 2178//1140 2177//1138 2149//1139 2150//1141 
f 2179//1142 2178//1140 2150//1141 2151//1143 
f 2180//1144 2179//1142 2151//1143 2152//1145 
f 2181//1146 2180//1144 2152//1145 2153//1147 
f 2182//1148 2181//1146 2153//1147 2154//1149 
f 2183//1150 2182//1148 2154//1149 2155//1151 
f 2184//1152 2183//1150 2155//1151 2156//1153 
f 2185//1154 2184//1152 2156//1153 2157//1155 
f 2186//1156 2185//1154 2157//1155 2158//1157 
f 2187//1158 2186//1156 2158//1157 2159//1159 
f 2188//1160 2187//1158 2159//1159 2160//1161 
s 24
f 2162//1109 2188//1160 2160//1161 2134//1109 
s 1
f 2189//1162 2190//1163 2162//1163 2161//1162 
s 3
f 2191//1164 2189//1162 2161//1162 2163//1164 
s 2
f 2192//1165 2191//1164 2163//1164 2164//1165 
f 2193//1166 2192//1165 2164//1165 2165//1166 
f 2194//1167 2193//1166 2165//1166 2166//1167 
f 2195//1168 2194//1167 2166//1167 2167//1168 
f 2196//1169 2195//1168 2167//1168 2168//1169 
f 2197//1170 2196//1169 2168//1169 2169//1170 
f 2198//1171 2197//1170 2169//1170 2170//1171 
f 2199//1172 2198//1171 2170//1171 2171//1172 
f 2200//1173 2199//1172 2171//1172 2172//1173 
f 2201//1174 2200//1173 2172//1173 2173//1174 
f 2202//1175 2201//1174 2173//1174 2174//1175 
f 2203//1176 2202//1175 2174//1175 2175//1176 
f 2204//1177 2203//1176 2175//1176 2176//1177 
f 2205//1178 2204//1177 2176//1177 2177//1178 
f 2206//1179 2205//1178 2177//1178 2178//1179 
f 2207//1180 2206//1179 2178//1179 2179//1180 
f 2208//1181 2207//1180 2179//1180 2180//1181 
f 2209//1182 2208//1181 2180//1181 2181//1182 
f 2210//1183 2209//1182 2181//1182 2182//1184 
f 2211//1185 2210//1183 2182//1184 2183//1185 
f 2212//1186 2211//1185 2183//1185 2184//1187 
f 2213//1188 2212//1186 2184//1187 2185//1188 
f 2214//1189 2213//1188 2185//1188 2186//1190 
f 2215//1191 2214//1189 2186//1190 2187//1191 
f 2216//1192 2215//1191 2187//1191 2188//1193 
s 3
f 2190//1163 2216//1192 2188//1193 2162//1163 
s 8
f 2217//1194 2218//1195 2190//1195 2189//1196 
s 24
f 2219//1197 2217//1194 2189//1196 2191//1198 
s 16
f 2220//1199 2219//1197 2191//1198 2192//1200 
f 2221//1201 2220//1199 2192//1200 2193//1202 
f 2222//1203 2221//1201 2193//1202 2194//1204 
f 2223//1205 2222//1203 2194//1204 2195//1206 
f 2224//1207 2223//1205 2195//1206 2196//1208 
f 2225//1209 2224//1207 2196//1208 2197//1210 
f 2226//1211 2225//1209 2197//1210 2198//1212 
f 2227//1213 2226//1211 2198//1212 2199//1214 
f 2228//1215 2227//1213 2199//1214 2200//1216 
f 2229//1217 2228//1215 2200//1216 2201//1218 
f 2230//1219 2229//1217 2201//1218 2202//1220 
f 2231//1221 2230//1219 2202//1220 2203//1221 
f 2232//1222 2231//1221 2203//1221 2204//1223 
f 2233//1224 2232//1222 2204//1223 2205//1225 
f 2234//1226 2233//1224 2205//1225 2206//1227 
f 2235//1228 2234//1226 2206//1227 2207//1229 
f 2236//1230 2235//1228 2207//1229 2208//1231 
f 2237//1232 2236//1230 2208//1231 2209//1233 
f 2238//1234 2237//1232 2209//1233 2210//1235 
f 2239//1236 2238//1234 2210//1235 2211//1237 
f 2240//1238 2239//1236 2211//1237 2212//1239 
f 2241//1240 2240//1238 2212//1239 2213//1241 
f 2242//1242 2241//1240 2213//1241 2214//1243 
f 2243//1244 2242//1242 2214//1243 2215//1245 
f 2244//1246 2243//1244 2215//1245 2216//1247 
s 24
f 2218//1195 2244//1246 2216//1247 2190//1195 
s 1
f 2245//1248 2246//1249 2218//1249 2217//1250 
s 3
f 2247//1251 2245//1248 2217//1250 2219//1252 
s 2
f 2248//1253 2247//1251 2219//1252 2220//1254 
f 2249//1255 2248//1253 2220//1254 2221//1256 
f 2250//1257 2249//1255 2221//1256 2222//1258 
f 2251//1259 2250//1257 2222//1258 2223//1260 
f 2252//1261 2251//1259 2223//1260 2224//1262 
f 2253//1263 2252//1261 2224//1262 2225//1264 
f 2254//1265 2253//1263 2225//1264 2226//1266 
f 2255//1267 2254//1265 2226//1266 2227//1268 
f 2256//1269 2255//1267 2227//1268 2228//1270 
f 2257//1271 2256//1269 2228//1270 2229//1272 
f 2258//1273 2257//1271 2229//1272 2230//1274 
f 2259//1275 2258//1273 2230//1274 2231//1275 
f 2260//1276 2259//1275 2231//1275 2232//1277 
f 2261//1278 2260//1276 2232//1277 2233//1279 
f 2262//1280 2261//1278 2233//1279 2234//1281 
f 2263//1282 2262//1280 2234//1281 2235//1283 
f 2264//1284 2263//1282 2235//1283 2236//1285 
f 2265//1286 2264//1284 2236//1285 2237//1287 
f 2266//1288 2265//1286 2237//1287 2238//1289 
f 2267//1290 2266//1288 2238//1289 2239//1291 
f 2268//1292 2267//1290 2239//1291 2240//1293 
f 2269//1294 2268//1292 2240//1293 2241//1295 
f 2270//1296 2269//1294 2241//1295 2242//1297 
f 2271//1298 2270//1296 2242//1297 2243//1299 
f 2272//1300 2271//1298 2243//1299 2244//1300 
s 3
f 2246//1249 2272//1300 2244//1300 2218//1249 
s 8
f 2273//1301 2274//1302 2246//1302 2245//1303 
s 24
f 2275//1304 2273//1301 2245//1303 2247//1304 
s 16
f 2276//1305 2275//1304 2247//1304 2248//1306 
f 2277//1307 2276//1305 2248//1306 2249//1308 
f 2278//1309 2277//1307 2249//1308 2250//1310 
f 2279//1311 2278//1309 2250//1310 2251//1312 
f 2280//1313 2279//1311 2251//1312 2252//1314 
f 2281//1315 2280//1313 2252//1314 2253//1316 
f 2282//1317 2281//1315 2253//1316 2254//1318 
f 2283//1319 2282//1317 2254//1318 2255//1320 
f 2284//1321 2283//1319 2255//1320 2256//1322 
f 2285//1323 2284//1321 2256//1322 2257//1323 
f 2286//1324 2285//1323 2257//1323 2258//1324 
f 2287//1325 2286//1324 2258//1324 2259//1325 
f 2288//1326 2287//1325 2259//1325 2260//1326 
f 2289//1327 2288//1326 2260//1326 2261//1327 
f 2290//1328 2289//1327 2261//1327 2262//1329 
f 2291//1330 2290//1328 2262//1329 2263//1331 
f 2292//1332 2291//1330 2263//1331 2264//1333 
f 2293//1334 2292//1332 2264//1333 2265//1335 
f 2294//1336 2293//1334 2265//1335 2266//1337 
f 2295//1338 2294//1336 2266//1337 2267//1339 
f 2296//1340 2295//1338 2267//1339 2268//1341 
f 2297//1342 2296//1340 2268//1341 2269//1343 
f 2298//1344 2297//1342 2269//1343 2270//1345 
f 2299//1346 2298//1344 2270//1345 2271//1346 
f 2300//1347 2299//1346 2271//1346 2272//1348 
s 24
f 2274//1302 2300//1347 2272//1348 2246//1302 
s 1
f 2301//1349 2302//1350 2274//1350 2273//1349 
s 3
f 2303//1351 2301//1349 2273//1349 2275//1351 
s 2
f 2304//1352 2303//1351 2275//1351 2276//1352 
f 2305//1353 2304//1352 2276//1352 2277//1354 
f 2306//1355 2305//1353 2277//1354 2278//1355 
f 2307//1356 2306//1355 2278//1355 2279//1356 
f 2308//1357 2307//1356 2279//1356 2280//1357 
f 2309//1358 2308//1357 2280//1357 2281//1358 
f 2310//1359 2309//1358 2281//1358 2282//1359 
f 2311//1360 2310//1359 2282//1359 2283//1360 
f 2312//1361 2311//1360 2283//1360 2284//1361 
f 2313//1362 2312//1361 2284//1361 2285//1362 
f 2314//1363 2313//1362 2285//1362 2286//1363 
f 2315//1364 2314//1363 2286//1363 2287//1364 
f 2316//1365 2315//1364 2287//1364 2288//1365 
f 2317//1366 2316//1365 2288//1365 2289//1366 
f 2318//1367 2317//1366 2289//1366 2290//1367 
f 2319//1368 2318//1367 2290//1367 2291//1368 
f 2320//1369 2319//1368 2291//1368 2292//1369 
f 2321//1370 2320//1369 2292//1369 2293//1370 
f 2322//1371 2321//1370 2293//1370 2294//1371 
f 2323//1372 2322//1371 2294//1371 2295//1372 
f 2324//1373 2323//1372 2295//1372 2296//1373 
f 2325//1374 2324//1373 2296//1373 2297//1375 
f 2326//1376 2325//1374 2297//1375 2298//1376 
f 2327//1377 2326//1376 2298//1376 2299//1377 
f 2328//1378 2327//1377 2299//1377 2300//1378 
s 3
f 2302//1350 2328//1378 2300//1378 2274//1350 
s 8
f 2329//1379 2330//1380 2302//1380 2301//1381 
s 24
f 2331//1382 2329//1379 2301//1381 2303//1383 
s 16
f 2332//1384 2331//1382 2303//1383 2304//1385 
f 2333//1386 2332//1384 2304//1385 2305//1387 
f 2334//1388 2333//1386 2305//1387 2306//1389 
f 2335//1390 2334//1388 2306//1389 2307//1391 
f 2336//1392 2335//1390 2307//1391 2308//1393 
f 2337//1394 2336//1392 2308//1393 2309//1395 
f 2338//1396 2337//1394 2309//1395 2310//1397 
f 2339//1398 2338//1396 2310//1397 2311//1399 
f 2340//1400 2339//1398 2311//1399 2312//1401 
f 2341//1402 2340//1400 2312//1401 2313//1403 
f 2342//1404 2341//1402 2313//1403 2314//1404 
f 2343//1405 2342//1404 2314//1404 2315//1405 
f 2344//1406 2343//1405 2315//1405 2316//1406 
f 2345//1407 2344//1406 2316//1406 2317//1408 
f 2346//1409 2345//1407 2317//1408 2318//1410 
f 2347//1411 2346//1409 2318//1410 2319//1412 
f 2348//1413 2347//1411 2319//1412 2320//1414 
f 2349//1415 2348//1413 2320//1414 2321//1416 
f 2350//1417 2349//1415 2321//1416 2322//1418 
f 2351//1419 2350//1417 2322//1418 2323//1420 
f 2352//1421 2351//1419 2323//1420 2324//1421 
f 2353//1422 2352//1421 2324//1421 2325//1423 
f 2354//1424 2353//1422 2325//1423 2326//1425 
f 2355//1426 2354//1424 2326//1425 2327//1427 
f 2356//1428 2355//1426 2327//1427 2328//1429 
s 24
f 2330//1380 2356//1428 2328//1429 2302//1380 
s 1
f 2357//1430 2358//1431 2330//1431 2329//1430 
s 3
f 2359//1432 2357//1430 2329//1430 2331//1433 
s 2
f 2360//1434 2359//1432 2331//1433 2332//1435 
f 2361//1436 2360//1434 2332//1435 2333//1437 
f 2362//1438 2361//1436 2333//1437 2334//1439 
f 2363//1440 2362//1438 2334//1439 2335//1441 
f 2364//1442 2363//1440 2335//1441 2336//1443 
f 2365//1444 2364//1442 2336//1443 2337//1445 
f 2366//1446 2365//1444 2337//1445 2338//1447 
f 2367//1448 2366//1446 2338//1447 2339//1449 
f 2368//1450 2367//1448 2339//1449 2340//1451 
f 2369//1452 2368//1450 2340//1451 2341//1453 
f 2370//1454 2369//1452 2341//1453 2342//1455 
f 2371//1456 2370//1454 2342//1455 2343//1456 
f 2372//1457 2371//1456 2343//1456 2344//1458 
f 2373//1459 2372//1457 2344//1458 2345//1460 
f 2374//1461 2373//1459 2345//1460 2346//1462 
f 2375//1463 2374//1461 2346//1462 2347//1464 
f 2376//1465 2375//1463 2347//1464 2348//1466 
f 2377//1467 2376//1465 2348//1466 2349//1468 
f 2378//1469 2377//1467 2349//1468 2350//1470 
f 2379//1471 2378//1469 2350//1470 2351//1472 
f 2380//1473 2379//1471 2351//1472 2352//1474 
f 2381//1475 2380//1473 2352//1474 2353//1476 
f 2382//1477 2381//1475 2353//1476 2354//1478 
f 2383//1479 2382//1477 2354//1478 2355//1480 
f 2384//1481 2383//1479 2355//1480 2356//1481 
s 3
f 2358//1431 2384//1481 2356//1481 2330//1431 
s 8
f 2385//1482 2386//1483 2358//1483 2357//1484 
s 24
f 2387//1485 2385//1482 2357//1484 2359//1486 
s 16
f 2388//1487 2387//1485 2359//1486 2360//1488 
f 2389//1489 2388//1487 2360//1488 2361//1490 
f 2390//1491 2389//1489 2361//1490 2362//1492 
f 2391//1493 2390//1491 2362//1492 2363//1494 
f 2392//1495 2391//1493 2363//1494 2364//1496 
f 2393//1497 2392//1495 2364//1496 2365//1498 
f 2394//1499 2393//1497 2365//1498 2366//1500 
f 2395//1501 2394//1499 2366//1500 2367//1502 
f 2396//1503 2395//1501 2367//1502 2368//1504 
f 2397//1505 2396//1503 2368//1504 2369//1506 
f 2398//1507 2397//1505 2369//1506 2370//1508 
f 2399//1509 2398//1507 2370//1508 2371//1510 
f 2400//1511 2399//1509 2371//1510 2372//1512 
f 2401//1513 2400//1511 2372//1512 2373//1514 
f 2402//1515 2401//1513 2373//1514 2374//1516 
f 2403//1517 2402//1515 2374//1516 2375//1518 
f 2404//1519 2403//1517 2375//1518 2376//1520 
f 2405//1521 2404//1519 2376//1520 2377//1522 
f 2406//1523 2405//1521 2377//1522 2378//1524 
f 2407//1525 2406//1523 2378//1524 2379//1526 
f 2408//1527 2407//1525 2379//1526 2380//1528 
f 2409//1529 2408//1527 2380//1528 2381//1530 
f 2410//1531 2409//1529 2381//1530 2382//1532 
f 2411//1533 2410//1531 2382//1532 2383//1534 
f 2412//1535 2411//1533 2383//1534 2384//1536 
s 24
f 2386//1483 2412//1535 2384//1536 2358//1483 
s 1
f 2413//789 2414//1537 2386//1537 2385//1538 
s 3
f 2415//787 2413//789 2385//1538 2387//1539 
s 2
f 2416//785 2415//787 2387//1539 2388//1540 
f 2417//783 2416//785 2388//1540 2389//1541 
f 2418//781 2417//783 2389//1541 2390//1542 
f 2419//779 2418//781 2390//1542 2391//1543 
f 2420//1544 2419//779 2391//1543 2392//1545 
f 2421//1546 2420//1544 2392//1545 2393//1547 
f 2422//773 2421//1546 2393//1547 2394//1548 
f 2423//771 2422//773 2394//1548 2395//1549 
f 2424//769 2423//771 2395//1549 2396//1550 
f 2425//767 2424//769 2396//1550 2397//1551 
f 2426//765 2425//767 2397//1551 2398//1552 
f 2427//764 2426//765 2398//1552 2399//764 
f 2428//816 2427//764 2399//764 2400//1553 
f 2429//814 2428//816 2400//1553 2401//1554 
f 2430//812 2429//814 2401//1554 2402//1555 
f 2431//810 2430//812 2402//1555 2403//1556 
f 2432//808 2431//810 2403//1556 2404//1557 
f 2433//806 2432//808 2404//1557 2405//1558 
f 2434//1559 2433//806 2405//1558 2406//1560 
f 2435//802 2434//1559 2406//1560 2407//1561 
f 2436//800 2435//802 2407//1561 2408//1562 
f 2437//798 2436//800 2408//1562 2409//1563 
f 2438//796 2437//798 2409//1563 2410//1564 
f 2439//794 2438//796 2410//1564 2411//1565 
f 2440//792 2439//794 2411//1565 2412//1566 
s 3
f 2414//1537 2440//792 2412//1566 2386//1537 
s 2147483648
f 1972//1176 1970//1176 1968//1176 1966//1176 
f 1972//1176 1966//1176 1964//1176 1962//1176 
f 1972//1176 1962//1176 1960//1176 1958//1176 
f 1972//1176 1958//1176 1956//1176 1954//1176 
f 1972//1176 1954//1176 1952//1176 1950//1176 
f 1972//1176 1950//1176 1948//1176 1946//1176 
f 1972//1176 1946//1176 1944//1176 1942//1176 
f 1972//1176 1942//1176 1940//1176 1939//1176 
f 1972//1176 1939//1176 1992//1176 1990//1176 
f 1972//1176 1990//1176 1988//1176 1986//1176 
f 1974//1176 1972//1176 1986//1176 1976//1176 
f 1976//1176 1986//1176 1984//1176 1982//1176 
f 1978//1176 1976//1176 1982//1176 1980//1176 
f 2433//1176 2434//1176 2435//1176 2432//1176 
f 2428//1567 2429//1568 2430//1569 2427//1569 
f 2426//1567 2427//1569 2430//1569 2425//1567 
f 2424//1176 2425//1567 2430//1569 2423//1176 
f 2422//1176 2423//1176 2430//1569 2421//1176 
f 2420//1176 2421//1176 2430//1569 2419//1176 
f 2418//1176 2419//1176 2430//1569 2417//1176 
f 2416//1569 2417//1176 2430//1569 2415//1569 
f 2413//1567 2415//1569 2430//1569 2414//1567 
f 2440//1567 2414//1567 2430//1569 2439//1176 
f 2438//1176 2439//1176 2430//1569 2437//1176 
f 2437//1176 2430//1569 2431//1176 2432//1176 
f 2436//1176 2437//1176 2432//1176 2435//1176 
# 502 polygons

#
# object Line001
#

v  -9957.2598 2075.7915 -226.2086
v  -8596.9570 2075.7915 -226.2086
v  -8596.9570 2075.7915 -251.2086
v  -9957.2598 2075.7915 -251.2086
v  -9932.2598 2050.7915 -226.2086
v  -8621.9570 2050.7915 -226.2086
v  -9932.2598 2050.7915 -251.2086
v  -8621.9570 2050.7915 -251.2086
v  -9957.2598 62.5623 -226.2086
v  -9957.2598 62.5623 -251.2086
v  -9932.2598 87.5622 -226.2086
v  -9932.2598 87.5622 -251.2086
v  -8596.9570 62.5623 -226.2086
v  -8596.9570 62.5623 -251.2086
v  -8621.9570 87.5622 -226.2086
v  -8621.9570 87.5622 -251.2086
# 16 vertices

vn 0.0000 1.0000 -0.0000
vn 0.0000 0.0000 1.0000
vn 0.0000 -1.0000 -0.0000
vn 0.0000 -0.0000 -1.0000
vn -1.0000 0.0000 -0.0000
vn -0.0000 -0.0000 1.0000
vn 1.0000 0.0000 -0.0000
vn 0.0000 0.0000 -1.0000
vn 0.0000 -0.0000 1.0000
vn -0.0000 0.0000 -1.0000
# 10 vertex normals

vt 1360.0000 25.0000 0.0000
vt 0.0000 25.0000 0.0000
vt 0.0000 0.0000 0.0000
vt 1360.0000 0.0000 0.0000
vt 1360.0000 50.0000 0.0000
vt 0.0000 50.0000 0.0000
vt 1360.0000 75.0000 0.0000
vt 0.0000 75.0000 0.0000
vt 1360.0000 100.0000 0.0000
vt 0.0000 100.0000 0.0000
vt 3372.9268 25.0000 0.0000
vt 3372.9268 0.0000 0.0000
vt 3372.9268 50.0000 0.0000
vt 3372.9268 75.0000 0.0000
vt 3372.9268 100.0000 0.0000
vt 4732.9268 25.0000 0.0000
vt 4732.9268 0.0000 0.0000
vt 4732.9268 50.0000 0.0000
vt 4732.9268 75.0000 0.0000
vt 4732.9268 100.0000 0.0000
vt 6745.8535 25.0000 0.0000
vt 6745.8535 0.0000 0.0000
vt 6745.8535 50.0000 0.0000
vt 6745.8535 75.0000 0.0000
vt 6745.8535 100.0000 0.0000
# 25 texture coords

g Line001
usemtl wire_028028177
s 1
f 2441/1/1570 2442/2/1570 2443/3/1570 2444/4/1570 
s 4
f 2445/5/1571 2446/6/1571 2442/2/1571 2441/1/1571 
s 2
f 2447/7/1572 2448/8/1572 2446/6/1572 2445/5/1572 
s 4
f 2444/9/1573 2443/10/1573 2448/8/1573 2447/7/1573 
s 8
f 2449/11/1574 2441/1/1574 2444/4/1574 2450/12/1574 
s 32
f 2451/13/1575 2445/5/1575 2441/1/1575 2449/11/1575 
s 16
f 2452/14/1576 2447/7/1576 2445/5/1576 2451/13/1576 
s 32
f 2450/15/1577 2444/9/1577 2447/7/1577 2452/14/1577 
s 1
f 2453/16/1572 2449/11/1572 2450/12/1572 2454/17/1572 
s 4
f 2455/18/1578 2451/13/1578 2449/11/1578 2453/16/1578 
s 2
f 2456/19/1570 2452/14/1570 2451/13/1570 2455/18/1570 
s 4
f 2454/20/1577 2450/15/1577 2452/14/1577 2456/19/1577 
s 8
f 2442/21/1576 2453/16/1576 2454/17/1576 2443/22/1576 
s 32
f 2446/23/1578 2455/18/1578 2453/16/1578 2442/21/1578 
s 16
f 2448/24/1574 2456/19/1574 2455/18/1574 2446/23/1574 
s 32
f 2443/25/1579 2454/20/1579 2456/19/1579 2448/24/1579 
# 16 polygons

#
# object Line002
#

v  -9930.9102 2049.4424 -249.1997
v  -9932.5137 2051.0457 -249.3214
v  -8621.7031 2051.0457 -249.3214
v  -8623.3066 2049.4424 -249.1997
v  -9929.3652 2047.8973 -248.8437
v  -8624.8516 2047.8973 -248.8437
v  -9927.9014 2046.4336 -248.2666
v  -8626.3154 2046.4336 -248.2666
v  -9926.5430 2045.0743 -247.4818
v  -8627.6738 2045.0743 -247.4818
v  -9925.3105 2043.8427 -246.5027
v  -8628.9063 2043.8428 -246.5027
v  -9924.2295 2042.7617 -245.3426
v  -8629.9873 2042.7617 -245.3426
v  -9923.3232 2041.8547 -244.0150
v  -8630.8936 2041.8547 -244.0150
v  -9922.6270 2041.1584 -242.5656
v  -8631.5898 2041.1584 -242.5656
v  -9922.1621 2040.6943 -241.0495
v  -8632.0547 2040.6943 -241.0495
v  -9921.9307 2040.4622 -239.4933
v  -8632.2861 2040.4622 -239.4933
v  -9921.9307 2040.4622 -237.9238
v  -8632.2861 2040.4622 -237.9238
v  -9922.1621 2040.6943 -236.3676
v  -8632.0547 2040.6943 -236.3676
v  -9922.6270 2041.1584 -234.8515
v  -8631.5898 2041.1584 -234.8515
v  -9923.3232 2041.8547 -233.4022
v  -8630.8936 2041.8547 -233.4022
v  -9924.2295 2042.7617 -232.0745
v  -8629.9873 2042.7617 -232.0745
v  -9925.3105 2043.8427 -230.9144
v  -8628.9063 2043.8428 -230.9144
v  -9926.5430 2045.0743 -229.9353
v  -8627.6738 2045.0743 -229.9353
v  -9927.9014 2046.4336 -229.1506
v  -8626.3154 2046.4336 -229.1506
v  -9929.3652 2047.8973 -228.5735
v  -8624.8516 2047.8973 -228.5735
v  -9930.9102 2049.4424 -228.2174
v  -8623.3066 2049.4424 -228.2174
v  -9932.5137 2051.0457 -228.0958
v  -8621.7031 2051.0457 -228.0958
v  -9932.5137 2051.0457 -238.7086
v  -8621.7031 2051.0457 -238.7086
v  -9930.9102 88.9113 -249.1997
v  -9932.5137 87.3080 -249.3214
v  -9929.3652 90.4564 -248.8437
v  -9927.9014 91.9202 -248.2666
v  -9926.5430 93.2794 -247.4818
v  -9925.3105 94.5110 -246.5027
v  -9924.2295 95.5920 -245.3426
v  -9923.3232 96.4990 -244.0150
v  -9922.6270 97.1953 -242.5656
v  -9922.1621 97.6595 -241.0495
v  -9921.9307 97.8915 -239.4933
v  -9921.9307 97.8915 -237.9238
v  -9922.1621 97.6594 -236.3676
v  -9922.6270 97.1953 -234.8515
v  -9923.3232 96.4990 -233.4022
v  -9924.2295 95.5920 -232.0745
v  -9925.3105 94.5110 -230.9144
v  -9926.5430 93.2794 -229.9353
v  -9927.9014 91.9202 -229.1506
v  -9929.3652 90.4564 -228.5735
v  -9930.9102 88.9113 -228.2174
v  -9932.5137 87.3080 -228.0958
v  -9932.5137 87.3080 -238.7086
v  -8623.3066 88.9113 -249.1997
v  -8621.7031 87.3080 -249.3214
v  -8624.8516 90.4564 -248.8437
v  -8626.3154 91.9202 -248.2666
v  -8627.6738 93.2794 -247.4818
v  -8628.9063 94.5111 -246.5027
v  -8629.9873 95.5920 -245.3426
v  -8630.8936 96.4990 -244.0150
v  -8631.5898 97.1953 -242.5656
v  -8632.0547 97.6595 -241.0495
v  -8632.2861 97.8915 -239.4933
v  -8632.2861 97.8915 -237.9238
v  -8632.0547 97.6595 -236.3676
v  -8631.5898 97.1953 -234.8515
v  -8630.8936 96.4990 -233.4022
v  -8629.9873 95.5920 -232.0745
v  -8628.9063 94.5111 -230.9144
v  -8627.6738 93.2794 -229.9353
v  -8626.3154 91.9202 -229.1506
v  -8624.8516 90.4564 -228.5735
v  -8623.3066 88.9113 -228.2174
v  -8621.7031 87.3080 -228.0958
v  -8621.7031 87.3080 -238.7086
# 92 vertices

vn 0.0000 -0.1136 -0.9935
vn 0.0000 -0.0757 -0.9971
vn 0.0000 -0.2620 -0.9651
vn 0.0000 -0.4036 -0.9149
vn 0.0000 -0.5359 -0.8443
vn 0.0000 -0.6570 -0.7539
vn 0.0000 -0.7644 -0.6448
vn 0.0000 -0.8551 -0.5185
vn 0.0000 -0.9255 -0.3788
vn 0.0000 -0.9731 -0.2303
vn 0.0000 -0.9970 -0.0772
vn 0.0000 -0.9970 0.0772
vn 0.0000 -0.9731 0.2303
vn 0.0000 -0.9255 0.3788
vn 0.0000 -0.8551 0.5185
vn 0.0000 -0.7644 0.6448
vn 0.0000 -0.6570 0.7539
vn 0.0000 -0.5359 0.8443
vn 0.0000 -0.4036 0.9149
vn 0.0000 -0.2620 0.9651
vn 0.0000 -0.1136 0.9935
vn 0.0000 -0.0757 0.9971
vn 0.0000 1.0000 -0.0000
vn 0.1136 0.0000 -0.9935
vn 0.0757 0.0000 -0.9971
vn 0.2620 0.0000 -0.9651
vn 0.4036 0.0000 -0.9149
vn 0.5359 0.0000 -0.8443
vn 0.6570 0.0000 -0.7539
vn 0.7644 0.0000 -0.6448
vn 0.8551 0.0000 -0.5185
vn 0.9255 0.0000 -0.3788
vn 0.9731 0.0000 -0.2303
vn 0.9970 0.0000 -0.0772
vn 0.9970 -0.0000 0.0772
vn 0.9731 -0.0000 0.2303
vn 0.9255 -0.0000 0.3788
vn 0.8551 -0.0000 0.5185
vn 0.7644 -0.0000 0.6448
vn 0.7644 0.0000 0.6448
vn 0.6570 0.0000 0.7539
vn 0.5359 0.0000 0.8443
vn 0.5359 -0.0000 0.8443
vn 0.4036 -0.0000 0.9149
vn 0.2620 -0.0000 0.9651
vn 0.1136 -0.0000 0.9935
vn 0.0757 -0.0000 0.9971
vn -1.0000 0.0000 -0.0000
vn 0.0000 0.1136 -0.9935
vn 0.0000 0.0757 -0.9971
vn 0.0000 0.2620 -0.9651
vn 0.0000 0.4036 -0.9149
vn 0.0000 0.5359 -0.8443
vn -0.0000 0.5359 -0.8443
vn -0.0000 0.6570 -0.7539
vn -0.0000 0.7644 -0.6448
vn 0.0000 0.7644 -0.6448
vn 0.0000 0.8551 -0.5185
vn 0.0000 0.9255 -0.3788
vn 0.0000 0.9731 -0.2303
vn 0.0000 0.9970 -0.0772
vn 0.0000 0.9970 0.0772
vn -0.0000 0.9970 0.0773
vn -0.0000 0.9731 0.2303
vn -0.0000 0.9255 0.3788
vn 0.0000 0.9255 0.3788
vn 0.0000 0.8551 0.5185
vn 0.0000 0.7644 0.6448
vn -0.0000 0.7644 0.6448
vn -0.0000 0.6570 0.7539
vn -0.0000 0.5359 0.8443
vn 0.0000 0.5359 0.8443
vn 0.0000 0.4036 0.9149
vn 0.0000 0.2620 0.9651
vn 0.0000 0.1136 0.9935
vn 0.0000 0.0757 0.9971
vn 0.0000 -1.0000 -0.0000
vn -0.1136 0.0000 -0.9935
vn -0.0757 0.0000 -0.9971
vn -0.2620 0.0000 -0.9651
vn -0.4036 0.0000 -0.9149
vn -0.5359 0.0000 -0.8443
vn -0.5359 -0.0000 -0.8443
vn -0.6570 -0.0000 -0.7539
vn -0.7644 -0.0000 -0.6448
vn -0.7644 0.0000 -0.6448
vn -0.8551 0.0000 -0.5185
vn -0.9255 0.0000 -0.3788
vn -0.9731 0.0000 -0.2303
vn -0.9970 0.0000 -0.0772
vn -0.9970 -0.0000 0.0772
vn -0.9731 -0.0000 0.2303
vn -0.9255 -0.0000 0.3788
vn -0.8551 -0.0000 0.5185
vn -0.7644 -0.0000 0.6448
vn -0.6570 -0.0000 0.7539
vn -0.5359 -0.0000 0.8443
vn -0.4036 -0.0000 0.9149
vn -0.2620 -0.0000 0.9651
vn -0.1136 -0.0000 0.9935
vn -0.0757 -0.0000 0.9971
vn 1.0000 0.0000 -0.0000
# 102 vertex normals

g Line002
usemtl wire_028028177
s 1
f 2457//1580 2458//1581 2459//1581 2460//1580 
s 3
f 2461//1582 2457//1580 2460//1580 2462//1582 
s 2
f 2463//1583 2461//1582 2462//1582 2464//1583 
f 2465//1584 2463//1583 2464//1583 2466//1584 
f 2467//1585 2465//1584 2466//1584 2468//1585 
f 2469//1586 2467//1585 2468//1585 2470//1586 
f 2471//1587 2469//1586 2470//1586 2472//1587 
f 2473//1588 2471//1587 2472//1587 2474//1588 
f 2475//1589 2473//1588 2474//1588 2476//1589 
f 2477//1590 2475//1589 2476//1589 2478//1590 
f 2479//1591 2477//1590 2478//1590 2480//1591 
f 2481//1592 2479//1591 2480//1591 2482//1592 
f 2483//1593 2481//1592 2482//1592 2484//1593 
f 2485//1594 2483//1593 2484//1593 2486//1594 
f 2487//1595 2485//1594 2486//1594 2488//1595 
f 2489//1596 2487//1595 2488//1595 2490//1596 
f 2491//1597 2489//1596 2490//1596 2492//1597 
f 2493//1598 2491//1597 2492//1597 2494//1598 
f 2495//1599 2493//1598 2494//1598 2496//1599 
f 2497//1600 2495//1599 2496//1599 2498//1600 
f 2499//1601 2497//1600 2498//1600 2500//1601 
s 4
f 2501//1602 2499//1602 2500//1602 2502//1602 
s 2
f 2458//1602 2501//1602 2502//1602 2459//1602 
s 8
f 2503//1603 2504//1604 2458//1604 2457//1603 
s 24
f 2505//1605 2503//1603 2457//1603 2461//1605 
s 16
f 2506//1606 2505//1605 2461//1605 2463//1606 
f 2507//1607 2506//1606 2463//1606 2465//1607 
f 2508//1608 2507//1607 2465//1607 2467//1608 
f 2509//1609 2508//1608 2467//1608 2469//1609 
f 2510//1610 2509//1609 2469//1609 2471//1610 
f 2511//1611 2510//1610 2471//1610 2473//1611 
f 2512//1612 2511//1611 2473//1611 2475//1612 
f 2513//1613 2512//1612 2475//1612 2477//1613 
f 2514//1614 2513//1613 2477//1613 2479//1614 
f 2515//1615 2514//1614 2479//1614 2481//1615 
f 2516//1616 2515//1615 2481//1615 2483//1616 
f 2517//1617 2516//1616 2483//1616 2485//1617 
f 2518//1618 2517//1617 2485//1617 2487//1619 
f 2519//1620 2518//1618 2487//1619 2489//1620 
f 2520//1621 2519//1620 2489//1620 2491//1622 
f 2521//1623 2520//1621 2491//1622 2493//1623 
f 2522//1624 2521//1623 2493//1623 2495//1624 
f 2523//1625 2522//1624 2495//1624 2497//1625 
f 2524//1626 2523//1625 2497//1625 2499//1626 
s 32
f 2525//1627 2524//1627 2499//1627 2501//1627 
s 16
f 2504//1627 2525//1627 2501//1627 2458//1627 
s 1
f 2526//1628 2527//1629 2504//1629 2503//1628 
s 3
f 2528//1630 2526//1628 2503//1628 2505//1630 
s 2
f 2529//1631 2528//1630 2505//1630 2506//1631 
f 2530//1632 2529//1631 2506//1631 2507//1633 
f 2531//1634 2530//1632 2507//1633 2508//1634 
f 2532//1635 2531//1634 2508//1634 2509//1636 
f 2533//1637 2532//1635 2509//1636 2510//1637 
f 2534//1638 2533//1637 2510//1637 2511//1638 
f 2535//1639 2534//1638 2511//1638 2512//1639 
f 2536//1640 2535//1639 2512//1639 2513//1640 
f 2537//1641 2536//1640 2513//1640 2514//1642 
f 2538//1643 2537//1641 2514//1642 2515//1643 
f 2539//1644 2538//1643 2515//1643 2516//1645 
f 2540//1646 2539//1644 2516//1645 2517//1646 
f 2541//1647 2540//1646 2517//1646 2518//1648 
f 2542//1649 2541//1647 2518//1648 2519//1649 
f 2543//1650 2542//1649 2519//1649 2520//1651 
f 2544//1652 2543//1650 2520//1651 2521//1652 
f 2545//1653 2544//1652 2521//1652 2522//1653 
f 2546//1654 2545//1653 2522//1653 2523//1654 
f 2547//1655 2546//1654 2523//1654 2524//1655 
s 4
f 2548//1656 2547//1656 2524//1656 2525//1656 
s 2
f 2527//1656 2548//1656 2525//1656 2504//1656 
s 8
f 2460//1657 2459//1658 2527//1658 2526//1657 
s 24
f 2462//1659 2460//1657 2526//1657 2528//1659 
s 16
f 2464//1660 2462//1659 2528//1659 2529//1660 
f 2466//1661 2464//1660 2529//1660 2530//1662 
f 2468//1663 2466//1661 2530//1662 2531//1663 
f 2470//1664 2468//1663 2531//1663 2532//1665 
f 2472//1666 2470//1664 2532//1665 2533//1666 
f 2474//1667 2472//1666 2533//1666 2534//1667 
f 2476//1668 2474//1667 2534//1667 2535//1668 
f 2478//1669 2476//1668 2535//1668 2536//1669 
f 2480//1670 2478//1669 2536//1669 2537//1670 
f 2482//1671 2480//1670 2537//1670 2538//1671 
f 2484//1672 2482//1671 2538//1671 2539//1672 
f 2486//1673 2484//1672 2539//1672 2540//1673 
f 2488//1674 2486//1673 2540//1673 2541//1674 
f 2490//1675 2488//1674 2541//1674 2542//1675 
f 2492//1676 2490//1675 2542//1675 2543//1676 
f 2494//1677 2492//1676 2543//1676 2544//1677 
f 2496//1678 2494//1677 2544//1677 2545//1678 
f 2498//1679 2496//1678 2545//1678 2546//1679 
f 2500//1680 2498//1679 2546//1679 2547//1680 
s 32
f 2502//1681 2500//1681 2547//1681 2548//1681 
s 16
f 2459//1681 2502//1681 2548//1681 2527//1681 
# 92 polygons

#
# object Rectangle111
#

v  -9957.1084 62.7133 -233.8923
v  -8597.1084 62.7133 -233.8923
v  -8597.1084 2075.6401 -233.8923
v  -9957.1084 2075.6401 -233.8923
v  -8597.1084 2075.6401 -243.8923
v  -8597.1084 62.7133 -243.8923
v  -9957.1084 62.7133 -243.8923
v  -9957.1084 2075.6401 -243.8923
# 8 vertices

vn 0.0000 0.0000 1.0000
vn 0.0000 0.0000 -1.0000
vn 0.0000 1.0000 -0.0000
vn -1.0000 0.0000 -0.0000
vn 0.0000 -1.0000 -0.0000
vn 1.0000 0.0000 -0.0000
# 6 vertex normals

g Rectangle111
usemtl wire_028028177
s 1
f 2549//1682 2550//1682 2551//1682 2552//1682 
f 2553//1683 2554//1683 2555//1683 2556//1683 
s 2
f 2553//1684 2556//1684 2552//1684 2551//1684 
s 4
f 2556//1685 2555//1685 2549//1685 2552//1685 
s 2
f 2555//1686 2554//1686 2550//1686 2549//1686 
s 4
f 2554//1687 2553//1687 2551//1687 2550//1687 
# 6 polygons

#
# object Line003
#

v  -10044.1982 2074.5701 -629.7995
v  -10044.1982 2074.5701 -307.7490
v  -10019.1982 2074.5701 -307.7490
v  -10019.1982 2074.5701 -629.7995
v  -10044.1982 2049.5701 -604.7995
v  -10044.1982 2049.5701 -332.7490
v  -10019.1982 2049.5701 -604.7995
v  -10019.1982 2049.5701 -332.7490
v  -10044.1982 63.7832 -629.7995
v  -10019.1982 63.7832 -629.7995
v  -10044.1982 88.7833 -604.7995
v  -10019.1982 88.7833 -604.7995
v  -10044.1982 63.7832 -307.7490
v  -10019.1982 63.7832 -307.7490
v  -10044.1982 88.7833 -332.7490
v  -10019.1982 88.7833 -332.7490
# 16 vertices

vn 0.0000 1.0000 -0.0000
vn -1.0000 -0.0000 -0.0000
vn 0.0000 -1.0000 -0.0000
vn 1.0000 0.0000 0.0000
vn 0.0000 0.0000 -1.0000
vn -0.0000 0.0000 1.0000
vn -1.0000 0.0000 -0.0000
vn 1.0000 -0.0000 0.0000
# 8 vertex normals

vt 324.1905 25.0000 0.0000
vt 0.0000 25.0000 0.0000
vt 0.0000 0.0000 0.0000
vt 324.1905 0.0000 0.0000
vt 324.1905 50.0000 0.0000
vt 0.0000 50.0000 0.0000
vt 324.1905 75.0000 0.0000
vt 0.0000 75.0000 0.0000
vt 324.1905 100.0000 0.0000
vt 0.0000 100.0000 0.0000
vt 2337.1172 25.0000 0.0000
vt 2337.1172 0.0000 0.0000
vt 2337.1172 50.0000 0.0000
vt 2337.1172 75.0000 0.0000
vt 2337.1172 100.0000 0.0000
vt 2661.3076 25.0000 0.0000
vt 2661.3076 0.0000 0.0000
vt 2661.3076 50.0000 0.0000
vt 2661.3076 75.0000 0.0000
vt 2661.3076 100.0000 0.0000
vt 4674.2344 25.0000 0.0000
vt 4674.2344 0.0000 0.0000
vt 4674.2344 50.0000 0.0000
vt 4674.2344 75.0000 0.0000
vt 4674.2344 100.0000 0.0000
# 25 texture coords

g Line003
usemtl wire_028028177
s 1
f 2557/26/1688 2558/27/1688 2559/28/1688 2560/29/1688 
s 4
f 2561/30/1689 2562/31/1689 2558/27/1689 2557/26/1689 
s 2
f 2563/32/1690 2564/33/1690 2562/31/1690 2561/30/1690 
s 4
f 2560/34/1691 2559/35/1691 2564/33/1691 2563/32/1691 
s 8
f 2565/36/1692 2557/26/1692 2560/29/1692 2566/37/1692 
s 32
f 2567/38/1689 2561/30/1689 2557/26/1689 2565/36/1689 
s 16
f 2568/39/1693 2563/32/1693 2561/30/1693 2567/38/1693 
s 32
f 2566/40/1691 2560/34/1691 2563/32/1691 2568/39/1691 
s 1
f 2569/41/1690 2565/36/1690 2566/37/1690 2570/42/1690 
s 4
f 2571/43/1694 2567/38/1694 2565/36/1694 2569/41/1694 
s 2
f 2572/44/1688 2568/39/1688 2567/38/1688 2571/43/1688 
s 4
f 2570/45/1695 2566/40/1695 2568/39/1695 2572/44/1695 
s 8
f 2558/46/1693 2569/41/1693 2570/42/1693 2559/47/1693 
s 32
f 2562/48/1689 2571/43/1689 2569/41/1689 2558/46/1689 
s 16
f 2564/49/1692 2572/44/1692 2571/43/1692 2562/48/1692 
s 32
f 2559/50/1691 2570/45/1691 2572/44/1691 2564/49/1691 
# 16 polygons

#
# object Line004
#

v  -10021.2070 2048.1477 -603.4227
v  -10021.0859 2049.7510 -605.0259
v  -10021.0859 2049.7510 -332.5679
v  -10021.2070 2048.1477 -334.1712
v  -10021.5635 2046.6027 -601.8776
v  -10021.5635 2046.6027 -335.7163
v  -10022.1406 2045.1389 -600.4138
v  -10022.1406 2045.1389 -337.1801
v  -10022.9248 2043.7797 -599.0546
v  -10022.9248 2043.7797 -338.5393
v  -10023.9043 2042.5480 -597.8229
v  -10023.9043 2042.5480 -339.7710
v  -10025.0645 2041.4670 -596.7420
v  -10025.0645 2041.4670 -340.8519
v  -10026.3916 2040.5601 -595.8350
v  -10026.3916 2040.5601 -341.7589
v  -10027.8408 2039.8638 -595.1387
v  -10027.8408 2039.8638 -342.4552
v  -10029.3574 2039.3997 -594.6745
v  -10029.3574 2039.3997 -342.9194
v  -10030.9131 2039.1675 -594.4424
v  -10030.9131 2039.1675 -343.1515
v  -10032.4834 2039.1675 -594.4424
v  -10032.4834 2039.1675 -343.1515
v  -10034.0391 2039.3997 -594.6745
v  -10034.0391 2039.3997 -342.9194
v  -10035.5557 2039.8638 -595.1387
v  -10035.5557 2039.8638 -342.4552
v  -10037.0049 2040.5601 -595.8350
v  -10037.0049 2040.5601 -341.7589
v  -10038.3320 2041.4670 -596.7420
v  -10038.3320 2041.4670 -340.8519
v  -10039.4922 2042.5480 -597.8229
v  -10039.4922 2042.5480 -339.7710
v  -10040.4717 2043.7797 -599.0546
v  -10040.4717 2043.7797 -338.5393
v  -10041.2559 2045.1389 -600.4138
v  -10041.2559 2045.1389 -337.1801
v  -10041.8330 2046.6027 -601.8776
v  -10041.8330 2046.6027 -335.7163
v  -10042.1895 2048.1477 -603.4227
v  -10042.1895 2048.1477 -334.1712
v  -10042.3115 2049.7510 -605.0259
v  -10042.3115 2049.7510 -332.5679
v  -10031.6982 2049.7510 -605.0259
v  -10031.6982 2049.7510 -332.5679
v  -10021.2070 90.2055 -603.4226
v  -10021.0859 88.6022 -605.0259
v  -10021.5635 91.7506 -601.8776
v  -10022.1406 93.2144 -600.4138
v  -10022.9248 94.5736 -599.0546
v  -10023.9043 95.8053 -597.8229
v  -10025.0645 96.8862 -596.7420
v  -10026.3916 97.7932 -595.8350
v  -10027.8408 98.4894 -595.1387
v  -10029.3574 98.9537 -594.6745
v  -10030.9131 99.1858 -594.4424
v  -10032.4834 99.1858 -594.4424
v  -10034.0391 98.9537 -594.6745
v  -10035.5557 98.4894 -595.1387
v  -10037.0049 97.7932 -595.8350
v  -10038.3320 96.8862 -596.7420
v  -10039.4922 95.8053 -597.8229
v  -10040.4717 94.5736 -599.0546
v  -10041.2559 93.2144 -600.4138
v  -10041.8330 91.7506 -601.8776
v  -10042.1895 90.2055 -603.4227
v  -10042.3115 88.6022 -605.0259
v  -10031.6982 88.6022 -605.0259
v  -10021.2070 90.2055 -334.1712
v  -10021.0859 88.6022 -332.5679
v  -10021.5635 91.7506 -335.7163
v  -10022.1406 93.2144 -337.1801
v  -10022.9248 94.5736 -338.5393
v  -10023.9043 95.8053 -339.7710
v  -10025.0645 96.8862 -340.8519
v  -10026.3916 97.7932 -341.7589
v  -10027.8408 98.4895 -342.4552
v  -10029.3574 98.9537 -342.9194
v  -10030.9131 99.1858 -343.1515
v  -10032.4834 99.1858 -343.1515
v  -10034.0391 98.9537 -342.9194
v  -10035.5557 98.4895 -342.4552
v  -10037.0049 97.7932 -341.7589
v  -10038.3320 96.8862 -340.8519
v  -10039.4922 95.8053 -339.7710
v  -10040.4717 94.5736 -338.5393
v  -10041.2559 93.2144 -337.1801
v  -10041.8330 91.7506 -335.7163
v  -10042.1895 90.2055 -334.1712
v  -10042.3115 88.6022 -332.5679
v  -10031.6982 88.6022 -332.5679
# 92 vertices

vn 0.9935 -0.1136 0.0000
vn 0.9971 -0.0757 0.0000
vn 0.9651 -0.2620 0.0000
vn 0.9149 -0.4036 0.0000
vn 0.8443 -0.5359 0.0000
vn 0.7539 -0.6570 0.0000
vn 0.6448 -0.7644 0.0000
vn 0.5186 -0.8550 0.0000
vn 0.3788 -0.9255 0.0000
vn 0.2303 -0.9731 0.0000
vn 0.0773 -0.9970 0.0000
vn -0.0773 -0.9970 -0.0000
vn -0.2303 -0.9731 -0.0000
vn -0.3788 -0.9255 -0.0000
vn -0.3788 -0.9255 0.0000
vn -0.5186 -0.8550 -0.0000
vn -0.6448 -0.7644 -0.0000
vn -0.7539 -0.6570 -0.0000
vn -0.8443 -0.5359 -0.0000
vn -0.9149 -0.4036 -0.0000
vn -0.9651 -0.2620 -0.0000
vn -0.9935 -0.1136 -0.0000
vn -0.9971 -0.0757 -0.0000
vn 0.0000 1.0000 -0.0000
vn 0.9935 0.0000 0.1136
vn 0.9971 0.0000 0.0757
vn 0.9651 0.0000 0.2620
vn 0.9149 0.0000 0.4036
vn 0.8443 0.0000 0.5359
vn 0.7539 0.0000 0.6570
vn 0.6448 0.0000 0.7644
vn 0.5185 0.0000 0.8550
vn 0.3788 0.0000 0.9255
vn 0.2303 0.0000 0.9731
vn 0.0772 0.0000 0.9970
vn -0.0772 -0.0000 0.9970
vn -0.2303 -0.0000 0.9731
vn -0.3788 -0.0000 0.9255
vn -0.5185 -0.0000 0.8550
vn -0.6448 -0.0000 0.7644
vn -0.6448 0.0000 0.7644
vn -0.7539 0.0000 0.6570
vn -0.8443 0.0000 0.5359
vn -0.8443 -0.0000 0.5359
vn -0.9149 -0.0000 0.4036
vn -0.9651 -0.0000 0.2620
vn -0.9935 -0.0000 0.1136
vn -0.9971 -0.0000 0.0757
vn 0.0000 0.0000 -1.0000
vn 0.9935 0.1136 0.0000
vn 0.9971 0.0757 0.0000
vn 0.9651 0.2620 0.0000
vn 0.9149 0.4036 0.0000
vn 0.8443 0.5359 0.0000
vn 0.7539 0.6570 0.0000
vn 0.6448 0.7644 0.0000
vn 0.5186 0.8550 0.0000
vn 0.5185 0.8551 -0.0000
vn 0.3788 0.9255 -0.0000
vn 0.2303 0.9731 -0.0000
vn 0.2303 0.9731 0.0000
vn 0.0773 0.9970 0.0000
vn -0.0773 0.9970 -0.0000
vn -0.2303 0.9731 -0.0000
vn -0.3788 0.9255 -0.0000
vn -0.5186 0.8550 -0.0000
vn -0.5185 0.8551 -0.0000
vn -0.6448 0.7644 -0.0000
vn -0.7539 0.6570 -0.0000
vn -0.8443 0.5359 -0.0000
vn -0.9149 0.4036 -0.0000
vn -0.9651 0.2620 -0.0000
vn -0.9935 0.1136 -0.0000
vn -0.9971 0.0757 -0.0000
vn 0.0000 -1.0000 -0.0000
vn 0.9935 0.0000 -0.1136
vn 0.9971 0.0000 -0.0757
vn 0.9651 0.0000 -0.2620
vn 0.9149 0.0000 -0.4036
vn 0.8443 0.0000 -0.5359
vn 0.7539 0.0000 -0.6570
vn 0.6448 0.0000 -0.7644
vn 0.6448 -0.0000 -0.7644
vn 0.5186 -0.0000 -0.8550
vn 0.3788 -0.0000 -0.9255
vn 0.3788 0.0000 -0.9255
vn 0.2303 0.0000 -0.9731
vn 0.0773 0.0000 -0.9970
vn -0.0773 -0.0000 -0.9970
vn -0.2303 -0.0000 -0.9731
vn -0.3788 -0.0000 -0.9255
vn -0.5186 -0.0000 -0.8550
vn -0.6448 -0.0000 -0.7644
vn -0.7539 -0.0000 -0.6570
vn -0.8443 -0.0000 -0.5359
vn -0.9149 -0.0000 -0.4036
vn -0.9651 -0.0000 -0.2620
vn -0.9935 -0.0000 -0.1136
vn -0.9971 -0.0000 -0.0757
vn -0.0000 0.0000 1.0000
# 100 vertex normals

g Line004
usemtl wire_028028177
s 1
f 2573//1696 2574//1697 2575//1697 2576//1696 
s 3
f 2577//1698 2573//1696 2576//1696 2578//1698 
s 2
f 2579//1699 2577//1698 2578//1698 2580//1699 
f 2581//1700 2579//1699 2580//1699 2582//1700 
f 2583//1701 2581//1700 2582//1700 2584//1701 
f 2585//1702 2583//1701 2584//1701 2586//1702 
f 2587//1703 2585//1702 2586//1702 2588//1703 
f 2589//1704 2587//1703 2588//1703 2590//1704 
f 2591//1705 2589//1704 2590//1704 2592//1705 
f 2593//1706 2591//1705 2592//1705 2594//1706 
f 2595//1707 2593//1706 2594//1706 2596//1707 
f 2597//1708 2595//1707 2596//1707 2598//1708 
f 2599//1709 2597//1708 2598//1708 2600//1710 
f 2601//1711 2599//1709 2600//1710 2602//1711 
f 2603//1712 2601//1711 2602//1711 2604//1712 
f 2605//1713 2603//1712 2604//1712 2606//1713 
f 2607//1714 2605//1713 2606//1713 2608//1714 
f 2609//1715 2607//1714 2608//1714 2610//1715 
f 2611//1716 2609//1715 2610//1715 2612//1716 
f 2613//1717 2611//1716 2612//1716 2614//1717 
f 2615//1718 2613//1717 2614//1717 2616//1718 
s 4
f 2617//1719 2615//1719 2616//1719 2618//1719 
s 2
f 2574//1719 2617//1719 2618//1719 2575//1719 
s 8
f 2619//1720 2620//1721 2574//1721 2573//1720 
s 24
f 2621//1722 2619//1720 2573//1720 2577//1722 
s 16
f 2622//1723 2621//1722 2577//1722 2579//1723 
f 2623//1724 2622//1723 2579//1723 2581//1724 
f 2624//1725 2623//1724 2581//1724 2583//1725 
f 2625//1726 2624//1725 2583//1725 2585//1726 
f 2626//1727 2625//1726 2585//1726 2587//1727 
f 2627//1728 2626//1727 2587//1727 2589//1728 
f 2628//1729 2627//1728 2589//1728 2591//1729 
f 2629//1730 2628//1729 2591//1729 2593//1730 
f 2630//1731 2629//1730 2593//1730 2595//1731 
f 2631//1732 2630//1731 2595//1731 2597//1732 
f 2632//1733 2631//1732 2597//1732 2599//1733 
f 2633//1734 2632//1733 2599//1733 2601//1734 
f 2634//1735 2633//1734 2601//1734 2603//1736 
f 2635//1737 2634//1735 2603//1736 2605//1737 
f 2636//1738 2635//1737 2605//1737 2607//1739 
f 2637//1740 2636//1738 2607//1739 2609//1740 
f 2638//1741 2637//1740 2609//1740 2611//1741 
f 2639//1742 2638//1741 2611//1741 2613//1742 
f 2640//1743 2639//1742 2613//1742 2615//1743 
s 32
f 2641//1744 2640//1744 2615//1744 2617//1744 
s 16
f 2620//1744 2641//1744 2617//1744 2574//1744 
s 1
f 2642//1745 2643//1746 2620//1746 2619//1745 
s 3
f 2644//1747 2642//1745 2619//1745 2621//1747 
s 2
f 2645//1748 2644//1747 2621//1747 2622//1748 
f 2646//1749 2645//1748 2622//1748 2623//1749 
f 2647//1750 2646//1749 2623//1749 2624//1750 
f 2648//1751 2647//1750 2624//1750 2625//1751 
f 2649//1752 2648//1751 2625//1751 2626//1753 
f 2650//1754 2649//1752 2626//1753 2627//1754 
f 2651//1755 2650//1754 2627//1754 2628//1756 
f 2652//1757 2651//1755 2628//1756 2629//1757 
f 2653//1758 2652//1757 2629//1757 2630//1758 
f 2654//1759 2653//1758 2630//1758 2631//1759 
f 2655//1760 2654//1759 2631//1759 2632//1760 
f 2656//1761 2655//1760 2632//1760 2633//1762 
f 2657//1763 2656//1761 2633//1762 2634//1763 
f 2658//1764 2657//1763 2634//1763 2635//1764 
f 2659//1765 2658//1764 2635//1764 2636//1765 
f 2660//1766 2659//1765 2636//1765 2637//1766 
f 2661//1767 2660//1766 2637//1766 2638//1767 
f 2662//1768 2661//1767 2638//1767 2639//1768 
f 2663//1769 2662//1768 2639//1768 2640//1769 
s 4
f 2664//1770 2663//1770 2640//1770 2641//1770 
s 2
f 2643//1770 2664//1770 2641//1770 2620//1770 
s 8
f 2576//1771 2575//1772 2643//1772 2642//1771 
s 24
f 2578//1773 2576//1771 2642//1771 2644//1773 
s 16
f 2580//1774 2578//1773 2644//1773 2645//1774 
f 2582//1775 2580//1774 2645//1774 2646//1775 
f 2584//1776 2582//1775 2646//1775 2647//1776 
f 2586//1777 2584//1776 2647//1776 2648//1778 
f 2588//1779 2586//1777 2648//1778 2649//1779 
f 2590//1780 2588//1779 2649//1779 2650//1781 
f 2592//1782 2590//1780 2650//1781 2651//1782 
f 2594//1783 2592//1782 2651//1782 2652//1783 
f 2596//1784 2594//1783 2652//1783 2653//1784 
f 2598//1785 2596//1784 2653//1784 2654//1785 
f 2600//1786 2598//1785 2654//1785 2655//1786 
f 2602//1787 2600//1786 2655//1786 2656//1787 
f 2604//1788 2602//1787 2656//1787 2657//1788 
f 2606//1789 2604//1788 2657//1788 2658//1789 
f 2608//1790 2606//1789 2658//1789 2659//1790 
f 2610//1791 2608//1790 2659//1790 2660//1791 
f 2612//1792 2610//1791 2660//1791 2661//1792 
f 2614//1793 2612//1792 2661//1792 2662//1793 
f 2616//1794 2614//1793 2662//1793 2663//1794 
s 32
f 2618//1795 2616//1795 2663//1795 2664//1795 
s 16
f 2575//1795 2618//1795 2664//1795 2643//1795 
# 92 polygons

#
# object Rectangle112
#

v  -10036.5146 62.7133 -609.5325
v  -10036.5146 62.7133 -325.9805
v  -10036.5146 2075.6401 -325.9805
v  -10036.5146 2075.6401 -609.5325
v  -10026.5146 2075.6401 -325.9805
v  -10026.5146 62.7133 -325.9805
v  -10026.5146 62.7133 -609.5325
v  -10026.5146 2075.6401 -609.5325
# 8 vertices

vn -1.0000 0.0000 -0.0000
vn 1.0000 0.0000 0.0000
vn 0.0000 1.0000 -0.0000
vn 0.0000 0.0000 -1.0000
vn 0.0000 -1.0000 -0.0000
vn -0.0000 0.0000 1.0000
# 6 vertex normals

g Rectangle112
usemtl wire_028028177
s 1
f 2665//1796 2666//1796 2667//1796 2668//1796 
f 2669//1797 2670//1797 2671//1797 2672//1797 
s 2
f 2669//1798 2672//1798 2668//1798 2667//1798 
s 4
f 2672//1799 2671//1799 2665//1799 2668//1799 
s 2
f 2671//1800 2670//1800 2666//1800 2665//1800 
s 4
f 2670//1801 2669//1801 2667//1801 2666//1801 
# 6 polygons

#
# object Line005
#

v  -8511.7539 2048.1477 -1409.7813
v  -8511.6328 2049.7510 -1411.3845
v  -8511.6328 2049.7510 -1188.8066
v  -8511.7539 2048.1477 -1190.4099
v  -8512.1104 2046.6027 -1408.2362
v  -8512.1104 2046.6027 -1191.9550
v  -8512.6875 2045.1389 -1406.7725
v  -8512.6875 2045.1389 -1193.4187
v  -8513.4717 2043.7797 -1405.4132
v  -8513.4717 2043.7797 -1194.7780
v  -8514.4512 2042.5480 -1404.1815
v  -8514.4512 2042.5480 -1196.0096
v  -8515.6113 2041.4670 -1403.1006
v  -8515.6113 2041.4670 -1197.0906
v  -8516.9385 2040.5601 -1402.1936
v  -8516.9385 2040.5601 -1197.9976
v  -8518.3877 2039.8638 -1401.4973
v  -8518.3877 2039.8638 -1198.6938
v  -8519.9043 2039.3997 -1401.0332
v  -8519.9043 2039.3997 -1199.1580
v  -8521.4600 2039.1675 -1400.8010
v  -8521.4600 2039.1675 -1199.3901
v  -8523.0303 2039.1675 -1400.8010
v  -8523.0303 2039.1675 -1199.3901
v  -8524.5859 2039.3997 -1401.0332
v  -8524.5859 2039.3997 -1199.1580
v  -8526.1025 2039.8638 -1401.4973
v  -8526.1025 2039.8638 -1198.6938
v  -8527.5518 2040.5601 -1402.1936
v  -8527.5518 2040.5601 -1197.9976
v  -8528.8789 2041.4670 -1403.1006
v  -8528.8789 2041.4670 -1197.0906
v  -8530.0391 2042.5480 -1404.1815
v  -8530.0391 2042.5480 -1196.0096
v  -8531.0186 2043.7797 -1405.4132
v  -8531.0186 2043.7797 -1194.7780
v  -8531.8027 2045.1389 -1406.7725
v  -8531.8027 2045.1389 -1193.4187
v  -8532.3799 2046.6027 -1408.2362
v  -8532.3799 2046.6027 -1191.9550
v  -8532.7363 2048.1477 -1409.7813
v  -8532.7363 2048.1477 -1190.4099
v  -8532.8584 2049.7510 -1411.3845
v  -8532.8584 2049.7510 -1188.8066
v  -8522.2451 2049.7510 -1411.3845
v  -8522.2451 2049.7510 -1188.8066
v  -8511.7539 90.2055 -1409.7813
v  -8511.6328 88.6022 -1411.3845
v  -8512.1104 91.7506 -1408.2362
v  -8512.6875 93.2144 -1406.7725
v  -8513.4717 94.5736 -1405.4132
v  -8514.4512 95.8053 -1404.1815
v  -8515.6113 96.8862 -1403.1006
v  -8516.9385 97.7932 -1402.1936
v  -8518.3877 98.4894 -1401.4973
v  -8519.9043 98.9537 -1401.0332
v  -8521.4600 99.1858 -1400.8010
v  -8523.0303 99.1858 -1400.8010
v  -8524.5859 98.9537 -1401.0332
v  -8526.1025 98.4894 -1401.4973
v  -8527.5518 97.7932 -1402.1936
v  -8528.8789 96.8862 -1403.1006
v  -8530.0391 95.8053 -1404.1815
v  -8531.0186 94.5736 -1405.4132
v  -8531.8027 93.2144 -1406.7725
v  -8532.3799 91.7506 -1408.2362
v  -8532.7363 90.2055 -1409.7813
v  -8532.8584 88.6022 -1411.3845
v  -8522.2451 88.6022 -1411.3845
v  -8511.7539 90.2055 -1190.4099
v  -8511.6328 88.6022 -1188.8066
v  -8512.1104 91.7506 -1191.9550
v  -8512.6875 93.2144 -1193.4187
v  -8513.4717 94.5736 -1194.7780
v  -8514.4512 95.8053 -1196.0096
v  -8515.6113 96.8862 -1197.0906
v  -8516.9385 97.7932 -1197.9976
v  -8518.3877 98.4895 -1198.6938
v  -8519.9043 98.9537 -1199.1580
v  -8521.4600 99.1858 -1199.3901
v  -8523.0303 99.1858 -1199.3901
v  -8524.5859 98.9537 -1199.1580
v  -8526.1025 98.4895 -1198.6938
v  -8527.5518 97.7932 -1197.9976
v  -8528.8789 96.8862 -1197.0906
v  -8530.0391 95.8053 -1196.0096
v  -8531.0186 94.5736 -1194.7780
v  -8531.8027 93.2144 -1193.4187
v  -8532.3799 91.7506 -1191.9550
v  -8532.7363 90.2055 -1190.4099
v  -8532.8584 88.6022 -1188.8066
v  -8522.2451 88.6022 -1188.8066
# 92 vertices

vn 0.9935 -0.1136 0.0000
vn 0.9971 -0.0757 0.0000
vn 0.9651 -0.2620 0.0000
vn 0.9149 -0.4036 0.0000
vn 0.8443 -0.5359 0.0000
vn 0.7539 -0.6570 0.0000
vn 0.6448 -0.7644 0.0000
vn 0.5186 -0.8550 0.0000
vn 0.3788 -0.9255 0.0000
vn 0.2303 -0.9731 0.0000
vn 0.0773 -0.9970 0.0000
vn -0.0773 -0.9970 -0.0000
vn -0.2303 -0.9731 -0.0000
vn -0.3788 -0.9255 -0.0000
vn -0.3788 -0.9255 0.0000
vn -0.5186 -0.8550 -0.0000
vn -0.6448 -0.7644 -0.0000
vn -0.7539 -0.6570 -0.0000
vn -0.8443 -0.5359 -0.0000
vn -0.9149 -0.4036 -0.0000
vn -0.9651 -0.2620 -0.0000
vn -0.9935 -0.1136 -0.0000
vn -0.9971 -0.0757 -0.0000
vn 0.0000 1.0000 -0.0000
vn 0.9935 0.0000 0.1136
vn 0.9971 0.0000 0.0757
vn 0.9651 0.0000 0.2620
vn 0.9149 0.0000 0.4036
vn 0.8443 0.0000 0.5359
vn 0.7539 0.0000 0.6570
vn 0.6448 0.0000 0.7644
vn 0.5185 0.0000 0.8550
vn 0.3788 0.0000 0.9255
vn 0.2303 0.0000 0.9731
vn 0.0772 0.0000 0.9970
vn -0.0772 -0.0000 0.9970
vn -0.2303 -0.0000 0.9731
vn -0.3788 -0.0000 0.9255
vn -0.5185 -0.0000 0.8550
vn -0.6448 -0.0000 0.7644
vn -0.6448 0.0000 0.7644
vn -0.7539 0.0000 0.6570
vn -0.8443 0.0000 0.5359
vn -0.8443 -0.0000 0.5359
vn -0.9149 -0.0000 0.4036
vn -0.9651 -0.0000 0.2620
vn -0.9935 -0.0000 0.1136
vn -0.9971 -0.0000 0.0757
vn 0.0000 0.0000 -1.0000
vn 0.9935 0.1136 0.0000
vn 0.9971 0.0757 0.0000
vn 0.9651 0.2620 0.0000
vn 0.9149 0.4036 0.0000
vn 0.8443 0.5359 0.0000
vn 0.7539 0.6570 0.0000
vn 0.6448 0.7644 0.0000
vn 0.5186 0.8550 0.0000
vn 0.5185 0.8551 -0.0000
vn 0.3788 0.9255 -0.0000
vn 0.2303 0.9731 -0.0000
vn 0.2303 0.9731 0.0000
vn 0.0773 0.9970 0.0000
vn -0.0773 0.9970 -0.0000
vn -0.2303 0.9731 -0.0000
vn -0.3788 0.9255 -0.0000
vn -0.5186 0.8550 -0.0000
vn -0.5185 0.8551 -0.0000
vn -0.6448 0.7644 -0.0000
vn -0.7539 0.6570 -0.0000
vn -0.8443 0.5359 -0.0000
vn -0.9149 0.4036 -0.0000
vn -0.9651 0.2620 -0.0000
vn -0.9935 0.1136 -0.0000
vn -0.9971 0.0757 -0.0000
vn 0.0000 -1.0000 -0.0000
vn 0.9935 0.0000 -0.1136
vn 0.9971 0.0000 -0.0757
vn 0.9651 0.0000 -0.2620
vn 0.9149 0.0000 -0.4036
vn 0.8443 0.0000 -0.5359
vn 0.7539 0.0000 -0.6570
vn 0.6448 0.0000 -0.7644
vn 0.6448 -0.0000 -0.7644
vn 0.5186 -0.0000 -0.8550
vn 0.3788 -0.0000 -0.9255
vn 0.3788 0.0000 -0.9255
vn 0.2303 0.0000 -0.9731
vn 0.0773 0.0000 -0.9970
vn -0.0773 -0.0000 -0.9970
vn -0.2303 -0.0000 -0.9731
vn -0.3788 -0.0000 -0.9255
vn -0.5186 -0.0000 -0.8550
vn -0.6448 -0.0000 -0.7644
vn -0.7539 -0.0000 -0.6570
vn -0.8443 -0.0000 -0.5359
vn -0.9149 -0.0000 -0.4036
vn -0.9651 -0.0000 -0.2620
vn -0.9935 -0.0000 -0.1136
vn -0.9971 -0.0000 -0.0757
vn -0.0000 0.0000 1.0000
# 100 vertex normals

g Line005
usemtl wire_028028177
s 1
f 2673//1802 2674//1803 2675//1803 2676//1802 
s 3
f 2677//1804 2673//1802 2676//1802 2678//1804 
s 2
f 2679//1805 2677//1804 2678//1804 2680//1805 
f 2681//1806 2679//1805 2680//1805 2682//1806 
f 2683//1807 2681//1806 2682//1806 2684//1807 
f 2685//1808 2683//1807 2684//1807 2686//1808 
f 2687//1809 2685//1808 2686//1808 2688//1809 
f 2689//1810 2687//1809 2688//1809 2690//1810 
f 2691//1811 2689//1810 2690//1810 2692//1811 
f 2693//1812 2691//1811 2692//1811 2694//1812 
f 2695//1813 2693//1812 2694//1812 2696//1813 
f 2697//1814 2695//1813 2696//1813 2698//1814 
f 2699//1815 2697//1814 2698//1814 2700//1816 
f 2701//1817 2699//1815 2700//1816 2702//1817 
f 2703//1818 2701//1817 2702//1817 2704//1818 
f 2705//1819 2703//1818 2704//1818 2706//1819 
f 2707//1820 2705//1819 2706//1819 2708//1820 
f 2709//1821 2707//1820 2708//1820 2710//1821 
f 2711//1822 2709//1821 2710//1821 2712//1822 
f 2713//1823 2711//1822 2712//1822 2714//1823 
f 2715//1824 2713//1823 2714//1823 2716//1824 
s 4
f 2717//1825 2715//1825 2716//1825 2718//1825 
s 2
f 2674//1825 2717//1825 2718//1825 2675//1825 
s 8
f 2719//1826 2720//1827 2674//1827 2673//1826 
s 24
f 2721//1828 2719//1826 2673//1826 2677//1828 
s 16
f 2722//1829 2721//1828 2677//1828 2679//1829 
f 2723//1830 2722//1829 2679//1829 2681//1830 
f 2724//1831 2723//1830 2681//1830 2683//1831 
f 2725//1832 2724//1831 2683//1831 2685//1832 
f 2726//1833 2725//1832 2685//1832 2687//1833 
f 2727//1834 2726//1833 2687//1833 2689//1834 
f 2728//1835 2727//1834 2689//1834 2691//1835 
f 2729//1836 2728//1835 2691//1835 2693//1836 
f 2730//1837 2729//1836 2693//1836 2695//1837 
f 2731//1838 2730//1837 2695//1837 2697//1838 
f 2732//1839 2731//1838 2697//1838 2699//1839 
f 2733//1840 2732//1839 2699//1839 2701//1840 
f 2734//1841 2733//1840 2701//1840 2703//1842 
f 2735//1843 2734//1841 2703//1842 2705//1843 
f 2736//1844 2735//1843 2705//1843 2707//1845 
f 2737//1846 2736//1844 2707//1845 2709//1846 
f 2738//1847 2737//1846 2709//1846 2711//1847 
f 2739//1848 2738//1847 2711//1847 2713//1848 
f 2740//1849 2739//1848 2713//1848 2715//1849 
s 32
f 2741//1850 2740//1850 2715//1850 2717//1850 
s 16
f 2720//1850 2741//1850 2717//1850 2674//1850 
s 1
f 2742//1851 2743//1852 2720//1852 2719//1851 
s 3
f 2744//1853 2742//1851 2719//1851 2721//1853 
s 2
f 2745//1854 2744//1853 2721//1853 2722//1854 
f 2746//1855 2745//1854 2722//1854 2723//1855 
f 2747//1856 2746//1855 2723//1855 2724//1856 
f 2748//1857 2747//1856 2724//1856 2725//1857 
f 2749//1858 2748//1857 2725//1857 2726//1859 
f 2750//1860 2749//1858 2726//1859 2727//1860 
f 2751//1861 2750//1860 2727//1860 2728//1862 
f 2752//1863 2751//1861 2728//1862 2729//1863 
f 2753//1864 2752//1863 2729//1863 2730//1864 
f 2754//1865 2753//1864 2730//1864 2731//1865 
f 2755//1866 2754//1865 2731//1865 2732//1866 
f 2756//1867 2755//1866 2732//1866 2733//1868 
f 2757//1869 2756//1867 2733//1868 2734//1869 
f 2758//1870 2757//1869 2734//1869 2735//1870 
f 2759//1871 2758//1870 2735//1870 2736//1871 
f 2760//1872 2759//1871 2736//1871 2737//1872 
f 2761//1873 2760//1872 2737//1872 2738//1873 
f 2762//1874 2761//1873 2738//1873 2739//1874 
f 2763//1875 2762//1874 2739//1874 2740//1875 
s 4
f 2764//1876 2763//1876 2740//1876 2741//1876 
s 2
f 2743//1876 2764//1876 2741//1876 2720//1876 
s 8
f 2676//1877 2675//1878 2743//1878 2742//1877 
s 24
f 2678//1879 2676//1877 2742//1877 2744//1879 
s 16
f 2680//1880 2678//1879 2744//1879 2745//1880 
f 2682//1881 2680//1880 2745//1880 2746//1881 
f 2684//1882 2682//1881 2746//1881 2747//1882 
f 2686//1883 2684//1882 2747//1882 2748//1884 
f 2688//1885 2686//1883 2748//1884 2749//1885 
f 2690//1886 2688//1885 2749//1885 2750//1887 
f 2692//1888 2690//1886 2750//1887 2751//1888 
f 2694//1889 2692//1888 2751//1888 2752//1889 
f 2696//1890 2694//1889 2752//1889 2753//1890 
f 2698//1891 2696//1890 2753//1890 2754//1891 
f 2700//1892 2698//1891 2754//1891 2755//1892 
f 2702//1893 2700//1892 2755//1892 2756//1893 
f 2704//1894 2702//1893 2756//1893 2757//1894 
f 2706//1895 2704//1894 2757//1894 2758//1895 
f 2708//1896 2706//1895 2758//1895 2759//1896 
f 2710//1897 2708//1896 2759//1896 2760//1897 
f 2712//1898 2710//1897 2760//1897 2761//1898 
f 2714//1899 2712//1898 2761//1898 2762//1899 
f 2716//1900 2714//1899 2762//1899 2763//1900 
s 32
f 2718//1901 2716//1901 2763//1901 2764//1901 
s 16
f 2675//1901 2718//1901 2764//1901 2743//1901 
# 92 polygons

#
# object Rectangle113
#

v  -8527.0615 62.7133 -1415.8910
v  -8527.0615 62.7133 -1181.4973
v  -8527.0615 2075.6401 -1181.4973
v  -8527.0615 2075.6401 -1415.8910
v  -8517.0615 2075.6401 -1181.4973
v  -8517.0615 62.7133 -1181.4973
v  -8517.0615 62.7133 -1415.8910
v  -8517.0615 2075.6401 -1415.8910
# 8 vertices

vn -1.0000 0.0000 -0.0000
vn 1.0000 0.0000 0.0000
vn 0.0000 1.0000 -0.0000
vn 0.0000 0.0000 -1.0000
vn 0.0000 -1.0000 -0.0000
vn -0.0000 0.0000 1.0000
# 6 vertex normals

g Rectangle113
usemtl wire_028028177
s 1
f 2765//1902 2766//1902 2767//1902 2768//1902 
f 2769//1903 2770//1903 2771//1903 2772//1903 
s 2
f 2769//1904 2772//1904 2768//1904 2767//1904 
s 4
f 2772//1905 2771//1905 2765//1905 2768//1905 
s 2
f 2771//1906 2770//1906 2766//1906 2765//1906 
s 4
f 2770//1907 2769//1907 2767//1907 2766//1907 
# 6 polygons

#
# object Line006
#

v  -8534.7451 2074.5701 -1436.1581
v  -8534.7451 2074.5701 -1163.9709
v  -8509.7451 2074.5701 -1163.9709
v  -8509.7451 2074.5701 -1436.1581
v  -8534.7451 2049.5701 -1411.1581
v  -8534.7451 2049.5701 -1188.9709
v  -8509.7451 2049.5701 -1411.1581
v  -8509.7451 2049.5701 -1188.9709
v  -8534.7451 63.7832 -1436.1581
v  -8509.7451 63.7832 -1436.1581
v  -8534.7451 88.7833 -1411.1581
v  -8509.7451 88.7833 -1411.1581
v  -8534.7451 63.7832 -1163.9709
v  -8509.7451 63.7832 -1163.9709
v  -8534.7451 88.7833 -1188.9709
v  -8509.7451 88.7833 -1188.9709
# 16 vertices

vn 0.0000 1.0000 -0.0000
vn -1.0000 -0.0000 -0.0000
vn 0.0000 -1.0000 -0.0000
vn 1.0000 0.0000 0.0000
vn 0.0000 0.0000 -1.0000
vn -0.0000 0.0000 1.0000
vn -1.0000 0.0000 -0.0000
vn 1.0000 -0.0000 0.0000
# 8 vertex normals

vt 274.3271 25.0000 0.0000
vt 0.0000 25.0000 0.0000
vt 0.0000 0.0000 0.0000
vt 274.3271 0.0000 0.0000
vt 274.3271 50.0000 0.0000
vt 0.0000 50.0000 0.0000
vt 274.3271 75.0000 0.0000
vt 0.0000 75.0000 0.0000
vt 274.3271 100.0000 0.0000
vt 0.0000 100.0000 0.0000
vt 2287.2539 25.0000 0.0000
vt 2287.2539 0.0000 0.0000
vt 2287.2539 50.0000 0.0000
vt 2287.2539 75.0000 0.0000
vt 2287.2539 100.0000 0.0000
vt 2561.5811 25.0000 0.0000
vt 2561.5811 0.0000 0.0000
vt 2561.5811 50.0000 0.0000
vt 2561.5811 75.0000 0.0000
vt 2561.5811 100.0000 0.0000
vt 4574.5078 25.0000 0.0000
vt 4574.5078 0.0000 0.0000
vt 4574.5078 50.0000 0.0000
vt 4574.5078 75.0000 0.0000
vt 4574.5078 100.0000 0.0000
# 25 texture coords

g Line006
usemtl wire_028028177
s 1
f 2773/51/1908 2774/52/1908 2775/53/1908 2776/54/1908 
s 4
f 2777/55/1909 2778/56/1909 2774/52/1909 2773/51/1909 
s 2
f 2779/57/1910 2780/58/1910 2778/56/1910 2777/55/1910 
s 4
f 2776/59/1911 2775/60/1911 2780/58/1911 2779/57/1911 
s 8
f 2781/61/1912 2773/51/1912 2776/54/1912 2782/62/1912 
s 32
f 2783/63/1909 2777/55/1909 2773/51/1909 2781/61/1909 
s 16
f 2784/64/1913 2779/57/1913 2777/55/1913 2783/63/1913 
s 32
f 2782/65/1911 2776/59/1911 2779/57/1911 2784/64/1911 
s 1
f 2785/66/1910 2781/61/1910 2782/62/1910 2786/67/1910 
s 4
f 2787/68/1914 2783/63/1914 2781/61/1914 2785/66/1914 
s 2
f 2788/69/1908 2784/64/1908 2783/63/1908 2787/68/1908 
s 4
f 2786/70/1915 2782/65/1915 2784/64/1915 2788/69/1915 
s 8
f 2774/71/1913 2785/66/1913 2786/67/1913 2775/72/1913 
s 32
f 2778/73/1909 2787/68/1909 2785/66/1909 2774/71/1909 
s 16
f 2780/74/1912 2788/69/1912 2787/68/1912 2778/73/1912 
s 32
f 2775/75/1911 2786/70/1911 2788/69/1911 2780/74/1911 
# 16 polygons

#
# object Rectangle114
#

v  -8527.0615 62.7133 -846.9241
v  -8527.0625 62.7133 -337.2421
v  -8527.0625 2075.6401 -337.2421
v  -8527.0615 2075.6401 -846.9241
v  -8517.0625 2075.6401 -337.2421
v  -8517.0625 62.7133 -337.2421
v  -8517.0615 62.7133 -846.9241
v  -8517.0615 2075.6401 -846.9241
# 8 vertices

vn -1.0000 0.0000 -0.0000
vn 1.0000 0.0000 0.0000
vn 0.0000 1.0000 -0.0000
vn 0.0000 0.0000 -1.0000
vn 0.0000 -1.0000 -0.0000
vn -0.0000 0.0000 1.0000
# 6 vertex normals

g Rectangle114
usemtl wire_028028177
s 1
f 2789//1916 2790//1916 2791//1916 2792//1916 
f 2793//1917 2794//1917 2795//1917 2796//1917 
s 2
f 2793//1918 2796//1918 2792//1918 2791//1918 
s 4
f 2796//1919 2795//1919 2789//1919 2792//1919 
s 2
f 2795//1920 2794//1920 2790//1920 2789//1920 
s 4
f 2794//1921 2793//1921 2791//1921 2790//1921 
# 6 polygons

#
# object Line007
#

v  -8534.7451 2074.5701 -864.3224
v  -8534.7451 2074.5701 -307.4308
v  -8509.7451 2074.5701 -307.4308
v  -8509.7451 2074.5701 -864.3224
v  -8534.7451 2049.5701 -839.3224
v  -8534.7451 2049.5701 -332.4308
v  -8509.7451 2049.5701 -839.3224
v  -8509.7451 2049.5701 -332.4308
v  -8534.7451 63.7832 -864.3224
v  -8509.7451 63.7832 -864.3224
v  -8534.7451 88.7833 -839.3224
v  -8509.7451 88.7833 -839.3224
v  -8534.7451 63.7832 -307.4308
v  -8509.7451 63.7832 -307.4308
v  -8534.7451 88.7833 -332.4308
v  -8509.7451 88.7833 -332.4308
# 16 vertices

vn 0.0000 1.0000 -0.0000
vn -1.0000 -0.0000 -0.0000
vn 0.0000 -1.0000 -0.0000
vn 1.0000 0.0000 0.0000
vn 0.0000 0.0000 -1.0000
vn -0.0000 0.0000 1.0000
vn -1.0000 0.0000 -0.0000
vn 1.0000 -0.0000 0.0000
# 8 vertex normals

vt 559.0316 25.0000 0.0000
vt 0.0000 25.0000 0.0000
vt 0.0000 0.0000 0.0000
vt 559.0316 0.0000 0.0000
vt 559.0316 50.0000 0.0000
vt 0.0000 50.0000 0.0000
vt 559.0316 75.0000 0.0000
vt 0.0000 75.0000 0.0000
vt 559.0316 100.0000 0.0000
vt 0.0000 100.0000 0.0000
vt 2571.9583 25.0000 0.0000
vt 2571.9583 0.0000 0.0000
vt 2571.9583 50.0000 0.0000
vt 2571.9583 75.0000 0.0000
vt 2571.9583 100.0000 0.0000
vt 3130.9897 25.0000 0.0000
vt 3130.9897 0.0000 0.0000
vt 3130.9897 50.0000 0.0000
vt 3130.9897 75.0000 0.0000
vt 3130.9897 100.0000 0.0000
vt 5143.9165 25.0000 0.0000
vt 5143.9165 0.0000 0.0000
vt 5143.9165 50.0000 0.0000
vt 5143.9165 75.0000 0.0000
vt 5143.9165 100.0000 0.0000
# 25 texture coords

g Line007
usemtl wire_028028177
s 1
f 2797/76/1922 2798/77/1922 2799/78/1922 2800/79/1922 
s 4
f 2801/80/1923 2802/81/1923 2798/77/1923 2797/76/1923 
s 2
f 2803/82/1924 2804/83/1924 2802/81/1924 2801/80/1924 
s 4
f 2800/84/1925 2799/85/1925 2804/83/1925 2803/82/1925 
s 8
f 2805/86/1926 2797/76/1926 2800/79/1926 2806/87/1926 
s 32
f 2807/88/1923 2801/80/1923 2797/76/1923 2805/86/1923 
s 16
f 2808/89/1927 2803/82/1927 2801/80/1927 2807/88/1927 
s 32
f 2806/90/1925 2800/84/1925 2803/82/1925 2808/89/1925 
s 1
f 2809/91/1924 2805/86/1924 2806/87/1924 2810/92/1924 
s 4
f 2811/93/1928 2807/88/1928 2805/86/1928 2809/91/1928 
s 2
f 2812/94/1922 2808/89/1922 2807/88/1922 2811/93/1922 
s 4
f 2810/95/1929 2806/90/1929 2808/89/1929 2812/94/1929 
s 8
f 2798/96/1927 2809/91/1927 2810/92/1927 2799/97/1927 
s 32
f 2802/98/1923 2811/93/1923 2809/91/1923 2798/96/1923 
s 16
f 2804/99/1926 2812/94/1926 2811/93/1926 2802/98/1926 
s 32
f 2799/100/1925 2810/95/1925 2812/94/1925 2804/99/1925 
# 16 polygons

#
# object Line008
#

v  -8511.7539 2048.1477 -837.9458
v  -8511.6328 2049.7510 -839.5491
v  -8511.6328 2049.7510 -332.5103
v  -8511.7539 2048.1477 -334.1136
v  -8512.1104 2046.6027 -836.4007
v  -8512.1104 2046.6027 -335.6587
v  -8512.6875 2045.1389 -834.9370
v  -8512.6875 2045.1389 -337.1224
v  -8513.4717 2043.7797 -833.5776
v  -8513.4717 2043.7797 -338.4817
v  -8514.4512 2042.5480 -832.3461
v  -8514.4512 2042.5480 -339.7134
v  -8515.6113 2041.4670 -831.2651
v  -8515.6113 2041.4670 -340.7943
v  -8516.9385 2040.5601 -830.3582
v  -8516.9385 2040.5601 -341.7013
v  -8518.3877 2039.8638 -829.6619
v  -8518.3877 2039.8638 -342.3976
v  -8519.9043 2039.3997 -829.1976
v  -8519.9043 2039.3997 -342.8618
v  -8521.4600 2039.1675 -828.9656
v  -8521.4609 2039.1675 -343.0939
v  -8523.0303 2039.1675 -828.9656
v  -8523.0303 2039.1675 -343.0939
v  -8524.5859 2039.3997 -829.1976
v  -8524.5859 2039.3997 -342.8618
v  -8526.1025 2039.8638 -829.6619
v  -8526.1025 2039.8638 -342.3976
v  -8527.5518 2040.5601 -830.3582
v  -8527.5518 2040.5601 -341.7013
v  -8528.8789 2041.4670 -831.2651
v  -8528.8789 2041.4670 -340.7943
v  -8530.0391 2042.5480 -832.3461
v  -8530.0391 2042.5480 -339.7134
v  -8531.0186 2043.7797 -833.5776
v  -8531.0186 2043.7797 -338.4817
v  -8531.8027 2045.1389 -834.9370
v  -8531.8037 2045.1389 -337.1224
v  -8532.3799 2046.6027 -836.4007
v  -8532.3799 2046.6027 -335.6587
v  -8532.7363 2048.1477 -837.9458
v  -8532.7363 2048.1477 -334.1136
v  -8532.8584 2049.7510 -839.5491
v  -8532.8584 2049.7510 -332.5103
v  -8522.2451 2049.7510 -839.5491
v  -8522.2451 2049.7510 -332.5103
v  -8511.7539 90.2055 -837.9458
v  -8511.6328 88.6022 -839.5491
v  -8512.1104 91.7506 -836.4007
v  -8512.6875 93.2144 -834.9370
v  -8513.4717 94.5736 -833.5776
v  -8514.4512 95.8053 -832.3460
v  -8515.6113 96.8862 -831.2651
v  -8516.9385 97.7932 -830.3582
v  -8518.3877 98.4894 -829.6619
v  -8519.9043 98.9537 -829.1976
v  -8521.4600 99.1858 -828.9656
v  -8523.0303 99.1858 -828.9656
v  -8524.5859 98.9537 -829.1976
v  -8526.1025 98.4894 -829.6619
v  -8527.5518 97.7932 -830.3582
v  -8528.8789 96.8862 -831.2651
v  -8530.0391 95.8053 -832.3460
v  -8531.0186 94.5736 -833.5776
v  -8531.8027 93.2144 -834.9370
v  -8532.3799 91.7506 -836.4007
v  -8532.7363 90.2055 -837.9458
v  -8532.8584 88.6022 -839.5491
v  -8522.2451 88.6022 -839.5491
v  -8511.7539 90.2055 -334.1136
v  -8511.6328 88.6022 -332.5103
v  -8512.1104 91.7506 -335.6587
v  -8512.6875 93.2144 -337.1224
v  -8513.4717 94.5736 -338.4817
v  -8514.4512 95.8053 -339.7134
v  -8515.6113 96.8862 -340.7943
v  -8516.9385 97.7932 -341.7012
v  -8518.3877 98.4895 -342.3976
v  -8519.9043 98.9537 -342.8618
v  -8521.4609 99.1858 -343.0939
v  -8523.0303 99.1858 -343.0939
v  -8524.5859 98.9537 -342.8618
v  -8526.1025 98.4895 -342.3976
v  -8527.5518 97.7932 -341.7012
v  -8528.8789 96.8862 -340.7943
v  -8530.0391 95.8053 -339.7134
v  -8531.0186 94.5736 -338.4817
v  -8531.8037 93.2144 -337.1224
v  -8532.3799 91.7506 -335.6587
v  -8532.7363 90.2055 -334.1136
v  -8532.8584 88.6022 -332.5103
v  -8522.2451 88.6022 -332.5103
# 92 vertices

vn 0.9935 -0.1136 0.0000
vn 0.9971 -0.0757 0.0000
vn 0.9651 -0.2620 0.0000
vn 0.9149 -0.4036 0.0000
vn 0.8443 -0.5359 0.0000
vn 0.7539 -0.6570 0.0000
vn 0.6448 -0.7644 0.0000
vn 0.5186 -0.8550 0.0000
vn 0.3788 -0.9255 0.0000
vn 0.2303 -0.9731 0.0000
vn 0.0773 -0.9970 0.0000
vn -0.0773 -0.9970 -0.0000
vn -0.2303 -0.9731 -0.0000
vn -0.3788 -0.9255 -0.0000
vn -0.5186 -0.8550 -0.0000
vn -0.6448 -0.7644 -0.0000
vn -0.7539 -0.6570 -0.0000
vn -0.8443 -0.5359 -0.0000
vn -0.9149 -0.4036 -0.0000
vn -0.9651 -0.2620 -0.0000
vn -0.9935 -0.1136 -0.0000
vn -0.9971 -0.0757 -0.0000
vn 0.0000 1.0000 -0.0000
vn 0.9935 0.0000 0.1136
vn 0.9971 0.0000 0.0757
vn 0.9651 0.0000 0.2620
vn 0.9149 0.0000 0.4036
vn 0.8443 0.0000 0.5359
vn 0.7539 0.0000 0.6570
vn 0.6448 0.0000 0.7644
vn 0.5185 0.0000 0.8550
vn 0.3788 0.0000 0.9255
vn 0.2303 0.0000 0.9731
vn 0.0772 0.0000 0.9970
vn -0.0772 -0.0000 0.9970
vn -0.2303 -0.0000 0.9731
vn -0.3788 -0.0000 0.9255
vn -0.5185 -0.0000 0.8550
vn -0.6448 -0.0000 0.7644
vn -0.6448 0.0000 0.7644
vn -0.7539 0.0000 0.6570
vn -0.8443 0.0000 0.5359
vn -0.8443 -0.0000 0.5359
vn -0.9149 -0.0000 0.4036
vn -0.9651 -0.0000 0.2620
vn -0.9935 -0.0000 0.1136
vn -0.9971 -0.0000 0.0757
vn 0.0000 0.0000 -1.0000
vn 0.9935 0.1136 0.0000
vn 0.9971 0.0757 0.0000
vn 0.9651 0.2620 0.0000
vn 0.9149 0.4036 0.0000
vn 0.8443 0.5359 0.0000
vn 0.7539 0.6570 0.0000
vn 0.6448 0.7644 0.0000
vn 0.5186 0.8550 0.0000
vn 0.5185 0.8551 0.0000
vn 0.3788 0.9255 -0.0000
vn 0.3788 0.9255 0.0000
vn 0.2303 0.9731 -0.0000
vn 0.2303 0.9731 0.0000
vn 0.0773 0.9970 0.0000
vn -0.0773 0.9970 -0.0000
vn -0.2303 0.9731 -0.0000
vn -0.3788 0.9255 -0.0000
vn -0.5186 0.8550 -0.0000
vn -0.5185 0.8551 -0.0000
vn -0.6448 0.7644 -0.0000
vn -0.7539 0.6570 -0.0000
vn -0.8443 0.5359 -0.0000
vn -0.9149 0.4036 -0.0000
vn -0.9651 0.2620 -0.0000
vn -0.9935 0.1136 -0.0000
vn -0.9971 0.0757 -0.0000
vn 0.0000 -1.0000 -0.0000
vn 0.9935 0.0000 -0.1136
vn 0.9971 0.0000 -0.0757
vn 0.9651 0.0000 -0.2620
vn 0.9149 0.0000 -0.4036
vn 0.8443 0.0000 -0.5359
vn 0.7539 0.0000 -0.6570
vn 0.6448 0.0000 -0.7644
vn 0.6448 -0.0000 -0.7644
vn 0.5186 -0.0000 -0.8550
vn 0.3788 -0.0000 -0.9255
vn 0.3788 0.0000 -0.9255
vn 0.2303 0.0000 -0.9731
vn 0.0773 0.0000 -0.9970
vn -0.0773 -0.0000 -0.9970
vn -0.2303 -0.0000 -0.9731
vn -0.3788 -0.0000 -0.9255
vn -0.5186 -0.0000 -0.8550
vn -0.6448 -0.0000 -0.7644
vn -0.7539 -0.0000 -0.6570
vn -0.8443 -0.0000 -0.5359
vn -0.9149 -0.0000 -0.4036
vn -0.9651 -0.0000 -0.2620
vn -0.9935 -0.0000 -0.1136
vn -0.9971 -0.0000 -0.0757
vn -0.0000 0.0000 1.0000
# 100 vertex normals

g Line008
usemtl wire_028028177
s 1
f 2813//1930 2814//1931 2815//1931 2816//1930 
s 3
f 2817//1932 2813//1930 2816//1930 2818//1932 
s 2
f 2819//1933 2817//1932 2818//1932 2820//1933 
f 2821//1934 2819//1933 2820//1933 2822//1934 
f 2823//1935 2821//1934 2822//1934 2824//1935 
f 2825//1936 2823//1935 2824//1935 2826//1936 
f 2827//1937 2825//1936 2826//1936 2828//1937 
f 2829//1938 2827//1937 2828//1937 2830//1938 
f 2831//1939 2829//1938 2830//1938 2832//1939 
f 2833//1940 2831//1939 2832//1939 2834//1940 
f 2835//1941 2833//1940 2834//1940 2836//1941 
f 2837//1942 2835//1941 2836//1941 2838//1942 
f 2839//1943 2837//1942 2838//1942 2840//1943 
f 2841//1944 2839//1943 2840//1943 2842//1944 
f 2843//1945 2841//1944 2842//1944 2844//1945 
f 2845//1946 2843//1945 2844//1945 2846//1946 
f 2847//1947 2845//1946 2846//1946 2848//1947 
f 2849//1948 2847//1947 2848//1947 2850//1948 
f 2851//1949 2849//1948 2850//1948 2852//1949 
f 2853//1950 2851//1949 2852//1949 2854//1950 
f 2855//1951 2853//1950 2854//1950 2856//1951 
s 4
f 2857//1952 2855//1952 2856//1952 2858//1952 
s 2
f 2814//1952 2857//1952 2858//1952 2815//1952 
s 8
f 2859//1953 2860//1954 2814//1954 2813//1953 
s 24
f 2861//1955 2859//1953 2813//1953 2817//1955 
s 16
f 2862//1956 2861//1955 2817//1955 2819//1956 
f 2863//1957 2862//1956 2819//1956 2821//1957 
f 2864//1958 2863//1957 2821//1957 2823//1958 
f 2865//1959 2864//1958 2823//1958 2825//1959 
f 2866//1960 2865//1959 2825//1959 2827//1960 
f 2867//1961 2866//1960 2827//1960 2829//1961 
f 2868//1962 2867//1961 2829//1961 2831//1962 
f 2869//1963 2868//1962 2831//1962 2833//1963 
f 2870//1964 2869//1963 2833//1963 2835//1964 
f 2871//1965 2870//1964 2835//1964 2837//1965 
f 2872//1966 2871//1965 2837//1965 2839//1966 
f 2873//1967 2872//1966 2839//1966 2841//1967 
f 2874//1968 2873//1967 2841//1967 2843//1969 
f 2875//1970 2874//1968 2843//1969 2845//1970 
f 2876//1971 2875//1970 2845//1970 2847//1972 
f 2877//1973 2876//1971 2847//1972 2849//1973 
f 2878//1974 2877//1973 2849//1973 2851//1974 
f 2879//1975 2878//1974 2851//1974 2853//1975 
f 2880//1976 2879//1975 2853//1975 2855//1976 
s 32
f 2881//1977 2880//1977 2855//1977 2857//1977 
s 16
f 2860//1977 2881//1977 2857//1977 2814//1977 
s 1
f 2882//1978 2883//1979 2860//1979 2859//1978 
s 3
f 2884//1980 2882//1978 2859//1978 2861//1980 
s 2
f 2885//1981 2884//1980 2861//1980 2862//1981 
f 2886//1982 2885//1981 2862//1981 2863//1982 
f 2887//1983 2886//1982 2863//1982 2864//1983 
f 2888//1984 2887//1983 2864//1983 2865//1984 
f 2889//1985 2888//1984 2865//1984 2866//1986 
f 2890//1987 2889//1985 2866//1986 2867//1988 
f 2891//1989 2890//1987 2867//1988 2868//1990 
f 2892//1991 2891//1989 2868//1990 2869//1991 
f 2893//1992 2892//1991 2869//1991 2870//1992 
f 2894//1993 2893//1992 2870//1992 2871//1993 
f 2895//1994 2894//1993 2871//1993 2872//1994 
f 2896//1995 2895//1994 2872//1994 2873//1996 
f 2897//1997 2896//1995 2873//1996 2874//1997 
f 2898//1998 2897//1997 2874//1997 2875//1998 
f 2899//1999 2898//1998 2875//1998 2876//1999 
f 2900//2000 2899//1999 2876//1999 2877//2000 
f 2901//2001 2900//2000 2877//2000 2878//2001 
f 2902//2002 2901//2001 2878//2001 2879//2002 
f 2903//2003 2902//2002 2879//2002 2880//2003 
s 4
f 2904//2004 2903//2004 2880//2004 2881//2004 
s 2
f 2883//2004 2904//2004 2881//2004 2860//2004 
s 8
f 2816//2005 2815//2006 2883//2006 2882//2005 
s 24
f 2818//2007 2816//2005 2882//2005 2884//2007 
s 16
f 2820//2008 2818//2007 2884//2007 2885//2008 
f 2822//2009 2820//2008 2885//2008 2886//2009 
f 2824//2010 2822//2009 2886//2009 2887//2010 
f 2826//2011 2824//2010 2887//2010 2888//2012 
f 2828//2013 2826//2011 2888//2012 2889//2013 
f 2830//2014 2828//2013 2889//2013 2890//2015 
f 2832//2016 2830//2014 2890//2015 2891//2016 
f 2834//2017 2832//2016 2891//2016 2892//2017 
f 2836//2018 2834//2017 2892//2017 2893//2018 
f 2838//2019 2836//2018 2893//2018 2894//2019 
f 2840//2020 2838//2019 2894//2019 2895//2020 
f 2842//2021 2840//2020 2895//2020 2896//2021 
f 2844//2022 2842//2021 2896//2021 2897//2022 
f 2846//2023 2844//2022 2897//2022 2898//2023 
f 2848//2024 2846//2023 2898//2023 2899//2024 
f 2850//2025 2848//2024 2899//2024 2900//2025 
f 2852//2026 2850//2025 2900//2025 2901//2026 
f 2854//2027 2852//2026 2901//2026 2902//2027 
f 2856//2028 2854//2027 2902//2027 2903//2028 
s 32
f 2858//2029 2856//2029 2903//2029 2904//2029 
s 16
f 2815//2029 2858//2029 2904//2029 2883//2029 
# 92 polygons

#
# object Rectangle119
#

v  -10007.3525 1164.2478 -1204.7091
v  -10007.3525 1161.9930 -1204.9692
v  -10011.3525 1161.9930 -1204.9692
v  -10011.3525 1164.2478 -1204.7091
v  -10007.3525 1166.3184 -1203.9683
v  -10011.3525 1166.3184 -1203.9683
v  -10007.3525 1168.1455 -1202.8059
v  -10011.3525 1168.1455 -1202.8059
v  -10007.3525 1169.6698 -1201.2816
v  -10011.3525 1169.6698 -1201.2816
v  -10007.3525 1170.8320 -1199.4545
v  -10011.3525 1170.8320 -1199.4545
v  -10007.3525 1171.5730 -1197.3839
v  -10011.3525 1171.5730 -1197.3839
v  -10007.3525 1171.8330 -1195.1293
v  -10011.3525 1171.8330 -1195.1293
v  -10007.3525 1171.8330 -978.0201
v  -10011.3525 1171.8330 -978.0201
v  -10007.3525 1171.5730 -975.7655
v  -10011.3525 1171.5730 -975.7655
v  -10007.3525 1170.8320 -973.6949
v  -10011.3525 1170.8320 -973.6949
v  -10007.3525 1169.6698 -971.8678
v  -10011.3525 1169.6698 -971.8678
v  -10007.3525 1168.1454 -970.3434
v  -10011.3525 1168.1454 -970.3434
v  -10007.3525 1166.3184 -969.1812
v  -10011.3525 1166.3184 -969.1812
v  -10007.3525 1164.2478 -968.4403
v  -10011.3525 1164.2478 -968.4403
v  -10007.3525 1161.9930 -968.1802
v  -10011.3525 1161.9930 -968.1802
v  -10007.3525 804.6810 -968.1802
v  -10011.3525 804.6810 -968.1802
v  -10007.3525 802.4263 -968.4403
v  -10011.3525 802.4263 -968.4403
v  -10007.3525 800.3557 -969.1812
v  -10011.3525 800.3557 -969.1812
v  -10007.3525 798.5286 -970.3434
v  -10011.3525 798.5286 -970.3434
v  -10007.3525 797.0043 -971.8678
v  -10011.3525 797.0043 -971.8678
v  -10007.3525 795.8420 -973.6949
v  -10011.3525 795.8420 -973.6949
v  -10007.3525 795.1011 -975.7655
v  -10011.3525 795.1011 -975.7655
v  -10007.3525 794.8410 -978.0201
v  -10011.3525 794.8410 -978.0201
v  -10007.3525 794.8410 -1195.1293
v  -10011.3525 794.8410 -1195.1293
v  -10007.3525 795.1011 -1197.3839
v  -10011.3525 795.1011 -1197.3839
v  -10007.3525 795.8420 -1199.4545
v  -10011.3525 795.8420 -1199.4545
v  -10007.3525 797.0043 -1201.2816
v  -10011.3525 797.0043 -1201.2816
v  -10007.3525 798.5286 -1202.8059
v  -10011.3525 798.5286 -1202.8059
v  -10007.3525 800.3558 -1203.9683
v  -10011.3525 800.3558 -1203.9683
v  -10007.3525 802.4263 -1204.7091
v  -10011.3525 802.4263 -1204.7091
v  -10007.3525 804.6810 -1204.9692
v  -10011.3525 804.6810 -1204.9692
v  -10006.3525 800.7981 -1203.0645
v  -10006.3525 802.6550 -1203.7289
v  -10006.3525 804.7385 -1203.9692
v  -10006.3525 799.1581 -1202.0211
v  -10006.3525 1168.8850 -972.4973
v  -10006.3525 1167.5160 -971.1282
v  -10006.3525 1165.8760 -970.0850
v  -10006.3525 1169.9282 -974.1372
v  -10006.3525 1170.5927 -975.9942
v  -10006.3525 1164.0190 -969.4205
v  -10006.3525 1161.9355 -969.1802
v  -10006.3525 1170.8330 -978.0776
v  -10006.3525 1170.8330 -1195.0718
v  -10006.3525 1170.5927 -1197.1552
v  -10006.3525 1169.9282 -1199.0122
v  -10006.3525 1168.8850 -1200.6522
v  -10006.3525 1167.5160 -1202.0211
v  -10006.3525 1165.8760 -1203.0645
v  -10006.3525 1164.0190 -1203.7289
v  -10006.3525 1161.9355 -1203.9692
v  -10006.3525 804.7385 -969.1802
v  -10006.3525 802.6550 -969.4205
v  -10006.3525 800.7980 -970.0850
v  -10006.3525 799.1581 -971.1282
v  -10006.3525 797.7891 -972.4973
v  -10006.3525 796.7458 -974.1372
v  -10006.3525 796.0814 -975.9943
v  -10006.3525 795.8410 -978.0776
v  -10006.3525 795.8410 -1195.0718
v  -10006.3525 796.0814 -1197.1552
v  -10006.3525 796.7458 -1199.0122
v  -10006.3525 797.7891 -1200.6522
# 96 vertices

vn -0.0000 0.2272 -0.9738
vn -0.0000 0.1146 -0.9934
vn -0.0000 0.4395 -0.8982
vn -0.0000 0.6257 -0.7801
vn 0.0000 0.7801 -0.6257
vn 0.0000 0.8982 -0.4395
vn 0.0000 0.9738 -0.2272
vn 0.0000 0.9934 -0.1146
vn 0.0000 1.0000 -0.0000
vn 0.0000 0.9738 0.2272
vn 0.0000 0.9934 0.1146
vn 0.0000 0.8982 0.4395
vn 0.0000 0.7801 0.6257
vn 0.0000 0.6257 0.7801
vn 0.0000 0.4395 0.8982
vn 0.0000 0.2272 0.9738
vn 0.0000 0.1146 0.9934
vn 0.0000 0.0000 1.0000
vn 0.0000 -0.2272 0.9738
vn 0.0000 -0.1146 0.9934
vn 0.0000 -0.4395 0.8982
vn 0.0000 -0.6257 0.7801
vn -0.0000 -0.7801 0.6257
vn -0.0000 -0.8982 0.4395
vn -0.0000 -0.9738 0.2272
vn -0.0000 -0.9934 0.1146
vn -0.0000 -1.0000 0.0000
vn -0.0000 -0.9738 -0.2272
vn -0.0000 -0.9934 -0.1146
vn -0.0000 -0.8982 -0.4395
vn -0.0000 -0.7801 -0.6257
vn -0.0000 -0.6257 -0.7801
vn -0.0000 -0.4395 -0.8982
vn -0.0000 -0.2272 -0.9738
vn -0.0000 -0.1146 -0.9934
vn -0.0000 0.0000 -1.0000
vn -1.0000 0.0000 0.0000
vn 1.0000 -0.0000 -0.0000
vn 0.7071 0.0810 -0.7024
vn 0.7071 0.2382 -0.6658
vn 0.7071 0.3795 -0.5966
vn 0.7071 0.5000 -0.5000
vn 0.7071 0.5966 -0.3795
vn 0.7071 0.6658 -0.2382
vn 0.7071 0.7024 -0.0810
vn 0.7071 0.7071 -0.0000
vn 0.7071 0.7024 0.0810
vn 0.7071 0.6658 0.2382
vn 0.7071 0.5966 0.3795
vn 0.7071 0.5000 0.5000
vn 0.7071 0.3795 0.5966
vn 0.7071 0.2382 0.6658
vn 0.7071 0.0810 0.7024
vn 0.7071 -0.0000 0.7071
vn 0.7071 -0.0810 0.7024
vn 0.7071 -0.2382 0.6658
vn 0.7071 -0.3795 0.5966
vn 0.7071 -0.5000 0.5000
vn 0.7071 -0.5966 0.3795
vn 0.7071 -0.6658 0.2382
vn 0.7071 -0.7024 0.0810
vn 0.7071 -0.7071 -0.0000
vn 0.7071 -0.7024 -0.0810
vn 0.7071 -0.6658 -0.2382
vn 0.7071 -0.5966 -0.3795
vn 0.7071 -0.5000 -0.5000
vn 0.7071 -0.3795 -0.5966
vn 0.7071 -0.2382 -0.6658
vn 0.7071 -0.0810 -0.7024
vn 0.7071 -0.0000 -0.7071
# 70 vertex normals

vt 0.9984 0.9794 0.7997
vt 0.9995 0.9734 0.7997
vt 0.9995 0.9734 0.0005
vt 0.9984 0.9794 0.0005
vt 0.9953 0.9849 0.7997
vt 0.9953 0.9849 0.0005
vt 0.9904 0.9897 0.7997
vt 0.9904 0.9897 0.0005
vt 0.9839 0.9938 0.7997
vt 0.9839 0.9938 0.0005
vt 0.9762 0.9968 0.7997
vt 0.9762 0.9968 0.0005
vt 0.9675 0.9988 0.7997
vt 0.9675 0.9988 0.0005
vt 0.9580 0.9995 0.7997
vt 0.9580 0.9995 0.0005
vt 0.0420 0.9995 0.7997
vt 0.0420 0.9995 0.0005
vt 0.0325 0.9988 0.7997
vt 0.0325 0.9988 0.0005
vt 0.0238 0.9968 0.7997
vt 0.0238 0.9968 0.0005
vt 0.0161 0.9938 0.7997
vt 0.0161 0.9938 0.0005
vt 0.0096 0.9897 0.7997
vt 0.0096 0.9897 0.0005
vt 0.0047 0.9849 0.7997
vt 0.0047 0.9849 0.0005
vt 0.0016 0.9794 0.7997
vt 0.0016 0.9794 0.0005
vt 0.0005 0.9734 0.7997
vt 0.0005 0.9734 0.0005
vt 0.0005 0.0266 0.7997
vt 0.0005 0.0266 0.0005
vt 0.0016 0.0206 0.7997
vt 0.0016 0.0206 0.0005
vt 0.0047 0.0151 0.7997
vt 0.0047 0.0151 0.0005
vt 0.0096 0.0103 0.7997
vt 0.0096 0.0103 0.0005
vt 0.0161 0.0062 0.7997
vt 0.0161 0.0062 0.0005
vt 0.0238 0.0032 0.7997
vt 0.0238 0.0032 0.0005
vt 0.0325 0.0012 0.7997
vt 0.0325 0.0012 0.0005
vt 0.0420 0.0005 0.7997
vt 0.0420 0.0005 0.0005
vt 0.9580 0.0005 0.7997
vt 0.9580 0.0005 0.0005
vt 0.9675 0.0012 0.7997
vt 0.9675 0.0012 0.0005
vt 0.9762 0.0032 0.7997
vt 0.9762 0.0032 0.0005
vt 0.9839 0.0062 0.7997
vt 0.9839 0.0062 0.0005
vt 0.9904 0.0103 0.7997
vt 0.9904 0.0103 0.0005
vt 0.9953 0.0151 0.7997
vt 0.9953 0.0151 0.0005
vt 0.9984 0.0206 0.7997
vt 0.9984 0.0206 0.0005
vt 0.9995 0.0266 0.7997
vt 0.9995 0.0266 0.0005
vt 0.9915 0.0163 0.9995
vt 0.9943 0.0212 0.9995
vt 0.9953 0.0267 0.9995
vt 0.9871 0.0119 0.9995
vt 0.0187 0.9917 0.9995
vt 0.0129 0.9881 0.9995
vt 0.0085 0.9837 0.9995
vt 0.0256 0.9945 0.9995
vt 0.0335 0.9962 0.9995
vt 0.0057 0.9788 0.9995
vt 0.0047 0.9733 0.9995
vt 0.0423 0.9969 0.9995
vt 0.9577 0.9969 0.9995
vt 0.9665 0.9962 0.9995
vt 0.9744 0.9945 0.9995
vt 0.9813 0.9917 0.9995
vt 0.9871 0.9881 0.9995
vt 0.9915 0.9837 0.9995
vt 0.9943 0.9788 0.9995
vt 0.9953 0.9733 0.9995
vt 0.0047 0.0267 0.9995
vt 0.0057 0.0212 0.9995
vt 0.0085 0.0163 0.9995
vt 0.0129 0.0119 0.9995
vt 0.0187 0.0083 0.9995
vt 0.0256 0.0055 0.9995
vt 0.0335 0.0038 0.9995
vt 0.0423 0.0031 0.9995
vt 0.9577 0.0031 0.9995
vt 0.9665 0.0038 0.9995
vt 0.9744 0.0055 0.9995
vt 0.9813 0.0083 0.9995
# 96 texture coords

g Rectangle119
usemtl wire_028028177
s 1
f 2905/101/2030 2906/102/2031 2907/103/2031 2908/104/2030 
s 3
f 2909/105/2032 2905/101/2030 2908/104/2030 2910/106/2032 
s 2
f 2911/107/2033 2909/105/2032 2910/106/2032 2912/108/2033 
f 2913/109/2034 2911/107/2033 2912/108/2033 2914/110/2034 
f 2915/111/2035 2913/109/2034 2914/110/2034 2916/112/2035 
f 2917/113/2036 2915/111/2035 2916/112/2035 2918/114/2036 
f 2919/115/2037 2917/113/2036 2918/114/2036 2920/116/2037 
s 4
f 2921/117/2038 2919/115/2038 2920/116/2038 2922/118/2038 
s 2
f 2923/119/2039 2921/117/2040 2922/118/2040 2924/120/2039 
f 2925/121/2041 2923/119/2039 2924/120/2039 2926/122/2041 
f 2927/123/2042 2925/121/2041 2926/122/2041 2928/124/2042 
f 2929/125/2043 2927/123/2042 2928/124/2042 2930/126/2043 
f 2931/127/2044 2929/125/2043 2930/126/2043 2932/128/2044 
f 2933/129/2045 2931/127/2044 2932/128/2044 2934/130/2045 
f 2935/131/2046 2933/129/2045 2934/130/2045 2936/132/2046 
s 4
f 2937/133/2047 2935/131/2047 2936/132/2047 2938/134/2047 
s 2
f 2939/135/2048 2937/133/2049 2938/134/2049 2940/136/2048 
f 2941/137/2050 2939/135/2048 2940/136/2048 2942/138/2050 
f 2943/139/2051 2941/137/2050 2942/138/2050 2944/140/2051 
f 2945/141/2052 2943/139/2051 2944/140/2051 2946/142/2052 
f 2947/143/2053 2945/141/2052 2946/142/2052 2948/144/2053 
f 2949/145/2054 2947/143/2053 2948/144/2053 2950/146/2054 
f 2951/147/2055 2949/145/2054 2950/146/2054 2952/148/2055 
s 4
f 2953/149/2056 2951/147/2056 2952/148/2056 2954/150/2056 
s 2
f 2955/151/2057 2953/149/2058 2954/150/2058 2956/152/2057 
f 2957/153/2059 2955/151/2057 2956/152/2057 2958/154/2059 
f 2959/155/2060 2957/153/2059 2958/154/2059 2960/156/2060 
f 2961/157/2061 2959/155/2060 2960/156/2060 2962/158/2061 
f 2963/159/2062 2961/157/2061 2962/158/2061 2964/160/2062 
f 2965/161/2063 2963/159/2062 2964/160/2062 2966/162/2063 
f 2967/163/2064 2965/161/2063 2966/162/2063 2968/164/2064 
s 4
f 2906/102/2065 2967/163/2065 2968/164/2065 2907/103/2065 
s 16
f 2932/128/2066 2930/126/2066 2928/124/2066 2926/122/2066 
f 2932/128/2066 2926/122/2066 2924/120/2066 2934/130/2066 
f 2936/132/2066 2934/130/2066 2924/120/2066 2922/118/2066 
f 2936/132/2066 2922/118/2066 2920/116/2066 2918/114/2066 
f 2936/132/2066 2918/114/2066 2916/112/2066 2914/110/2066 
f 2936/132/2066 2914/110/2066 2912/108/2066 2910/106/2066 
f 2936/132/2066 2910/106/2066 2908/104/2066 2907/103/2066 
f 2938/134/2066 2936/132/2066 2907/103/2066 2940/136/2066 
f 2942/138/2066 2940/136/2066 2907/103/2066 2944/140/2066 
f 2946/142/2066 2944/140/2066 2907/103/2066 2948/144/2066 
f 2950/146/2066 2948/144/2066 2907/103/2066 2952/148/2066 
f 2954/150/2066 2952/148/2066 2907/103/2066 2968/164/2066 
f 2956/152/2066 2954/150/2066 2968/164/2066 2958/154/2066 
f 2960/156/2066 2958/154/2066 2968/164/2066 2962/158/2066 
f 2964/160/2066 2962/158/2066 2968/164/2066 2966/162/2066 
f 2969/165/2067 2970/166/2067 2971/167/2067 2972/168/2067 
f 2973/169/2067 2974/170/2067 2975/171/2067 2976/172/2067 
f 2977/173/2067 2976/172/2067 2975/171/2067 2978/174/2067 
f 2977/173/2067 2978/174/2067 2979/175/2067 2980/176/2067 
f 2981/177/2067 2980/176/2067 2979/175/2067 2982/178/2067 
f 2983/179/2067 2982/178/2067 2979/175/2067 2984/180/2067 
f 2985/181/2067 2984/180/2067 2979/175/2067 2986/182/2067 
f 2987/183/2067 2986/182/2067 2979/175/2067 2988/184/2067 
f 2988/184/2067 2979/175/2067 2989/185/2067 2990/186/2067 
f 2988/184/2067 2990/186/2067 2991/187/2067 2992/188/2067 
f 2988/184/2067 2992/188/2067 2993/189/2067 2994/190/2067 
f 2988/184/2067 2994/190/2067 2995/191/2067 2996/192/2067 
f 2988/184/2067 2996/192/2067 2997/193/2067 2971/167/2067 
f 2971/167/2067 2997/193/2067 2998/194/2067 2999/195/2067 
f 2971/167/2067 2999/195/2067 3000/196/2067 2972/168/2067 
s off
f 2905/101/2068 2987/183/2068 2988/184/2068 2906/102/2068 
f 2909/105/2069 2986/182/2069 2987/183/2069 2905/101/2069 
f 2911/107/2070 2985/181/2070 2986/182/2070 2909/105/2070 
f 2913/109/2071 2984/180/2071 2985/181/2071 2911/107/2071 
f 2915/111/2072 2983/179/2072 2984/180/2072 2913/109/2072 
f 2917/113/2073 2982/178/2073 2983/179/2073 2915/111/2073 
f 2919/115/2074 2981/177/2074 2982/178/2074 2917/113/2074 
f 2921/117/2075 2980/176/2075 2981/177/2075 2919/115/2075 
f 2923/119/2076 2977/173/2076 2980/176/2076 2921/117/2076 
f 2925/121/2077 2976/172/2077 2977/173/2077 2923/119/2077 
f 2927/123/2078 2973/169/2078 2976/172/2078 2925/121/2078 
f 2929/125/2079 2974/170/2079 2973/169/2079 2927/123/2079 
f 2931/127/2080 2975/171/2080 2974/170/2080 2929/125/2080 
f 2933/129/2081 2978/174/2081 2975/171/2081 2931/127/2081 
f 2935/131/2082 2979/175/2082 2978/174/2082 2933/129/2082 
f 2937/133/2083 2989/185/2083 2979/175/2083 2935/131/2083 
f 2939/135/2084 2990/186/2084 2989/185/2084 2937/133/2084 
f 2941/137/2085 2991/187/2085 2990/186/2085 2939/135/2085 
f 2943/139/2086 2992/188/2086 2991/187/2086 2941/137/2086 
f 2945/141/2087 2993/189/2087 2992/188/2087 2943/139/2087 
f 2947/143/2088 2994/190/2088 2993/189/2088 2945/141/2088 
f 2949/145/2089 2995/191/2089 2994/190/2089 2947/143/2089 
f 2951/147/2090 2996/192/2090 2995/191/2090 2949/145/2090 
f 2953/149/2091 2997/193/2091 2996/192/2091 2951/147/2091 
f 2955/151/2092 2998/194/2092 2997/193/2092 2953/149/2092 
f 2957/153/2093 2999/195/2093 2998/194/2093 2955/151/2093 
f 2959/155/2094 3000/196/2094 2999/195/2094 2957/153/2094 
f 2961/157/2095 2972/168/2095 3000/196/2095 2959/155/2095 
f 2963/159/2096 2969/165/2096 2972/168/2096 2961/157/2096 
f 2965/161/2097 2970/166/2097 2969/165/2097 2963/159/2097 
f 2967/163/2098 2971/167/2098 2970/166/2098 2965/161/2098 
f 2906/102/2099 2988/184/2099 2971/167/2099 2967/163/2099 
# 94 polygons

#
# object Rectangle118
#

v  -9951.7598 2108.8281 -1435.5627
v  -8598.0352 2108.8281 -1435.5627
v  -8598.0352 2102.8281 -1435.5627
v  -9951.7598 2102.8281 -1435.5627
v  -9953.7598 2108.8281 -311.2289
v  -9953.7598 2108.8281 -1433.5627
v  -9953.7598 2102.8281 -1433.5627
v  -9953.7598 2102.8281 -311.2289
v  -8598.0352 2108.8281 -309.2289
v  -9951.7598 2108.8281 -309.2289
v  -9951.7598 2102.8281 -309.2289
v  -8598.0352 2102.8281 -309.2289
v  -8596.0352 2108.8281 -1433.5627
v  -8596.0352 2108.8281 -311.2289
v  -8596.0352 2102.8281 -311.2289
v  -8596.0352 2102.8281 -1433.5627
v  -9951.7598 2100.8281 -311.2289
v  -9951.7598 2100.8281 -1433.5627
v  -8598.0352 2100.8281 -1433.5627
v  -8598.0352 2100.8281 -311.2289
v  -8598.0352 2110.8281 -1433.5627
v  -9951.7598 2110.8281 -1433.5627
v  -9951.7598 2110.8281 -311.2289
v  -8598.0352 2110.8281 -311.2289
# 24 vertices

vn 0.0000 0.0000 -1.0000
vn -1.0000 0.0000 -0.0000
vn 0.0000 0.0000 1.0000
vn 1.0000 0.0000 -0.0000
vn 0.0000 -1.0000 -0.0000
vn 0.0000 1.0000 -0.0000
vn 0.5774 -0.5774 -0.5774
vn -0.5774 -0.5774 -0.5774
vn -0.5774 -0.5774 0.5774
vn 0.5774 -0.5774 0.5774
vn 0.5774 0.5774 -0.5774
vn -0.5774 0.5774 -0.5774
vn -0.5774 0.5774 0.5774
vn 0.5774 0.5774 0.5774
vn 0.0000 -0.7071 -0.7071
vn -0.7071 0.0000 -0.7071
vn 0.0000 0.7071 -0.7071
vn 0.7071 0.0000 -0.7071
vn -0.7071 -0.7071 -0.0000
vn -0.7071 0.0000 0.7071
vn -0.7071 0.7071 -0.0000
vn 0.0000 -0.7071 0.7071
vn 0.7071 0.0000 0.7071
vn 0.0000 0.7071 0.7071
vn 0.7071 -0.7071 -0.0000
vn 0.7071 0.7071 -0.0000
# 26 vertex normals

vt 0.0020 0.9995 0.7997
vt 0.9980 0.9995 0.7997
vt 0.9980 0.9995 0.2003
vt 0.0020 0.9995 0.2003
vt 0.0005 0.0023 0.7997
vt 0.0005 0.9977 0.7997
vt 0.0005 0.9977 0.2003
vt 0.0005 0.0023 0.2003
vt 0.9980 0.0005 0.7997
vt 0.0020 0.0005 0.7997
vt 0.0020 0.0005 0.2003
vt 0.9980 0.0005 0.2003
vt 0.9995 0.9977 0.7997
vt 0.9995 0.0023 0.7997
vt 0.9995 0.0023 0.2003
vt 0.9995 0.9977 0.2003
vt 0.0020 0.0023 0.0005
vt 0.0020 0.9977 0.0005
vt 0.9980 0.9977 0.0005
vt 0.9980 0.0023 0.0005
vt 0.9980 0.9977 0.9995
vt 0.0020 0.9977 0.9995
vt 0.0020 0.0023 0.9995
vt 0.9980 0.0023 0.9995
# 24 texture coords

g Rectangle118
usemtl wire_028028177
s 1
f 3001/197/2100 3002/198/2100 3003/199/2100 3004/200/2100 
s 4
f 3005/201/2101 3006/202/2101 3007/203/2101 3008/204/2101 
s 2
f 3009/205/2102 3010/206/2102 3011/207/2102 3012/208/2102 
s 4
f 3013/209/2103 3014/210/2103 3015/211/2103 3016/212/2103 
s 16
f 3017/213/2104 3018/214/2104 3019/215/2104 3020/216/2104 
f 3021/217/2105 3022/218/2105 3023/219/2105 3024/220/2105 
s off
f 3003/199/2106 3016/212/2106 3019/215/2106 
f 3018/214/2107 3007/203/2107 3004/200/2107 
f 3017/213/2108 3011/207/2108 3008/204/2108 
f 3015/211/2109 3012/208/2109 3020/216/2109 
f 3002/198/2110 3021/217/2110 3013/209/2110 
f 3006/202/2111 3022/218/2111 3001/197/2111 
f 3010/206/2112 3023/219/2112 3005/201/2112 
f 3014/210/2113 3024/220/2113 3009/205/2113 
f 3003/199/2114 3019/215/2114 3018/214/2114 3004/200/2114 
f 3004/200/2115 3007/203/2115 3006/202/2115 3001/197/2115 
f 3001/197/2116 3022/218/2116 3021/217/2116 3002/198/2116 
f 3002/198/2117 3013/209/2117 3016/212/2117 3003/199/2117 
f 3007/203/2118 3018/214/2118 3017/213/2118 3008/204/2118 
f 3008/204/2119 3011/207/2119 3010/206/2119 3005/201/2119 
f 3005/201/2120 3023/219/2120 3022/218/2120 3006/202/2120 
f 3011/207/2121 3017/213/2121 3020/216/2121 3012/208/2121 
f 3012/208/2122 3015/211/2122 3014/210/2122 3009/205/2122 
f 3009/205/2123 3024/220/2123 3023/219/2123 3010/206/2123 
f 3015/211/2124 3020/216/2124 3019/215/2124 3016/212/2124 
f 3013/209/2125 3021/217/2125 3024/220/2125 3014/210/2125 
# 18 polygons - 8 triangles

#
# object Sphere003
#

v  -8632.1006 2095.0693 -344.4128
v  -8632.1006 2095.1799 -347.1348
v  -8632.6318 2095.1799 -347.0826
v  -8633.1426 2095.1799 -346.9276
v  -8633.6133 2095.1799 -346.6761
v  -8634.0254 2095.1799 -346.3376
v  -8634.3643 2095.1799 -345.9251
v  -8634.6152 2095.1799 -345.4545
v  -8634.7705 2095.1799 -344.9439
v  -8634.8223 2095.1799 -344.4128
v  -8634.7705 2095.1799 -343.8818
v  -8634.6152 2095.1799 -343.3712
v  -8634.3643 2095.1799 -342.9006
v  -8634.0254 2095.1799 -342.4881
v  -8633.6133 2095.1799 -342.1496
v  -8633.1426 2095.1799 -341.8980
v  -8632.6318 2095.1799 -341.7431
v  -8632.1006 2095.1799 -341.6909
v  -8631.5693 2095.1799 -341.7431
v  -8631.0586 2095.1799 -341.8980
v  -8630.5879 2095.1799 -342.1496
v  -8630.1758 2095.1799 -342.4881
v  -8629.8369 2095.1799 -342.9006
v  -8629.5859 2095.1799 -343.3712
v  -8629.4307 2095.1799 -343.8818
v  -8629.3789 2095.1799 -344.4128
v  -8629.4307 2095.1799 -344.9439
v  -8629.5859 2095.1799 -345.4545
v  -8629.8369 2095.1799 -345.9251
v  -8630.1758 2095.1799 -346.3376
v  -8630.5879 2095.1799 -346.6761
v  -8631.0586 2095.1799 -346.9276
v  -8631.5693 2095.1799 -347.0826
v  -8633.1426 2095.5078 -349.6496
v  -8632.1006 2095.5078 -349.7522
v  -8634.1436 2095.5078 -349.3458
v  -8635.0674 2095.5078 -348.8524
v  -8635.8760 2095.5078 -348.1884
v  -8636.5400 2095.5078 -347.3792
v  -8637.0332 2095.5078 -346.4561
v  -8637.3369 2095.5078 -345.4545
v  -8637.4404 2095.5078 -344.4128
v  -8637.3369 2095.5078 -343.3712
v  -8637.0332 2095.5078 -342.3695
v  -8636.5400 2095.5078 -341.4464
v  -8635.8760 2095.5078 -340.6373
v  -8635.0674 2095.5078 -339.9733
v  -8634.1436 2095.5078 -339.4799
v  -8633.1426 2095.5078 -339.1761
v  -8632.1006 2095.5078 -339.0735
v  -8631.0586 2095.5078 -339.1761
v  -8630.0576 2095.5078 -339.4799
v  -8629.1338 2095.5078 -339.9733
v  -8628.3252 2095.5078 -340.6373
v  -8627.6611 2095.5078 -341.4464
v  -8627.1680 2095.5078 -342.3695
v  -8626.8643 2095.5078 -343.3712
v  -8626.7607 2095.5078 -344.4128
v  -8626.8643 2095.5078 -345.4545
v  -8627.1680 2095.5078 -346.4561
v  -8627.6611 2095.5078 -347.3792
v  -8628.3252 2095.5078 -348.1884
v  -8629.1338 2095.5078 -348.8524
v  -8630.0576 2095.5078 -349.3458
v  -8631.0586 2095.5078 -349.6496
v  -8633.6133 2096.0398 -352.0155
v  -8632.1006 2096.0398 -352.1644
v  -8635.0674 2096.0398 -351.5744
v  -8636.4072 2096.0398 -350.8581
v  -8637.5820 2096.0398 -349.8940
v  -8638.5459 2096.0398 -348.7194
v  -8639.2617 2096.0398 -347.3792
v  -8639.7031 2096.0398 -345.9251
v  -8639.8525 2096.0398 -344.4128
v  -8639.7031 2096.0398 -342.9006
v  -8639.2617 2096.0398 -341.4464
v  -8638.5459 2096.0398 -340.1063
v  -8637.5820 2096.0398 -338.9316
v  -8636.4072 2096.0398 -337.9676
v  -8635.0674 2096.0398 -337.2513
v  -8633.6133 2096.0398 -336.8102
v  -8632.1006 2096.0398 -336.6613
v  -8630.5879 2096.0398 -336.8102
v  -8629.1338 2096.0398 -337.2513
v  -8627.7939 2096.0398 -337.9676
v  -8626.6191 2096.0398 -338.9316
v  -8625.6553 2096.0398 -340.1063
v  -8624.9395 2096.0398 -341.4464
v  -8624.4980 2096.0398 -342.9006
v  -8624.3486 2096.0398 -344.4128
v  -8624.4980 2096.0398 -345.9251
v  -8624.9395 2096.0398 -347.3793
v  -8625.6553 2096.0398 -348.7194
v  -8626.6191 2096.0398 -349.8940
v  -8627.7939 2096.0398 -350.8581
v  -8629.1338 2096.0398 -351.5744
v  -8630.5879 2096.0398 -352.0155
v  -8634.0254 2096.7561 -354.0892
v  -8632.1006 2096.7561 -354.2787
v  -8635.8760 2096.7561 -353.5277
v  -8637.5820 2096.7561 -352.6161
v  -8639.0771 2096.7561 -351.3891
v  -8640.3037 2096.7561 -349.8940
v  -8641.2158 2096.7561 -348.1884
v  -8641.7773 2096.7561 -346.3376
v  -8641.9668 2096.7561 -344.4128
v  -8641.7773 2096.7561 -342.4881
v  -8641.2158 2096.7561 -340.6373
v  -8640.3037 2096.7561 -338.9316
v  -8639.0771 2096.7561 -337.4366
v  -8637.5820 2096.7561 -336.2096
v  -8635.8760 2096.7561 -335.2979
v  -8634.0254 2096.7561 -334.7365
v  -8632.1006 2096.7561 -334.5469
v  -8630.1758 2096.7561 -334.7365
v  -8628.3252 2096.7561 -335.2979
v  -8626.6191 2096.7561 -336.2097
v  -8625.1240 2096.7561 -337.4366
v  -8623.8975 2096.7561 -338.9316
v  -8622.9854 2096.7561 -340.6373
v  -8622.4238 2096.7561 -342.4881
v  -8622.2344 2096.7561 -344.4128
v  -8622.4238 2096.7561 -346.3376
v  -8622.9854 2096.7561 -348.1884
v  -8623.8975 2096.7561 -349.8941
v  -8625.1240 2096.7561 -351.3891
v  -8626.6191 2096.7561 -352.6161
v  -8628.3252 2096.7561 -353.5278
v  -8630.1758 2096.7561 -354.0892
v  -8634.3643 2097.6287 -355.7910
v  -8632.1006 2097.6287 -356.0139
v  -8636.5400 2097.6287 -355.1308
v  -8638.5459 2097.6287 -354.0588
v  -8640.3037 2097.6287 -352.6161
v  -8641.7461 2097.6287 -350.8581
v  -8642.8184 2097.6287 -348.8524
v  -8643.4785 2097.6287 -346.6761
v  -8643.7021 2097.6287 -344.4128
v  -8643.4785 2097.6287 -342.1496
v  -8642.8184 2097.6287 -339.9733
v  -8641.7461 2097.6287 -337.9676
v  -8640.3037 2097.6287 -336.2096
v  -8638.5459 2097.6287 -334.7669
v  -8636.5400 2097.6287 -333.6948
v  -8634.3643 2097.6287 -333.0347
v  -8632.1006 2097.6287 -332.8118
v  -8629.8369 2097.6287 -333.0347
v  -8627.6611 2097.6287 -333.6949
v  -8625.6553 2097.6287 -334.7669
v  -8623.8975 2097.6287 -336.2097
v  -8622.4551 2097.6287 -337.9677
v  -8621.3828 2097.6287 -339.9733
v  -8620.7227 2097.6287 -342.1496
v  -8620.4990 2097.6287 -344.4129
v  -8620.7227 2097.6287 -346.6761
v  -8621.3828 2097.6287 -348.8524
v  -8622.4551 2097.6287 -350.8581
v  -8623.8975 2097.6287 -352.6161
v  -8625.6553 2097.6287 -354.0588
v  -8627.6611 2097.6287 -355.1309
v  -8629.8369 2097.6287 -355.7910
v  -8634.6152 2098.6243 -357.0556
v  -8632.1006 2098.6243 -357.3033
v  -8637.0332 2098.6243 -356.3221
v  -8639.2617 2098.6243 -355.1308
v  -8641.2158 2098.6243 -353.5277
v  -8642.8184 2098.6243 -351.5744
v  -8644.0098 2098.6243 -349.3458
v  -8644.7432 2098.6243 -346.9276
v  -8644.9912 2098.6243 -344.4128
v  -8644.7432 2098.6243 -341.8980
v  -8644.0098 2098.6243 -339.4799
v  -8642.8184 2098.6243 -337.2513
v  -8641.2158 2098.6243 -335.2979
v  -8639.2617 2098.6243 -333.6948
v  -8637.0332 2098.6243 -332.5036
v  -8634.6152 2098.6243 -331.7701
v  -8632.1006 2098.6243 -331.5224
v  -8629.5859 2098.6243 -331.7701
v  -8627.1680 2098.6243 -332.5036
v  -8624.9395 2098.6243 -333.6949
v  -8622.9854 2098.6243 -335.2979
v  -8621.3828 2098.6243 -337.2513
v  -8620.1914 2098.6243 -339.4799
v  -8619.4580 2098.6243 -341.8981
v  -8619.2100 2098.6243 -344.4129
v  -8619.4580 2098.6243 -346.9277
v  -8620.1914 2098.6243 -349.3458
v  -8621.3828 2098.6243 -351.5744
v  -8622.9854 2098.6243 -353.5278
v  -8624.9395 2098.6243 -355.1309
v  -8627.1680 2098.6243 -356.3221
v  -8629.5859 2098.6243 -357.0556
v  -8634.7705 2099.7046 -357.8343
v  -8632.1006 2099.7046 -358.0973
v  -8637.3369 2099.7046 -357.0556
v  -8639.7031 2099.7046 -355.7910
v  -8641.7773 2099.7046 -354.0892
v  -8643.4785 2099.7046 -352.0155
v  -8644.7432 2099.7046 -349.6496
v  -8645.5225 2099.7046 -347.0825
v  -8645.7852 2099.7046 -344.4128
v  -8645.5225 2099.7046 -341.7431
v  -8644.7432 2099.7046 -339.1761
v  -8643.4785 2099.7046 -336.8102
v  -8641.7773 2099.7046 -334.7365
v  -8639.7031 2099.7046 -333.0347
v  -8637.3369 2099.7046 -331.7701
v  -8634.7705 2099.7046 -330.9914
v  -8632.1006 2099.7046 -330.7284
v  -8629.4307 2099.7046 -330.9914
v  -8626.8643 2099.7046 -331.7701
v  -8624.4980 2099.7046 -333.0347
v  -8622.4238 2099.7046 -334.7365
v  -8620.7227 2099.7046 -336.8102
v  -8619.4580 2099.7046 -339.1761
v  -8618.6787 2099.7046 -341.7432
v  -8618.4160 2099.7046 -344.4129
v  -8618.6787 2099.7046 -347.0826
v  -8619.4580 2099.7046 -349.6497
v  -8620.7227 2099.7046 -352.0155
v  -8622.4238 2099.7046 -354.0892
v  -8624.4980 2099.7046 -355.7910
v  -8626.8643 2099.7046 -357.0556
v  -8629.4307 2099.7046 -357.8343
v  -8634.8223 2100.8281 -358.0973
v  -8632.1006 2100.8281 -358.3654
v  -8637.4404 2100.8281 -357.3033
v  -8639.8525 2100.8281 -356.0139
v  -8641.9668 2100.8281 -354.2787
v  -8643.7021 2100.8281 -352.1644
v  -8644.9912 2100.8281 -349.7522
v  -8645.7852 2100.8281 -347.1348
v  -8646.0527 2100.8281 -344.4128
v  -8645.7852 2100.8281 -341.6908
v  -8644.9912 2100.8281 -339.0735
v  -8643.7021 2100.8281 -336.6613
v  -8641.9668 2100.8281 -334.5469
v  -8639.8525 2100.8281 -332.8118
v  -8637.4404 2100.8281 -331.5224
v  -8634.8223 2100.8281 -330.7284
v  -8632.1006 2100.8281 -330.4603
v  -8629.3789 2100.8281 -330.7284
v  -8626.7607 2100.8281 -331.5224
v  -8624.3486 2100.8281 -332.8118
v  -8622.2344 2100.8281 -334.5469
v  -8620.4990 2100.8281 -336.6613
v  -8619.2100 2100.8281 -339.0735
v  -8618.4160 2100.8281 -341.6909
v  -8618.1484 2100.8281 -344.4129
v  -8618.4160 2100.8281 -347.1349
v  -8619.2100 2100.8281 -349.7523
v  -8620.5000 2100.8281 -352.1645
v  -8622.2344 2100.8281 -354.2788
v  -8624.3486 2100.8281 -356.0139
v  -8626.7607 2100.8281 -357.3033
v  -8629.3789 2100.8281 -358.0973
v  -8632.1006 2100.8281 -344.4128
v  -9917.6943 2095.0693 -344.4130
v  -9917.6943 2095.1799 -347.1349
v  -9918.2256 2095.1799 -347.0826
v  -9918.7363 2095.1799 -346.9278
v  -9919.2070 2095.1799 -346.6762
v  -9919.6191 2095.1799 -346.3377
v  -9919.9580 2095.1799 -345.9252
v  -9920.2090 2095.1799 -345.4546
v  -9920.3643 2095.1799 -344.9440
v  -9920.4160 2095.1799 -344.4130
v  -9920.3643 2095.1799 -343.8819
v  -9920.2090 2095.1799 -343.3713
v  -9919.9580 2095.1799 -342.9007
v  -9919.6191 2095.1799 -342.4882
v  -9919.2070 2095.1799 -342.1497
v  -9918.7363 2095.1799 -341.8982
v  -9918.2256 2095.1799 -341.7433
v  -9917.6943 2095.1799 -341.6909
v  -9917.1631 2095.1799 -341.7433
v  -9916.6523 2095.1799 -341.8982
v  -9916.1816 2095.1799 -342.1497
v  -9915.7695 2095.1799 -342.4882
v  -9915.4307 2095.1799 -342.9007
v  -9915.1797 2095.1799 -343.3713
v  -9915.0244 2095.1799 -343.8819
v  -9914.9727 2095.1799 -344.4130
v  -9915.0244 2095.1799 -344.9440
v  -9915.1797 2095.1799 -345.4546
v  -9915.4307 2095.1799 -345.9252
v  -9915.7695 2095.1799 -346.3377
v  -9916.1816 2095.1799 -346.6762
v  -9916.6523 2095.1799 -346.9278
v  -9917.1631 2095.1799 -347.0826
v  -9918.7363 2095.5078 -349.6497
v  -9917.6943 2095.5078 -349.7523
v  -9919.7373 2095.5078 -349.3459
v  -9920.6611 2095.5078 -348.8525
v  -9921.4697 2095.5078 -348.1885
v  -9922.1338 2095.5078 -347.3794
v  -9922.6270 2095.5078 -346.4562
v  -9922.9316 2095.5078 -345.4546
v  -9923.0332 2095.5078 -344.4130
v  -9922.9316 2095.5078 -343.3713
v  -9922.6270 2095.5078 -342.3697
v  -9922.1338 2095.5078 -341.4465
v  -9921.4697 2095.5078 -340.6374
v  -9920.6611 2095.5078 -339.9734
v  -9919.7373 2095.5078 -339.4800
v  -9918.7363 2095.5078 -339.1761
v  -9917.6943 2095.5078 -339.0736
v  -9916.6523 2095.5078 -339.1761
v  -9915.6514 2095.5078 -339.4800
v  -9914.7275 2095.5078 -339.9734
v  -9913.9189 2095.5078 -340.6375
v  -9913.2549 2095.5078 -341.4466
v  -9912.7617 2095.5078 -342.3697
v  -9912.4570 2095.5078 -343.3713
v  -9912.3555 2095.5078 -344.4130
v  -9912.4570 2095.5078 -345.4546
v  -9912.7617 2095.5078 -346.4563
v  -9913.2549 2095.5078 -347.3794
v  -9913.9189 2095.5078 -348.1885
v  -9914.7275 2095.5078 -348.8525
v  -9915.6514 2095.5078 -349.3459
v  -9916.6523 2095.5078 -349.6497
v  -9919.2070 2096.0398 -352.0156
v  -9917.6943 2096.0398 -352.1646
v  -9920.6611 2096.0398 -351.5745
v  -9922.0010 2096.0398 -350.8582
v  -9923.1758 2096.0398 -349.8942
v  -9924.1396 2096.0398 -348.7195
v  -9924.8555 2096.0398 -347.3794
v  -9925.2969 2096.0398 -345.9252
v  -9925.4463 2096.0398 -344.4130
v  -9925.2969 2096.0398 -342.9007
v  -9924.8555 2096.0398 -341.4465
v  -9924.1396 2096.0398 -340.1064
v  -9923.1758 2096.0398 -338.9317
v  -9922.0010 2096.0398 -337.9677
v  -9920.6611 2096.0398 -337.2514
v  -9919.2070 2096.0398 -336.8103
v  -9917.6943 2096.0398 -336.6613
v  -9916.1816 2096.0398 -336.8103
v  -9914.7275 2096.0398 -337.2514
v  -9913.3877 2096.0398 -337.9677
v  -9912.2129 2096.0398 -338.9318
v  -9911.2490 2096.0398 -340.1064
v  -9910.5332 2096.0398 -341.4466
v  -9910.0918 2096.0398 -342.9007
v  -9909.9424 2096.0398 -344.4130
v  -9910.0918 2096.0398 -345.9252
v  -9910.5332 2096.0398 -347.3794
v  -9911.2490 2096.0398 -348.7195
v  -9912.2129 2096.0398 -349.8942
v  -9913.3877 2096.0398 -350.8582
v  -9914.7275 2096.0398 -351.5745
v  -9916.1816 2096.0398 -352.0156
v  -9919.6191 2096.7561 -354.0893
v  -9917.6943 2096.7561 -354.2789
v  -9921.4697 2096.7561 -353.5279
v  -9923.1758 2096.7561 -352.6161
v  -9924.6709 2096.7561 -351.3892
v  -9925.8975 2096.7561 -349.8942
v  -9926.8096 2096.7561 -348.1885
v  -9927.3711 2096.7561 -346.3377
v  -9927.5605 2096.7561 -344.4130
v  -9927.3711 2096.7561 -342.4882
v  -9926.8096 2096.7561 -340.6374
v  -9925.8975 2096.7561 -338.9317
v  -9924.6709 2096.7561 -337.4367
v  -9923.1758 2096.7561 -336.2097
v  -9921.4697 2096.7561 -335.2980
v  -9919.6191 2096.7561 -334.7366
v  -9917.6943 2096.7561 -334.5471
v  -9915.7695 2096.7561 -334.7366
v  -9913.9189 2096.7561 -335.2980
v  -9912.2129 2096.7561 -336.2097
v  -9910.7178 2096.7561 -337.4367
v  -9909.4912 2096.7561 -338.9318
v  -9908.5791 2096.7561 -340.6375
v  -9908.0176 2096.7561 -342.4882
v  -9907.8281 2096.7561 -344.4130
v  -9908.0176 2096.7561 -346.3377
v  -9908.5791 2096.7561 -348.1885
v  -9909.4912 2096.7561 -349.8942
v  -9910.7178 2096.7561 -351.3892
v  -9912.2129 2096.7561 -352.6162
v  -9913.9189 2096.7561 -353.5279
v  -9915.7695 2096.7561 -354.0893
v  -9919.9580 2097.6287 -355.7911
v  -9917.6943 2097.6287 -356.0140
v  -9922.1338 2097.6287 -355.1310
v  -9924.1396 2097.6287 -354.0589
v  -9925.8975 2097.6287 -352.6161
v  -9927.3398 2097.6287 -350.8582
v  -9928.4121 2097.6287 -348.8525
v  -9929.0723 2097.6287 -346.6762
v  -9929.2949 2097.6287 -344.4130
v  -9929.0723 2097.6287 -342.1497
v  -9928.4121 2097.6287 -339.9734
v  -9927.3398 2097.6287 -337.9677
v  -9925.8975 2097.6287 -336.2097
v  -9924.1396 2097.6287 -334.7670
v  -9922.1338 2097.6287 -333.6949
v  -9919.9580 2097.6287 -333.0348
v  -9917.6943 2097.6287 -332.8119
v  -9915.4307 2097.6287 -333.0348
v  -9913.2549 2097.6287 -333.6949
v  -9911.2490 2097.6287 -334.7670
v  -9909.4912 2097.6287 -336.2097
v  -9908.0488 2097.6287 -337.9677
v  -9906.9766 2097.6287 -339.9734
v  -9906.3164 2097.6287 -342.1497
v  -9906.0938 2097.6287 -344.4130
v  -9906.3164 2097.6287 -346.6762
v  -9906.9766 2097.6287 -348.8525
v  -9908.0488 2097.6287 -350.8582
v  -9909.4912 2097.6287 -352.6162
v  -9911.2490 2097.6287 -354.0589
v  -9913.2549 2097.6287 -355.1310
v  -9915.4316 2097.6287 -355.7911
v  -9920.2090 2098.6243 -357.0557
v  -9917.6943 2098.6243 -357.3034
v  -9922.6270 2098.6243 -356.3221
v  -9924.8555 2098.6243 -355.1310
v  -9926.8096 2098.6243 -353.5279
v  -9928.4121 2098.6243 -351.5745
v  -9929.6035 2098.6243 -349.3459
v  -9930.3369 2098.6243 -346.9278
v  -9930.5850 2098.6243 -344.4130
v  -9930.3369 2098.6243 -341.8982
v  -9929.6035 2098.6243 -339.4800
v  -9928.4121 2098.6243 -337.2514
v  -9926.8096 2098.6243 -335.2980
v  -9924.8555 2098.6243 -333.6949
v  -9922.6270 2098.6243 -332.5038
v  -9920.2090 2098.6243 -331.7702
v  -9917.6943 2098.6243 -331.5225
v  -9915.1797 2098.6243 -331.7702
v  -9912.7617 2098.6243 -332.5038
v  -9910.5332 2098.6243 -333.6950
v  -9908.5791 2098.6243 -335.2981
v  -9906.9766 2098.6243 -337.2514
v  -9905.7852 2098.6243 -339.4800
v  -9905.0518 2098.6243 -341.8982
v  -9904.8037 2098.6243 -344.4130
v  -9905.0518 2098.6243 -346.9278
v  -9905.7852 2098.6243 -349.3459
v  -9906.9766 2098.6243 -351.5745
v  -9908.5791 2098.6243 -353.5279
v  -9910.5332 2098.6243 -355.1310
v  -9912.7617 2098.6243 -356.3222
v  -9915.1797 2098.6243 -357.0557
v  -9920.3643 2099.7046 -357.8344
v  -9917.6943 2099.7046 -358.0974
v  -9922.9316 2099.7046 -357.0557
v  -9925.2969 2099.7046 -355.7911
v  -9927.3711 2099.7046 -354.0893
v  -9929.0723 2099.7046 -352.0156
v  -9930.3369 2099.7046 -349.6497
v  -9931.1162 2099.7046 -347.0826
v  -9931.3789 2099.7046 -344.4130
v  -9931.1162 2099.7046 -341.7433
v  -9930.3369 2099.7046 -339.1761
v  -9929.0723 2099.7046 -336.8103
v  -9927.3711 2099.7046 -334.7366
v  -9925.2969 2099.7046 -333.0348
v  -9922.9316 2099.7046 -331.7702
v  -9920.3643 2099.7046 -330.9915
v  -9917.6943 2099.7046 -330.7285
v  -9915.0244 2099.7046 -330.9915
v  -9912.4570 2099.7046 -331.7702
v  -9910.0918 2099.7046 -333.0348
v  -9908.0176 2099.7046 -334.7366
v  -9906.3164 2099.7046 -336.8103
v  -9905.0518 2099.7046 -339.1762
v  -9904.2725 2099.7046 -341.7433
v  -9904.0098 2099.7046 -344.4130
v  -9904.2725 2099.7046 -347.0827
v  -9905.0518 2099.7046 -349.6498
v  -9906.3164 2099.7046 -352.0156
v  -9908.0176 2099.7046 -354.0893
v  -9910.0918 2099.7046 -355.7911
v  -9912.4570 2099.7046 -357.0557
v  -9915.0244 2099.7046 -357.8344
v  -9920.4160 2100.8281 -358.0974
v  -9917.6943 2100.8281 -358.3654
v  -9923.0332 2100.8281 -357.3034
v  -9925.4463 2100.8281 -356.0140
v  -9927.5605 2100.8281 -354.2789
v  -9929.2949 2100.8281 -352.1646
v  -9930.5850 2100.8281 -349.7523
v  -9931.3789 2100.8281 -347.1349
v  -9931.6465 2100.8281 -344.4130
v  -9931.3789 2100.8281 -341.6909
v  -9930.5850 2100.8281 -339.0735
v  -9929.2949 2100.8281 -336.6613
v  -9927.5605 2100.8281 -334.5470
v  -9925.4463 2100.8281 -332.8119
v  -9923.0332 2100.8281 -331.5225
v  -9920.4160 2100.8281 -330.7285
v  -9917.6943 2100.8281 -330.4604
v  -9914.9727 2100.8281 -330.7285
v  -9912.3555 2100.8281 -331.5225
v  -9909.9424 2100.8281 -332.8119
v  -9907.8281 2100.8281 -334.5471
v  -9906.0938 2100.8281 -336.6614
v  -9904.8037 2100.8281 -339.0736
v  -9904.0098 2100.8281 -341.6910
v  -9903.7422 2100.8281 -344.4130
v  -9904.0098 2100.8281 -347.1350
v  -9904.8037 2100.8281 -349.7524
v  -9906.0938 2100.8281 -352.1646
v  -9907.8281 2100.8281 -354.2789
v  -9909.9424 2100.8281 -356.0140
v  -9912.3555 2100.8281 -357.3034
v  -9914.9727 2100.8281 -358.0974
v  -9917.6943 2100.8281 -344.4130
v  -8632.1006 2095.0693 -1400.3787
v  -8632.1006 2095.1799 -1403.1007
v  -8632.6318 2095.1799 -1403.0483
v  -8633.1426 2095.1799 -1402.8934
v  -8633.6123 2095.1799 -1402.6420
v  -8634.0254 2095.1799 -1402.3033
v  -8634.3633 2095.1799 -1401.8909
v  -8634.6152 2095.1799 -1401.4203
v  -8634.7705 2095.1799 -1400.9097
v  -8634.8223 2095.1799 -1400.3787
v  -8634.7705 2095.1799 -1399.8477
v  -8634.6152 2095.1799 -1399.3370
v  -8634.3633 2095.1799 -1398.8665
v  -8634.0254 2095.1799 -1398.4539
v  -8633.6123 2095.1799 -1398.1154
v  -8633.1426 2095.1799 -1397.8639
v  -8632.6318 2095.1799 -1397.7090
v  -8632.1006 2095.1799 -1397.6566
v  -8631.5693 2095.1799 -1397.7090
v  -8631.0586 2095.1799 -1397.8639
v  -8630.5879 2095.1799 -1398.1154
v  -8630.1758 2095.1799 -1398.4540
v  -8629.8369 2095.1799 -1398.8665
v  -8629.5859 2095.1799 -1399.3370
v  -8629.4307 2095.1799 -1399.8477
v  -8629.3789 2095.1799 -1400.3787
v  -8629.4307 2095.1799 -1400.9097
v  -8629.5859 2095.1799 -1401.4203
v  -8629.8369 2095.1799 -1401.8909
v  -8630.1758 2095.1799 -1402.3035
v  -8630.5879 2095.1799 -1402.6420
v  -8631.0586 2095.1799 -1402.8934
v  -8631.5693 2095.1799 -1403.0483
v  -8633.1426 2095.5078 -1405.6155
v  -8632.1006 2095.5078 -1405.7180
v  -8634.1436 2095.5078 -1405.3116
v  -8635.0674 2095.5078 -1404.8182
v  -8635.8760 2095.5078 -1404.1542
v  -8636.5400 2095.5078 -1403.3451
v  -8637.0332 2095.5078 -1402.4220
v  -8637.3369 2095.5078 -1401.4203
v  -8637.4395 2095.5078 -1400.3787
v  -8637.3369 2095.5078 -1399.3370
v  -8637.0332 2095.5078 -1398.3353
v  -8636.5400 2095.5078 -1397.4122
v  -8635.8760 2095.5078 -1396.6031
v  -8635.0674 2095.5078 -1395.9391
v  -8634.1436 2095.5078 -1395.4457
v  -8633.1426 2095.5078 -1395.1418
v  -8632.1006 2095.5078 -1395.0393
v  -8631.0586 2095.5078 -1395.1418
v  -8630.0576 2095.5078 -1395.4457
v  -8629.1338 2095.5078 -1395.9391
v  -8628.3252 2095.5078 -1396.6031
v  -8627.6611 2095.5078 -1397.4122
v  -8627.1680 2095.5078 -1398.3353
v  -8626.8633 2095.5078 -1399.3370
v  -8626.7607 2095.5078 -1400.3787
v  -8626.8633 2095.5078 -1401.4203
v  -8627.1680 2095.5078 -1402.4220
v  -8627.6611 2095.5078 -1403.3451
v  -8628.3252 2095.5078 -1404.1542
v  -8629.1338 2095.5078 -1404.8182
v  -8630.0576 2095.5078 -1405.3116
v  -8631.0586 2095.5078 -1405.6155
v  -8633.6123 2096.0398 -1407.9813
v  -8632.1006 2096.0398 -1408.1302
v  -8635.0674 2096.0398 -1407.5402
v  -8636.4072 2096.0398 -1406.8239
v  -8637.5820 2096.0398 -1405.8599
v  -8638.5459 2096.0398 -1404.6852
v  -8639.2617 2096.0398 -1403.3451
v  -8639.7031 2096.0398 -1401.8909
v  -8639.8525 2096.0398 -1400.3787
v  -8639.7031 2096.0398 -1398.8665
v  -8639.2617 2096.0398 -1397.4122
v  -8638.5459 2096.0398 -1396.0721
v  -8637.5820 2096.0398 -1394.8975
v  -8636.4072 2096.0398 -1393.9335
v  -8635.0674 2096.0398 -1393.2172
v  -8633.6123 2096.0398 -1392.7760
v  -8632.1006 2096.0398 -1392.6271
v  -8630.5879 2096.0398 -1392.7760
v  -8629.1338 2096.0398 -1393.2172
v  -8627.7939 2096.0398 -1393.9335
v  -8626.6191 2096.0398 -1394.8975
v  -8625.6553 2096.0398 -1396.0721
v  -8624.9385 2096.0398 -1397.4122
v  -8624.4980 2096.0398 -1398.8665
v  -8624.3486 2096.0398 -1400.3787
v  -8624.4980 2096.0398 -1401.8910
v  -8624.9385 2096.0398 -1403.3451
v  -8625.6553 2096.0398 -1404.6852
v  -8626.6191 2096.0398 -1405.8599
v  -8627.7939 2096.0398 -1406.8239
v  -8629.1338 2096.0398 -1407.5402
v  -8630.5879 2096.0398 -1407.9813
v  -8634.0254 2096.7561 -1410.0551
v  -8632.1006 2096.7561 -1410.2446
v  -8635.8760 2096.7561 -1409.4935
v  -8637.5820 2096.7561 -1408.5819
v  -8639.0771 2096.7561 -1407.3549
v  -8640.3037 2096.7561 -1405.8599
v  -8641.2158 2096.7561 -1404.1542
v  -8641.7764 2096.7561 -1402.3033
v  -8641.9668 2096.7561 -1400.3787
v  -8641.7764 2096.7561 -1398.4539
v  -8641.2158 2096.7561 -1396.6031
v  -8640.3037 2096.7561 -1394.8975
v  -8639.0771 2096.7561 -1393.4025
v  -8637.5820 2096.7561 -1392.1754
v  -8635.8760 2096.7561 -1391.2638
v  -8634.0254 2096.7561 -1390.7023
v  -8632.1006 2096.7561 -1390.5127
v  -8630.1758 2096.7561 -1390.7023
v  -8628.3252 2096.7561 -1391.2638
v  -8626.6191 2096.7561 -1392.1754
v  -8625.1240 2096.7561 -1393.4025
v  -8623.8975 2096.7561 -1394.8975
v  -8622.9854 2096.7561 -1396.6031
v  -8622.4238 2096.7561 -1398.4540
v  -8622.2344 2096.7561 -1400.3787
v  -8622.4238 2096.7561 -1402.3035
v  -8622.9854 2096.7561 -1404.1542
v  -8623.8975 2096.7561 -1405.8599
v  -8625.1240 2096.7561 -1407.3550
v  -8626.6191 2096.7561 -1408.5819
v  -8628.3252 2096.7561 -1409.4935
v  -8630.1758 2096.7561 -1410.0551
v  -8634.3633 2097.6287 -1411.7568
v  -8632.1006 2097.6287 -1411.9797
v  -8636.5400 2097.6287 -1411.0967
v  -8638.5459 2097.6287 -1410.0247
v  -8640.3037 2097.6287 -1408.5819
v  -8641.7461 2097.6287 -1406.8239
v  -8642.8184 2097.6287 -1404.8182
v  -8643.4785 2097.6287 -1402.6420
v  -8643.7012 2097.6287 -1400.3787
v  -8643.4785 2097.6287 -1398.1154
v  -8642.8184 2097.6287 -1395.9391
v  -8641.7461 2097.6287 -1393.9335
v  -8640.3037 2097.6287 -1392.1754
v  -8638.5459 2097.6287 -1390.7327
v  -8636.5400 2097.6287 -1389.6606
v  -8634.3633 2097.6287 -1389.0005
v  -8632.1006 2097.6287 -1388.7776
v  -8629.8369 2097.6287 -1389.0005
v  -8627.6611 2097.6287 -1389.6606
v  -8625.6553 2097.6287 -1390.7327
v  -8623.8975 2097.6287 -1392.1754
v  -8622.4541 2097.6287 -1393.9335
v  -8621.3828 2097.6287 -1395.9391
v  -8620.7227 2097.6287 -1398.1155
v  -8620.4990 2097.6287 -1400.3787
v  -8620.7227 2097.6287 -1402.6420
v  -8621.3828 2097.6287 -1404.8182
v  -8622.4541 2097.6287 -1406.8239
v  -8623.8975 2097.6287 -1408.5819
v  -8625.6553 2097.6287 -1410.0247
v  -8627.6611 2097.6287 -1411.0967
v  -8629.8369 2097.6287 -1411.7568
v  -8634.6152 2098.6243 -1413.0214
v  -8632.1006 2098.6243 -1413.2690
v  -8637.0332 2098.6243 -1412.2878
v  -8639.2617 2098.6243 -1411.0967
v  -8641.2158 2098.6243 -1409.4935
v  -8642.8184 2098.6243 -1407.5402
v  -8644.0098 2098.6243 -1405.3116
v  -8644.7432 2098.6243 -1402.8934
v  -8644.9912 2098.6243 -1400.3787
v  -8644.7432 2098.6243 -1397.8639
v  -8644.0098 2098.6243 -1395.4457
v  -8642.8184 2098.6243 -1393.2172
v  -8641.2158 2098.6243 -1391.2638
v  -8639.2617 2098.6243 -1389.6606
v  -8637.0332 2098.6243 -1388.4695
v  -8634.6152 2098.6243 -1387.7360
v  -8632.1006 2098.6243 -1387.4883
v  -8629.5859 2098.6243 -1387.7360
v  -8627.1680 2098.6243 -1388.4695
v  -8624.9385 2098.6243 -1389.6606
v  -8622.9854 2098.6243 -1391.2638
v  -8621.3828 2098.6243 -1393.2172
v  -8620.1914 2098.6243 -1395.4457
v  -8619.4580 2098.6243 -1397.8639
v  -8619.2100 2098.6243 -1400.3787
v  -8619.4580 2098.6243 -1402.8934
v  -8620.1914 2098.6243 -1405.3116
v  -8621.3828 2098.6243 -1407.5402
v  -8622.9854 2098.6243 -1409.4935
v  -8624.9395 2098.6243 -1411.0967
v  -8627.1680 2098.6243 -1412.2878
v  -8629.5859 2098.6243 -1413.0214
v  -8634.7705 2099.7046 -1413.8002
v  -8632.1006 2099.7046 -1414.0631
v  -8637.3369 2099.7046 -1413.0214
v  -8639.7031 2099.7046 -1411.7568
v  -8641.7764 2099.7046 -1410.0551
v  -8643.4785 2099.7046 -1407.9813
v  -8644.7432 2099.7046 -1405.6155
v  -8645.5215 2099.7046 -1403.0483
v  -8645.7852 2099.7046 -1400.3787
v  -8645.5215 2099.7046 -1397.7090
v  -8644.7432 2099.7046 -1395.1418
v  -8643.4785 2099.7046 -1392.7760
v  -8641.7764 2099.7046 -1390.7023
v  -8639.7031 2099.7046 -1389.0005
v  -8637.3369 2099.7046 -1387.7360
v  -8634.7705 2099.7046 -1386.9572
v  -8632.1006 2099.7046 -1386.6942
v  -8629.4307 2099.7046 -1386.9572
v  -8626.8633 2099.7046 -1387.7360
v  -8624.4980 2099.7046 -1389.0005
v  -8622.4238 2099.7046 -1390.7024
v  -8620.7227 2099.7046 -1392.7760
v  -8619.4580 2099.7046 -1395.1418
v  -8618.6787 2099.7046 -1397.7090
v  -8618.4160 2099.7046 -1400.3787
v  -8618.6787 2099.7046 -1403.0483
v  -8619.4580 2099.7046 -1405.6155
v  -8620.7227 2099.7046 -1407.9813
v  -8622.4238 2099.7046 -1410.0551
v  -8624.4980 2099.7046 -1411.7568
v  -8626.8633 2099.7046 -1413.0214
v  -8629.4307 2099.7046 -1413.8002
v  -8634.8223 2100.8281 -1414.0631
v  -8632.1006 2100.8281 -1414.3312
v  -8637.4395 2100.8281 -1413.2690
v  -8639.8525 2100.8281 -1411.9797
v  -8641.9668 2100.8281 -1410.2446
v  -8643.7012 2100.8281 -1408.1302
v  -8644.9912 2100.8281 -1405.7180
v  -8645.7852 2100.8281 -1403.1007
v  -8646.0527 2100.8281 -1400.3787
v  -8645.7852 2100.8281 -1397.6566
v  -8644.9912 2100.8281 -1395.0393
v  -8643.7012 2100.8281 -1392.6271
v  -8641.9668 2100.8281 -1390.5127
v  -8639.8525 2100.8281 -1388.7776
v  -8637.4395 2100.8281 -1387.4883
v  -8634.8223 2100.8281 -1386.6942
v  -8632.1006 2100.8281 -1386.4261
v  -8629.3789 2100.8281 -1386.6942
v  -8626.7607 2100.8281 -1387.4883
v  -8624.3486 2100.8281 -1388.7776
v  -8622.2344 2100.8281 -1390.5128
v  -8620.4990 2100.8281 -1392.6271
v  -8619.2100 2100.8281 -1395.0393
v  -8618.4160 2100.8281 -1397.6567
v  -8618.1484 2100.8281 -1400.3787
v  -8618.4160 2100.8281 -1403.1007
v  -8619.2100 2100.8281 -1405.7180
v  -8620.4990 2100.8281 -1408.1302
v  -8622.2344 2100.8281 -1410.2446
v  -8624.3486 2100.8281 -1411.9797
v  -8626.7607 2100.8281 -1413.2690
v  -8629.3789 2100.8281 -1414.0631
v  -8632.1006 2100.8281 -1400.3787
v  -9917.6943 2095.0693 -1400.3788
v  -9917.6943 2095.1799 -1403.1008
v  -9918.2256 2095.1799 -1403.0485
v  -9918.7363 2095.1799 -1402.8936
v  -9919.2061 2095.1799 -1402.6421
v  -9919.6191 2095.1799 -1402.3035
v  -9919.9570 2095.1799 -1401.8910
v  -9920.2090 2095.1799 -1401.4204
v  -9920.3643 2095.1799 -1400.9098
v  -9920.4160 2095.1799 -1400.3788
v  -9920.3643 2095.1799 -1399.8478
v  -9920.2090 2095.1799 -1399.3372
v  -9919.9570 2095.1799 -1398.8666
v  -9919.6191 2095.1799 -1398.4540
v  -9919.2061 2095.1799 -1398.1155
v  -9918.7363 2095.1799 -1397.8640
v  -9918.2256 2095.1799 -1397.7091
v  -9917.6943 2095.1799 -1397.6567
v  -9917.1631 2095.1799 -1397.7091
v  -9916.6523 2095.1799 -1397.8640
v  -9916.1816 2095.1799 -1398.1155
v  -9915.7695 2095.1799 -1398.4541
v  -9915.4307 2095.1799 -1398.8666
v  -9915.1797 2095.1799 -1399.3372
v  -9915.0244 2095.1799 -1399.8478
v  -9914.9727 2095.1799 -1400.3788
v  -9915.0244 2095.1799 -1400.9098
v  -9915.1797 2095.1799 -1401.4204
v  -9915.4307 2095.1799 -1401.8910
v  -9915.7695 2095.1799 -1402.3036
v  -9916.1816 2095.1799 -1402.6421
v  -9916.6523 2095.1799 -1402.8936
v  -9917.1631 2095.1799 -1403.0485
v  -9918.7363 2095.5078 -1405.6156
v  -9917.6943 2095.5078 -1405.7181
v  -9919.7373 2095.5078 -1405.3118
v  -9920.6602 2095.5078 -1404.8184
v  -9921.4697 2095.5078 -1404.1543
v  -9922.1338 2095.5078 -1403.3452
v  -9922.6270 2095.5078 -1402.4221
v  -9922.9307 2095.5078 -1401.4204
v  -9923.0332 2095.5078 -1400.3788
v  -9922.9307 2095.5078 -1399.3372
v  -9922.6270 2095.5078 -1398.3354
v  -9922.1338 2095.5078 -1397.4124
v  -9921.4697 2095.5078 -1396.6033
v  -9920.6602 2095.5078 -1395.9392
v  -9919.7373 2095.5078 -1395.4458
v  -9918.7363 2095.5078 -1395.1420
v  -9917.6943 2095.5078 -1395.0394
v  -9916.6523 2095.5078 -1395.1420
v  -9915.6504 2095.5078 -1395.4458
v  -9914.7275 2095.5078 -1395.9392
v  -9913.9189 2095.5078 -1396.6033
v  -9913.2549 2095.5078 -1397.4124
v  -9912.7617 2095.5078 -1398.3354
v  -9912.4570 2095.5078 -1399.3372
v  -9912.3545 2095.5078 -1400.3788
v  -9912.4570 2095.5078 -1401.4204
v  -9912.7617 2095.5078 -1402.4221
v  -9913.2549 2095.5078 -1403.3452
v  -9913.9189 2095.5078 -1404.1543
v  -9914.7275 2095.5078 -1404.8184
v  -9915.6504 2095.5078 -1405.3118
v  -9916.6523 2095.5078 -1405.6156
v  -9919.2061 2096.0398 -1407.9814
v  -9917.6943 2096.0398 -1408.1304
v  -9920.6602 2096.0398 -1407.5403
v  -9922.0010 2096.0398 -1406.8240
v  -9923.1758 2096.0398 -1405.8600
v  -9924.1396 2096.0398 -1404.6853
v  -9924.8555 2096.0398 -1403.3452
v  -9925.2969 2096.0398 -1401.8910
v  -9925.4453 2096.0398 -1400.3788
v  -9925.2969 2096.0398 -1398.8666
v  -9924.8555 2096.0398 -1397.4124
v  -9924.1396 2096.0398 -1396.0723
v  -9923.1758 2096.0398 -1394.8976
v  -9922.0010 2096.0398 -1393.9336
v  -9920.6602 2096.0398 -1393.2173
v  -9919.2061 2096.0398 -1392.7761
v  -9917.6943 2096.0398 -1392.6272
v  -9916.1816 2096.0398 -1392.7761
v  -9914.7275 2096.0398 -1393.2173
v  -9913.3877 2096.0398 -1393.9336
v  -9912.2129 2096.0398 -1394.8976
v  -9911.2490 2096.0398 -1396.0723
v  -9910.5332 2096.0398 -1397.4124
v  -9910.0918 2096.0398 -1398.8666
v  -9909.9424 2096.0398 -1400.3788
v  -9910.0918 2096.0398 -1401.8911
v  -9910.5332 2096.0398 -1403.3452
v  -9911.2490 2096.0398 -1404.6853
v  -9912.2129 2096.0398 -1405.8600
v  -9913.3877 2096.0398 -1406.8240
v  -9914.7275 2096.0398 -1407.5403
v  -9916.1816 2096.0398 -1407.9814
v  -9919.6191 2096.7561 -1410.0552
v  -9917.6943 2096.7561 -1410.2448
v  -9921.4697 2096.7561 -1409.4937
v  -9923.1758 2096.7561 -1408.5820
v  -9924.6699 2096.7561 -1407.3550
v  -9925.8975 2096.7561 -1405.8600
v  -9926.8086 2096.7561 -1404.1543
v  -9927.3711 2096.7561 -1402.3035
v  -9927.5605 2096.7561 -1400.3788
v  -9927.3711 2096.7561 -1398.4540
v  -9926.8086 2096.7561 -1396.6033
v  -9925.8975 2096.7561 -1394.8976
v  -9924.6699 2096.7561 -1393.4026
v  -9923.1758 2096.7561 -1392.1755
v  -9921.4697 2096.7561 -1391.2639
v  -9919.6191 2096.7561 -1390.7024
v  -9917.6943 2096.7561 -1390.5128
v  -9915.7695 2096.7561 -1390.7024
v  -9913.9189 2096.7561 -1391.2639
v  -9912.2129 2096.7561 -1392.1755
v  -9910.7178 2096.7561 -1393.4026
v  -9909.4912 2096.7561 -1394.8976
v  -9908.5791 2096.7561 -1396.6033
v  -9908.0176 2096.7561 -1398.4541
v  -9907.8281 2096.7561 -1400.3788
v  -9908.0176 2096.7561 -1402.3036
v  -9908.5791 2096.7561 -1404.1543
v  -9909.4912 2096.7561 -1405.8600
v  -9910.7178 2096.7561 -1407.3551
v  -9912.2129 2096.7561 -1408.5820
v  -9913.9189 2096.7561 -1409.4937
v  -9915.7695 2096.7561 -1410.0552
v  -9919.9570 2097.6287 -1411.7570
v  -9917.6943 2097.6287 -1411.9799
v  -9922.1338 2097.6287 -1411.0968
v  -9924.1396 2097.6287 -1410.0248
v  -9925.8975 2097.6287 -1408.5820
v  -9927.3398 2097.6287 -1406.8240
v  -9928.4121 2097.6287 -1404.8184
v  -9929.0723 2097.6287 -1402.6421
v  -9929.2949 2097.6287 -1400.3788
v  -9929.0723 2097.6287 -1398.1155
v  -9928.4121 2097.6287 -1395.9392
v  -9927.3398 2097.6287 -1393.9336
v  -9925.8975 2097.6287 -1392.1755
v  -9924.1396 2097.6287 -1390.7328
v  -9922.1338 2097.6287 -1389.6608
v  -9919.9570 2097.6287 -1389.0006
v  -9917.6943 2097.6287 -1388.7777
v  -9915.4307 2097.6287 -1389.0006
v  -9913.2549 2097.6287 -1389.6608
v  -9911.2490 2097.6287 -1390.7328
v  -9909.4912 2097.6287 -1392.1755
v  -9908.0479 2097.6287 -1393.9336
v  -9906.9766 2097.6287 -1395.9392
v  -9906.3164 2097.6287 -1398.1156
v  -9906.0928 2097.6287 -1400.3788
v  -9906.3164 2097.6287 -1402.6421
v  -9906.9766 2097.6287 -1404.8184
v  -9908.0488 2097.6287 -1406.8240
v  -9909.4912 2097.6287 -1408.5820
v  -9911.2490 2097.6287 -1410.0248
v  -9913.2549 2097.6287 -1411.0968
v  -9915.4307 2097.6287 -1411.7570
v  -9920.2090 2098.6243 -1413.0215
v  -9917.6943 2098.6243 -1413.2692
v  -9922.6270 2098.6243 -1412.2880
v  -9924.8555 2098.6243 -1411.0968
v  -9926.8086 2098.6243 -1409.4937
v  -9928.4121 2098.6243 -1407.5403
v  -9929.6035 2098.6243 -1405.3118
v  -9930.3369 2098.6243 -1402.8936
v  -9930.5850 2098.6243 -1400.3788
v  -9930.3369 2098.6243 -1397.8640
v  -9929.6035 2098.6243 -1395.4458
v  -9928.4121 2098.6243 -1393.2173
v  -9926.8086 2098.6243 -1391.2639
v  -9924.8555 2098.6243 -1389.6608
v  -9922.6270 2098.6243 -1388.4696
v  -9920.2090 2098.6243 -1387.7361
v  -9917.6943 2098.6243 -1387.4884
v  -9915.1797 2098.6243 -1387.7361
v  -9912.7617 2098.6243 -1388.4696
v  -9910.5332 2098.6243 -1389.6608
v  -9908.5791 2098.6243 -1391.2639
v  -9906.9766 2098.6243 -1393.2173
v  -9905.7852 2098.6243 -1395.4458
v  -9905.0518 2098.6243 -1397.8640
v  -9904.8037 2098.6243 -1400.3788
v  -9905.0518 2098.6243 -1402.8936
v  -9905.7852 2098.6243 -1405.3118
v  -9906.9766 2098.6243 -1407.5403
v  -9908.5791 2098.6243 -1409.4937
v  -9910.5332 2098.6243 -1411.0968
v  -9912.7617 2098.6243 -1412.2880
v  -9915.1797 2098.6243 -1413.0215
v  -9920.3643 2099.7046 -1413.8003
v  -9917.6943 2099.7046 -1414.0632
v  -9922.9307 2099.7046 -1413.0215
v  -9925.2969 2099.7046 -1411.7570
v  -9927.3711 2099.7046 -1410.0552
v  -9929.0723 2099.7046 -1407.9814
v  -9930.3369 2099.7046 -1405.6156
v  -9931.1152 2099.7046 -1403.0485
v  -9931.3789 2099.7046 -1400.3788
v  -9931.1152 2099.7046 -1397.7091
v  -9930.3369 2099.7046 -1395.1420
v  -9929.0723 2099.7046 -1392.7761
v  -9927.3701 2099.7046 -1390.7024
v  -9925.2969 2099.7046 -1389.0006
v  -9922.9307 2099.7046 -1387.7361
v  -9920.3643 2099.7046 -1386.9573
v  -9917.6943 2099.7046 -1386.6943
v  -9915.0244 2099.7046 -1386.9573
v  -9912.4570 2099.7046 -1387.7361
v  -9910.0918 2099.7046 -1389.0006
v  -9908.0176 2099.7046 -1390.7025
v  -9906.3164 2099.7046 -1392.7761
v  -9905.0518 2099.7046 -1395.1420
v  -9904.2725 2099.7046 -1397.7091
v  -9904.0098 2099.7046 -1400.3788
v  -9904.2725 2099.7046 -1403.0485
v  -9905.0518 2099.7046 -1405.6156
v  -9906.3164 2099.7046 -1407.9814
v  -9908.0176 2099.7046 -1410.0552
v  -9910.0918 2099.7046 -1411.7570
v  -9912.4570 2099.7046 -1413.0215
v  -9915.0244 2099.7046 -1413.8003
v  -9920.4160 2100.8281 -1414.0632
v  -9917.6943 2100.8281 -1414.3313
v  -9923.0332 2100.8281 -1413.2692
v  -9925.4453 2100.8281 -1411.9799
v  -9927.5605 2100.8281 -1410.2448
v  -9929.2949 2100.8281 -1408.1304
v  -9930.5850 2100.8281 -1405.7181
v  -9931.3789 2100.8281 -1403.1008
v  -9931.6465 2100.8281 -1400.3788
v  -9931.3789 2100.8281 -1397.6567
v  -9930.5850 2100.8281 -1395.0394
v  -9929.2949 2100.8281 -1392.6272
v  -9927.5605 2100.8281 -1390.5128
v  -9925.4453 2100.8281 -1388.7777
v  -9923.0332 2100.8281 -1387.4884
v  -9920.4160 2100.8281 -1386.6943
v  -9917.6943 2100.8281 -1386.4263
v  -9914.9727 2100.8281 -1386.6943
v  -9912.3545 2100.8281 -1387.4884
v  -9909.9424 2100.8281 -1388.7777
v  -9907.8281 2100.8281 -1390.5129
v  -9906.0928 2100.8281 -1392.6272
v  -9904.8037 2100.8281 -1395.0394
v  -9904.0098 2100.8281 -1397.6569
v  -9903.7422 2100.8281 -1400.3788
v  -9904.0098 2100.8281 -1403.1008
v  -9904.8037 2100.8281 -1405.7181
v  -9906.0928 2100.8281 -1408.1304
v  -9907.8281 2100.8281 -1410.2448
v  -9909.9424 2100.8281 -1411.9799
v  -9912.3545 2100.8281 -1413.2692
v  -9914.9727 2100.8281 -1414.0632
v  -9917.6943 2100.8281 -1400.3788
# 1032 vertices

vn 0.0000 -1.0000 0.0000
vn -0.0000 -0.9796 -0.2010
vn -0.0392 -0.9796 -0.1971
vn -0.0769 -0.9796 -0.1857
vn -0.1117 -0.9796 -0.1671
vn -0.1421 -0.9796 -0.1421
vn -0.1671 -0.9796 -0.1117
vn -0.1857 -0.9796 -0.0769
vn -0.1971 -0.9796 -0.0392
vn -0.2010 -0.9796 0.0000
vn -0.1971 -0.9796 0.0392
vn -0.1857 -0.9796 0.0769
vn -0.1671 -0.9796 0.1117
vn -0.1421 -0.9796 0.1421
vn -0.1117 -0.9796 0.1671
vn -0.0769 -0.9796 0.1857
vn -0.0392 -0.9796 0.1971
vn 0.0000 -0.9796 0.2010
vn 0.0392 -0.9796 0.1971
vn 0.0769 -0.9796 0.1857
vn 0.1117 -0.9796 0.1671
vn 0.1421 -0.9796 0.1421
vn 0.1671 -0.9796 0.1117
vn 0.1857 -0.9796 0.0769
vn 0.1971 -0.9796 0.0392
vn 0.2010 -0.9796 -0.0000
vn 0.1971 -0.9796 -0.0392
vn 0.1857 -0.9796 -0.0769
vn 0.1671 -0.9796 -0.1117
vn 0.1421 -0.9796 -0.1421
vn 0.1117 -0.9796 -0.1671
vn 0.0769 -0.9796 -0.1857
vn 0.0392 -0.9796 -0.1971
vn -0.0757 -0.9217 -0.3804
vn -0.0000 -0.9217 -0.3879
vn -0.1484 -0.9217 -0.3584
vn -0.2155 -0.9217 -0.3225
vn -0.2743 -0.9217 -0.2743
vn -0.3225 -0.9217 -0.2155
vn -0.3584 -0.9217 -0.1484
vn -0.3804 -0.9217 -0.0757
vn -0.3879 -0.9217 0.0000
vn -0.3804 -0.9217 0.0757
vn -0.3584 -0.9217 0.1484
vn -0.3225 -0.9217 0.2155
vn -0.2743 -0.9217 0.2743
vn -0.2155 -0.9217 0.3225
vn -0.1484 -0.9217 0.3584
vn -0.0757 -0.9217 0.3804
vn 0.0000 -0.9217 0.3879
vn 0.0757 -0.9217 0.3804
vn 0.1484 -0.9217 0.3584
vn 0.2155 -0.9217 0.3225
vn 0.2743 -0.9217 0.2743
vn 0.3225 -0.9217 0.2155
vn 0.3584 -0.9217 0.1484
vn 0.3804 -0.9217 0.0757
vn 0.3879 -0.9217 -0.0000
vn 0.3804 -0.9217 -0.0757
vn 0.3584 -0.9217 -0.1484
vn 0.3225 -0.9217 -0.2155
vn 0.2743 -0.9217 -0.2743
vn 0.2155 -0.9217 -0.3225
vn 0.1484 -0.9217 -0.3584
vn 0.0757 -0.9217 -0.3804
vn -0.1092 -0.8286 -0.5490
vn -0.0000 -0.8286 -0.5598
vn -0.2142 -0.8286 -0.5172
vn -0.3110 -0.8286 -0.4654
vn -0.3958 -0.8286 -0.3958
vn -0.4654 -0.8286 -0.3110
vn -0.5172 -0.8286 -0.2142
vn -0.5490 -0.8286 -0.1092
vn -0.5598 -0.8286 0.0000
vn -0.5490 -0.8286 0.1092
vn -0.5172 -0.8286 0.2142
vn -0.4654 -0.8286 0.3110
vn -0.3958 -0.8286 0.3958
vn -0.3110 -0.8286 0.4654
vn -0.2142 -0.8286 0.5172
vn -0.1092 -0.8286 0.5490
vn 0.0000 -0.8286 0.5598
vn 0.1092 -0.8286 0.5490
vn 0.2142 -0.8286 0.5172
vn 0.3110 -0.8286 0.4654
vn 0.3958 -0.8286 0.3958
vn 0.4654 -0.8286 0.3110
vn 0.5172 -0.8286 0.2142
vn 0.5490 -0.8286 0.1092
vn 0.5598 -0.8286 -0.0000
vn 0.5490 -0.8286 -0.1092
vn 0.5172 -0.8286 -0.2142
vn 0.4654 -0.8286 -0.3110
vn 0.3958 -0.8286 -0.3958
vn 0.3110 -0.8286 -0.4654
vn 0.2142 -0.8286 -0.5172
vn 0.1092 -0.8286 -0.5490
vn -0.1385 -0.7041 -0.6965
vn -0.0000 -0.7041 -0.7101
vn -0.2718 -0.7041 -0.6561
vn -0.3945 -0.7041 -0.5905
vn -0.5021 -0.7041 -0.5021
vn -0.5905 -0.7041 -0.3945
vn -0.6561 -0.7041 -0.2718
vn -0.6965 -0.7041 -0.1385
vn -0.7101 -0.7041 0.0000
vn -0.6965 -0.7041 0.1385
vn -0.6561 -0.7041 0.2718
vn -0.5905 -0.7041 0.3945
vn -0.5021 -0.7041 0.5021
vn -0.3945 -0.7041 0.5905
vn -0.2718 -0.7041 0.6561
vn -0.1385 -0.7041 0.6965
vn 0.0000 -0.7041 0.7101
vn 0.1385 -0.7041 0.6965
vn 0.2718 -0.7041 0.6561
vn 0.3945 -0.7041 0.5905
vn 0.5021 -0.7041 0.5021
vn 0.5905 -0.7041 0.3945
vn 0.6561 -0.7041 0.2718
vn 0.6965 -0.7041 0.1385
vn 0.7101 -0.7041 -0.0000
vn 0.6965 -0.7041 -0.1385
vn 0.6561 -0.7041 -0.2718
vn 0.5905 -0.7041 -0.3945
vn 0.5021 -0.7041 -0.5021
vn 0.3945 -0.7041 -0.5905
vn 0.2718 -0.7041 -0.6561
vn 0.1385 -0.7041 -0.6965
vn -0.1626 -0.5528 -0.8173
vn -0.0000 -0.5528 -0.8333
vn -0.3189 -0.5528 -0.7699
vn -0.4630 -0.5528 -0.6929
vn -0.5893 -0.5528 -0.5893
vn -0.6929 -0.5528 -0.4630
vn -0.7699 -0.5528 -0.3189
vn -0.8173 -0.5528 -0.1626
vn -0.8333 -0.5528 0.0000
vn -0.8173 -0.5528 0.1626
vn -0.7699 -0.5528 0.3189
vn -0.6929 -0.5528 0.4630
vn -0.5893 -0.5528 0.5893
vn -0.4630 -0.5528 0.6929
vn -0.3189 -0.5528 0.7699
vn -0.1626 -0.5528 0.8173
vn 0.0000 -0.5528 0.8333
vn 0.1626 -0.5528 0.8173
vn 0.3189 -0.5528 0.7699
vn 0.4630 -0.5528 0.6929
vn 0.5893 -0.5528 0.5893
vn 0.6929 -0.5528 0.4630
vn 0.7699 -0.5528 0.3189
vn 0.8173 -0.5528 0.1626
vn 0.8333 -0.5528 -0.0000
vn 0.8173 -0.5528 -0.1626
vn 0.7699 -0.5528 -0.3189
vn 0.6929 -0.5528 -0.4630
vn 0.5893 -0.5528 -0.5893
vn 0.4630 -0.5528 -0.6929
vn 0.3189 -0.5528 -0.7699
vn 0.1626 -0.5528 -0.8173
vn -0.1804 -0.3805 -0.9070
vn -0.0000 -0.3805 -0.9248
vn -0.3539 -0.3805 -0.8544
vn -0.5138 -0.3805 -0.7689
vn -0.6539 -0.3805 -0.6539
vn -0.7689 -0.3805 -0.5138
vn -0.8544 -0.3805 -0.3539
vn -0.9070 -0.3805 -0.1804
vn -0.9248 -0.3805 0.0000
vn -0.9070 -0.3805 0.1804
vn -0.8544 -0.3805 0.3539
vn -0.7689 -0.3805 0.5138
vn -0.6539 -0.3805 0.6539
vn -0.5138 -0.3805 0.7689
vn -0.3539 -0.3805 0.8544
vn -0.1804 -0.3805 0.9070
vn 0.0000 -0.3805 0.9248
vn 0.1804 -0.3805 0.9070
vn 0.3539 -0.3805 0.8544
vn 0.5138 -0.3805 0.7689
vn 0.6539 -0.3805 0.6539
vn 0.7689 -0.3805 0.5138
vn 0.8544 -0.3805 0.3539
vn 0.9070 -0.3805 0.1804
vn 0.9248 -0.3805 -0.0000
vn 0.9070 -0.3805 -0.1804
vn 0.8544 -0.3805 -0.3539
vn 0.7689 -0.3805 -0.5138
vn 0.6539 -0.3805 -0.6539
vn 0.5138 -0.3805 -0.7689
vn 0.3539 -0.3805 -0.8544
vn 0.1804 -0.3805 -0.9070
vn -0.1914 -0.1939 -0.9622
vn -0.0000 -0.1939 -0.9810
vn -0.3754 -0.1939 -0.9063
vn -0.5450 -0.1939 -0.8157
vn -0.6937 -0.1939 -0.6937
vn -0.8157 -0.1939 -0.5450
vn -0.9063 -0.1939 -0.3754
vn -0.9622 -0.1939 -0.1914
vn -0.9810 -0.1939 0.0000
vn -0.9622 -0.1939 0.1914
vn -0.9063 -0.1939 0.3754
vn -0.8157 -0.1939 0.5450
vn -0.6937 -0.1939 0.6937
vn -0.5450 -0.1939 0.8157
vn -0.3754 -0.1939 0.9063
vn -0.1914 -0.1939 0.9622
vn 0.0000 -0.1939 0.9810
vn 0.1914 -0.1939 0.9622
vn 0.3754 -0.1939 0.9063
vn 0.5450 -0.1939 0.8157
vn 0.6937 -0.1939 0.6937
vn 0.8157 -0.1939 0.5450
vn 0.9063 -0.1939 0.3754
vn 0.9622 -0.1939 0.1914
vn 0.9810 -0.1939 -0.0000
vn 0.9622 -0.1939 -0.1914
vn 0.9063 -0.1939 -0.3754
vn 0.8157 -0.1939 -0.5450
vn 0.6937 -0.1939 -0.6937
vn 0.5450 -0.1939 -0.8157
vn 0.3754 -0.1939 -0.9063
vn 0.1914 -0.1939 -0.9622
vn -0.1949 -0.0489 -0.9796
vn -0.0000 -0.0489 -0.9988
vn -0.3822 -0.0489 -0.9228
vn -0.5549 -0.0489 -0.8305
vn -0.7063 -0.0489 -0.7063
vn -0.8305 -0.0489 -0.5549
vn -0.9228 -0.0489 -0.3822
vn -0.9796 -0.0489 -0.1949
vn -0.9988 -0.0489 0.0000
vn -0.9796 -0.0489 0.1949
vn -0.9228 -0.0489 0.3822
vn -0.8305 -0.0489 0.5549
vn -0.7063 -0.0489 0.7063
vn -0.5549 -0.0489 0.8305
vn -0.3822 -0.0489 0.9228
vn -0.1949 -0.0489 0.9796
vn 0.0000 -0.0489 0.9988
vn 0.1949 -0.0489 0.9796
vn 0.3822 -0.0489 0.9228
vn 0.5549 -0.0489 0.8305
vn 0.7063 -0.0489 0.7063
vn 0.8305 -0.0489 0.5549
vn 0.9228 -0.0489 0.3822
vn 0.9796 -0.0489 0.1949
vn 0.9988 -0.0489 -0.0000
vn 0.9796 -0.0489 -0.1949
vn 0.9228 -0.0489 -0.3822
vn 0.8305 -0.0489 -0.5549
vn 0.7063 -0.0489 -0.7063
vn 0.5549 -0.0489 -0.8305
vn 0.3822 -0.0489 -0.9228
vn 0.1949 -0.0489 -0.9796
vn -0.1951 0.0000 -0.9808
vn -0.0000 0.0000 -1.0000
vn -0.3827 0.0000 -0.9239
vn -0.5556 0.0000 -0.8315
vn -0.7071 0.0000 -0.7071
vn -0.8315 0.0000 -0.5556
vn -0.9239 0.0000 -0.3827
vn -0.9808 0.0000 -0.1951
vn -1.0000 0.0000 0.0000
vn -0.9808 0.0000 0.1951
vn -0.9239 0.0000 0.3827
vn -0.8315 0.0000 0.5556
vn -0.7071 0.0000 0.7071
vn -0.5556 0.0000 0.8315
vn -0.3827 0.0000 0.9239
vn -0.1951 0.0000 0.9808
vn 0.0000 0.0000 1.0000
vn 0.1951 0.0000 0.9808
vn 0.3827 0.0000 0.9239
vn 0.5556 0.0000 0.8315
vn 0.7071 0.0000 0.7071
vn 0.8315 0.0000 0.5556
vn 0.9239 0.0000 0.3827
vn 0.9808 0.0000 0.1951
vn 1.0000 0.0000 -0.0000
vn 0.9808 0.0000 -0.1951
vn 0.9239 0.0000 -0.3827
vn 0.8315 0.0000 -0.5556
vn 0.7071 0.0000 -0.7071
vn 0.5556 0.0000 -0.8315
vn 0.3827 0.0000 -0.9239
vn 0.1951 0.0000 -0.9808
vn 0.0000 1.0000 -0.0000
vn -0.0000 -1.0000 -0.0000
vn -0.2010 -0.9796 -0.0000
vn 0.1116 -0.9796 0.1671
vn 0.1671 -0.9796 0.1116
vn 0.2010 -0.9796 0.0000
vn -0.0000 -0.9217 0.3879
vn -0.0000 -0.8286 0.5598
vn -0.6965 -0.7041 -0.1386
vn -0.7101 -0.7041 -0.0000
vn -0.6965 -0.7041 0.1386
vn -0.0000 -0.7041 0.7101
vn 0.6965 -0.7041 0.1386
vn 0.7101 -0.7041 0.0000
vn 0.6965 -0.7041 -0.1386
vn 0.5021 -0.7041 -0.5022
vn 0.0000 -0.5528 -0.8333
vn -0.8333 -0.5527 -0.0000
vn -0.8173 -0.5527 0.1626
vn 0.8333 -0.5527 0.0000
vn 0.8173 -0.5527 -0.1626
vn -0.9810 -0.1939 -0.0000
vn 0.9810 -0.1939 0.0000
vn 0.0000 -0.0489 -0.9988
vn -0.9988 -0.0489 -0.0000
vn 0.9988 -0.0489 0.0000
vn 0.0000 0.0000 -1.0000
vn -1.0000 0.0000 -0.0000
vn 1.0000 0.0000 0.0000
vn 0.0000 -0.9796 -0.2010
vn -0.1671 -0.9796 0.1116
vn -0.1116 -0.9796 0.1671
vn -0.0000 -0.9796 0.2010
vn 0.1671 -0.9796 -0.1116
vn 0.1116 -0.9796 -0.1671
vn -0.5598 -0.8286 -0.0000
vn 0.5598 -0.8286 0.0000
vn -0.1386 -0.7041 -0.6965
vn 0.0000 -0.7041 -0.7101
vn -0.1386 -0.7041 0.6965
vn 0.1386 -0.7041 0.6965
vn 0.1386 -0.7041 -0.6965
vn -0.1626 -0.5527 -0.8173
vn 0.0000 -0.5527 -0.8333
vn -0.0000 -0.5527 0.8333
vn 0.1626 -0.5527 0.8173
vn 0.8333 -0.5528 0.0000
vn 0.0000 -0.3805 -0.9248
vn 0.0000 -0.1939 -0.9810
vn -0.0000 -0.1939 0.9810
vn -0.0000 -0.0489 0.9988
vn -0.0000 0.0000 1.0000
vn -0.5555 0.0000 -0.8315
vn -0.8315 0.0000 -0.5555
# 343 vertex normals

vt 0.0000 43.8331 0.0000
vt 0.0000 41.0935 0.0000
vt 2.7396 41.0935 0.0000
vt 2.7396 43.8331 0.0000
vt 5.4791 41.0935 0.0000
vt 5.4791 43.8331 0.0000
vt 8.2187 41.0935 0.0000
vt 8.2187 43.8331 0.0000
vt 10.9583 41.0935 0.0000
vt 10.9583 43.8331 0.0000
vt 13.6978 41.0935 0.0000
vt 13.6978 43.8331 0.0000
vt 16.4374 41.0935 0.0000
vt 16.4374 43.8331 0.0000
vt 19.1770 41.0935 0.0000
vt 19.1770 43.8331 0.0000
vt 21.9165 41.0935 0.0000
vt 21.9165 43.8331 0.0000
vt 24.6561 41.0935 0.0000
vt 24.6561 43.8331 0.0000
vt 27.3957 41.0935 0.0000
vt 27.3957 43.8331 0.0000
vt 30.1352 41.0935 0.0000
vt 30.1352 43.8331 0.0000
vt 32.8748 41.0935 0.0000
vt 32.8748 43.8331 0.0000
vt 35.6144 41.0935 0.0000
vt 35.6144 43.8331 0.0000
vt 38.3539 41.0935 0.0000
vt 38.3539 43.8331 0.0000
vt 41.0935 41.0935 0.0000
vt 41.0935 43.8331 0.0000
vt 43.8331 41.0935 0.0000
vt 43.8331 43.8331 0.0000
vt 46.5726 41.0935 0.0000
vt 46.5726 43.8331 0.0000
vt 49.3122 41.0935 0.0000
vt 49.3122 43.8331 0.0000
vt 52.0518 41.0935 0.0000
vt 52.0518 43.8331 0.0000
vt 54.7913 41.0935 0.0000
vt 54.7913 43.8331 0.0000
vt 57.5309 41.0935 0.0000
vt 57.5309 43.8331 0.0000
vt 60.2705 41.0935 0.0000
vt 60.2705 43.8331 0.0000
vt 63.0101 41.0935 0.0000
vt 63.0101 43.8331 0.0000
vt 65.7496 41.0935 0.0000
vt 65.7496 43.8331 0.0000
vt 68.4892 41.0935 0.0000
vt 68.4892 43.8331 0.0000
vt 71.2288 41.0935 0.0000
vt 71.2288 43.8331 0.0000
vt 73.9683 41.0935 0.0000
vt 73.9683 43.8331 0.0000
vt 76.7079 41.0935 0.0000
vt 76.7079 43.8331 0.0000
vt 79.4475 41.0935 0.0000
vt 79.4475 43.8331 0.0000
vt 82.1870 41.0935 0.0000
vt 82.1870 43.8331 0.0000
vt 84.9266 41.0935 0.0000
vt 84.9266 43.8331 0.0000
vt 87.6662 41.0935 0.0000
vt 2.7396 38.3539 0.0000
vt 0.0000 38.3539 0.0000
vt 5.4791 38.3539 0.0000
vt 8.2187 38.3539 0.0000
vt 10.9583 38.3539 0.0000
vt 13.6978 38.3539 0.0000
vt 16.4374 38.3539 0.0000
vt 19.1770 38.3539 0.0000
vt 21.9165 38.3539 0.0000
vt 24.6561 38.3539 0.0000
vt 27.3957 38.3539 0.0000
vt 30.1352 38.3539 0.0000
vt 32.8748 38.3539 0.0000
vt 35.6144 38.3539 0.0000
vt 38.3539 38.3539 0.0000
vt 41.0935 38.3539 0.0000
vt 43.8331 38.3539 0.0000
vt 46.5726 38.3539 0.0000
vt 49.3122 38.3539 0.0000
vt 52.0518 38.3539 0.0000
vt 54.7913 38.3539 0.0000
vt 57.5309 38.3539 0.0000
vt 60.2705 38.3539 0.0000
vt 63.0101 38.3539 0.0000
vt 65.7496 38.3539 0.0000
vt 68.4892 38.3539 0.0000
vt 71.2288 38.3539 0.0000
vt 73.9683 38.3539 0.0000
vt 76.7079 38.3539 0.0000
vt 79.4475 38.3539 0.0000
vt 82.1870 38.3539 0.0000
vt 84.9266 38.3539 0.0000
vt 87.6662 38.3539 0.0000
vt 2.7396 35.6144 0.0000
vt 0.0000 35.6144 0.0000
vt 5.4791 35.6144 0.0000
vt 8.2187 35.6144 0.0000
vt 10.9583 35.6144 0.0000
vt 13.6978 35.6144 0.0000
vt 16.4374 35.6144 0.0000
vt 19.1770 35.6144 0.0000
vt 21.9165 35.6144 0.0000
vt 24.6561 35.6144 0.0000
vt 27.3957 35.6144 0.0000
vt 30.1352 35.6144 0.0000
vt 32.8748 35.6144 0.0000
vt 35.6144 35.6144 0.0000
vt 38.3539 35.6144 0.0000
vt 41.0935 35.6144 0.0000
vt 43.8331 35.6144 0.0000
vt 46.5726 35.6144 0.0000
vt 49.3122 35.6144 0.0000
vt 52.0518 35.6144 0.0000
vt 54.7913 35.6144 0.0000
vt 57.5309 35.6144 0.0000
vt 60.2705 35.6144 0.0000
vt 63.0101 35.6144 0.0000
vt 65.7496 35.6144 0.0000
vt 68.4892 35.6144 0.0000
vt 71.2288 35.6144 0.0000
vt 73.9683 35.6144 0.0000
vt 76.7079 35.6144 0.0000
vt 79.4475 35.6144 0.0000
vt 82.1870 35.6144 0.0000
vt 84.9266 35.6144 0.0000
vt 87.6662 35.6144 0.0000
vt 2.7396 32.8748 0.0000
vt 0.0000 32.8748 0.0000
vt 5.4791 32.8748 0.0000
vt 8.2187 32.8748 0.0000
vt 10.9583 32.8748 0.0000
vt 13.6978 32.8748 0.0000
vt 16.4374 32.8748 0.0000
vt 19.1770 32.8748 0.0000
vt 21.9165 32.8748 0.0000
vt 24.6561 32.8748 0.0000
vt 27.3957 32.8748 0.0000
vt 30.1352 32.8748 0.0000
vt 32.8748 32.8748 0.0000
vt 35.6144 32.8748 0.0000
vt 38.3539 32.8748 0.0000
vt 41.0935 32.8748 0.0000
vt 43.8331 32.8748 0.0000
vt 46.5726 32.8748 0.0000
vt 49.3122 32.8748 0.0000
vt 52.0518 32.8748 0.0000
vt 54.7913 32.8748 0.0000
vt 57.5309 32.8748 0.0000
vt 60.2705 32.8748 0.0000
vt 63.0101 32.8748 0.0000
vt 65.7496 32.8748 0.0000
vt 68.4892 32.8748 0.0000
vt 71.2288 32.8748 0.0000
vt 73.9683 32.8748 0.0000
vt 76.7079 32.8748 0.0000
vt 79.4475 32.8748 0.0000
vt 82.1870 32.8748 0.0000
vt 84.9266 32.8748 0.0000
vt 87.6662 32.8748 0.0000
vt 2.7396 30.1352 0.0000
vt 0.0000 30.1352 0.0000
vt 5.4791 30.1352 0.0000
vt 8.2187 30.1352 0.0000
vt 10.9583 30.1352 0.0000
vt 13.6978 30.1352 0.0000
vt 16.4374 30.1352 0.0000
vt 19.1770 30.1352 0.0000
vt 21.9165 30.1352 0.0000
vt 24.6561 30.1352 0.0000
vt 27.3957 30.1352 0.0000
vt 30.1352 30.1352 0.0000
vt 32.8748 30.1352 0.0000
vt 35.6144 30.1352 0.0000
vt 38.3539 30.1352 0.0000
vt 41.0935 30.1352 0.0000
vt 43.8331 30.1352 0.0000
vt 46.5726 30.1352 0.0000
vt 49.3122 30.1352 0.0000
vt 52.0518 30.1352 0.0000
vt 54.7913 30.1352 0.0000
vt 57.5309 30.1352 0.0000
vt 60.2705 30.1352 0.0000
vt 63.0101 30.1352 0.0000
vt 65.7496 30.1352 0.0000
vt 68.4892 30.1352 0.0000
vt 71.2288 30.1352 0.0000
vt 73.9683 30.1352 0.0000
vt 76.7079 30.1352 0.0000
vt 79.4475 30.1352 0.0000
vt 82.1870 30.1352 0.0000
vt 84.9266 30.1352 0.0000
vt 87.6662 30.1352 0.0000
vt 2.7396 27.3957 0.0000
vt 0.0000 27.3957 0.0000
vt 5.4791 27.3957 0.0000
vt 8.2187 27.3957 0.0000
vt 10.9583 27.3957 0.0000
vt 13.6978 27.3957 0.0000
vt 16.4374 27.3957 0.0000
vt 19.1770 27.3957 0.0000
vt 21.9165 27.3957 0.0000
vt 24.6561 27.3957 0.0000
vt 27.3957 27.3957 0.0000
vt 30.1352 27.3957 0.0000
vt 32.8748 27.3957 0.0000
vt 35.6144 27.3957 0.0000
vt 38.3539 27.3957 0.0000
vt 41.0935 27.3957 0.0000
vt 43.8331 27.3957 0.0000
vt 46.5726 27.3957 0.0000
vt 49.3122 27.3957 0.0000
vt 52.0518 27.3957 0.0000
vt 54.7913 27.3957 0.0000
vt 57.5309 27.3957 0.0000
vt 60.2705 27.3957 0.0000
vt 63.0101 27.3957 0.0000
vt 65.7496 27.3957 0.0000
vt 68.4892 27.3957 0.0000
vt 71.2288 27.3957 0.0000
vt 73.9683 27.3957 0.0000
vt 76.7079 27.3957 0.0000
vt 79.4475 27.3957 0.0000
vt 82.1870 27.3957 0.0000
vt 84.9266 27.3957 0.0000
vt 87.6662 27.3957 0.0000
vt 2.7396 24.6561 0.0000
vt 0.0000 24.6561 0.0000
vt 5.4791 24.6561 0.0000
vt 8.2187 24.6561 0.0000
vt 10.9583 24.6561 0.0000
vt 13.6978 24.6561 0.0000
vt 16.4374 24.6561 0.0000
vt 19.1770 24.6561 0.0000
vt 21.9165 24.6561 0.0000
vt 24.6561 24.6561 0.0000
vt 27.3957 24.6561 0.0000
vt 30.1352 24.6561 0.0000
vt 32.8748 24.6561 0.0000
vt 35.6144 24.6561 0.0000
vt 38.3539 24.6561 0.0000
vt 41.0935 24.6561 0.0000
vt 43.8331 24.6561 0.0000
vt 46.5726 24.6561 0.0000
vt 49.3122 24.6561 0.0000
vt 52.0518 24.6561 0.0000
vt 54.7913 24.6561 0.0000
vt 57.5309 24.6561 0.0000
vt 60.2705 24.6561 0.0000
vt 63.0101 24.6561 0.0000
vt 65.7496 24.6561 0.0000
vt 68.4892 24.6561 0.0000
vt 71.2288 24.6561 0.0000
vt 73.9683 24.6561 0.0000
vt 76.7079 24.6561 0.0000
vt 79.4475 24.6561 0.0000
vt 82.1870 24.6561 0.0000
vt 84.9266 24.6561 0.0000
vt 87.6662 24.6561 0.0000
vt 2.7396 21.9165 0.0000
vt 0.0000 21.9165 0.0000
vt 5.4791 21.9165 0.0000
vt 8.2187 21.9165 0.0000
vt 10.9583 21.9165 0.0000
vt 13.6978 21.9165 0.0000
vt 16.4374 21.9165 0.0000
vt 19.1770 21.9165 0.0000
vt 21.9165 21.9165 0.0000
vt 24.6561 21.9165 0.0000
vt 27.3957 21.9165 0.0000
vt 30.1352 21.9165 0.0000
vt 32.8748 21.9165 0.0000
vt 35.6144 21.9165 0.0000
vt 38.3539 21.9165 0.0000
vt 41.0935 21.9165 0.0000
vt 43.8331 21.9165 0.0000
vt 46.5726 21.9165 0.0000
vt 49.3122 21.9165 0.0000
vt 52.0518 21.9165 0.0000
vt 54.7913 21.9165 0.0000
vt 57.5309 21.9165 0.0000
vt 60.2705 21.9165 0.0000
vt 63.0101 21.9165 0.0000
vt 65.7496 21.9165 0.0000
vt 68.4892 21.9165 0.0000
vt 71.2288 21.9165 0.0000
vt 73.9683 21.9165 0.0000
vt 76.7079 21.9165 0.0000
vt 79.4475 21.9165 0.0000
vt 82.1870 21.9165 0.0000
vt 84.9266 21.9165 0.0000
vt 87.6662 21.9165 0.0000
vt 2.7396 19.1770 0.0000
vt 0.0000 19.1770 0.0000
vt 5.4791 19.1770 0.0000
vt 8.2187 19.1770 0.0000
vt 10.9583 19.1770 0.0000
vt 13.6978 19.1770 0.0000
vt 16.4374 19.1770 0.0000
vt 19.1770 19.1770 0.0000
vt 21.9165 19.1770 0.0000
vt 24.6561 19.1770 0.0000
vt 27.3957 19.1770 0.0000
vt 30.1352 19.1770 0.0000
vt 32.8748 19.1770 0.0000
vt 35.6144 19.1770 0.0000
vt 38.3539 19.1770 0.0000
vt 41.0935 19.1770 0.0000
vt 43.8331 19.1770 0.0000
vt 46.5726 19.1770 0.0000
vt 49.3122 19.1770 0.0000
vt 52.0518 19.1770 0.0000
vt 54.7913 19.1770 0.0000
vt 57.5309 19.1770 0.0000
vt 60.2705 19.1770 0.0000
vt 63.0101 19.1770 0.0000
vt 65.7496 19.1770 0.0000
vt 68.4892 19.1770 0.0000
vt 71.2288 19.1770 0.0000
vt 73.9683 19.1770 0.0000
vt 76.7079 19.1770 0.0000
vt 79.4475 19.1770 0.0000
vt 82.1870 19.1770 0.0000
vt 84.9266 19.1770 0.0000
vt 87.6662 19.1770 0.0000
vt 13.9525 13.9525 0.0000
vt 11.2305 0.2681 0.0000
vt 13.9525 0.0000 0.0000
vt 8.6131 1.0621 0.0000
vt 6.2009 2.3514 0.0000
vt 4.0866 4.0866 0.0000
vt 2.3514 6.2009 0.0000
vt 1.0621 8.6131 0.0000
vt 0.2681 11.2305 0.0000
vt 0.0000 13.9525 0.0000
vt 0.2681 16.6745 0.0000
vt 1.0621 19.2919 0.0000
vt 2.3514 21.7041 0.0000
vt 4.0866 23.8184 0.0000
vt 6.2009 25.5536 0.0000
vt 8.6131 26.8429 0.0000
vt 11.2305 27.6369 0.0000
vt 13.9525 27.9050 0.0000
vt 16.6745 27.6369 0.0000
vt 19.2919 26.8429 0.0000
vt 21.7041 25.5536 0.0000
vt 23.8184 23.8184 0.0000
vt 25.5536 21.7041 0.0000
vt 26.8429 19.2919 0.0000
vt 27.6369 16.6745 0.0000
vt 27.9050 13.9525 0.0000
vt 27.6369 11.2305 0.0000
vt 26.8429 8.6131 0.0000
vt 25.5536 6.2009 0.0000
vt 23.8184 4.0866 0.0000
vt 21.7041 2.3514 0.0000
vt 19.2919 1.0621 0.0000
vt 16.6745 0.2681 0.0000
# 362 texture coords

g Sphere003
usemtl wire_028028177
s 1
f 3027/223/2128 3026/222/2127 3025/221/2126 
f 3028/225/2129 3027/223/2128 3025/224/2126 
f 3029/227/2130 3028/225/2129 3025/226/2126 
f 3030/229/2131 3029/227/2130 3025/228/2126 
f 3031/231/2132 3030/229/2131 3025/230/2126 
f 3032/233/2133 3031/231/2132 3025/232/2126 
f 3033/235/2134 3032/233/2133 3025/234/2126 
f 3034/237/2135 3033/235/2134 3025/236/2126 
f 3035/239/2136 3034/237/2135 3025/238/2126 
f 3036/241/2137 3035/239/2136 3025/240/2126 
f 3037/243/2138 3036/241/2137 3025/242/2126 
f 3038/245/2139 3037/243/2138 3025/244/2126 
f 3039/247/2140 3038/245/2139 3025/246/2126 
f 3040/249/2141 3039/247/2140 3025/248/2126 
f 3041/251/2142 3040/249/2141 3025/250/2126 
f 3042/253/2143 3041/251/2142 3025/252/2126 
f 3043/255/2144 3042/253/2143 3025/254/2126 
f 3044/257/2145 3043/255/2144 3025/256/2126 
f 3045/259/2146 3044/257/2145 3025/258/2126 
f 3046/261/2147 3045/259/2146 3025/260/2126 
f 3047/263/2148 3046/261/2147 3025/262/2126 
f 3048/265/2149 3047/263/2148 3025/264/2126 
f 3049/267/2150 3048/265/2149 3025/266/2126 
f 3050/269/2151 3049/267/2150 3025/268/2126 
f 3051/271/2152 3050/269/2151 3025/270/2126 
f 3052/273/2153 3051/271/2152 3025/272/2126 
f 3053/275/2154 3052/273/2153 3025/274/2126 
f 3054/277/2155 3053/275/2154 3025/276/2126 
f 3055/279/2156 3054/277/2155 3025/278/2126 
f 3056/281/2157 3055/279/2156 3025/280/2126 
f 3057/283/2158 3056/281/2157 3025/282/2126 
f 3026/285/2127 3057/283/2158 3025/284/2126 
f 3059/287/2160 3026/222/2127 3027/223/2128 3058/286/2159 
f 3058/286/2159 3027/223/2128 3028/225/2129 3060/288/2161 
f 3060/288/2161 3028/225/2129 3029/227/2130 3061/289/2162 
f 3061/289/2162 3029/227/2130 3030/229/2131 3062/290/2163 
f 3062/290/2163 3030/229/2131 3031/231/2132 3063/291/2164 
f 3063/291/2164 3031/231/2132 3032/233/2133 3064/292/2165 
f 3064/292/2165 3032/233/2133 3033/235/2134 3065/293/2166 
f 3065/293/2166 3033/235/2134 3034/237/2135 3066/294/2167 
f 3066/294/2167 3034/237/2135 3035/239/2136 3067/295/2168 
f 3067/295/2168 3035/239/2136 3036/241/2137 3068/296/2169 
f 3068/296/2169 3036/241/2137 3037/243/2138 3069/297/2170 
f 3069/297/2170 3037/243/2138 3038/245/2139 3070/298/2171 
f 3070/298/2171 3038/245/2139 3039/247/2140 3071/299/2172 
f 3071/299/2172 3039/247/2140 3040/249/2141 3072/300/2173 
f 3072/300/2173 3040/249/2141 3041/251/2142 3073/301/2174 
f 3073/301/2174 3041/251/2142 3042/253/2143 3074/302/2175 
f 3074/302/2175 3042/253/2143 3043/255/2144 3075/303/2176 
f 3075/303/2176 3043/255/2144 3044/257/2145 3076/304/2177 
f 3076/304/2177 3044/257/2145 3045/259/2146 3077/305/2178 
f 3077/305/2178 3045/259/2146 3046/261/2147 3078/306/2179 
f 3078/306/2179 3046/261/2147 3047/263/2148 3079/307/2180 
f 3079/307/2180 3047/263/2148 3048/265/2149 3080/308/2181 
f 3080/308/2181 3048/265/2149 3049/267/2150 3081/309/2182 
f 3081/309/2182 3049/267/2150 3050/269/2151 3082/310/2183 
f 3082/310/2183 3050/269/2151 3051/271/2152 3083/311/2184 
f 3083/311/2184 3051/271/2152 3052/273/2153 3084/312/2185 
f 3084/312/2185 3052/273/2153 3053/275/2154 3085/313/2186 
f 3085/313/2186 3053/275/2154 3054/277/2155 3086/314/2187 
f 3086/314/2187 3054/277/2155 3055/279/2156 3087/315/2188 
f 3087/315/2188 3055/279/2156 3056/281/2157 3088/316/2189 
f 3088/316/2189 3056/281/2157 3057/283/2158 3089/317/2190 
f 3089/317/2190 3057/283/2158 3026/285/2127 3059/318/2160 
f 3091/320/2192 3059/287/2160 3058/286/2159 3090/319/2191 
f 3090/319/2191 3058/286/2159 3060/288/2161 3092/321/2193 
f 3092/321/2193 3060/288/2161 3061/289/2162 3093/322/2194 
f 3093/322/2194 3061/289/2162 3062/290/2163 3094/323/2195 
f 3094/323/2195 3062/290/2163 3063/291/2164 3095/324/2196 
f 3095/324/2196 3063/291/2164 3064/292/2165 3096/325/2197 
f 3096/325/2197 3064/292/2165 3065/293/2166 3097/326/2198 
f 3097/326/2198 3065/293/2166 3066/294/2167 3098/327/2199 
f 3098/327/2199 3066/294/2167 3067/295/2168 3099/328/2200 
f 3099/328/2200 3067/295/2168 3068/296/2169 3100/329/2201 
f 3100/329/2201 3068/296/2169 3069/297/2170 3101/330/2202 
f 3101/330/2202 3069/297/2170 3070/298/2171 3102/331/2203 
f 3102/331/2203 3070/298/2171 3071/299/2172 3103/332/2204 
f 3103/332/2204 3071/299/2172 3072/300/2173 3104/333/2205 
f 3104/333/2205 3072/300/2173 3073/301/2174 3105/334/2206 
f 3105/334/2206 3073/301/2174 3074/302/2175 3106/335/2207 
f 3106/335/2207 3074/302/2175 3075/303/2176 3107/336/2208 
f 3107/336/2208 3075/303/2176 3076/304/2177 3108/337/2209 
f 3108/337/2209 3076/304/2177 3077/305/2178 3109/338/2210 
f 3109/338/2210 3077/305/2178 3078/306/2179 3110/339/2211 
f 3110/339/2211 3078/306/2179 3079/307/2180 3111/340/2212 
f 3111/340/2212 3079/307/2180 3080/308/2181 3112/341/2213 
f 3112/341/2213 3080/308/2181 3081/309/2182 3113/342/2214 
f 3113/342/2214 3081/309/2182 3082/310/2183 3114/343/2215 
f 3114/343/2215 3082/310/2183 3083/311/2184 3115/344/2216 
f 3115/344/2216 3083/311/2184 3084/312/2185 3116/345/2217 
f 3116/345/2217 3084/312/2185 3085/313/2186 3117/346/2218 
f 3117/346/2218 3085/313/2186 3086/314/2187 3118/347/2219 
f 3118/347/2219 3086/314/2187 3087/315/2188 3119/348/2220 
f 3119/348/2220 3087/315/2188 3088/316/2189 3120/349/2221 
f 3120/349/2221 3088/316/2189 3089/317/2190 3121/350/2222 
f 3121/350/2222 3089/317/2190 3059/318/2160 3091/351/2192 
f 3123/353/2224 3091/320/2192 3090/319/2191 3122/352/2223 
f 3122/352/2223 3090/319/2191 3092/321/2193 3124/354/2225 
f 3124/354/2225 3092/321/2193 3093/322/2194 3125/355/2226 
f 3125/355/2226 3093/322/2194 3094/323/2195 3126/356/2227 
f 3126/356/2227 3094/323/2195 3095/324/2196 3127/357/2228 
f 3127/357/2228 3095/324/2196 3096/325/2197 3128/358/2229 
f 3128/358/2229 3096/325/2197 3097/326/2198 3129/359/2230 
f 3129/359/2230 3097/326/2198 3098/327/2199 3130/360/2231 
f 3130/360/2231 3098/327/2199 3099/328/2200 3131/361/2232 
f 3131/361/2232 3099/328/2200 3100/329/2201 3132/362/2233 
f 3132/362/2233 3100/329/2201 3101/330/2202 3133/363/2234 
f 3133/363/2234 3101/330/2202 3102/331/2203 3134/364/2235 
f 3134/364/2235 3102/331/2203 3103/332/2204 3135/365/2236 
f 3135/365/2236 3103/332/2204 3104/333/2205 3136/366/2237 
f 3136/366/2237 3104/333/2205 3105/334/2206 3137/367/2238 
f 3137/367/2238 3105/334/2206 3106/335/2207 3138/368/2239 
f 3138/368/2239 3106/335/2207 3107/336/2208 3139/369/2240 
f 3139/369/2240 3107/336/2208 3108/337/2209 3140/370/2241 
f 3140/370/2241 3108/337/2209 3109/338/2210 3141/371/2242 
f 3141/371/2242 3109/338/2210 3110/339/2211 3142/372/2243 
f 3142/372/2243 3110/339/2211 3111/340/2212 3143/373/2244 
f 3143/373/2244 3111/340/2212 3112/341/2213 3144/374/2245 
f 3144/374/2245 3112/341/2213 3113/342/2214 3145/375/2246 
f 3145/375/2246 3113/342/2214 3114/343/2215 3146/376/2247 
f 3146/376/2247 3114/343/2215 3115/344/2216 3147/377/2248 
f 3147/377/2248 3115/344/2216 3116/345/2217 3148/378/2249 
f 3148/378/2249 3116/345/2217 3117/346/2218 3149/379/2250 
f 3149/379/2250 3117/346/2218 3118/347/2219 3150/380/2251 
f 3150/380/2251 3118/347/2219 3119/348/2220 3151/381/2252 
f 3151/381/2252 3119/348/2220 3120/349/2221 3152/382/2253 
f 3152/382/2253 3120/349/2221 3121/350/2222 3153/383/2254 
f 3153/383/2254 3121/350/2222 3091/351/2192 3123/384/2224 
f 3155/386/2256 3123/353/2224 3122/352/2223 3154/385/2255 
f 3154/385/2255 3122/352/2223 3124/354/2225 3156/387/2257 
f 3156/387/2257 3124/354/2225 3125/355/2226 3157/388/2258 
f 3157/388/2258 3125/355/2226 3126/356/2227 3158/389/2259 
f 3158/389/2259 3126/356/2227 3127/357/2228 3159/390/2260 
f 3159/390/2260 3127/357/2228 3128/358/2229 3160/391/2261 
f 3160/391/2261 3128/358/2229 3129/359/2230 3161/392/2262 
f 3161/392/2262 3129/359/2230 3130/360/2231 3162/393/2263 
f 3162/393/2263 3130/360/2231 3131/361/2232 3163/394/2264 
f 3163/394/2264 3131/361/2232 3132/362/2233 3164/395/2265 
f 3164/395/2265 3132/362/2233 3133/363/2234 3165/396/2266 
f 3165/396/2266 3133/363/2234 3134/364/2235 3166/397/2267 
f 3166/397/2267 3134/364/2235 3135/365/2236 3167/398/2268 
f 3167/398/2268 3135/365/2236 3136/366/2237 3168/399/2269 
f 3168/399/2269 3136/366/2237 3137/367/2238 3169/400/2270 
f 3169/400/2270 3137/367/2238 3138/368/2239 3170/401/2271 
f 3170/401/2271 3138/368/2239 3139/369/2240 3171/402/2272 
f 3171/402/2272 3139/369/2240 3140/370/2241 3172/403/2273 
f 3172/403/2273 3140/370/2241 3141/371/2242 3173/404/2274 
f 3173/404/2274 3141/371/2242 3142/372/2243 3174/405/2275 
f 3174/405/2275 3142/372/2243 3143/373/2244 3175/406/2276 
f 3175/406/2276 3143/373/2244 3144/374/2245 3176/407/2277 
f 3176/407/2277 3144/374/2245 3145/375/2246 3177/408/2278 
f 3177/408/2278 3145/375/2246 3146/376/2247 3178/409/2279 
f 3178/409/2279 3146/376/2247 3147/377/2248 3179/410/2280 
f 3179/410/2280 3147/377/2248 3148/378/2249 3180/411/2281 
f 3180/411/2281 3148/378/2249 3149/379/2250 3181/412/2282 
f 3181/412/2282 3149/379/2250 3150/380/2251 3182/413/2283 
f 3182/413/2283 3150/380/2251 3151/381/2252 3183/414/2284 
f 3183/414/2284 3151/381/2252 3152/382/2253 3184/415/2285 
f 3184/415/2285 3152/382/2253 3153/383/2254 3185/416/2286 
f 3185/416/2286 3153/383/2254 3123/384/2224 3155/417/2256 
f 3187/419/2288 3155/386/2256 3154/385/2255 3186/418/2287 
f 3186/418/2287 3154/385/2255 3156/387/2257 3188/420/2289 
f 3188/420/2289 3156/387/2257 3157/388/2258 3189/421/2290 
f 3189/421/2290 3157/388/2258 3158/389/2259 3190/422/2291 
f 3190/422/2291 3158/389/2259 3159/390/2260 3191/423/2292 
f 3191/423/2292 3159/390/2260 3160/391/2261 3192/424/2293 
f 3192/424/2293 3160/391/2261 3161/392/2262 3193/425/2294 
f 3193/425/2294 3161/392/2262 3162/393/2263 3194/426/2295 
f 3194/426/2295 3162/393/2263 3163/394/2264 3195/427/2296 
f 3195/427/2296 3163/394/2264 3164/395/2265 3196/428/2297 
f 3196/428/2297 3164/395/2265 3165/396/2266 3197/429/2298 
f 3197/429/2298 3165/396/2266 3166/397/2267 3198/430/2299 
f 3198/430/2299 3166/397/2267 3167/398/2268 3199/431/2300 
f 3199/431/2300 3167/398/2268 3168/399/2269 3200/432/2301 
f 3200/432/2301 3168/399/2269 3169/400/2270 3201/433/2302 
f 3201/433/2302 3169/400/2270 3170/401/2271 3202/434/2303 
f 3202/434/2303 3170/401/2271 3171/402/2272 3203/435/2304 
f 3203/435/2304 3171/402/2272 3172/403/2273 3204/436/2305 
f 3204/436/2305 3172/403/2273 3173/404/2274 3205/437/2306 
f 3205/437/2306 3173/404/2274 3174/405/2275 3206/438/2307 
f 3206/438/2307 3174/405/2275 3175/406/2276 3207/439/2308 
f 3207/439/2308 3175/406/2276 3176/407/2277 3208/440/2309 
f 3208/440/2309 3176/407/2277 3177/408/2278 3209/441/2310 
f 3209/441/2310 3177/408/2278 3178/409/2279 3210/442/2311 
f 3210/442/2311 3178/409/2279 3179/410/2280 3211/443/2312 
f 3211/443/2312 3179/410/2280 3180/411/2281 3212/444/2313 
f 3212/444/2313 3180/411/2281 3181/412/2282 3213/445/2314 
f 3213/445/2314 3181/412/2282 3182/413/2283 3214/446/2315 
f 3214/446/2315 3182/413/2283 3183/414/2284 3215/447/2316 
f 3215/447/2316 3183/414/2284 3184/415/2285 3216/448/2317 
f 3216/448/2317 3184/415/2285 3185/416/2286 3217/449/2318 
f 3217/449/2318 3185/416/2286 3155/417/2256 3187/450/2288 
f 3219/452/2320 3187/419/2288 3186/418/2287 3218/451/2319 
f 3218/451/2319 3186/418/2287 3188/420/2289 3220/453/2321 
f 3220/453/2321 3188/420/2289 3189/421/2290 3221/454/2322 
f 3221/454/2322 3189/421/2290 3190/422/2291 3222/455/2323 
f 3222/455/2323 3190/422/2291 3191/423/2292 3223/456/2324 
f 3223/456/2324 3191/423/2292 3192/424/2293 3224/457/2325 
f 3224/457/2325 3192/424/2293 3193/425/2294 3225/458/2326 
f 3225/458/2326 3193/425/2294 3194/426/2295 3226/459/2327 
f 3226/459/2327 3194/426/2295 3195/427/2296 3227/460/2328 
f 3227/460/2328 3195/427/2296 3196/428/2297 3228/461/2329 
f 3228/461/2329 3196/428/2297 3197/429/2298 3229/462/2330 
f 3229/462/2330 3197/429/2298 3198/430/2299 3230/463/2331 
f 3230/463/2331 3198/430/2299 3199/431/2300 3231/464/2332 
f 3231/464/2332 3199/431/2300 3200/432/2301 3232/465/2333 
f 3232/465/2333 3200/432/2301 3201/433/2302 3233/466/2334 
f 3233/466/2334 3201/433/2302 3202/434/2303 3234/467/2335 
f 3234/467/2335 3202/434/2303 3203/435/2304 3235/468/2336 
f 3235/468/2336 3203/435/2304 3204/436/2305 3236/469/2337 
f 3236/469/2337 3204/436/2305 3205/437/2306 3237/470/2338 
f 3237/470/2338 3205/437/2306 3206/438/2307 3238/471/2339 
f 3238/471/2339 3206/438/2307 3207/439/2308 3239/472/2340 
f 3239/472/2340 3207/439/2308 3208/440/2309 3240/473/2341 
f 3240/473/2341 3208/440/2309 3209/441/2310 3241/474/2342 
f 3241/474/2342 3209/441/2310 3210/442/2311 3242/475/2343 
f 3242/475/2343 3210/442/2311 3211/443/2312 3243/476/2344 
f 3243/476/2344 3211/443/2312 3212/444/2313 3244/477/2345 
f 3244/477/2345 3212/444/2313 3213/445/2314 3245/478/2346 
f 3245/478/2346 3213/445/2314 3214/446/2315 3246/479/2347 
f 3246/479/2347 3214/446/2315 3215/447/2316 3247/480/2348 
f 3247/480/2348 3215/447/2316 3216/448/2317 3248/481/2349 
f 3248/481/2349 3216/448/2317 3217/449/2318 3249/482/2350 
f 3249/482/2350 3217/449/2318 3187/450/2288 3219/483/2320 
f 3251/485/2352 3219/452/2320 3218/451/2319 3250/484/2351 
f 3250/484/2351 3218/451/2319 3220/453/2321 3252/486/2353 
f 3252/486/2353 3220/453/2321 3221/454/2322 3253/487/2354 
f 3253/487/2354 3221/454/2322 3222/455/2323 3254/488/2355 
f 3254/488/2355 3222/455/2323 3223/456/2324 3255/489/2356 
f 3255/489/2356 3223/456/2324 3224/457/2325 3256/490/2357 
f 3256/490/2357 3224/457/2325 3225/458/2326 3257/491/2358 
f 3257/491/2358 3225/458/2326 3226/459/2327 3258/492/2359 
f 3258/492/2359 3226/459/2327 3227/460/2328 3259/493/2360 
f 3259/493/2360 3227/460/2328 3228/461/2329 3260/494/2361 
f 3260/494/2361 3228/461/2329 3229/462/2330 3261/495/2362 
f 3261/495/2362 3229/462/2330 3230/463/2331 3262/496/2363 
f 3262/496/2363 3230/463/2331 3231/464/2332 3263/497/2364 
f 3263/497/2364 3231/464/2332 3232/465/2333 3264/498/2365 
f 3264/498/2365 3232/465/2333 3233/466/2334 3265/499/2366 
f 3265/499/2366 3233/466/2334 3234/467/2335 3266/500/2367 
f 3266/500/2367 3234/467/2335 3235/468/2336 3267/501/2368 
f 3267/501/2368 3235/468/2336 3236/469/2337 3268/502/2369 
f 3268/502/2369 3236/469/2337 3237/470/2338 3269/503/2370 
f 3269/503/2370 3237/470/2338 3238/471/2339 3270/504/2371 
f 3270/504/2371 3238/471/2339 3239/472/2340 3271/505/2372 
f 3271/505/2372 3239/472/2340 3240/473/2341 3272/506/2373 
f 3272/506/2373 3240/473/2341 3241/474/2342 3273/507/2374 
f 3273/507/2374 3241/474/2342 3242/475/2343 3274/508/2375 
f 3274/508/2375 3242/475/2343 3243/476/2344 3275/509/2376 
f 3275/509/2376 3243/476/2344 3244/477/2345 3276/510/2377 
f 3276/510/2377 3244/477/2345 3245/478/2346 3277/511/2378 
f 3277/511/2378 3245/478/2346 3246/479/2347 3278/512/2379 
f 3278/512/2379 3246/479/2347 3247/480/2348 3279/513/2380 
f 3279/513/2380 3247/480/2348 3248/481/2349 3280/514/2381 
f 3280/514/2381 3248/481/2349 3249/482/2350 3281/515/2382 
f 3281/515/2382 3249/482/2350 3219/483/2320 3251/516/2352 
f 3251/518/2384 3251/485/2352 3250/484/2351 3250/517/2383 
f 3250/517/2383 3250/484/2351 3252/486/2353 3252/519/2385 
f 3252/519/2385 3252/486/2353 3253/487/2354 3253/520/2386 
f 3253/520/2386 3253/487/2354 3254/488/2355 3254/521/2387 
f 3254/521/2387 3254/488/2355 3255/489/2356 3255/522/2388 
f 3255/522/2388 3255/489/2356 3256/490/2357 3256/523/2389 
f 3256/523/2389 3256/490/2357 3257/491/2358 3257/524/2390 
f 3257/524/2390 3257/491/2358 3258/492/2359 3258/525/2391 
f 3258/525/2391 3258/492/2359 3259/493/2360 3259/526/2392 
f 3259/526/2392 3259/493/2360 3260/494/2361 3260/527/2393 
f 3260/527/2393 3260/494/2361 3261/495/2362 3261/528/2394 
f 3261/528/2394 3261/495/2362 3262/496/2363 3262/529/2395 
f 3262/529/2395 3262/496/2363 3263/497/2364 3263/530/2396 
f 3263/530/2396 3263/497/2364 3264/498/2365 3264/531/2397 
f 3264/531/2397 3264/498/2365 3265/499/2366 3265/532/2398 
f 3265/532/2398 3265/499/2366 3266/500/2367 3266/533/2399 
f 3266/533/2399 3266/500/2367 3267/501/2368 3267/534/2400 
f 3267/534/2400 3267/501/2368 3268/502/2369 3268/535/2401 
f 3268/535/2401 3268/502/2369 3269/503/2370 3269/536/2402 
f 3269/536/2402 3269/503/2370 3270/504/2371 3270/537/2403 
f 3270/537/2403 3270/504/2371 3271/505/2372 3271/538/2404 
f 3271/538/2404 3271/505/2372 3272/506/2373 3272/539/2405 
f 3272/539/2405 3272/506/2373 3273/507/2374 3273/540/2406 
f 3273/540/2406 3273/507/2374 3274/508/2375 3274/541/2407 
f 3274/541/2407 3274/508/2375 3275/509/2376 3275/542/2408 
f 3275/542/2408 3275/509/2376 3276/510/2377 3276/543/2409 
f 3276/543/2409 3276/510/2377 3277/511/2378 3277/544/2410 
f 3277/544/2410 3277/511/2378 3278/512/2379 3278/545/2411 
f 3278/545/2411 3278/512/2379 3279/513/2380 3279/546/2412 
f 3279/546/2412 3279/513/2380 3280/514/2381 3280/547/2413 
f 3280/547/2413 3280/514/2381 3281/515/2382 3281/548/2414 
f 3281/548/2414 3281/515/2382 3251/516/2352 3251/549/2384 
s 2
f 3251/552/2415 3250/551/2415 3282/550/2415 
f 3250/551/2415 3252/553/2415 3282/550/2415 
f 3252/553/2415 3253/554/2415 3282/550/2415 
f 3253/554/2415 3254/555/2415 3282/550/2415 
f 3254/555/2415 3255/556/2415 3282/550/2415 
f 3255/556/2415 3256/557/2415 3282/550/2415 
f 3256/557/2415 3257/558/2415 3282/550/2415 
f 3257/558/2415 3258/559/2415 3282/550/2415 
f 3258/559/2415 3259/560/2415 3282/550/2415 
f 3259/560/2415 3260/561/2415 3282/550/2415 
f 3260/561/2415 3261/562/2415 3282/550/2415 
f 3261/562/2415 3262/563/2415 3282/550/2415 
f 3262/563/2415 3263/564/2415 3282/550/2415 
f 3263/564/2415 3264/565/2415 3282/550/2415 
f 3264/565/2415 3265/566/2415 3282/550/2415 
f 3265/566/2415 3266/567/2415 3282/550/2415 
f 3266/567/2415 3267/568/2415 3282/550/2415 
f 3267/568/2415 3268/569/2415 3282/550/2415 
f 3268/569/2415 3269/570/2415 3282/550/2415 
f 3269/570/2415 3270/571/2415 3282/550/2415 
f 3270/571/2415 3271/572/2415 3282/550/2415 
f 3271/572/2415 3272/573/2415 3282/550/2415 
f 3272/573/2415 3273/574/2415 3282/550/2415 
f 3273/574/2415 3274/575/2415 3282/550/2415 
f 3274/575/2415 3275/576/2415 3282/550/2415 
f 3275/576/2415 3276/577/2415 3282/550/2415 
f 3276/577/2415 3277/578/2415 3282/550/2415 
f 3277/578/2415 3278/579/2415 3282/550/2415 
f 3278/579/2415 3279/580/2415 3282/550/2415 
f 3279/580/2415 3280/581/2415 3282/550/2415 
f 3280/581/2415 3281/582/2415 3282/550/2415 
f 3281/582/2415 3251/552/2415 3282/550/2415 
s 1
f 3285/223/2128 3284/222/2127 3283/221/2416 
f 3286/225/2129 3285/223/2128 3283/224/2416 
f 3287/227/2130 3286/225/2129 3283/226/2416 
f 3288/229/2131 3287/227/2130 3283/228/2416 
f 3289/231/2132 3288/229/2131 3283/230/2416 
f 3290/233/2133 3289/231/2132 3283/232/2416 
f 3291/235/2134 3290/233/2133 3283/234/2416 
f 3292/237/2417 3291/235/2134 3283/236/2416 
f 3293/239/2136 3292/237/2417 3283/238/2416 
f 3294/241/2137 3293/239/2136 3283/240/2416 
f 3295/243/2138 3294/241/2137 3283/242/2416 
f 3296/245/2139 3295/243/2138 3283/244/2416 
f 3297/247/2140 3296/245/2139 3283/246/2416 
f 3298/249/2141 3297/247/2140 3283/248/2416 
f 3299/251/2142 3298/249/2141 3283/250/2416 
f 3300/253/2143 3299/251/2142 3283/252/2416 
f 3301/255/2144 3300/253/2143 3283/254/2416 
f 3302/257/2145 3301/255/2144 3283/256/2416 
f 3303/259/2418 3302/257/2145 3283/258/2416 
f 3304/261/2147 3303/259/2418 3283/260/2416 
f 3305/263/2419 3304/261/2147 3283/262/2416 
f 3306/265/2149 3305/263/2419 3283/264/2416 
f 3307/267/2150 3306/265/2149 3283/266/2416 
f 3308/269/2420 3307/267/2150 3283/268/2416 
f 3309/271/2152 3308/269/2420 3283/270/2416 
f 3310/273/2153 3309/271/2152 3283/272/2416 
f 3311/275/2154 3310/273/2153 3283/274/2416 
f 3312/277/2155 3311/275/2154 3283/276/2416 
f 3313/279/2156 3312/277/2155 3283/278/2416 
f 3314/281/2157 3313/279/2156 3283/280/2416 
f 3315/283/2158 3314/281/2157 3283/282/2416 
f 3284/285/2127 3315/283/2158 3283/284/2416 
f 3317/287/2160 3284/222/2127 3285/223/2128 3316/286/2159 
f 3316/286/2159 3285/223/2128 3286/225/2129 3318/288/2161 
f 3318/288/2161 3286/225/2129 3287/227/2130 3319/289/2162 
f 3319/289/2162 3287/227/2130 3288/229/2131 3320/290/2163 
f 3320/290/2163 3288/229/2131 3289/231/2132 3321/291/2164 
f 3321/291/2164 3289/231/2132 3290/233/2133 3322/292/2165 
f 3322/292/2165 3290/233/2133 3291/235/2134 3323/293/2166 
f 3323/293/2166 3291/235/2134 3292/237/2417 3324/294/2167 
f 3324/294/2167 3292/237/2417 3293/239/2136 3325/295/2168 
f 3325/295/2168 3293/239/2136 3294/241/2137 3326/296/2169 
f 3326/296/2169 3294/241/2137 3295/243/2138 3327/297/2170 
f 3327/297/2170 3295/243/2138 3296/245/2139 3328/298/2171 
f 3328/298/2171 3296/245/2139 3297/247/2140 3329/299/2172 
f 3329/299/2172 3297/247/2140 3298/249/2141 3330/300/2173 
f 3330/300/2173 3298/249/2141 3299/251/2142 3331/301/2174 
f 3331/301/2174 3299/251/2142 3300/253/2143 3332/302/2421 
f 3332/302/2421 3300/253/2143 3301/255/2144 3333/303/2176 
f 3333/303/2176 3301/255/2144 3302/257/2145 3334/304/2177 
f 3334/304/2177 3302/257/2145 3303/259/2418 3335/305/2178 
f 3335/305/2178 3303/259/2418 3304/261/2147 3336/306/2179 
f 3336/306/2179 3304/261/2147 3305/263/2419 3337/307/2180 
f 3337/307/2180 3305/263/2419 3306/265/2149 3338/308/2181 
f 3338/308/2181 3306/265/2149 3307/267/2150 3339/309/2182 
f 3339/309/2182 3307/267/2150 3308/269/2420 3340/310/2183 
f 3340/310/2183 3308/269/2420 3309/271/2152 3341/311/2184 
f 3341/311/2184 3309/271/2152 3310/273/2153 3342/312/2185 
f 3342/312/2185 3310/273/2153 3311/275/2154 3343/313/2186 
f 3343/313/2186 3311/275/2154 3312/277/2155 3344/314/2187 
f 3344/314/2187 3312/277/2155 3313/279/2156 3345/315/2188 
f 3345/315/2188 3313/279/2156 3314/281/2157 3346/316/2189 
f 3346/316/2189 3314/281/2157 3315/283/2158 3347/317/2190 
f 3347/317/2190 3315/283/2158 3284/285/2127 3317/318/2160 
f 3349/320/2192 3317/287/2160 3316/286/2159 3348/319/2191 
f 3348/319/2191 3316/286/2159 3318/288/2161 3350/321/2193 
f 3350/321/2193 3318/288/2161 3319/289/2162 3351/322/2194 
f 3351/322/2194 3319/289/2162 3320/290/2163 3352/323/2195 
f 3352/323/2195 3320/290/2163 3321/291/2164 3353/324/2196 
f 3353/324/2196 3321/291/2164 3322/292/2165 3354/325/2197 
f 3354/325/2197 3322/292/2165 3323/293/2166 3355/326/2198 
f 3355/326/2198 3323/293/2166 3324/294/2167 3356/327/2199 
f 3356/327/2199 3324/294/2167 3325/295/2168 3357/328/2200 
f 3357/328/2200 3325/295/2168 3326/296/2169 3358/329/2201 
f 3358/329/2201 3326/296/2169 3327/297/2170 3359/330/2202 
f 3359/330/2202 3327/297/2170 3328/298/2171 3360/331/2203 
f 3360/331/2203 3328/298/2171 3329/299/2172 3361/332/2204 
f 3361/332/2204 3329/299/2172 3330/300/2173 3362/333/2205 
f 3362/333/2205 3330/300/2173 3331/301/2174 3363/334/2206 
f 3363/334/2206 3331/301/2174 3332/302/2421 3364/335/2422 
f 3364/335/2422 3332/302/2421 3333/303/2176 3365/336/2208 
f 3365/336/2208 3333/303/2176 3334/304/2177 3366/337/2209 
f 3366/337/2209 3334/304/2177 3335/305/2178 3367/338/2210 
f 3367/338/2210 3335/305/2178 3336/306/2179 3368/339/2211 
f 3368/339/2211 3336/306/2179 3337/307/2180 3369/340/2212 
f 3369/340/2212 3337/307/2180 3338/308/2181 3370/341/2213 
f 3370/341/2213 3338/308/2181 3339/309/2182 3371/342/2214 
f 3371/342/2214 3339/309/2182 3340/310/2183 3372/343/2215 
f 3372/343/2215 3340/310/2183 3341/311/2184 3373/344/2216 
f 3373/344/2216 3341/311/2184 3342/312/2185 3374/345/2217 
f 3374/345/2217 3342/312/2185 3343/313/2186 3375/346/2218 
f 3375/346/2218 3343/313/2186 3344/314/2187 3376/347/2219 
f 3376/347/2219 3344/314/2187 3345/315/2188 3377/348/2220 
f 3377/348/2220 3345/315/2188 3346/316/2189 3378/349/2221 
f 3378/349/2221 3346/316/2189 3347/317/2190 3379/350/2222 
f 3379/350/2222 3347/317/2190 3317/318/2160 3349/351/2192 
f 3381/353/2224 3349/320/2192 3348/319/2191 3380/352/2223 
f 3380/352/2223 3348/319/2191 3350/321/2193 3382/354/2225 
f 3382/354/2225 3350/321/2193 3351/322/2194 3383/355/2226 
f 3383/355/2226 3351/322/2194 3352/323/2195 3384/356/2227 
f 3384/356/2227 3352/323/2195 3353/324/2196 3385/357/2228 
f 3385/357/2228 3353/324/2196 3354/325/2197 3386/358/2229 
f 3386/358/2229 3354/325/2197 3355/326/2198 3387/359/2423 
f 3387/359/2423 3355/326/2198 3356/327/2199 3388/360/2424 
f 3388/360/2424 3356/327/2199 3357/328/2200 3389/361/2425 
f 3389/361/2425 3357/328/2200 3358/329/2201 3390/362/2233 
f 3390/362/2233 3358/329/2201 3359/330/2202 3391/363/2234 
f 3391/363/2234 3359/330/2202 3360/331/2203 3392/364/2235 
f 3392/364/2235 3360/331/2203 3361/332/2204 3393/365/2236 
f 3393/365/2236 3361/332/2204 3362/333/2205 3394/366/2237 
f 3394/366/2237 3362/333/2205 3363/334/2206 3395/367/2238 
f 3395/367/2238 3363/334/2206 3364/335/2422 3396/368/2426 
f 3396/368/2426 3364/335/2422 3365/336/2208 3397/369/2240 
f 3397/369/2240 3365/336/2208 3366/337/2209 3398/370/2241 
f 3398/370/2241 3366/337/2209 3367/338/2210 3399/371/2242 
f 3399/371/2242 3367/338/2210 3368/339/2211 3400/372/2243 
f 3400/372/2243 3368/339/2211 3369/340/2212 3401/373/2244 
f 3401/373/2244 3369/340/2212 3370/341/2213 3402/374/2245 
f 3402/374/2245 3370/341/2213 3371/342/2214 3403/375/2427 
f 3403/375/2427 3371/342/2214 3372/343/2215 3404/376/2428 
f 3404/376/2428 3372/343/2215 3373/344/2216 3405/377/2429 
f 3405/377/2429 3373/344/2216 3374/345/2217 3406/378/2249 
f 3406/378/2249 3374/345/2217 3375/346/2218 3407/379/2250 
f 3407/379/2250 3375/346/2218 3376/347/2219 3408/380/2430 
f 3408/380/2430 3376/347/2219 3377/348/2220 3409/381/2252 
f 3409/381/2252 3377/348/2220 3378/349/2221 3410/382/2253 
f 3410/382/2253 3378/349/2221 3379/350/2222 3411/383/2254 
f 3411/383/2254 3379/350/2222 3349/351/2192 3381/384/2224 
f 3413/386/2431 3381/353/2224 3380/352/2223 3412/385/2255 
f 3412/385/2255 3380/352/2223 3382/354/2225 3414/387/2257 
f 3414/387/2257 3382/354/2225 3383/355/2226 3415/388/2258 
f 3415/388/2258 3383/355/2226 3384/356/2227 3416/389/2259 
f 3416/389/2259 3384/356/2227 3385/357/2228 3417/390/2260 
f 3417/390/2260 3385/357/2228 3386/358/2229 3418/391/2261 
f 3418/391/2261 3386/358/2229 3387/359/2423 3419/392/2262 
f 3419/392/2262 3387/359/2423 3388/360/2424 3420/393/2432 
f 3420/393/2432 3388/360/2424 3389/361/2425 3421/394/2433 
f 3421/394/2433 3389/361/2425 3390/362/2233 3422/395/2265 
f 3422/395/2265 3390/362/2233 3391/363/2234 3423/396/2266 
f 3423/396/2266 3391/363/2234 3392/364/2235 3424/397/2267 
f 3424/397/2267 3392/364/2235 3393/365/2236 3425/398/2268 
f 3425/398/2268 3393/365/2236 3394/366/2237 3426/399/2269 
f 3426/399/2269 3394/366/2237 3395/367/2238 3427/400/2270 
f 3427/400/2270 3395/367/2238 3396/368/2426 3428/401/2271 
f 3428/401/2271 3396/368/2426 3397/369/2240 3429/402/2272 
f 3429/402/2272 3397/369/2240 3398/370/2241 3430/403/2273 
f 3430/403/2273 3398/370/2241 3399/371/2242 3431/404/2274 
f 3431/404/2274 3399/371/2242 3400/372/2243 3432/405/2275 
f 3432/405/2275 3400/372/2243 3401/373/2244 3433/406/2276 
f 3433/406/2276 3401/373/2244 3402/374/2245 3434/407/2277 
f 3434/407/2277 3402/374/2245 3403/375/2427 3435/408/2278 
f 3435/408/2278 3403/375/2427 3404/376/2428 3436/409/2434 
f 3436/409/2434 3404/376/2428 3405/377/2429 3437/410/2435 
f 3437/410/2435 3405/377/2429 3406/378/2249 3438/411/2281 
f 3438/411/2281 3406/378/2249 3407/379/2250 3439/412/2282 
f 3439/412/2282 3407/379/2250 3408/380/2430 3440/413/2283 
f 3440/413/2283 3408/380/2430 3409/381/2252 3441/414/2284 
f 3441/414/2284 3409/381/2252 3410/382/2253 3442/415/2285 
f 3442/415/2285 3410/382/2253 3411/383/2254 3443/416/2286 
f 3443/416/2286 3411/383/2254 3381/384/2224 3413/417/2431 
f 3445/419/2288 3413/386/2431 3412/385/2255 3444/418/2287 
f 3444/418/2287 3412/385/2255 3414/387/2257 3446/420/2289 
f 3446/420/2289 3414/387/2257 3415/388/2258 3447/421/2290 
f 3447/421/2290 3415/388/2258 3416/389/2259 3448/422/2291 
f 3448/422/2291 3416/389/2259 3417/390/2260 3449/423/2292 
f 3449/423/2292 3417/390/2260 3418/391/2261 3450/424/2293 
f 3450/424/2293 3418/391/2261 3419/392/2262 3451/425/2294 
f 3451/425/2294 3419/392/2262 3420/393/2432 3452/426/2295 
f 3452/426/2295 3420/393/2432 3421/394/2433 3453/427/2296 
f 3453/427/2296 3421/394/2433 3422/395/2265 3454/428/2297 
f 3454/428/2297 3422/395/2265 3423/396/2266 3455/429/2298 
f 3455/429/2298 3423/396/2266 3424/397/2267 3456/430/2299 
f 3456/430/2299 3424/397/2267 3425/398/2268 3457/431/2300 
f 3457/431/2300 3425/398/2268 3426/399/2269 3458/432/2301 
f 3458/432/2301 3426/399/2269 3427/400/2270 3459/433/2302 
f 3459/433/2302 3427/400/2270 3428/401/2271 3460/434/2303 
f 3460/434/2303 3428/401/2271 3429/402/2272 3461/435/2304 
f 3461/435/2304 3429/402/2272 3430/403/2273 3462/436/2305 
f 3462/436/2305 3430/403/2273 3431/404/2274 3463/437/2306 
f 3463/437/2306 3431/404/2274 3432/405/2275 3464/438/2307 
f 3464/438/2307 3432/405/2275 3433/406/2276 3465/439/2308 
f 3465/439/2308 3433/406/2276 3434/407/2277 3466/440/2309 
f 3466/440/2309 3434/407/2277 3435/408/2278 3467/441/2310 
f 3467/441/2310 3435/408/2278 3436/409/2434 3468/442/2311 
f 3468/442/2311 3436/409/2434 3437/410/2435 3469/443/2312 
f 3469/443/2312 3437/410/2435 3438/411/2281 3470/444/2313 
f 3470/444/2313 3438/411/2281 3439/412/2282 3471/445/2314 
f 3471/445/2314 3439/412/2282 3440/413/2283 3472/446/2315 
f 3472/446/2315 3440/413/2283 3441/414/2284 3473/447/2316 
f 3473/447/2316 3441/414/2284 3442/415/2285 3474/448/2317 
f 3474/448/2317 3442/415/2285 3443/416/2286 3475/449/2318 
f 3475/449/2318 3443/416/2286 3413/417/2431 3445/450/2288 
f 3477/452/2320 3445/419/2288 3444/418/2287 3476/451/2319 
f 3476/451/2319 3444/418/2287 3446/420/2289 3478/453/2321 
f 3478/453/2321 3446/420/2289 3447/421/2290 3479/454/2322 
f 3479/454/2322 3447/421/2290 3448/422/2291 3480/455/2323 
f 3480/455/2323 3448/422/2291 3449/423/2292 3481/456/2324 
f 3481/456/2324 3449/423/2292 3450/424/2293 3482/457/2325 
f 3482/457/2325 3450/424/2293 3451/425/2294 3483/458/2326 
f 3483/458/2326 3451/425/2294 3452/426/2295 3484/459/2436 
f 3484/459/2436 3452/426/2295 3453/427/2296 3485/460/2328 
f 3485/460/2328 3453/427/2296 3454/428/2297 3486/461/2329 
f 3486/461/2329 3454/428/2297 3455/429/2298 3487/462/2330 
f 3487/462/2330 3455/429/2298 3456/430/2299 3488/463/2331 
f 3488/463/2331 3456/430/2299 3457/431/2300 3489/464/2332 
f 3489/464/2332 3457/431/2300 3458/432/2301 3490/465/2333 
f 3490/465/2333 3458/432/2301 3459/433/2302 3491/466/2334 
f 3491/466/2334 3459/433/2302 3460/434/2303 3492/467/2335 
f 3492/467/2335 3460/434/2303 3461/435/2304 3493/468/2336 
f 3493/468/2336 3461/435/2304 3462/436/2305 3494/469/2337 
f 3494/469/2337 3462/436/2305 3463/437/2306 3495/470/2338 
f 3495/470/2338 3463/437/2306 3464/438/2307 3496/471/2339 
f 3496/471/2339 3464/438/2307 3465/439/2308 3497/472/2340 
f 3497/472/2340 3465/439/2308 3466/440/2309 3498/473/2341 
f 3498/473/2341 3466/440/2309 3467/441/2310 3499/474/2342 
f 3499/474/2342 3467/441/2310 3468/442/2311 3500/475/2437 
f 3500/475/2437 3468/442/2311 3469/443/2312 3501/476/2344 
f 3501/476/2344 3469/443/2312 3470/444/2313 3502/477/2345 
f 3502/477/2345 3470/444/2313 3471/445/2314 3503/478/2346 
f 3503/478/2346 3471/445/2314 3472/446/2315 3504/479/2347 
f 3504/479/2347 3472/446/2315 3473/447/2316 3505/480/2348 
f 3505/480/2348 3473/447/2316 3474/448/2317 3506/481/2349 
f 3506/481/2349 3474/448/2317 3475/449/2318 3507/482/2350 
f 3507/482/2350 3475/449/2318 3445/450/2288 3477/483/2320 
f 3509/485/2438 3477/452/2320 3476/451/2319 3508/484/2351 
f 3508/484/2351 3476/451/2319 3478/453/2321 3510/486/2353 
f 3510/486/2353 3478/453/2321 3479/454/2322 3511/487/2354 
f 3511/487/2354 3479/454/2322 3480/455/2323 3512/488/2355 
f 3512/488/2355 3480/455/2323 3481/456/2324 3513/489/2356 
f 3513/489/2356 3481/456/2324 3482/457/2325 3514/490/2357 
f 3514/490/2357 3482/457/2325 3483/458/2326 3515/491/2358 
f 3515/491/2358 3483/458/2326 3484/459/2436 3516/492/2439 
f 3516/492/2439 3484/459/2436 3485/460/2328 3517/493/2360 
f 3517/493/2360 3485/460/2328 3486/461/2329 3518/494/2361 
f 3518/494/2361 3486/461/2329 3487/462/2330 3519/495/2362 
f 3519/495/2362 3487/462/2330 3488/463/2331 3520/496/2363 
f 3520/496/2363 3488/463/2331 3489/464/2332 3521/497/2364 
f 3521/497/2364 3489/464/2332 3490/465/2333 3522/498/2365 
f 3522/498/2365 3490/465/2333 3491/466/2334 3523/499/2366 
f 3523/499/2366 3491/466/2334 3492/467/2335 3524/500/2367 
f 3524/500/2367 3492/467/2335 3493/468/2336 3525/501/2368 
f 3525/501/2368 3493/468/2336 3494/469/2337 3526/502/2369 
f 3526/502/2369 3494/469/2337 3495/470/2338 3527/503/2370 
f 3527/503/2370 3495/470/2338 3496/471/2339 3528/504/2371 
f 3528/504/2371 3496/471/2339 3497/472/2340 3529/505/2372 
f 3529/505/2372 3497/472/2340 3498/473/2341 3530/506/2373 
f 3530/506/2373 3498/473/2341 3499/474/2342 3531/507/2374 
f 3531/507/2374 3499/474/2342 3500/475/2437 3532/508/2440 
f 3532/508/2440 3500/475/2437 3501/476/2344 3533/509/2376 
f 3533/509/2376 3501/476/2344 3502/477/2345 3534/510/2377 
f 3534/510/2377 3502/477/2345 3503/478/2346 3535/511/2378 
f 3535/511/2378 3503/478/2346 3504/479/2347 3536/512/2379 
f 3536/512/2379 3504/479/2347 3505/480/2348 3537/513/2380 
f 3537/513/2380 3505/480/2348 3506/481/2349 3538/514/2381 
f 3538/514/2381 3506/481/2349 3507/482/2350 3539/515/2382 
f 3539/515/2382 3507/482/2350 3477/483/2320 3509/516/2438 
f 3509/518/2441 3509/485/2438 3508/484/2351 3508/517/2383 
f 3508/517/2383 3508/484/2351 3510/486/2353 3510/519/2385 
f 3510/519/2385 3510/486/2353 3511/487/2354 3511/520/2386 
f 3511/520/2386 3511/487/2354 3512/488/2355 3512/521/2387 
f 3512/521/2387 3512/488/2355 3513/489/2356 3513/522/2388 
f 3513/522/2388 3513/489/2356 3514/490/2357 3514/523/2389 
f 3514/523/2389 3514/490/2357 3515/491/2358 3515/524/2390 
f 3515/524/2390 3515/491/2358 3516/492/2439 3516/525/2442 
f 3516/525/2442 3516/492/2439 3517/493/2360 3517/526/2392 
f 3517/526/2392 3517/493/2360 3518/494/2361 3518/527/2393 
f 3518/527/2393 3518/494/2361 3519/495/2362 3519/528/2394 
f 3519/528/2394 3519/495/2362 3520/496/2363 3520/529/2395 
f 3520/529/2395 3520/496/2363 3521/497/2364 3521/530/2396 
f 3521/530/2396 3521/497/2364 3522/498/2365 3522/531/2397 
f 3522/531/2397 3522/498/2365 3523/499/2366 3523/532/2398 
f 3523/532/2398 3523/499/2366 3524/500/2367 3524/533/2399 
f 3524/533/2399 3524/500/2367 3525/501/2368 3525/534/2400 
f 3525/534/2400 3525/501/2368 3526/502/2369 3526/535/2401 
f 3526/535/2401 3526/502/2369 3527/503/2370 3527/536/2402 
f 3527/536/2402 3527/503/2370 3528/504/2371 3528/537/2403 
f 3528/537/2403 3528/504/2371 3529/505/2372 3529/538/2404 
f 3529/538/2404 3529/505/2372 3530/506/2373 3530/539/2405 
f 3530/539/2405 3530/506/2373 3531/507/2374 3531/540/2406 
f 3531/540/2406 3531/507/2374 3532/508/2440 3532/541/2443 
f 3532/541/2443 3532/508/2440 3533/509/2376 3533/542/2408 
f 3533/542/2408 3533/509/2376 3534/510/2377 3534/543/2409 
f 3534/543/2409 3534/510/2377 3535/511/2378 3535/544/2410 
f 3535/544/2410 3535/511/2378 3536/512/2379 3536/545/2411 
f 3536/545/2411 3536/512/2379 3537/513/2380 3537/546/2412 
f 3537/546/2412 3537/513/2380 3538/514/2381 3538/547/2413 
f 3538/547/2413 3538/514/2381 3539/515/2382 3539/548/2414 
f 3539/548/2414 3539/515/2382 3509/516/2438 3509/549/2441 
s 2
f 3509/552/2415 3508/551/2415 3540/550/2415 
f 3508/551/2415 3510/553/2415 3540/550/2415 
f 3510/553/2415 3511/554/2415 3540/550/2415 
f 3511/554/2415 3512/555/2415 3540/550/2415 
f 3512/555/2415 3513/556/2415 3540/550/2415 
f 3513/556/2415 3514/557/2415 3540/550/2415 
f 3514/557/2415 3515/558/2415 3540/550/2415 
f 3515/558/2415 3516/559/2415 3540/550/2415 
f 3516/559/2415 3517/560/2415 3540/550/2415 
f 3517/560/2415 3518/561/2415 3540/550/2415 
f 3518/561/2415 3519/562/2415 3540/550/2415 
f 3519/562/2415 3520/563/2415 3540/550/2415 
f 3520/563/2415 3521/564/2415 3540/550/2415 
f 3521/564/2415 3522/565/2415 3540/550/2415 
f 3522/565/2415 3523/566/2415 3540/550/2415 
f 3523/566/2415 3524/567/2415 3540/550/2415 
f 3524/567/2415 3525/568/2415 3540/550/2415 
f 3525/568/2415 3526/569/2415 3540/550/2415 
f 3526/569/2415 3527/570/2415 3540/550/2415 
f 3527/570/2415 3528/571/2415 3540/550/2415 
f 3528/571/2415 3529/572/2415 3540/550/2415 
f 3529/572/2415 3530/573/2415 3540/550/2415 
f 3530/573/2415 3531/574/2415 3540/550/2415 
f 3531/574/2415 3532/575/2415 3540/550/2415 
f 3532/575/2415 3533/576/2415 3540/550/2415 
f 3533/576/2415 3534/577/2415 3540/550/2415 
f 3534/577/2415 3535/578/2415 3540/550/2415 
f 3535/578/2415 3536/579/2415 3540/550/2415 
f 3536/579/2415 3537/580/2415 3540/550/2415 
f 3537/580/2415 3538/581/2415 3540/550/2415 
f 3538/581/2415 3539/582/2415 3540/550/2415 
f 3539/582/2415 3509/552/2415 3540/550/2415 
s 1
f 3543/223/2128 3542/222/2444 3541/221/2126 
f 3544/225/2129 3543/223/2128 3541/224/2126 
f 3545/227/2130 3544/225/2129 3541/226/2126 
f 3546/229/2131 3545/227/2130 3541/228/2126 
f 3547/231/2132 3546/229/2131 3541/230/2126 
f 3548/233/2133 3547/231/2132 3541/232/2126 
f 3549/235/2134 3548/233/2133 3541/234/2126 
f 3550/237/2417 3549/235/2134 3541/236/2126 
f 3551/239/2136 3550/237/2417 3541/238/2126 
f 3552/241/2137 3551/239/2136 3541/240/2126 
f 3553/243/2445 3552/241/2137 3541/242/2126 
f 3554/245/2139 3553/243/2445 3541/244/2126 
f 3555/247/2446 3554/245/2139 3541/246/2126 
f 3556/249/2141 3555/247/2446 3541/248/2126 
f 3557/251/2142 3556/249/2141 3541/250/2126 
f 3558/253/2447 3557/251/2142 3541/252/2126 
f 3559/255/2144 3558/253/2447 3541/254/2126 
f 3560/257/2145 3559/255/2144 3541/256/2126 
f 3561/259/2146 3560/257/2145 3541/258/2126 
f 3562/261/2147 3561/259/2146 3541/260/2126 
f 3563/263/2148 3562/261/2147 3541/262/2126 
f 3564/265/2149 3563/263/2148 3541/264/2126 
f 3565/267/2150 3564/265/2149 3541/266/2126 
f 3566/269/2151 3565/267/2150 3541/268/2126 
f 3567/271/2152 3566/269/2151 3541/270/2126 
f 3568/273/2153 3567/271/2152 3541/272/2126 
f 3569/275/2448 3568/273/2153 3541/274/2126 
f 3570/277/2155 3569/275/2448 3541/276/2126 
f 3571/279/2449 3570/277/2155 3541/278/2126 
f 3572/281/2157 3571/279/2449 3541/280/2126 
f 3573/283/2158 3572/281/2157 3541/282/2126 
f 3542/285/2444 3573/283/2158 3541/284/2126 
f 3575/287/2160 3542/222/2444 3543/223/2128 3574/286/2159 
f 3574/286/2159 3543/223/2128 3544/225/2129 3576/288/2161 
f 3576/288/2161 3544/225/2129 3545/227/2130 3577/289/2162 
f 3577/289/2162 3545/227/2130 3546/229/2131 3578/290/2163 
f 3578/290/2163 3546/229/2131 3547/231/2132 3579/291/2164 
f 3579/291/2164 3547/231/2132 3548/233/2133 3580/292/2165 
f 3580/292/2165 3548/233/2133 3549/235/2134 3581/293/2166 
f 3581/293/2166 3549/235/2134 3550/237/2417 3582/294/2167 
f 3582/294/2167 3550/237/2417 3551/239/2136 3583/295/2168 
f 3583/295/2168 3551/239/2136 3552/241/2137 3584/296/2169 
f 3584/296/2169 3552/241/2137 3553/243/2445 3585/297/2170 
f 3585/297/2170 3553/243/2445 3554/245/2139 3586/298/2171 
f 3586/298/2171 3554/245/2139 3555/247/2446 3587/299/2172 
f 3587/299/2172 3555/247/2446 3556/249/2141 3588/300/2173 
f 3588/300/2173 3556/249/2141 3557/251/2142 3589/301/2174 
f 3589/301/2174 3557/251/2142 3558/253/2447 3590/302/2175 
f 3590/302/2175 3558/253/2447 3559/255/2144 3591/303/2176 
f 3591/303/2176 3559/255/2144 3560/257/2145 3592/304/2177 
f 3592/304/2177 3560/257/2145 3561/259/2146 3593/305/2178 
f 3593/305/2178 3561/259/2146 3562/261/2147 3594/306/2179 
f 3594/306/2179 3562/261/2147 3563/263/2148 3595/307/2180 
f 3595/307/2180 3563/263/2148 3564/265/2149 3596/308/2181 
f 3596/308/2181 3564/265/2149 3565/267/2150 3597/309/2182 
f 3597/309/2182 3565/267/2150 3566/269/2151 3598/310/2183 
f 3598/310/2183 3566/269/2151 3567/271/2152 3599/311/2184 
f 3599/311/2184 3567/271/2152 3568/273/2153 3600/312/2185 
f 3600/312/2185 3568/273/2153 3569/275/2448 3601/313/2186 
f 3601/313/2186 3569/275/2448 3570/277/2155 3602/314/2187 
f 3602/314/2187 3570/277/2155 3571/279/2449 3603/315/2188 
f 3603/315/2188 3571/279/2449 3572/281/2157 3604/316/2189 
f 3604/316/2189 3572/281/2157 3573/283/2158 3605/317/2190 
f 3605/317/2190 3573/283/2158 3542/285/2444 3575/318/2160 
f 3607/320/2192 3575/287/2160 3574/286/2159 3606/319/2191 
f 3606/319/2191 3574/286/2159 3576/288/2161 3608/321/2193 
f 3608/321/2193 3576/288/2161 3577/289/2162 3609/322/2194 
f 3609/322/2194 3577/289/2162 3578/290/2163 3610/323/2195 
f 3610/323/2195 3578/290/2163 3579/291/2164 3611/324/2196 
f 3611/324/2196 3579/291/2164 3580/292/2165 3612/325/2197 
f 3612/325/2197 3580/292/2165 3581/293/2166 3613/326/2198 
f 3613/326/2198 3581/293/2166 3582/294/2167 3614/327/2450 
f 3614/327/2450 3582/294/2167 3583/295/2168 3615/328/2200 
f 3615/328/2200 3583/295/2168 3584/296/2169 3616/329/2201 
f 3616/329/2201 3584/296/2169 3585/297/2170 3617/330/2202 
f 3617/330/2202 3585/297/2170 3586/298/2171 3618/331/2203 
f 3618/331/2203 3586/298/2171 3587/299/2172 3619/332/2204 
f 3619/332/2204 3587/299/2172 3588/300/2173 3620/333/2205 
f 3620/333/2205 3588/300/2173 3589/301/2174 3621/334/2206 
f 3621/334/2206 3589/301/2174 3590/302/2175 3622/335/2207 
f 3622/335/2207 3590/302/2175 3591/303/2176 3623/336/2208 
f 3623/336/2208 3591/303/2176 3592/304/2177 3624/337/2209 
f 3624/337/2209 3592/304/2177 3593/305/2178 3625/338/2210 
f 3625/338/2210 3593/305/2178 3594/306/2179 3626/339/2211 
f 3626/339/2211 3594/306/2179 3595/307/2180 3627/340/2212 
f 3627/340/2212 3595/307/2180 3596/308/2181 3628/341/2213 
f 3628/341/2213 3596/308/2181 3597/309/2182 3629/342/2214 
f 3629/342/2214 3597/309/2182 3598/310/2183 3630/343/2451 
f 3630/343/2451 3598/310/2183 3599/311/2184 3631/344/2216 
f 3631/344/2216 3599/311/2184 3600/312/2185 3632/345/2217 
f 3632/345/2217 3600/312/2185 3601/313/2186 3633/346/2218 
f 3633/346/2218 3601/313/2186 3602/314/2187 3634/347/2219 
f 3634/347/2219 3602/314/2187 3603/315/2188 3635/348/2220 
f 3635/348/2220 3603/315/2188 3604/316/2189 3636/349/2221 
f 3636/349/2221 3604/316/2189 3605/317/2190 3637/350/2222 
f 3637/350/2222 3605/317/2190 3575/318/2160 3607/351/2192 
f 3639/353/2453 3607/320/2192 3606/319/2191 3638/352/2452 
f 3638/352/2452 3606/319/2191 3608/321/2193 3640/354/2225 
f 3640/354/2225 3608/321/2193 3609/322/2194 3641/355/2226 
f 3641/355/2226 3609/322/2194 3610/323/2195 3642/356/2227 
f 3642/356/2227 3610/323/2195 3611/324/2196 3643/357/2228 
f 3643/357/2228 3611/324/2196 3612/325/2197 3644/358/2229 
f 3644/358/2229 3612/325/2197 3613/326/2198 3645/359/2230 
f 3645/359/2230 3613/326/2198 3614/327/2450 3646/360/2424 
f 3646/360/2424 3614/327/2450 3615/328/2200 3647/361/2232 
f 3647/361/2232 3615/328/2200 3616/329/2201 3648/362/2233 
f 3648/362/2233 3616/329/2201 3617/330/2202 3649/363/2234 
f 3649/363/2234 3617/330/2202 3618/331/2203 3650/364/2235 
f 3650/364/2235 3618/331/2203 3619/332/2204 3651/365/2236 
f 3651/365/2236 3619/332/2204 3620/333/2205 3652/366/2237 
f 3652/366/2237 3620/333/2205 3621/334/2206 3653/367/2454 
f 3653/367/2454 3621/334/2206 3622/335/2207 3654/368/2426 
f 3654/368/2426 3622/335/2207 3623/336/2208 3655/369/2455 
f 3655/369/2455 3623/336/2208 3624/337/2209 3656/370/2241 
f 3656/370/2241 3624/337/2209 3625/338/2210 3657/371/2242 
f 3657/371/2242 3625/338/2210 3626/339/2211 3658/372/2243 
f 3658/372/2243 3626/339/2211 3627/340/2212 3659/373/2244 
f 3659/373/2244 3627/340/2212 3628/341/2213 3660/374/2245 
f 3660/374/2245 3628/341/2213 3629/342/2214 3661/375/2246 
f 3661/375/2246 3629/342/2214 3630/343/2451 3662/376/2428 
f 3662/376/2428 3630/343/2451 3631/344/2216 3663/377/2248 
f 3663/377/2248 3631/344/2216 3632/345/2217 3664/378/2249 
f 3664/378/2249 3632/345/2217 3633/346/2218 3665/379/2250 
f 3665/379/2250 3633/346/2218 3634/347/2219 3666/380/2251 
f 3666/380/2251 3634/347/2219 3635/348/2220 3667/381/2252 
f 3667/381/2252 3635/348/2220 3636/349/2221 3668/382/2253 
f 3668/382/2253 3636/349/2221 3637/350/2222 3669/383/2456 
f 3669/383/2456 3637/350/2222 3607/351/2192 3639/384/2453 
f 3671/386/2458 3639/353/2453 3638/352/2452 3670/385/2457 
f 3670/385/2457 3638/352/2452 3640/354/2225 3672/387/2257 
f 3672/387/2257 3640/354/2225 3641/355/2226 3673/388/2258 
f 3673/388/2258 3641/355/2226 3642/356/2227 3674/389/2259 
f 3674/389/2259 3642/356/2227 3643/357/2228 3675/390/2260 
f 3675/390/2260 3643/357/2228 3644/358/2229 3676/391/2261 
f 3676/391/2261 3644/358/2229 3645/359/2230 3677/392/2262 
f 3677/392/2262 3645/359/2230 3646/360/2424 3678/393/2263 
f 3678/393/2263 3646/360/2424 3647/361/2232 3679/394/2264 
f 3679/394/2264 3647/361/2232 3648/362/2233 3680/395/2265 
f 3680/395/2265 3648/362/2233 3649/363/2234 3681/396/2266 
f 3681/396/2266 3649/363/2234 3650/364/2235 3682/397/2267 
f 3682/397/2267 3650/364/2235 3651/365/2236 3683/398/2268 
f 3683/398/2268 3651/365/2236 3652/366/2237 3684/399/2269 
f 3684/399/2269 3652/366/2237 3653/367/2454 3685/400/2270 
f 3685/400/2270 3653/367/2454 3654/368/2426 3686/401/2459 
f 3686/401/2459 3654/368/2426 3655/369/2455 3687/402/2460 
f 3687/402/2460 3655/369/2455 3656/370/2241 3688/403/2273 
f 3688/403/2273 3656/370/2241 3657/371/2242 3689/404/2274 
f 3689/404/2274 3657/371/2242 3658/372/2243 3690/405/2275 
f 3690/405/2275 3658/372/2243 3659/373/2244 3691/406/2276 
f 3691/406/2276 3659/373/2244 3660/374/2245 3692/407/2277 
f 3692/407/2277 3660/374/2245 3661/375/2246 3693/408/2278 
f 3693/408/2278 3661/375/2246 3662/376/2428 3694/409/2461 
f 3694/409/2461 3662/376/2428 3663/377/2248 3695/410/2280 
f 3695/410/2280 3663/377/2248 3664/378/2249 3696/411/2281 
f 3696/411/2281 3664/378/2249 3665/379/2250 3697/412/2282 
f 3697/412/2282 3665/379/2250 3666/380/2251 3698/413/2283 
f 3698/413/2283 3666/380/2251 3667/381/2252 3699/414/2284 
f 3699/414/2284 3667/381/2252 3668/382/2253 3700/415/2285 
f 3700/415/2285 3668/382/2253 3669/383/2456 3701/416/2286 
f 3701/416/2286 3669/383/2456 3639/384/2453 3671/417/2458 
f 3703/419/2462 3671/386/2458 3670/385/2457 3702/418/2287 
f 3702/418/2287 3670/385/2457 3672/387/2257 3704/420/2289 
f 3704/420/2289 3672/387/2257 3673/388/2258 3705/421/2290 
f 3705/421/2290 3673/388/2258 3674/389/2259 3706/422/2291 
f 3706/422/2291 3674/389/2259 3675/390/2260 3707/423/2292 
f 3707/423/2292 3675/390/2260 3676/391/2261 3708/424/2293 
f 3708/424/2293 3676/391/2261 3677/392/2262 3709/425/2294 
f 3709/425/2294 3677/392/2262 3678/393/2263 3710/426/2295 
f 3710/426/2295 3678/393/2263 3679/394/2264 3711/427/2296 
f 3711/427/2296 3679/394/2264 3680/395/2265 3712/428/2297 
f 3712/428/2297 3680/395/2265 3681/396/2266 3713/429/2298 
f 3713/429/2298 3681/396/2266 3682/397/2267 3714/430/2299 
f 3714/430/2299 3682/397/2267 3683/398/2268 3715/431/2300 
f 3715/431/2300 3683/398/2268 3684/399/2269 3716/432/2301 
f 3716/432/2301 3684/399/2269 3685/400/2270 3717/433/2302 
f 3717/433/2302 3685/400/2270 3686/401/2459 3718/434/2303 
f 3718/434/2303 3686/401/2459 3687/402/2460 3719/435/2304 
f 3719/435/2304 3687/402/2460 3688/403/2273 3720/436/2305 
f 3720/436/2305 3688/403/2273 3689/404/2274 3721/437/2306 
f 3721/437/2306 3689/404/2274 3690/405/2275 3722/438/2307 
f 3722/438/2307 3690/405/2275 3691/406/2276 3723/439/2308 
f 3723/439/2308 3691/406/2276 3692/407/2277 3724/440/2309 
f 3724/440/2309 3692/407/2277 3693/408/2278 3725/441/2310 
f 3725/441/2310 3693/408/2278 3694/409/2461 3726/442/2311 
f 3726/442/2311 3694/409/2461 3695/410/2280 3727/443/2312 
f 3727/443/2312 3695/410/2280 3696/411/2281 3728/444/2313 
f 3728/444/2313 3696/411/2281 3697/412/2282 3729/445/2314 
f 3729/445/2314 3697/412/2282 3698/413/2283 3730/446/2315 
f 3730/446/2315 3698/413/2283 3699/414/2284 3731/447/2316 
f 3731/447/2316 3699/414/2284 3700/415/2285 3732/448/2317 
f 3732/448/2317 3700/415/2285 3701/416/2286 3733/449/2318 
f 3733/449/2318 3701/416/2286 3671/417/2458 3703/450/2462 
f 3735/452/2463 3703/419/2462 3702/418/2287 3734/451/2319 
f 3734/451/2319 3702/418/2287 3704/420/2289 3736/453/2321 
f 3736/453/2321 3704/420/2289 3705/421/2290 3737/454/2322 
f 3737/454/2322 3705/421/2290 3706/422/2291 3738/455/2323 
f 3738/455/2323 3706/422/2291 3707/423/2292 3739/456/2324 
f 3739/456/2324 3707/423/2292 3708/424/2293 3740/457/2325 
f 3740/457/2325 3708/424/2293 3709/425/2294 3741/458/2326 
f 3741/458/2326 3709/425/2294 3710/426/2295 3742/459/2436 
f 3742/459/2436 3710/426/2295 3711/427/2296 3743/460/2328 
f 3743/460/2328 3711/427/2296 3712/428/2297 3744/461/2329 
f 3744/461/2329 3712/428/2297 3713/429/2298 3745/462/2330 
f 3745/462/2330 3713/429/2298 3714/430/2299 3746/463/2331 
f 3746/463/2331 3714/430/2299 3715/431/2300 3747/464/2332 
f 3747/464/2332 3715/431/2300 3716/432/2301 3748/465/2333 
f 3748/465/2333 3716/432/2301 3717/433/2302 3749/466/2334 
f 3749/466/2334 3717/433/2302 3718/434/2303 3750/467/2464 
f 3750/467/2464 3718/434/2303 3719/435/2304 3751/468/2336 
f 3751/468/2336 3719/435/2304 3720/436/2305 3752/469/2337 
f 3752/469/2337 3720/436/2305 3721/437/2306 3753/470/2338 
f 3753/470/2338 3721/437/2306 3722/438/2307 3754/471/2339 
f 3754/471/2339 3722/438/2307 3723/439/2308 3755/472/2340 
f 3755/472/2340 3723/439/2308 3724/440/2309 3756/473/2341 
f 3756/473/2341 3724/440/2309 3725/441/2310 3757/474/2342 
f 3757/474/2342 3725/441/2310 3726/442/2311 3758/475/2343 
f 3758/475/2343 3726/442/2311 3727/443/2312 3759/476/2344 
f 3759/476/2344 3727/443/2312 3728/444/2313 3760/477/2345 
f 3760/477/2345 3728/444/2313 3729/445/2314 3761/478/2346 
f 3761/478/2346 3729/445/2314 3730/446/2315 3762/479/2347 
f 3762/479/2347 3730/446/2315 3731/447/2316 3763/480/2348 
f 3763/480/2348 3731/447/2316 3732/448/2317 3764/481/2349 
f 3764/481/2349 3732/448/2317 3733/449/2318 3765/482/2350 
f 3765/482/2350 3733/449/2318 3703/450/2462 3735/483/2463 
f 3767/485/2438 3735/452/2463 3734/451/2319 3766/484/2351 
f 3766/484/2351 3734/451/2319 3736/453/2321 3768/486/2353 
f 3768/486/2353 3736/453/2321 3737/454/2322 3769/487/2354 
f 3769/487/2354 3737/454/2322 3738/455/2323 3770/488/2355 
f 3770/488/2355 3738/455/2323 3739/456/2324 3771/489/2356 
f 3771/489/2356 3739/456/2324 3740/457/2325 3772/490/2357 
f 3772/490/2357 3740/457/2325 3741/458/2326 3773/491/2358 
f 3773/491/2358 3741/458/2326 3742/459/2436 3774/492/2439 
f 3774/492/2439 3742/459/2436 3743/460/2328 3775/493/2360 
f 3775/493/2360 3743/460/2328 3744/461/2329 3776/494/2361 
f 3776/494/2361 3744/461/2329 3745/462/2330 3777/495/2362 
f 3777/495/2362 3745/462/2330 3746/463/2331 3778/496/2363 
f 3778/496/2363 3746/463/2331 3747/464/2332 3779/497/2364 
f 3779/497/2364 3747/464/2332 3748/465/2333 3780/498/2365 
f 3780/498/2365 3748/465/2333 3749/466/2334 3781/499/2366 
f 3781/499/2366 3749/466/2334 3750/467/2464 3782/500/2465 
f 3782/500/2465 3750/467/2464 3751/468/2336 3783/501/2368 
f 3783/501/2368 3751/468/2336 3752/469/2337 3784/502/2369 
f 3784/502/2369 3752/469/2337 3753/470/2338 3785/503/2370 
f 3785/503/2370 3753/470/2338 3754/471/2339 3786/504/2371 
f 3786/504/2371 3754/471/2339 3755/472/2340 3787/505/2372 
f 3787/505/2372 3755/472/2340 3756/473/2341 3788/506/2373 
f 3788/506/2373 3756/473/2341 3757/474/2342 3789/507/2374 
f 3789/507/2374 3757/474/2342 3758/475/2343 3790/508/2440 
f 3790/508/2440 3758/475/2343 3759/476/2344 3791/509/2376 
f 3791/509/2376 3759/476/2344 3760/477/2345 3792/510/2377 
f 3792/510/2377 3760/477/2345 3761/478/2346 3793/511/2378 
f 3793/511/2378 3761/478/2346 3762/479/2347 3794/512/2379 
f 3794/512/2379 3762/479/2347 3763/480/2348 3795/513/2380 
f 3795/513/2380 3763/480/2348 3764/481/2349 3796/514/2381 
f 3796/514/2381 3764/481/2349 3765/482/2350 3797/515/2382 
f 3797/515/2382 3765/482/2350 3735/483/2463 3767/516/2438 
f 3767/518/2441 3767/485/2438 3766/484/2351 3766/517/2383 
f 3766/517/2383 3766/484/2351 3768/486/2353 3768/519/2385 
f 3768/519/2385 3768/486/2353 3769/487/2354 3769/520/2386 
f 3769/520/2386 3769/487/2354 3770/488/2355 3770/521/2387 
f 3770/521/2387 3770/488/2355 3771/489/2356 3771/522/2388 
f 3771/522/2388 3771/489/2356 3772/490/2357 3772/523/2389 
f 3772/523/2389 3772/490/2357 3773/491/2358 3773/524/2390 
f 3773/524/2390 3773/491/2358 3774/492/2439 3774/525/2391 
f 3774/525/2391 3774/492/2439 3775/493/2360 3775/526/2392 
f 3775/526/2392 3775/493/2360 3776/494/2361 3776/527/2393 
f 3776/527/2393 3776/494/2361 3777/495/2362 3777/528/2394 
f 3777/528/2394 3777/495/2362 3778/496/2363 3778/529/2395 
f 3778/529/2395 3778/496/2363 3779/497/2364 3779/530/2396 
f 3779/530/2396 3779/497/2364 3780/498/2365 3780/531/2397 
f 3780/531/2397 3780/498/2365 3781/499/2366 3781/532/2398 
f 3781/532/2398 3781/499/2366 3782/500/2465 3782/533/2466 
f 3782/533/2466 3782/500/2465 3783/501/2368 3783/534/2400 
f 3783/534/2400 3783/501/2368 3784/502/2369 3784/535/2401 
f 3784/535/2401 3784/502/2369 3785/503/2370 3785/536/2402 
f 3785/536/2402 3785/503/2370 3786/504/2371 3786/537/2403 
f 3786/537/2403 3786/504/2371 3787/505/2372 3787/538/2404 
f 3787/538/2404 3787/505/2372 3788/506/2373 3788/539/2405 
f 3788/539/2405 3788/506/2373 3789/507/2374 3789/540/2406 
f 3789/540/2406 3789/507/2374 3790/508/2440 3790/541/2443 
f 3790/541/2443 3790/508/2440 3791/509/2376 3791/542/2408 
f 3791/542/2408 3791/509/2376 3792/510/2377 3792/543/2409 
f 3792/543/2409 3792/510/2377 3793/511/2378 3793/544/2410 
f 3793/544/2410 3793/511/2378 3794/512/2379 3794/545/2411 
f 3794/545/2411 3794/512/2379 3795/513/2380 3795/546/2412 
f 3795/546/2412 3795/513/2380 3796/514/2381 3796/547/2413 
f 3796/547/2413 3796/514/2381 3797/515/2382 3797/548/2414 
f 3797/548/2414 3797/515/2382 3767/516/2438 3767/549/2441 
s 2
f 3767/552/2415 3766/551/2415 3798/550/2415 
f 3766/551/2415 3768/553/2415 3798/550/2415 
f 3768/553/2415 3769/554/2415 3798/550/2415 
f 3769/554/2415 3770/555/2415 3798/550/2415 
f 3770/555/2415 3771/556/2415 3798/550/2415 
f 3771/556/2415 3772/557/2415 3798/550/2415 
f 3772/557/2415 3773/558/2415 3798/550/2415 
f 3773/558/2415 3774/559/2415 3798/550/2415 
f 3774/559/2415 3775/560/2415 3798/550/2415 
f 3775/560/2415 3776/561/2415 3798/550/2415 
f 3776/561/2415 3777/562/2415 3798/550/2415 
f 3777/562/2415 3778/563/2415 3798/550/2415 
f 3778/563/2415 3779/564/2415 3798/550/2415 
f 3779/564/2415 3780/565/2415 3798/550/2415 
f 3780/565/2415 3781/566/2415 3798/550/2415 
f 3781/566/2415 3782/567/2415 3798/550/2415 
f 3782/567/2415 3783/568/2415 3798/550/2415 
f 3783/568/2415 3784/569/2415 3798/550/2415 
f 3784/569/2415 3785/570/2415 3798/550/2415 
f 3785/570/2415 3786/571/2415 3798/550/2415 
f 3786/571/2415 3787/572/2415 3798/550/2415 
f 3787/572/2415 3788/573/2415 3798/550/2415 
f 3788/573/2415 3789/574/2415 3798/550/2415 
f 3789/574/2415 3790/575/2415 3798/550/2415 
f 3790/575/2415 3791/576/2415 3798/550/2415 
f 3791/576/2415 3792/577/2415 3798/550/2415 
f 3792/577/2415 3793/578/2415 3798/550/2415 
f 3793/578/2415 3794/579/2415 3798/550/2415 
f 3794/579/2415 3795/580/2415 3798/550/2415 
f 3795/580/2415 3796/581/2415 3798/550/2415 
f 3796/581/2415 3797/582/2415 3798/550/2415 
f 3797/582/2415 3767/552/2415 3798/550/2415 
s 1
f 3801/223/2128 3800/222/2444 3799/221/2416 
f 3802/225/2129 3801/223/2128 3799/224/2416 
f 3803/227/2130 3802/225/2129 3799/226/2416 
f 3804/229/2131 3803/227/2130 3799/228/2416 
f 3805/231/2132 3804/229/2131 3799/230/2416 
f 3806/233/2133 3805/231/2132 3799/232/2416 
f 3807/235/2134 3806/233/2133 3799/234/2416 
f 3808/237/2417 3807/235/2134 3799/236/2416 
f 3809/239/2136 3808/237/2417 3799/238/2416 
f 3810/241/2137 3809/239/2136 3799/240/2416 
f 3811/243/2445 3810/241/2137 3799/242/2416 
f 3812/245/2139 3811/243/2445 3799/244/2416 
f 3813/247/2446 3812/245/2139 3799/246/2416 
f 3814/249/2141 3813/247/2446 3799/248/2416 
f 3815/251/2142 3814/249/2141 3799/250/2416 
f 3816/253/2447 3815/251/2142 3799/252/2416 
f 3817/255/2144 3816/253/2447 3799/254/2416 
f 3818/257/2145 3817/255/2144 3799/256/2416 
f 3819/259/2418 3818/257/2145 3799/258/2416 
f 3820/261/2147 3819/259/2418 3799/260/2416 
f 3821/263/2419 3820/261/2147 3799/262/2416 
f 3822/265/2149 3821/263/2419 3799/264/2416 
f 3823/267/2150 3822/265/2149 3799/266/2416 
f 3824/269/2420 3823/267/2150 3799/268/2416 
f 3825/271/2152 3824/269/2420 3799/270/2416 
f 3826/273/2153 3825/271/2152 3799/272/2416 
f 3827/275/2448 3826/273/2153 3799/274/2416 
f 3828/277/2155 3827/275/2448 3799/276/2416 
f 3829/279/2449 3828/277/2155 3799/278/2416 
f 3830/281/2157 3829/279/2449 3799/280/2416 
f 3831/283/2158 3830/281/2157 3799/282/2416 
f 3800/285/2444 3831/283/2158 3799/284/2416 
f 3833/287/2160 3800/222/2444 3801/223/2128 3832/286/2159 
f 3832/286/2159 3801/223/2128 3802/225/2129 3834/288/2161 
f 3834/288/2161 3802/225/2129 3803/227/2130 3835/289/2162 
f 3835/289/2162 3803/227/2130 3804/229/2131 3836/290/2163 
f 3836/290/2163 3804/229/2131 3805/231/2132 3837/291/2164 
f 3837/291/2164 3805/231/2132 3806/233/2133 3838/292/2165 
f 3838/292/2165 3806/233/2133 3807/235/2134 3839/293/2166 
f 3839/293/2166 3807/235/2134 3808/237/2417 3840/294/2167 
f 3840/294/2167 3808/237/2417 3809/239/2136 3841/295/2168 
f 3841/295/2168 3809/239/2136 3810/241/2137 3842/296/2169 
f 3842/296/2169 3810/241/2137 3811/243/2445 3843/297/2170 
f 3843/297/2170 3811/243/2445 3812/245/2139 3844/298/2171 
f 3844/298/2171 3812/245/2139 3813/247/2446 3845/299/2172 
f 3845/299/2172 3813/247/2446 3814/249/2141 3846/300/2173 
f 3846/300/2173 3814/249/2141 3815/251/2142 3847/301/2174 
f 3847/301/2174 3815/251/2142 3816/253/2447 3848/302/2175 
f 3848/302/2175 3816/253/2447 3817/255/2144 3849/303/2176 
f 3849/303/2176 3817/255/2144 3818/257/2145 3850/304/2177 
f 3850/304/2177 3818/257/2145 3819/259/2418 3851/305/2178 
f 3851/305/2178 3819/259/2418 3820/261/2147 3852/306/2179 
f 3852/306/2179 3820/261/2147 3821/263/2419 3853/307/2180 
f 3853/307/2180 3821/263/2419 3822/265/2149 3854/308/2181 
f 3854/308/2181 3822/265/2149 3823/267/2150 3855/309/2182 
f 3855/309/2182 3823/267/2150 3824/269/2420 3856/310/2183 
f 3856/310/2183 3824/269/2420 3825/271/2152 3857/311/2184 
f 3857/311/2184 3825/271/2152 3826/273/2153 3858/312/2185 
f 3858/312/2185 3826/273/2153 3827/275/2448 3859/313/2186 
f 3859/313/2186 3827/275/2448 3828/277/2155 3860/314/2187 
f 3860/314/2187 3828/277/2155 3829/279/2449 3861/315/2188 
f 3861/315/2188 3829/279/2449 3830/281/2157 3862/316/2189 
f 3862/316/2189 3830/281/2157 3831/283/2158 3863/317/2190 
f 3863/317/2190 3831/283/2158 3800/285/2444 3833/318/2160 
f 3865/320/2192 3833/287/2160 3832/286/2159 3864/319/2191 
f 3864/319/2191 3832/286/2159 3834/288/2161 3866/321/2193 
f 3866/321/2193 3834/288/2161 3835/289/2162 3867/322/2194 
f 3867/322/2194 3835/289/2162 3836/290/2163 3868/323/2195 
f 3868/323/2195 3836/290/2163 3837/291/2164 3869/324/2196 
f 3869/324/2196 3837/291/2164 3838/292/2165 3870/325/2197 
f 3870/325/2197 3838/292/2165 3839/293/2166 3871/326/2198 
f 3871/326/2198 3839/293/2166 3840/294/2167 3872/327/2199 
f 3872/327/2199 3840/294/2167 3841/295/2168 3873/328/2200 
f 3873/328/2200 3841/295/2168 3842/296/2169 3874/329/2201 
f 3874/329/2201 3842/296/2169 3843/297/2170 3875/330/2202 
f 3875/330/2202 3843/297/2170 3844/298/2171 3876/331/2203 
f 3876/331/2203 3844/298/2171 3845/299/2172 3877/332/2204 
f 3877/332/2204 3845/299/2172 3846/300/2173 3878/333/2205 
f 3878/333/2205 3846/300/2173 3847/301/2174 3879/334/2206 
f 3879/334/2206 3847/301/2174 3848/302/2175 3880/335/2422 
f 3880/335/2422 3848/302/2175 3849/303/2176 3881/336/2208 
f 3881/336/2208 3849/303/2176 3850/304/2177 3882/337/2209 
f 3882/337/2209 3850/304/2177 3851/305/2178 3883/338/2210 
f 3883/338/2210 3851/305/2178 3852/306/2179 3884/339/2211 
f 3884/339/2211 3852/306/2179 3853/307/2180 3885/340/2212 
f 3885/340/2212 3853/307/2180 3854/308/2181 3886/341/2213 
f 3886/341/2213 3854/308/2181 3855/309/2182 3887/342/2214 
f 3887/342/2214 3855/309/2182 3856/310/2183 3888/343/2451 
f 3888/343/2451 3856/310/2183 3857/311/2184 3889/344/2216 
f 3889/344/2216 3857/311/2184 3858/312/2185 3890/345/2217 
f 3890/345/2217 3858/312/2185 3859/313/2186 3891/346/2218 
f 3891/346/2218 3859/313/2186 3860/314/2187 3892/347/2219 
f 3892/347/2219 3860/314/2187 3861/315/2188 3893/348/2220 
f 3893/348/2220 3861/315/2188 3862/316/2189 3894/349/2221 
f 3894/349/2221 3862/316/2189 3863/317/2190 3895/350/2222 
f 3895/350/2222 3863/317/2190 3833/318/2160 3865/351/2192 
f 3897/353/2453 3865/320/2192 3864/319/2191 3896/352/2452 
f 3896/352/2452 3864/319/2191 3866/321/2193 3898/354/2225 
f 3898/354/2225 3866/321/2193 3867/322/2194 3899/355/2226 
f 3899/355/2226 3867/322/2194 3868/323/2195 3900/356/2227 
f 3900/356/2227 3868/323/2195 3869/324/2196 3901/357/2228 
f 3901/357/2228 3869/324/2196 3870/325/2197 3902/358/2229 
f 3902/358/2229 3870/325/2197 3871/326/2198 3903/359/2423 
f 3903/359/2423 3871/326/2198 3872/327/2199 3904/360/2424 
f 3904/360/2424 3872/327/2199 3873/328/2200 3905/361/2425 
f 3905/361/2425 3873/328/2200 3874/329/2201 3906/362/2233 
f 3906/362/2233 3874/329/2201 3875/330/2202 3907/363/2234 
f 3907/363/2234 3875/330/2202 3876/331/2203 3908/364/2235 
f 3908/364/2235 3876/331/2203 3877/332/2204 3909/365/2236 
f 3909/365/2236 3877/332/2204 3878/333/2205 3910/366/2237 
f 3910/366/2237 3878/333/2205 3879/334/2206 3911/367/2454 
f 3911/367/2454 3879/334/2206 3880/335/2422 3912/368/2426 
f 3912/368/2426 3880/335/2422 3881/336/2208 3913/369/2455 
f 3913/369/2455 3881/336/2208 3882/337/2209 3914/370/2241 
f 3914/370/2241 3882/337/2209 3883/338/2210 3915/371/2242 
f 3915/371/2242 3883/338/2210 3884/339/2211 3916/372/2243 
f 3916/372/2243 3884/339/2211 3885/340/2212 3917/373/2244 
f 3917/373/2244 3885/340/2212 3886/341/2213 3918/374/2245 
f 3918/374/2245 3886/341/2213 3887/342/2214 3919/375/2427 
f 3919/375/2427 3887/342/2214 3888/343/2451 3920/376/2428 
f 3920/376/2428 3888/343/2451 3889/344/2216 3921/377/2429 
f 3921/377/2429 3889/344/2216 3890/345/2217 3922/378/2249 
f 3922/378/2249 3890/345/2217 3891/346/2218 3923/379/2250 
f 3923/379/2250 3891/346/2218 3892/347/2219 3924/380/2251 
f 3924/380/2251 3892/347/2219 3893/348/2220 3925/381/2252 
f 3925/381/2252 3893/348/2220 3894/349/2221 3926/382/2253 
f 3926/382/2253 3894/349/2221 3895/350/2222 3927/383/2456 
f 3927/383/2456 3895/350/2222 3865/351/2192 3897/384/2453 
f 3929/386/2458 3897/353/2453 3896/352/2452 3928/385/2457 
f 3928/385/2457 3896/352/2452 3898/354/2225 3930/387/2257 
f 3930/387/2257 3898/354/2225 3899/355/2226 3931/388/2258 
f 3931/388/2258 3899/355/2226 3900/356/2227 3932/389/2259 
f 3932/389/2259 3900/356/2227 3901/357/2228 3933/390/2260 
f 3933/390/2260 3901/357/2228 3902/358/2229 3934/391/2261 
f 3934/391/2261 3902/358/2229 3903/359/2423 3935/392/2262 
f 3935/392/2262 3903/359/2423 3904/360/2424 3936/393/2432 
f 3936/393/2432 3904/360/2424 3905/361/2425 3937/394/2433 
f 3937/394/2433 3905/361/2425 3906/362/2233 3938/395/2265 
f 3938/395/2265 3906/362/2233 3907/363/2234 3939/396/2266 
f 3939/396/2266 3907/363/2234 3908/364/2235 3940/397/2267 
f 3940/397/2267 3908/364/2235 3909/365/2236 3941/398/2268 
f 3941/398/2268 3909/365/2236 3910/366/2237 3942/399/2269 
f 3942/399/2269 3910/366/2237 3911/367/2454 3943/400/2270 
f 3943/400/2270 3911/367/2454 3912/368/2426 3944/401/2459 
f 3944/401/2459 3912/368/2426 3913/369/2455 3945/402/2460 
f 3945/402/2460 3913/369/2455 3914/370/2241 3946/403/2273 
f 3946/403/2273 3914/370/2241 3915/371/2242 3947/404/2274 
f 3947/404/2274 3915/371/2242 3916/372/2243 3948/405/2275 
f 3948/405/2275 3916/372/2243 3917/373/2244 3949/406/2276 
f 3949/406/2276 3917/373/2244 3918/374/2245 3950/407/2277 
f 3950/407/2277 3918/374/2245 3919/375/2427 3951/408/2278 
f 3951/408/2278 3919/375/2427 3920/376/2428 3952/409/2434 
f 3952/409/2434 3920/376/2428 3921/377/2429 3953/410/2435 
f 3953/410/2435 3921/377/2429 3922/378/2249 3954/411/2281 
f 3954/411/2281 3922/378/2249 3923/379/2250 3955/412/2282 
f 3955/412/2282 3923/379/2250 3924/380/2251 3956/413/2283 
f 3956/413/2283 3924/380/2251 3925/381/2252 3957/414/2284 
f 3957/414/2284 3925/381/2252 3926/382/2253 3958/415/2285 
f 3958/415/2285 3926/382/2253 3927/383/2456 3959/416/2286 
f 3959/416/2286 3927/383/2456 3897/384/2453 3929/417/2458 
f 3961/419/2288 3929/386/2458 3928/385/2457 3960/418/2287 
f 3960/418/2287 3928/385/2457 3930/387/2257 3962/420/2289 
f 3962/420/2289 3930/387/2257 3931/388/2258 3963/421/2290 
f 3963/421/2290 3931/388/2258 3932/389/2259 3964/422/2291 
f 3964/422/2291 3932/389/2259 3933/390/2260 3965/423/2292 
f 3965/423/2292 3933/390/2260 3934/391/2261 3966/424/2293 
f 3966/424/2293 3934/391/2261 3935/392/2262 3967/425/2294 
f 3967/425/2294 3935/392/2262 3936/393/2432 3968/426/2295 
f 3968/426/2295 3936/393/2432 3937/394/2433 3969/427/2296 
f 3969/427/2296 3937/394/2433 3938/395/2265 3970/428/2297 
f 3970/428/2297 3938/395/2265 3939/396/2266 3971/429/2298 
f 3971/429/2298 3939/396/2266 3940/397/2267 3972/430/2299 
f 3972/430/2299 3940/397/2267 3941/398/2268 3973/431/2300 
f 3973/431/2300 3941/398/2268 3942/399/2269 3974/432/2301 
f 3974/432/2301 3942/399/2269 3943/400/2270 3975/433/2302 
f 3975/433/2302 3943/400/2270 3944/401/2459 3976/434/2303 
f 3976/434/2303 3944/401/2459 3945/402/2460 3977/435/2304 
f 3977/435/2304 3945/402/2460 3946/403/2273 3978/436/2305 
f 3978/436/2305 3946/403/2273 3947/404/2274 3979/437/2306 
f 3979/437/2306 3947/404/2274 3948/405/2275 3980/438/2307 
f 3980/438/2307 3948/405/2275 3949/406/2276 3981/439/2308 
f 3981/439/2308 3949/406/2276 3950/407/2277 3982/440/2309 
f 3982/440/2309 3950/407/2277 3951/408/2278 3983/441/2310 
f 3983/441/2310 3951/408/2278 3952/409/2434 3984/442/2311 
f 3984/442/2311 3952/409/2434 3953/410/2435 3985/443/2312 
f 3985/443/2312 3953/410/2435 3954/411/2281 3986/444/2313 
f 3986/444/2313 3954/411/2281 3955/412/2282 3987/445/2314 
f 3987/445/2314 3955/412/2282 3956/413/2283 3988/446/2315 
f 3988/446/2315 3956/413/2283 3957/414/2284 3989/447/2316 
f 3989/447/2316 3957/414/2284 3958/415/2285 3990/448/2317 
f 3990/448/2317 3958/415/2285 3959/416/2286 3991/449/2318 
f 3991/449/2318 3959/416/2286 3929/417/2458 3961/450/2288 
f 3993/452/2463 3961/419/2288 3960/418/2287 3992/451/2319 
f 3992/451/2319 3960/418/2287 3962/420/2289 3994/453/2321 
f 3994/453/2321 3962/420/2289 3963/421/2290 3995/454/2322 
f 3995/454/2322 3963/421/2290 3964/422/2291 3996/455/2323 
f 3996/455/2323 3964/422/2291 3965/423/2292 3997/456/2324 
f 3997/456/2324 3965/423/2292 3966/424/2293 3998/457/2325 
f 3998/457/2325 3966/424/2293 3967/425/2294 3999/458/2326 
f 3999/458/2326 3967/425/2294 3968/426/2295 4000/459/2436 
f 4000/459/2436 3968/426/2295 3969/427/2296 4001/460/2328 
f 4001/460/2328 3969/427/2296 3970/428/2297 4002/461/2329 
f 4002/461/2329 3970/428/2297 3971/429/2298 4003/462/2330 
f 4003/462/2330 3971/429/2298 3972/430/2299 4004/463/2331 
f 4004/463/2331 3972/430/2299 3973/431/2300 4005/464/2332 
f 4005/464/2332 3973/431/2300 3974/432/2301 4006/465/2333 
f 4006/465/2333 3974/432/2301 3975/433/2302 4007/466/2334 
f 4007/466/2334 3975/433/2302 3976/434/2303 4008/467/2464 
f 4008/467/2464 3976/434/2303 3977/435/2304 4009/468/2336 
f 4009/468/2336 3977/435/2304 3978/436/2305 4010/469/2337 
f 4010/469/2337 3978/436/2305 3979/437/2306 4011/470/2338 
f 4011/470/2338 3979/437/2306 3980/438/2307 4012/471/2339 
f 4012/471/2339 3980/438/2307 3981/439/2308 4013/472/2340 
f 4013/472/2340 3981/439/2308 3982/440/2309 4014/473/2341 
f 4014/473/2341 3982/440/2309 3983/441/2310 4015/474/2342 
f 4015/474/2342 3983/441/2310 3984/442/2311 4016/475/2437 
f 4016/475/2437 3984/442/2311 3985/443/2312 4017/476/2344 
f 4017/476/2344 3985/443/2312 3986/444/2313 4018/477/2345 
f 4018/477/2345 3986/444/2313 3987/445/2314 4019/478/2346 
f 4019/478/2346 3987/445/2314 3988/446/2315 4020/479/2347 
f 4020/479/2347 3988/446/2315 3989/447/2316 4021/480/2348 
f 4021/480/2348 3989/447/2316 3990/448/2317 4022/481/2349 
f 4022/481/2349 3990/448/2317 3991/449/2318 4023/482/2350 
f 4023/482/2350 3991/449/2318 3961/450/2288 3993/483/2463 
f 4025/485/2438 3993/452/2463 3992/451/2319 4024/484/2351 
f 4024/484/2351 3992/451/2319 3994/453/2321 4026/486/2353 
f 4026/486/2353 3994/453/2321 3995/454/2322 4027/487/2354 
f 4027/487/2354 3995/454/2322 3996/455/2323 4028/488/2355 
f 4028/488/2355 3996/455/2323 3997/456/2324 4029/489/2356 
f 4029/489/2356 3997/456/2324 3998/457/2325 4030/490/2357 
f 4030/490/2357 3998/457/2325 3999/458/2326 4031/491/2358 
f 4031/491/2358 3999/458/2326 4000/459/2436 4032/492/2439 
f 4032/492/2439 4000/459/2436 4001/460/2328 4033/493/2360 
f 4033/493/2360 4001/460/2328 4002/461/2329 4034/494/2361 
f 4034/494/2361 4002/461/2329 4003/462/2330 4035/495/2362 
f 4035/495/2362 4003/462/2330 4004/463/2331 4036/496/2363 
f 4036/496/2363 4004/463/2331 4005/464/2332 4037/497/2364 
f 4037/497/2364 4005/464/2332 4006/465/2333 4038/498/2365 
f 4038/498/2365 4006/465/2333 4007/466/2334 4039/499/2366 
f 4039/499/2366 4007/466/2334 4008/467/2464 4040/500/2465 
f 4040/500/2465 4008/467/2464 4009/468/2336 4041/501/2368 
f 4041/501/2368 4009/468/2336 4010/469/2337 4042/502/2369 
f 4042/502/2369 4010/469/2337 4011/470/2338 4043/503/2370 
f 4043/503/2370 4011/470/2338 4012/471/2339 4044/504/2371 
f 4044/504/2371 4012/471/2339 4013/472/2340 4045/505/2372 
f 4045/505/2372 4013/472/2340 4014/473/2341 4046/506/2373 
f 4046/506/2373 4014/473/2341 4015/474/2342 4047/507/2374 
f 4047/507/2374 4015/474/2342 4016/475/2437 4048/508/2440 
f 4048/508/2440 4016/475/2437 4017/476/2344 4049/509/2376 
f 4049/509/2376 4017/476/2344 4018/477/2345 4050/510/2377 
f 4050/510/2377 4018/477/2345 4019/478/2346 4051/511/2378 
f 4051/511/2378 4019/478/2346 4020/479/2347 4052/512/2379 
f 4052/512/2379 4020/479/2347 4021/480/2348 4053/513/2380 
f 4053/513/2380 4021/480/2348 4022/481/2349 4054/514/2381 
f 4054/514/2381 4022/481/2349 4023/482/2350 4055/515/2382 
f 4055/515/2382 4023/482/2350 3993/483/2463 4025/516/2438 
f 4025/518/2441 4025/485/2438 4024/484/2351 4024/517/2383 
f 4024/517/2383 4024/484/2351 4026/486/2353 4026/519/2385 
f 4026/519/2385 4026/486/2353 4027/487/2354 4027/520/2467 
f 4027/520/2467 4027/487/2354 4028/488/2355 4028/521/2387 
f 4028/521/2387 4028/488/2355 4029/489/2356 4029/522/2468 
f 4029/522/2468 4029/489/2356 4030/490/2357 4030/523/2389 
f 4030/523/2389 4030/490/2357 4031/491/2358 4031/524/2390 
f 4031/524/2390 4031/491/2358 4032/492/2439 4032/525/2442 
f 4032/525/2442 4032/492/2439 4033/493/2360 4033/526/2392 
f 4033/526/2392 4033/493/2360 4034/494/2361 4034/527/2393 
f 4034/527/2393 4034/494/2361 4035/495/2362 4035/528/2394 
f 4035/528/2394 4035/495/2362 4036/496/2363 4036/529/2395 
f 4036/529/2395 4036/496/2363 4037/497/2364 4037/530/2396 
f 4037/530/2396 4037/497/2364 4038/498/2365 4038/531/2397 
f 4038/531/2397 4038/498/2365 4039/499/2366 4039/532/2398 
f 4039/532/2398 4039/499/2366 4040/500/2465 4040/533/2466 
f 4040/533/2466 4040/500/2465 4041/501/2368 4041/534/2400 
f 4041/534/2400 4041/501/2368 4042/502/2369 4042/535/2401 
f 4042/535/2401 4042/502/2369 4043/503/2370 4043/536/2402 
f 4043/536/2402 4043/503/2370 4044/504/2371 4044/537/2403 
f 4044/537/2403 4044/504/2371 4045/505/2372 4045/538/2404 
f 4045/538/2404 4045/505/2372 4046/506/2373 4046/539/2405 
f 4046/539/2405 4046/506/2373 4047/507/2374 4047/540/2406 
f 4047/540/2406 4047/507/2374 4048/508/2440 4048/541/2443 
f 4048/541/2443 4048/508/2440 4049/509/2376 4049/542/2408 
f 4049/542/2408 4049/509/2376 4050/510/2377 4050/543/2409 
f 4050/543/2409 4050/510/2377 4051/511/2378 4051/544/2410 
f 4051/544/2410 4051/511/2378 4052/512/2379 4052/545/2411 
f 4052/545/2411 4052/512/2379 4053/513/2380 4053/546/2412 
f 4053/546/2412 4053/513/2380 4054/514/2381 4054/547/2413 
f 4054/547/2413 4054/514/2381 4055/515/2382 4055/548/2414 
f 4055/548/2414 4055/515/2382 4025/516/2438 4025/549/2441 
s 2
f 4025/552/2415 4024/551/2415 4056/550/2415 
f 4024/551/2415 4026/553/2415 4056/550/2415 
f 4026/553/2415 4027/554/2415 4056/550/2415 
f 4027/554/2415 4028/555/2415 4056/550/2415 
f 4028/555/2415 4029/556/2415 4056/550/2415 
f 4029/556/2415 4030/557/2415 4056/550/2415 
f 4030/557/2415 4031/558/2415 4056/550/2415 
f 4031/558/2415 4032/559/2415 4056/550/2415 
f 4032/559/2415 4033/560/2415 4056/550/2415 
f 4033/560/2415 4034/561/2415 4056/550/2415 
f 4034/561/2415 4035/562/2415 4056/550/2415 
f 4035/562/2415 4036/563/2415 4056/550/2415 
f 4036/563/2415 4037/564/2415 4056/550/2415 
f 4037/564/2415 4038/565/2415 4056/550/2415 
f 4038/565/2415 4039/566/2415 4056/550/2415 
f 4039/566/2415 4040/567/2415 4056/550/2415 
f 4040/567/2415 4041/568/2415 4056/550/2415 
f 4041/568/2415 4042/569/2415 4056/550/2415 
f 4042/569/2415 4043/570/2415 4056/550/2415 
f 4043/570/2415 4044/571/2415 4056/550/2415 
f 4044/571/2415 4045/572/2415 4056/550/2415 
f 4045/572/2415 4046/573/2415 4056/550/2415 
f 4046/573/2415 4047/574/2415 4056/550/2415 
f 4047/574/2415 4048/575/2415 4056/550/2415 
f 4048/575/2415 4049/576/2415 4056/550/2415 
f 4049/576/2415 4050/577/2415 4056/550/2415 
f 4050/577/2415 4051/578/2415 4056/550/2415 
f 4051/578/2415 4052/579/2415 4056/550/2415 
f 4052/579/2415 4053/580/2415 4056/550/2415 
f 4053/580/2415 4054/581/2415 4056/550/2415 
f 4054/581/2415 4055/582/2415 4056/550/2415 
f 4055/582/2415 4025/552/2415 4056/550/2415 
# 1024 polygons - 256 triangles

#
# object Line012
#

v  -8577.7383 921.0177 -343.3689
v  -8577.2100 916.4350 -343.3384
v  -8577.2090 916.4350 -1435.4786
v  -8577.7383 921.0177 -1435.4786
v  -8579.2441 925.2261 -343.4556
v  -8579.2441 925.2261 -1435.4786
v  -8581.6064 928.9398 -343.5917
v  -8581.6064 928.9398 -1435.4786
v  -8584.7051 932.0381 -343.7701
v  -8584.7051 932.0381 -1435.4786
v  -8588.4180 934.4005 -343.9840
v  -8588.4180 934.4005 -1435.4786
v  -8592.6270 935.9063 -344.2264
v  -8592.6270 935.9063 -1435.4786
v  -8597.2090 936.4350 -344.4903
v  -8597.2090 936.4350 -1435.4786
v  -8601.7920 935.9063 -344.7542
v  -8601.7920 935.9063 -1435.4786
v  -8606.0000 934.4005 -344.9966
v  -8606.0010 934.4005 -1435.4786
v  -8609.7139 932.0381 -345.2105
v  -8609.7139 932.0381 -1435.4786
v  -8612.8125 928.9398 -345.3889
v  -8612.8125 928.9398 -1435.4786
v  -8615.1748 925.2261 -345.5250
v  -8615.1748 925.2261 -1435.4786
v  -8616.6807 921.0177 -345.6118
v  -8616.6807 921.0177 -1435.4786
v  -8617.2090 916.4350 -345.6422
v  -8617.2090 916.4350 -1435.4786
v  -8616.6807 911.8523 -345.6118
v  -8616.6807 911.8523 -1435.4786
v  -8615.1748 907.6439 -345.5250
v  -8615.1748 907.6439 -1435.4786
v  -8612.8125 903.9302 -345.3889
v  -8612.8125 903.9302 -1435.4786
v  -8609.7139 900.8319 -345.2105
v  -8609.7139 900.8319 -1435.4786
v  -8606.0000 898.4696 -344.9966
v  -8606.0010 898.4696 -1435.4786
v  -8601.7920 896.9637 -344.7542
v  -8601.7920 896.9637 -1435.4786
v  -8597.2090 896.4350 -344.4903
v  -8597.2090 896.4350 -1435.4786
v  -8592.6270 896.9637 -344.2264
v  -8592.6270 896.9637 -1435.4786
v  -8588.4180 898.4695 -343.9840
v  -8588.4180 898.4695 -1435.4786
v  -8584.7051 900.8319 -343.7701
v  -8584.7051 900.8319 -1435.4786
v  -8581.6064 903.9302 -343.5917
v  -8581.6064 903.9302 -1435.4786
v  -8579.2441 907.6439 -343.4556
v  -8579.2441 907.6439 -1435.4786
v  -8577.7383 911.8524 -343.3689
v  -8577.7383 911.8524 -1435.4786
v  -8578.9600 921.0177 -332.7769
v  -8578.4424 916.4350 -332.6559
v  -8580.4365 925.2261 -333.1213
v  -8582.7520 928.9398 -333.6618
v  -8585.7891 932.0381 -334.3706
v  -8589.4297 934.4005 -335.2202
v  -8593.5547 935.9063 -336.1830
v  -8598.0469 936.4350 -337.2314
v  -8602.5391 935.9063 -338.2798
v  -8606.6641 934.4005 -339.2426
v  -8610.3047 932.0381 -340.0922
v  -8613.3418 928.9398 -340.8010
v  -8615.6572 925.2261 -341.3415
v  -8617.1328 921.0177 -341.6860
v  -8617.6514 916.4350 -341.8069
v  -8617.1328 911.8523 -341.6860
v  -8615.6572 907.6439 -341.3415
v  -8613.3418 903.9302 -340.8010
v  -8610.3047 900.8319 -340.0922
v  -8606.6641 898.4696 -339.2426
v  -8602.5391 896.9637 -338.2798
v  -8598.0469 896.4350 -337.2314
v  -8593.5547 896.9637 -336.1830
v  -8589.4297 898.4695 -335.2202
v  -8585.7891 900.8319 -334.3706
v  -8582.7520 903.9302 -333.6618
v  -8580.4365 907.6439 -333.1213
v  -8578.9600 911.8524 -332.7769
v  -8582.8682 921.0177 -321.8571
v  -8582.3906 916.4350 -321.6232
v  -8584.2285 925.2261 -322.5232
v  -8586.3643 928.9398 -323.5682
v  -8589.1641 932.0381 -324.9387
v  -8592.5205 934.4005 -326.5814
v  -8596.3242 935.9063 -328.4429
v  -8600.4658 936.4350 -330.4700
v  -8604.6084 935.9063 -332.4971
v  -8608.4121 934.4005 -334.3587
v  -8611.7686 932.0381 -336.0014
v  -8614.5684 928.9398 -337.3719
v  -8616.7031 925.2261 -338.4169
v  -8618.0645 921.0177 -339.0829
v  -8618.5420 916.4350 -339.3168
v  -8618.0645 911.8523 -339.0829
v  -8616.7031 907.6439 -338.4169
v  -8614.5684 903.9302 -337.3719
v  -8611.7686 900.8319 -336.0014
v  -8608.4121 898.4696 -334.3587
v  -8604.6084 896.9637 -332.4971
v  -8600.4658 896.4350 -330.4700
v  -8596.3242 896.9637 -328.4429
v  -8592.5205 898.4695 -326.5814
v  -8589.1641 900.8319 -324.9387
v  -8586.3643 903.9302 -323.5681
v  -8584.2285 907.6439 -322.5232
v  -8582.8682 911.8524 -321.8571
v  -8588.9805 921.0177 -312.2484
v  -8588.5664 916.4350 -311.9156
v  -8590.1621 925.2261 -313.1964
v  -8592.0166 928.9398 -314.6835
v  -8594.4473 932.0381 -316.6339
v  -8597.3613 934.4005 -318.9717
v  -8600.6641 935.9063 -321.6210
v  -8604.2607 936.4350 -324.5059
v  -8607.8564 935.9063 -327.3907
v  -8611.1592 934.4005 -330.0400
v  -8614.0732 932.0381 -332.3778
v  -8616.5039 928.9398 -334.3282
v  -8618.3584 925.2261 -335.8153
v  -8619.5400 921.0177 -336.7633
v  -8619.9551 916.4350 -337.0961
v  -8619.5400 911.8523 -336.7633
v  -8618.3584 907.6439 -335.8153
v  -8616.5039 903.9302 -334.3282
v  -8614.0732 900.8319 -332.3778
v  -8611.1592 898.4696 -330.0400
v  -8607.8564 896.9637 -327.3907
v  -8604.2607 896.4350 -324.5059
v  -8600.6641 896.9637 -321.6210
v  -8597.3613 898.4695 -318.9717
v  -8594.4473 900.8319 -316.6339
v  -8592.0166 903.9302 -314.6835
v  -8590.1621 907.6439 -313.1964
v  -8588.9805 911.8524 -312.2484
v  -8596.9785 921.0177 -304.2510
v  -8596.6455 916.4350 -303.8361
v  -8597.9268 925.2261 -305.4328
v  -8599.4131 928.9398 -307.2867
v  -8601.3633 932.0381 -309.7181
v  -8603.7012 934.4005 -312.6324
v  -8606.3506 935.9063 -315.9351
v  -8609.2344 936.4350 -319.5314
v  -8612.1191 935.9063 -323.1277
v  -8614.7686 934.4005 -326.4304
v  -8617.1055 932.0381 -329.3447
v  -8619.0566 928.9398 -331.7762
v  -8620.5430 925.2261 -333.6301
v  -8621.4912 921.0177 -334.8118
v  -8621.8242 916.4350 -335.2267
v  -8621.4912 911.8523 -334.8118
v  -8620.5430 907.6439 -333.6301
v  -8619.0566 903.9302 -331.7762
v  -8617.1055 900.8319 -329.3447
v  -8614.7686 898.4696 -326.4304
v  -8612.1191 896.9637 -323.1277
v  -8609.2344 896.4350 -319.5314
v  -8606.3506 896.9637 -315.9351
v  -8603.7012 898.4695 -312.6324
v  -8601.3633 900.8319 -309.7181
v  -8599.4131 903.9302 -307.2867
v  -8597.9268 907.6439 -305.4328
v  -8596.9785 911.8524 -304.2510
v  -8606.5898 921.0177 -298.1376
v  -8606.3555 916.4350 -297.6597
v  -8607.2549 925.2261 -299.4987
v  -8608.2998 928.9398 -301.6340
v  -8609.6699 932.0381 -304.4345
v  -8611.3115 934.4005 -307.7912
v  -8613.1729 935.9063 -311.5952
v  -8615.1992 936.4350 -315.7374
v  -8617.2256 935.9063 -319.8796
v  -8619.0859 934.4005 -323.6835
v  -8620.7285 932.0381 -327.0403
v  -8622.0986 928.9398 -329.8408
v  -8623.1426 925.2261 -331.9760
v  -8623.8086 921.0177 -333.3371
v  -8624.0430 916.4350 -333.8151
v  -8623.8086 911.8523 -333.3371
v  -8623.1426 907.6439 -331.9760
v  -8622.0986 903.9302 -329.8408
v  -8620.7285 900.8319 -327.0403
v  -8619.0859 898.4696 -323.6835
v  -8617.2256 896.9637 -319.8796
v  -8615.1992 896.4350 -315.7374
v  -8613.1729 896.9637 -311.5952
v  -8611.3115 898.4695 -307.7912
v  -8609.6699 900.8319 -304.4345
v  -8608.2998 903.9302 -301.6340
v  -8607.2549 907.6439 -299.4987
v  -8606.5898 911.8524 -298.1376
v  -8617.5117 921.0177 -294.2302
v  -8617.3916 916.4350 -293.7119
v  -8617.8564 925.2261 -295.7064
v  -8618.3955 928.9398 -298.0222
v  -8619.1035 932.0381 -301.0595
v  -8619.9521 934.4005 -304.7000
v  -8620.9141 935.9063 -308.8256
v  -8621.9609 936.4350 -313.3180
v  -8623.0078 935.9063 -317.8104
v  -8623.9688 934.4005 -321.9360
v  -8624.8174 932.0381 -325.5765
v  -8625.5254 928.9398 -328.6138
v  -8626.0654 925.2261 -330.9296
v  -8626.4092 921.0177 -332.4058
v  -8626.5303 916.4350 -332.9241
v  -8626.4092 911.8523 -332.4058
v  -8626.0654 907.6439 -330.9296
v  -8625.5254 903.9302 -328.6138
v  -8624.8174 900.8319 -325.5765
v  -8623.9688 898.4696 -321.9360
v  -8623.0078 896.9637 -317.8104
v  -8621.9609 896.4350 -313.3180
v  -8620.9141 896.9637 -308.8256
v  -8619.9521 898.4695 -304.7000
v  -8619.1035 900.8319 -301.0595
v  -8618.3955 903.9302 -298.0222
v  -8617.8564 907.6439 -295.7064
v  -8617.5117 911.8524 -294.2302
v  -8628.1025 921.0177 -293.0092
v  -8628.0723 916.4350 -292.4805
v  -8628.1885 925.2261 -294.5150
v  -8628.3242 928.9398 -296.8774
v  -8628.5020 932.0381 -299.9757
v  -8628.7148 934.4005 -303.6894
v  -8628.9561 935.9063 -307.8979
v  -8629.2197 936.4350 -312.4806
v  -8629.4824 935.9063 -317.0633
v  -8629.7236 934.4005 -321.2718
v  -8629.9365 932.0381 -324.9855
v  -8630.1143 928.9398 -328.0838
v  -8630.2500 925.2261 -330.4462
v  -8630.3369 921.0177 -331.9520
v  -8630.3672 916.4350 -332.4807
v  -8630.3369 911.8523 -331.9520
v  -8630.2500 907.6439 -330.4462
v  -8630.1143 903.9302 -328.0838
v  -8629.9365 900.8319 -324.9855
v  -8629.7236 898.4696 -321.2718
v  -8629.4824 896.9637 -317.0633
v  -8629.2197 896.4350 -312.4806
v  -8628.9561 896.9637 -307.8979
v  -8628.7148 898.4695 -303.6894
v  -8628.5020 900.8319 -299.9757
v  -8628.3242 903.9302 -296.8774
v  -8628.1885 907.6439 -294.5150
v  -8628.1025 911.8524 -293.0092
v  -9920.5322 921.0177 -293.0092
v  -9920.5625 916.4350 -292.4805
v  -9920.4463 925.2261 -294.5150
v  -9920.3105 928.9398 -296.8774
v  -9920.1328 932.0381 -299.9757
v  -9919.9199 934.4005 -303.6894
v  -9919.6787 935.9063 -307.8979
v  -9919.4150 936.4350 -312.4806
v  -9919.1523 935.9063 -317.0633
v  -9918.9111 934.4005 -321.2718
v  -9918.6982 932.0381 -324.9855
v  -9918.5205 928.9398 -328.0838
v  -9918.3848 925.2261 -330.4462
v  -9918.2979 921.0177 -331.9520
v  -9918.2676 916.4350 -332.4807
v  -9918.2979 911.8523 -331.9520
v  -9918.3848 907.6439 -330.4462
v  -9918.5205 903.9302 -328.0838
v  -9918.6982 900.8319 -324.9855
v  -9918.9111 898.4696 -321.2718
v  -9919.1523 896.9637 -317.0633
v  -9919.4150 896.4350 -312.4806
v  -9919.6787 896.9637 -307.8979
v  -9919.9199 898.4695 -303.6894
v  -9920.1328 900.8319 -299.9757
v  -9920.3105 903.9302 -296.8774
v  -9920.4463 907.6439 -294.5151
v  -9920.5322 911.8524 -293.0092
v  -9931.1230 921.0177 -294.2302
v  -9931.2432 916.4350 -293.7119
v  -9930.7783 925.2261 -295.7064
v  -9930.2393 928.9398 -298.0222
v  -9929.5313 932.0381 -301.0595
v  -9928.6826 934.4005 -304.7000
v  -9927.7207 935.9063 -308.8256
v  -9926.6738 936.4350 -313.3180
v  -9925.6270 935.9063 -317.8104
v  -9924.6660 934.4005 -321.9360
v  -9923.8174 932.0381 -325.5765
v  -9923.1094 928.9398 -328.6138
v  -9922.5693 925.2261 -330.9296
v  -9922.2256 921.0177 -332.4058
v  -9922.1045 916.4350 -332.9241
v  -9922.2256 911.8523 -332.4058
v  -9922.5693 907.6439 -330.9296
v  -9923.1094 903.9302 -328.6138
v  -9923.8174 900.8319 -325.5765
v  -9924.6660 898.4696 -321.9360
v  -9925.6270 896.9637 -317.8104
v  -9926.6738 896.4350 -313.3180
v  -9927.7207 896.9637 -308.8256
v  -9928.6826 898.4695 -304.7000
v  -9929.5313 900.8319 -301.0595
v  -9930.2393 903.9302 -298.0222
v  -9930.7783 907.6439 -295.7064
v  -9931.1230 911.8524 -294.2302
v  -9942.0449 921.0177 -298.1375
v  -9942.2793 916.4350 -297.6595
v  -9941.3799 925.2261 -299.4986
v  -9940.3350 928.9398 -301.6339
v  -9938.9648 932.0381 -304.4344
v  -9937.3232 934.4005 -307.7911
v  -9935.4619 935.9063 -311.5951
v  -9933.4355 936.4350 -315.7373
v  -9931.4092 935.9063 -319.8795
v  -9929.5488 934.4005 -323.6834
v  -9927.9063 932.0381 -327.0402
v  -9926.5361 928.9398 -329.8407
v  -9925.4922 925.2261 -331.9760
v  -9924.8262 921.0177 -333.3371
v  -9924.5918 916.4350 -333.8150
v  -9924.8262 911.8523 -333.3371
v  -9925.4922 907.6439 -331.9760
v  -9926.5361 903.9302 -329.8407
v  -9927.9063 900.8319 -327.0402
v  -9929.5488 898.4696 -323.6834
v  -9931.4092 896.9637 -319.8795
v  -9933.4355 896.4350 -315.7373
v  -9935.4619 896.9637 -311.5950
v  -9937.3232 898.4695 -307.7911
v  -9938.9648 900.8319 -304.4344
v  -9940.3350 903.9302 -301.6339
v  -9941.3799 907.6439 -299.4986
v  -9942.0449 911.8524 -298.1375
v  -9951.6563 921.0177 -304.2509
v  -9951.9893 916.4350 -303.8360
v  -9950.7080 925.2261 -305.4327
v  -9949.2217 928.9398 -307.2866
v  -9947.2715 932.0381 -309.7180
v  -9944.9336 934.4005 -312.6324
v  -9942.2852 935.9063 -315.9351
v  -9939.4004 936.4350 -319.5314
v  -9936.5156 935.9063 -323.1277
v  -9933.8662 934.4005 -326.4304
v  -9931.5293 932.0381 -329.3447
v  -9929.5791 928.9398 -331.7762
v  -9928.0918 925.2261 -333.6301
v  -9927.1436 921.0177 -334.8118
v  -9926.8105 916.4350 -335.2267
v  -9927.1436 911.8523 -334.8118
v  -9928.0918 907.6439 -333.6301
v  -9929.5791 903.9302 -331.7762
v  -9931.5293 900.8319 -329.3447
v  -9933.8662 898.4696 -326.4304
v  -9936.5156 896.9637 -323.1277
v  -9939.4004 896.4350 -319.5314
v  -9942.2852 896.9637 -315.9350
v  -9944.9336 898.4695 -312.6324
v  -9947.2715 900.8319 -309.7180
v  -9949.2217 903.9302 -307.2866
v  -9950.7080 907.6439 -305.4327
v  -9951.6563 911.8524 -304.2509
v  -9959.6543 921.0177 -312.2484
v  -9960.0684 916.4350 -311.9155
v  -9958.4727 925.2261 -313.1963
v  -9956.6182 928.9398 -314.6834
v  -9954.1875 932.0381 -316.6339
v  -9951.2734 934.4005 -318.9716
v  -9947.9707 935.9063 -321.6209
v  -9944.3740 936.4350 -324.5058
v  -9940.7783 935.9063 -327.3907
v  -9937.4756 934.4005 -330.0399
v  -9934.5615 932.0381 -332.3777
v  -9932.1309 928.9398 -334.3282
v  -9930.2764 925.2261 -335.8153
v  -9929.0947 921.0177 -336.7632
v  -9928.6797 916.4350 -337.0961
v  -9929.0947 911.8523 -336.7632
v  -9930.2764 907.6439 -335.8153
v  -9932.1309 903.9302 -334.3282
v  -9934.5615 900.8319 -332.3777
v  -9937.4756 898.4696 -330.0399
v  -9940.7783 896.9637 -327.3907
v  -9944.3740 896.4350 -324.5058
v  -9947.9707 896.9637 -321.6209
v  -9951.2734 898.4695 -318.9716
v  -9954.1875 900.8319 -316.6339
v  -9956.6182 903.9302 -314.6834
v  -9958.4727 907.6439 -313.1963
v  -9959.6543 911.8524 -312.2484
v  -9965.7666 921.0177 -321.8571
v  -9966.2441 916.4350 -321.6232
v  -9964.4053 925.2261 -322.5232
v  -9962.2705 928.9398 -323.5681
v  -9959.4707 932.0381 -324.9387
v  -9956.1143 934.4005 -326.5814
v  -9952.3105 935.9063 -328.4429
v  -9948.1680 936.4350 -330.4700
v  -9944.0264 935.9063 -332.4971
v  -9940.2227 934.4005 -334.3587
v  -9936.8662 932.0381 -336.0014
v  -9934.0664 928.9398 -337.3719
v  -9931.9316 925.2261 -338.4169
v  -9930.5703 921.0177 -339.0830
v  -9930.0928 916.4350 -339.3168
v  -9930.5703 911.8523 -339.0830
v  -9931.9316 907.6439 -338.4169
v  -9934.0664 903.9302 -337.3719
v  -9936.8662 900.8319 -336.0014
v  -9940.2227 898.4696 -334.3587
v  -9944.0264 896.9637 -332.4971
v  -9948.1680 896.4350 -330.4700
v  -9952.3105 896.9637 -328.4429
v  -9956.1143 898.4695 -326.5814
v  -9959.4707 900.8319 -324.9387
v  -9962.2705 903.9302 -323.5681
v  -9964.4053 907.6439 -322.5232
v  -9965.7666 911.8524 -321.8571
v  -9969.6738 921.0177 -332.7768
v  -9970.1924 916.4350 -332.6558
v  -9968.1982 925.2261 -333.1213
v  -9965.8828 928.9398 -333.6617
v  -9962.8457 932.0381 -334.3705
v  -9959.2051 934.4005 -335.2202
v  -9955.0801 935.9063 -336.1830
v  -9950.5879 936.4350 -337.2314
v  -9946.0957 935.9063 -338.2798
v  -9941.9707 934.4005 -339.2426
v  -9938.3301 932.0381 -340.0922
v  -9935.2930 928.9398 -340.8010
v  -9932.9775 925.2261 -341.3414
v  -9931.5020 921.0177 -341.6859
v  -9930.9834 916.4350 -341.8069
v  -9931.5020 911.8523 -341.6859
v  -9932.9775 907.6439 -341.3414
v  -9935.2930 903.9302 -340.8010
v  -9938.3301 900.8319 -340.0922
v  -9941.9707 898.4696 -339.2426
v  -9946.0957 896.9637 -338.2798
v  -9950.5879 896.4350 -337.2314
v  -9955.0801 896.9637 -336.1830
v  -9959.2051 898.4695 -335.2202
v  -9962.8457 900.8319 -334.3705
v  -9965.8828 903.9302 -333.6617
v  -9968.1982 907.6439 -333.1213
v  -9969.6738 911.8524 -332.7768
v  -9970.8965 921.0177 -343.3688
v  -9971.4248 916.4350 -343.3383
v  -9969.3906 925.2261 -343.4555
v  -9967.0283 928.9398 -343.5916
v  -9963.9297 932.0381 -343.7700
v  -9960.2168 934.4005 -343.9839
v  -9956.0078 935.9063 -344.2263
v  -9951.4258 936.4350 -344.4902
v  -9946.8428 935.9063 -344.7542
v  -9942.6348 934.4005 -344.9966
v  -9938.9209 932.0381 -345.2104
v  -9935.8223 928.9398 -345.3889
v  -9933.4600 925.2261 -345.5249
v  -9931.9541 921.0177 -345.6117
v  -9931.4258 916.4350 -345.6421
v  -9931.9541 911.8523 -345.6117
v  -9933.4600 907.6439 -345.5249
v  -9935.8223 903.9302 -345.3889
v  -9938.9209 900.8319 -345.2104
v  -9942.6348 898.4696 -344.9966
v  -9946.8428 896.9637 -344.7542
v  -9951.4258 896.4350 -344.4902
v  -9956.0078 896.9637 -344.2263
v  -9960.2168 898.4695 -343.9839
v  -9963.9297 900.8319 -343.7700
v  -9967.0283 903.9302 -343.5916
v  -9969.3906 907.6439 -343.4555
v  -9970.8965 911.8524 -343.3688
v  -9970.8965 921.0177 -955.1385
v  -9971.4258 916.4350 -955.1385
v  -9969.3906 925.2261 -955.1385
v  -9967.0283 928.9398 -955.1385
v  -9963.9297 932.0381 -955.1385
v  -9960.2168 934.4005 -955.1385
v  -9956.0078 935.9063 -955.1385
v  -9951.4258 936.4350 -955.1385
v  -9946.8428 935.9063 -955.1385
v  -9942.6338 934.4005 -955.1385
v  -9938.9209 932.0381 -955.1385
v  -9935.8223 928.9398 -955.1385
v  -9933.4600 925.2261 -955.1385
v  -9931.9541 921.0177 -955.1385
v  -9931.4258 916.4350 -955.1385
v  -9931.9541 911.8523 -955.1385
v  -9933.4600 907.6439 -955.1385
v  -9935.8223 903.9302 -955.1385
v  -9938.9209 900.8319 -955.1385
v  -9942.6338 898.4696 -955.1385
v  -9946.8428 896.9637 -955.1385
v  -9951.4258 896.4350 -955.1385
v  -9956.0078 896.9637 -955.1385
v  -9960.2168 898.4695 -955.1385
v  -9963.9297 900.8319 -955.1385
v  -9967.0283 903.9302 -955.1385
v  -9969.3906 907.6439 -955.1385
v  -9970.8965 911.8524 -955.1385
# 504 vertices

vn 0.9741 0.2263 0.0000
vn 1.0000 -0.0000 0.0000
vn 0.9738 0.2272 0.0000
vn 0.8990 0.4379 0.0000
vn 0.8982 0.4395 0.0000
vn 0.7817 0.6237 0.0000
vn 0.7801 0.6257 0.0000
vn 0.6281 0.7781 0.0000
vn 0.6257 0.7801 0.0000
vn 0.4428 0.8966 0.0000
vn 0.4395 0.8982 0.0000
vn 0.2312 0.9729 0.0000
vn 0.2272 0.9738 -0.0000
vn 0.0042 1.0000 -0.0000
vn 0.0000 1.0000 0.0000
vn -0.2233 0.9748 0.0000
vn -0.2272 0.9738 0.0000
vn -0.4363 0.8998 0.0000
vn -0.4395 0.8982 0.0000
vn -0.6232 0.7820 0.0000
vn -0.6257 0.7801 0.0000
vn -0.7785 0.6276 0.0000
vn -0.7801 0.6257 0.0000
vn -0.8974 0.4411 0.0000
vn -0.8982 0.4395 0.0000
vn -0.9736 0.2282 0.0000
vn -0.9738 0.2272 0.0000
vn -1.0000 0.0000 0.0000
vn -0.9736 -0.2282 0.0000
vn -0.9738 -0.2272 0.0000
vn -0.8974 -0.4411 0.0000
vn -0.8982 -0.4395 0.0000
vn -0.7785 -0.6276 0.0000
vn -0.7801 -0.6257 0.0000
vn -0.6232 -0.7820 0.0000
vn -0.6257 -0.7801 0.0000
vn -0.4363 -0.8998 0.0000
vn -0.4395 -0.8982 0.0000
vn -0.2233 -0.9748 0.0000
vn -0.2272 -0.9738 0.0000
vn 0.0042 -1.0000 0.0000
vn -0.0000 -1.0000 0.0000
vn 0.2312 -0.9729 0.0000
vn 0.2272 -0.9738 0.0000
vn 0.4428 -0.8966 0.0000
vn 0.4395 -0.8982 0.0000
vn 0.6281 -0.7781 0.0000
vn 0.6257 -0.7801 0.0000
vn 0.7817 -0.6237 0.0000
vn 0.7801 -0.6257 0.0000
vn 0.8990 -0.4379 0.0000
vn 0.8982 -0.4395 0.0000
vn 0.9741 -0.2263 0.0000
vn 0.9738 -0.2272 0.0000
vn 0.9679 0.2254 0.1117
vn 0.9934 -0.0000 0.1146
vn 0.9676 0.2263 0.1116
vn 0.8939 0.4363 0.1031
vn 0.8931 0.4379 0.1030
vn 0.7781 0.6217 0.0898
vn 0.7765 0.6237 0.0896
vn 0.6264 0.7762 0.0723
vn 0.6240 0.7781 0.0720
vn 0.4432 0.8950 0.0511
vn 0.4399 0.8966 0.0508
vn 0.2336 0.9720 0.0269
vn 0.2297 0.9729 0.0265
vn 0.0083 1.0000 0.0010
vn 0.0042 1.0000 0.0005
vn -0.2179 0.9756 -0.0251
vn -0.2218 0.9748 -0.0256
vn -0.4302 0.9014 -0.0496
vn -0.4334 0.8998 -0.0500
vn -0.6167 0.7840 -0.0711
vn -0.6191 0.7820 -0.0714
vn -0.7719 0.6295 -0.0890
vn -0.7734 0.6276 -0.0892
vn -0.8908 0.4427 -0.1027
vn -0.8915 0.4411 -0.1028
vn -0.9670 0.2291 -0.1115
vn -0.9672 0.2282 -0.1115
vn -0.9934 -0.0000 -0.1146
vn -0.9670 -0.2291 -0.1115
vn -0.9672 -0.2282 -0.1115
vn -0.8908 -0.4427 -0.1027
vn -0.8915 -0.4411 -0.1028
vn -0.7719 -0.6295 -0.0890
vn -0.7734 -0.6276 -0.0892
vn -0.6167 -0.7840 -0.0711
vn -0.6191 -0.7820 -0.0714
vn -0.4302 -0.9014 -0.0496
vn -0.4334 -0.8998 -0.0500
vn -0.2179 -0.9756 -0.0251
vn -0.2218 -0.9748 -0.0256
vn 0.0083 -1.0000 0.0010
vn 0.0042 -1.0000 0.0005
vn 0.2336 -0.9720 0.0269
vn 0.2297 -0.9729 0.0265
vn 0.4432 -0.8950 0.0511
vn 0.4399 -0.8966 0.0508
vn 0.6264 -0.7762 0.0723
vn 0.6240 -0.7781 0.0720
vn 0.7781 -0.6217 0.0898
vn 0.7765 -0.6237 0.0896
vn 0.8939 -0.4363 0.1031
vn 0.8931 -0.4379 0.1030
vn 0.9679 -0.2254 0.1117
vn 0.9676 -0.2263 0.1116
vn 0.9173 0.2254 0.3283
vn 0.9415 0.0000 0.3369
vn 0.8472 0.4364 0.3031
vn 0.8472 0.4363 0.3032
vn 0.7374 0.6218 0.2639
vn 0.7374 0.6217 0.2639
vn 0.5935 0.7763 0.2124
vn 0.5937 0.7762 0.2124
vn 0.4199 0.8951 0.1502
vn 0.4200 0.8950 0.1503
vn 0.2212 0.9720 0.0792
vn 0.2214 0.9720 0.0792
vn 0.0077 1.0000 0.0027
vn 0.0079 1.0000 0.0028
vn -0.2067 0.9756 -0.0740
vn -0.2065 0.9756 -0.0739
vn -0.4079 0.9013 -0.1459
vn -0.4077 0.9014 -0.1459
vn -0.5847 0.7839 -0.2092
vn -0.5845 0.7839 -0.2091
vn -0.7316 0.6294 -0.2618
vn -0.7316 0.6295 -0.2617
vn -0.8443 0.4426 -0.3021
vn -0.8443 0.4427 -0.3020
vn -0.9165 0.2290 -0.3279
vn -0.9165 0.2291 -0.3279
vn -0.9416 0.0000 -0.3368
vn -0.9165 -0.2290 -0.3279
vn -0.9165 -0.2291 -0.3279
vn -0.8443 -0.4426 -0.3021
vn -0.8443 -0.4427 -0.3020
vn -0.7316 -0.6294 -0.2618
vn -0.7316 -0.6295 -0.2617
vn -0.5847 -0.7839 -0.2092
vn -0.5845 -0.7839 -0.2091
vn -0.4079 -0.9013 -0.1459
vn -0.4077 -0.9014 -0.1459
vn -0.2067 -0.9756 -0.0740
vn -0.2065 -0.9756 -0.0739
vn 0.0077 -1.0000 0.0027
vn 0.0079 -1.0000 0.0028
vn 0.2212 -0.9720 0.0792
vn 0.2214 -0.9720 0.0792
vn 0.4199 -0.8951 0.1502
vn 0.4200 -0.8950 0.1503
vn 0.5935 -0.7763 0.2124
vn 0.5937 -0.7762 0.2124
vn 0.7374 -0.6218 0.2639
vn 0.7374 -0.6217 0.2639
vn 0.8472 -0.4364 0.3031
vn 0.8472 -0.4363 0.3032
vn 0.9173 -0.2254 0.3283
vn 0.8220 0.2255 0.5229
vn 0.8437 0.0000 0.5368
vn 0.8220 0.2254 0.5230
vn 0.7591 0.4364 0.4829
vn 0.7592 0.4364 0.4830
vn 0.6607 0.6219 0.4203
vn 0.6608 0.6218 0.4204
vn 0.5318 0.7763 0.3383
vn 0.5319 0.7763 0.3384
vn 0.3761 0.8951 0.2393
vn 0.3762 0.8951 0.2394
vn 0.1981 0.9720 0.1260
vn 0.1982 0.9720 0.1261
vn 0.0067 1.0000 0.0043
vn 0.0069 1.0000 0.0044
vn -0.1854 0.9756 -0.1179
vn -0.1853 0.9756 -0.1178
vn -0.3656 0.9013 -0.2326
vn -0.3655 0.9013 -0.2325
vn -0.5240 0.7838 -0.3333
vn -0.5239 0.7838 -0.3333
vn -0.6557 0.6294 -0.4171
vn -0.6557 0.6294 -0.4170
vn -0.7567 0.4426 -0.4812
vn -0.7566 0.4426 -0.4812
vn -0.8214 0.2290 -0.5224
vn -0.8438 0.0000 -0.5366
vn -0.8214 -0.2290 -0.5224
vn -0.7567 -0.4426 -0.4812
vn -0.7566 -0.4426 -0.4812
vn -0.6557 -0.6294 -0.4171
vn -0.6557 -0.6294 -0.4170
vn -0.5240 -0.7838 -0.3333
vn -0.5239 -0.7838 -0.3333
vn -0.3656 -0.9013 -0.2326
vn -0.3655 -0.9013 -0.2325
vn -0.1854 -0.9756 -0.1179
vn -0.1853 -0.9756 -0.1179
vn 0.0067 -1.0000 0.0043
vn 0.0069 -1.0000 0.0044
vn 0.1981 -0.9720 0.1260
vn 0.1982 -0.9720 0.1261
vn 0.3762 -0.8951 0.2393
vn 0.3762 -0.8951 0.2394
vn 0.5318 -0.7763 0.3383
vn 0.5319 -0.7763 0.3384
vn 0.6607 -0.6219 0.4203
vn 0.6608 -0.6218 0.4204
vn 0.7591 -0.4364 0.4829
vn 0.7592 -0.4364 0.4830
vn 0.8220 -0.2255 0.5229
vn 0.8220 -0.2254 0.5230
vn 0.6889 0.2255 0.6889
vn 0.7071 0.0000 0.7071
vn 0.6362 0.4365 0.6362
vn 0.5537 0.6219 0.5537
vn 0.4457 0.7763 0.4457
vn 0.4457 0.7764 0.4457
vn 0.3152 0.8951 0.3152
vn 0.1660 0.9720 0.1660
vn 0.0056 1.0000 0.0056
vn -0.1554 0.9756 -0.1554
vn -0.3064 0.9013 -0.3064
vn -0.4391 0.7838 -0.4391
vn -0.4392 0.7838 -0.4391
vn -0.5495 0.6294 -0.5495
vn -0.6341 0.4426 -0.6341
vn -0.6884 0.2290 -0.6883
vn -0.7071 0.0000 -0.7071
vn -0.6884 -0.2290 -0.6883
vn -0.6341 -0.4426 -0.6340
vn -0.6341 -0.4426 -0.6341
vn -0.5495 -0.6294 -0.5495
vn -0.5495 -0.6293 -0.5495
vn -0.4392 -0.7838 -0.4391
vn -0.3064 -0.9013 -0.3064
vn -0.1554 -0.9756 -0.1554
vn 0.0056 -1.0000 0.0056
vn 0.1660 -0.9720 0.1660
vn 0.3152 -0.8951 0.3152
vn 0.4457 -0.7763 0.4457
vn 0.4457 -0.7764 0.4457
vn 0.5537 -0.6219 0.5537
vn 0.6362 -0.4365 0.6362
vn 0.6889 -0.2255 0.6889
vn 0.5229 0.2254 0.8220
vn 0.5367 -0.0000 0.8438
vn 0.5229 0.2255 0.8220
vn 0.4829 0.4364 0.7592
vn 0.4203 0.6218 0.6608
vn 0.4203 0.6219 0.6607
vn 0.3383 0.7763 0.5319
vn 0.3383 0.7763 0.5318
vn 0.2393 0.8951 0.3763
vn 0.2393 0.8951 0.3762
vn 0.1261 0.9720 0.1982
vn 0.1260 0.9720 0.1981
vn 0.0044 1.0000 0.0069
vn 0.0043 1.0000 0.0067
vn -0.1178 0.9756 -0.1853
vn -0.1179 0.9756 -0.1854
vn -0.2325 0.9013 -0.3655
vn -0.2326 0.9013 -0.3656
vn -0.3333 0.7839 -0.5239
vn -0.3333 0.7838 -0.5240
vn -0.4171 0.6294 -0.6556
vn -0.4171 0.6294 -0.6557
vn -0.4813 0.4426 -0.7566
vn -0.5225 0.2290 -0.8213
vn -0.5368 0.0000 -0.8437
vn -0.5225 -0.2290 -0.8213
vn -0.4813 -0.4426 -0.7566
vn -0.4171 -0.6294 -0.6556
vn -0.4171 -0.6294 -0.6557
vn -0.3333 -0.7839 -0.5239
vn -0.3333 -0.7838 -0.5240
vn -0.2325 -0.9013 -0.3655
vn -0.2326 -0.9013 -0.3656
vn -0.1178 -0.9756 -0.1853
vn -0.1179 -0.9756 -0.1854
vn 0.0044 -1.0000 0.0069
vn 0.0043 -1.0000 0.0067
vn 0.1261 -0.9720 0.1982
vn 0.1260 -0.9720 0.1981
vn 0.2393 -0.8951 0.3763
vn 0.2393 -0.8951 0.3762
vn 0.3383 -0.7763 0.5319
vn 0.3383 -0.7763 0.5318
vn 0.4203 -0.6218 0.6608
vn 0.4203 -0.6219 0.6607
vn 0.4829 -0.4364 0.7592
vn 0.5229 -0.2254 0.8220
vn 0.5229 -0.2255 0.8220
vn 0.3282 0.2254 0.9173
vn 0.3368 -0.0000 0.9416
vn 0.3031 0.4363 0.8472
vn 0.3031 0.4364 0.8472
vn 0.2638 0.6217 0.7375
vn 0.2638 0.6218 0.7374
vn 0.2124 0.7762 0.5937
vn 0.2123 0.7763 0.5936
vn 0.1503 0.8950 0.4200
vn 0.1502 0.8951 0.4199
vn 0.0792 0.9720 0.2214
vn 0.0791 0.9720 0.2212
vn 0.0028 1.0000 0.0079
vn 0.0027 1.0000 0.0076
vn -0.0739 0.9756 -0.2065
vn -0.0740 0.9756 -0.2067
vn -0.1459 0.9014 -0.4077
vn -0.1460 0.9013 -0.4079
vn -0.2092 0.7840 -0.5845
vn -0.2093 0.7838 -0.5846
vn -0.2619 0.6295 -0.7315
vn -0.2619 0.6294 -0.7316
vn -0.3023 0.4427 -0.8442
vn -0.3023 0.4426 -0.8442
vn -0.3282 0.2291 -0.9164
vn -0.3282 0.2290 -0.9164
vn -0.3372 0.0000 -0.9414
vn -0.3282 -0.2291 -0.9164
vn -0.3282 -0.2290 -0.9164
vn -0.3023 -0.4427 -0.8442
vn -0.3023 -0.4426 -0.8442
vn -0.2619 -0.6295 -0.7315
vn -0.2619 -0.6294 -0.7316
vn -0.2092 -0.7840 -0.5845
vn -0.2093 -0.7838 -0.5846
vn -0.1459 -0.9014 -0.4077
vn -0.1460 -0.9013 -0.4079
vn -0.0739 -0.9756 -0.2065
vn -0.0740 -0.9756 -0.2067
vn 0.0028 -1.0000 0.0079
vn 0.0027 -1.0000 0.0077
vn 0.0792 -0.9720 0.2214
vn 0.0791 -0.9720 0.2212
vn 0.1503 -0.8950 0.4200
vn 0.1502 -0.8951 0.4199
vn 0.2124 -0.7762 0.5937
vn 0.2123 -0.7763 0.5936
vn 0.2638 -0.6217 0.7375
vn 0.2638 -0.6218 0.7374
vn 0.3031 -0.4363 0.8472
vn 0.3031 -0.4364 0.8472
vn 0.3282 -0.2254 0.9173
vn 0.1116 0.2263 0.9676
vn 0.1145 0.0000 0.9934
vn 0.1116 0.2254 0.9679
vn 0.1030 0.4379 0.8931
vn 0.1031 0.4363 0.8939
vn 0.0895 0.6237 0.7765
vn 0.0897 0.6218 0.7781
vn 0.0720 0.7781 0.6240
vn 0.0722 0.7762 0.6264
vn 0.0507 0.8966 0.4399
vn 0.0511 0.8950 0.4431
vn 0.0265 0.9729 0.2297
vn 0.0269 0.9720 0.2336
vn 0.0005 1.0000 0.0042
vn 0.0010 1.0000 0.0083
vn -0.0256 0.9748 -0.2218
vn -0.0251 0.9756 -0.2179
vn -0.0500 0.8998 -0.4334
vn -0.0497 0.9014 -0.4302
vn -0.0715 0.7820 -0.6191
vn -0.0712 0.7839 -0.6167
vn -0.0893 0.6276 -0.7734
vn -0.0891 0.6295 -0.7719
vn -0.1030 0.4411 -0.8915
vn -0.1029 0.4427 -0.8907
vn -0.1118 0.2282 -0.9672
vn -0.1117 0.2291 -0.9670
vn -0.1148 0.0000 -0.9934
vn -0.1118 -0.2282 -0.9672
vn -0.1117 -0.2291 -0.9670
vn -0.1030 -0.4411 -0.8915
vn -0.1029 -0.4427 -0.8907
vn -0.0893 -0.6276 -0.7734
vn -0.0891 -0.6295 -0.7719
vn -0.0715 -0.7820 -0.6191
vn -0.0712 -0.7839 -0.6167
vn -0.0500 -0.8998 -0.4334
vn -0.0496 -0.9014 -0.4302
vn -0.0256 -0.9748 -0.2218
vn -0.0251 -0.9756 -0.2179
vn 0.0005 -1.0000 0.0042
vn 0.0010 -1.0000 0.0083
vn 0.0265 -0.9729 0.2297
vn 0.0269 -0.9720 0.2336
vn 0.0507 -0.8966 0.4399
vn 0.0511 -0.8950 0.4431
vn 0.0720 -0.7781 0.6240
vn 0.0722 -0.7762 0.6264
vn 0.0895 -0.6237 0.7765
vn 0.0897 -0.6218 0.7781
vn 0.1030 -0.4379 0.8931
vn 0.1031 -0.4363 0.8939
vn 0.1116 -0.2263 0.9676
vn 0.1116 -0.2254 0.9679
vn 0.0000 0.2263 0.9741
vn 0.0000 -0.0000 1.0000
vn 0.0000 0.4379 0.8990
vn 0.0000 0.6237 0.7817
vn 0.0000 0.7781 0.6281
vn 0.0000 0.8966 0.4428
vn 0.0000 0.9729 0.2312
vn 0.0000 1.0000 0.0042
vn 0.0000 0.9748 -0.2233
vn 0.0000 0.8998 -0.4363
vn 0.0000 0.7820 -0.6232
vn 0.0000 0.6276 -0.7785
vn 0.0000 0.4411 -0.8974
vn 0.0000 0.2282 -0.9736
vn 0.0000 0.0000 -1.0000
vn 0.0000 -0.2282 -0.9736
vn 0.0000 -0.4411 -0.8974
vn 0.0000 -0.6276 -0.7785
vn 0.0000 -0.7820 -0.6232
vn 0.0000 -0.8998 -0.4363
vn 0.0000 -0.9748 -0.2233
vn 0.0000 -1.0000 0.0042
vn -0.0000 -1.0000 0.0042
vn -0.0000 -0.9729 0.2312
vn -0.0000 -0.8966 0.4428
vn 0.0000 -0.8966 0.4428
vn 0.0000 -0.7781 0.6281
vn 0.0000 -0.6237 0.7817
vn -0.0000 -0.6237 0.7817
vn -0.0000 -0.4379 0.8990
vn -0.0000 -0.2263 0.9741
vn 0.0000 -0.2263 0.9741
vn -0.1116 0.2254 0.9679
vn -0.1145 -0.0000 0.9934
vn -0.1116 0.2263 0.9676
vn -0.1031 0.4363 0.8939
vn -0.1030 0.4379 0.8931
vn -0.0897 0.6218 0.7781
vn -0.0895 0.6237 0.7765
vn -0.0722 0.7762 0.6264
vn -0.0720 0.7781 0.6240
vn -0.0511 0.8950 0.4431
vn -0.0507 0.8966 0.4399
vn -0.0269 0.9720 0.2336
vn -0.0265 0.9729 0.2297
vn -0.0010 1.0000 0.0083
vn -0.0005 1.0000 0.0042
vn 0.0251 0.9756 -0.2179
vn 0.0256 0.9748 -0.2218
vn 0.0496 0.9014 -0.4302
vn 0.0500 0.8998 -0.4334
vn 0.0712 0.7839 -0.6167
vn 0.0715 0.7820 -0.6191
vn 0.0891 0.6295 -0.7719
vn 0.0893 0.6276 -0.7734
vn 0.1029 0.4427 -0.8907
vn 0.1030 0.4411 -0.8915
vn 0.1117 0.2291 -0.9670
vn 0.1118 0.2282 -0.9672
vn 0.1148 -0.0000 -0.9934
vn 0.1117 -0.2291 -0.9670
vn 0.1117 -0.2282 -0.9672
vn 0.1029 -0.4427 -0.8907
vn 0.1030 -0.4411 -0.8915
vn 0.0891 -0.6295 -0.7719
vn 0.0893 -0.6276 -0.7734
vn 0.0712 -0.7839 -0.6167
vn 0.0715 -0.7820 -0.6191
vn 0.0497 -0.9014 -0.4302
vn 0.0500 -0.8998 -0.4334
vn 0.0252 -0.9756 -0.2179
vn 0.0256 -0.9748 -0.2218
vn -0.0010 -1.0000 0.0083
vn -0.0005 -1.0000 0.0042
vn -0.0269 -0.9720 0.2336
vn -0.0265 -0.9729 0.2297
vn -0.0511 -0.8950 0.4431
vn -0.0507 -0.8966 0.4399
vn -0.0722 -0.7762 0.6264
vn -0.0720 -0.7781 0.6240
vn -0.0897 -0.6218 0.7781
vn -0.0895 -0.6237 0.7765
vn -0.1031 -0.4363 0.8939
vn -0.1030 -0.4379 0.8931
vn -0.1116 -0.2254 0.9679
vn -0.1116 -0.2263 0.9676
vn -0.3281 0.2254 0.9173
vn -0.3368 0.0000 0.9416
vn -0.3282 0.2254 0.9173
vn -0.3031 0.4364 0.8472
vn -0.3031 0.4363 0.8472
vn -0.2638 0.6218 0.7374
vn -0.2638 0.6217 0.7375
vn -0.2123 0.7763 0.5936
vn -0.2124 0.7762 0.5937
vn -0.1502 0.8951 0.4199
vn -0.1503 0.8950 0.4200
vn -0.0791 0.9720 0.2212
vn -0.0792 0.9720 0.2214
vn -0.0027 1.0000 0.0077
vn -0.0028 1.0000 0.0079
vn 0.0740 0.9756 -0.2067
vn 0.0739 0.9756 -0.2065
vn 0.1460 0.9013 -0.4079
vn 0.1459 0.9014 -0.4077
vn 0.2092 0.7838 -0.5846
vn 0.2092 0.7840 -0.5845
vn 0.2619 0.6294 -0.7316
vn 0.2619 0.6295 -0.7315
vn 0.3023 0.4426 -0.8442
vn 0.3023 0.4427 -0.8442
vn 0.3282 0.2290 -0.9164
vn 0.3282 0.2291 -0.9164
vn 0.3372 -0.0000 -0.9414
vn 0.3282 -0.2290 -0.9164
vn 0.3282 -0.2291 -0.9164
vn 0.3023 -0.4426 -0.8442
vn 0.3023 -0.4427 -0.8442
vn 0.2619 -0.6294 -0.7316
vn 0.2619 -0.6295 -0.7315
vn 0.2093 -0.7838 -0.5846
vn 0.2092 -0.7840 -0.5845
vn 0.1460 -0.9013 -0.4079
vn 0.1459 -0.9014 -0.4077
vn 0.0740 -0.9756 -0.2067
vn 0.0739 -0.9756 -0.2065
vn -0.0027 -1.0000 0.0076
vn -0.0028 -1.0000 0.0079
vn -0.0791 -0.9720 0.2212
vn -0.0792 -0.9720 0.2214
vn -0.1502 -0.8951 0.4199
vn -0.1503 -0.8950 0.4200
vn -0.2123 -0.7763 0.5936
vn -0.2124 -0.7762 0.5937
vn -0.2638 -0.6218 0.7374
vn -0.2638 -0.6217 0.7375
vn -0.3031 -0.4364 0.8472
vn -0.3031 -0.4363 0.8472
vn -0.3281 -0.2254 0.9173
vn -0.5229 0.2255 0.8220
vn -0.5367 -0.0000 0.8438
vn -0.5229 0.2254 0.8220
vn -0.4829 0.4364 0.7592
vn -0.4203 0.6219 0.6607
vn -0.4203 0.6218 0.6608
vn -0.3383 0.7763 0.5318
vn -0.3384 0.7763 0.5319
vn -0.2393 0.8951 0.3762
vn -0.2393 0.8951 0.3763
vn -0.1260 0.9720 0.1981
vn -0.1261 0.9720 0.1982
vn -0.0043 1.0000 0.0067
vn -0.0044 1.0000 0.0069
vn 0.1179 0.9756 -0.1854
vn 0.1178 0.9756 -0.1853
vn 0.2326 0.9013 -0.3656
vn 0.2325 0.9013 -0.3655
vn 0.3333 0.7838 -0.5240
vn 0.3333 0.7839 -0.5239
vn 0.4171 0.6293 -0.6557
vn 0.4171 0.6294 -0.6556
vn 0.4813 0.4426 -0.7566
vn 0.5225 0.2290 -0.8213
vn 0.5368 -0.0000 -0.8437
vn 0.5225 -0.2290 -0.8213
vn 0.4813 -0.4426 -0.7566
vn 0.4171 -0.6294 -0.6557
vn 0.4171 -0.6294 -0.6556
vn 0.3333 -0.7838 -0.5240
vn 0.3333 -0.7839 -0.5239
vn 0.2326 -0.9013 -0.3656
vn 0.2325 -0.9013 -0.3655
vn 0.1179 -0.9756 -0.1854
vn 0.1178 -0.9756 -0.1853
vn -0.0043 -1.0000 0.0067
vn -0.0044 -1.0000 0.0069
vn -0.1260 -0.9720 0.1981
vn -0.1261 -0.9720 0.1982
vn -0.2393 -0.8951 0.3762
vn -0.2393 -0.8951 0.3763
vn -0.3383 -0.7763 0.5318
vn -0.3384 -0.7763 0.5319
vn -0.4203 -0.6219 0.6607
vn -0.4203 -0.6218 0.6608
vn -0.4829 -0.4364 0.7592
vn -0.5229 -0.2255 0.8220
vn -0.5229 -0.2254 0.8220
vn -0.6889 0.2255 0.6889
vn -0.7071 0.0000 0.7071
vn -0.6362 0.4365 0.6362
vn -0.5537 0.6219 0.5537
vn -0.4457 0.7764 0.4457
vn -0.4457 0.7763 0.4457
vn -0.3152 0.8951 0.3152
vn -0.1660 0.9720 0.1660
vn -0.0056 1.0000 0.0056
vn 0.1554 0.9756 -0.1554
vn 0.3064 0.9013 -0.3064
vn 0.4392 0.7838 -0.4391
vn 0.5495 0.6294 -0.5495
vn 0.6341 0.4426 -0.6340
vn 0.6884 0.2290 -0.6883
vn 0.7072 -0.0000 -0.7071
vn 0.6884 -0.2290 -0.6883
vn 0.6341 -0.4426 -0.6340
vn 0.5495 -0.6294 -0.5495
vn 0.4392 -0.7838 -0.4391
vn 0.3064 -0.9013 -0.3064
vn 0.1554 -0.9756 -0.1554
vn -0.0056 -1.0000 0.0056
vn -0.1660 -0.9720 0.1660
vn -0.3152 -0.8951 0.3152
vn -0.4457 -0.7764 0.4457
vn -0.4457 -0.7763 0.4457
vn -0.5537 -0.6219 0.5537
vn -0.6362 -0.4365 0.6362
vn -0.6889 -0.2255 0.6889
vn -0.8220 0.2254 0.5229
vn -0.8437 -0.0000 0.5368
vn -0.8220 0.2255 0.5229
vn -0.7592 0.4364 0.4830
vn -0.7591 0.4364 0.4829
vn -0.6608 0.6218 0.4204
vn -0.6607 0.6219 0.4203
vn -0.5319 0.7763 0.3384
vn -0.5318 0.7763 0.3383
vn -0.3762 0.8951 0.2394
vn -0.3762 0.8951 0.2393
vn -0.1982 0.9720 0.1261
vn -0.1981 0.9720 0.1260
vn -0.0069 1.0000 0.0044
vn -0.0067 1.0000 0.0043
vn 0.1853 0.9756 -0.1178
vn 0.1854 0.9756 -0.1179
vn 0.3655 0.9013 -0.2325
vn 0.3656 0.9013 -0.2326
vn 0.5239 0.7838 -0.3333
vn 0.5240 0.7838 -0.3333
vn 0.6557 0.6294 -0.4170
vn 0.6557 0.6294 -0.4171
vn 0.7566 0.4426 -0.4812
vn 0.7567 0.4426 -0.4812
vn 0.8214 0.2290 -0.5224
vn 0.8438 0.0000 -0.5366
vn 0.8214 -0.2290 -0.5224
vn 0.7566 -0.4426 -0.4812
vn 0.7567 -0.4426 -0.4812
vn 0.6557 -0.6294 -0.4170
vn 0.6557 -0.6294 -0.4171
vn 0.5239 -0.7839 -0.3333
vn 0.5240 -0.7838 -0.3333
vn 0.3655 -0.9013 -0.2325
vn 0.3656 -0.9013 -0.2326
vn 0.1853 -0.9756 -0.1178
vn 0.1854 -0.9756 -0.1179
vn -0.0069 -1.0000 0.0044
vn -0.0067 -1.0000 0.0043
vn -0.1982 -0.9720 0.1261
vn -0.1981 -0.9720 0.1260
vn -0.3762 -0.8951 0.2393
vn -0.5319 -0.7763 0.3384
vn -0.5318 -0.7763 0.3383
vn -0.6608 -0.6218 0.4204
vn -0.6607 -0.6219 0.4203
vn -0.7592 -0.4364 0.4830
vn -0.7591 -0.4364 0.4829
vn -0.8220 -0.2254 0.5229
vn -0.8220 -0.2255 0.5229
vn -0.9173 0.2254 0.3283
vn -0.9415 0.0000 0.3369
vn -0.8472 0.4363 0.3032
vn -0.8472 0.4364 0.3031
vn -0.7374 0.6217 0.2639
vn -0.7374 0.6218 0.2639
vn -0.5937 0.7762 0.2124
vn -0.5935 0.7763 0.2124
vn -0.4200 0.8950 0.1503
vn -0.4199 0.8951 0.1502
vn -0.2214 0.9720 0.0792
vn -0.2212 0.9720 0.0792
vn -0.0079 1.0000 0.0028
vn -0.0077 1.0000 0.0027
vn 0.2065 0.9756 -0.0739
vn 0.2067 0.9756 -0.0740
vn 0.4077 0.9014 -0.1459
vn 0.4079 0.9013 -0.1459
vn 0.5845 0.7839 -0.2091
vn 0.5847 0.7839 -0.2092
vn 0.7316 0.6295 -0.2617
vn 0.7316 0.6294 -0.2618
vn 0.8443 0.4427 -0.3021
vn 0.8443 0.4426 -0.3021
vn 0.9165 0.2291 -0.3279
vn 0.9165 0.2290 -0.3279
vn 0.9416 -0.0000 -0.3368
vn 0.9165 -0.2291 -0.3279
vn 0.9165 -0.2290 -0.3279
vn 0.8443 -0.4427 -0.3020
vn 0.8443 -0.4426 -0.3021
vn 0.7316 -0.6295 -0.2617
vn 0.7316 -0.6294 -0.2618
vn 0.5845 -0.7839 -0.2091
vn 0.5846 -0.7839 -0.2092
vn 0.4077 -0.9014 -0.1459
vn 0.4079 -0.9013 -0.1459
vn 0.2065 -0.9756 -0.0739
vn 0.2067 -0.9756 -0.0740
vn -0.0079 -1.0000 0.0028
vn -0.0077 -1.0000 0.0027
vn -0.2214 -0.9720 0.0792
vn -0.2212 -0.9720 0.0792
vn -0.4200 -0.8950 0.1503
vn -0.4199 -0.8951 0.1502
vn -0.5937 -0.7762 0.2124
vn -0.5935 -0.7763 0.2124
vn -0.7374 -0.6217 0.2639
vn -0.7374 -0.6218 0.2639
vn -0.8472 -0.4363 0.3032
vn -0.8472 -0.4364 0.3031
vn -0.9173 -0.2254 0.3283
vn -0.9676 0.2263 0.1117
vn -0.9934 -0.0000 0.1146
vn -0.9678 0.2254 0.1117
vn -0.8931 0.4379 0.1031
vn -0.8939 0.4363 0.1031
vn -0.7765 0.6237 0.0896
vn -0.7781 0.6217 0.0898
vn -0.6240 0.7781 0.0720
vn -0.6264 0.7762 0.0723
vn -0.4399 0.8966 0.0508
vn -0.4432 0.8950 0.0511
vn -0.2297 0.9729 0.0265
vn -0.2336 0.9720 0.0270
vn -0.0042 1.0000 0.0005
vn -0.0083 1.0000 0.0010
vn 0.2218 0.9748 -0.0256
vn 0.2179 0.9756 -0.0251
vn 0.4334 0.8998 -0.0500
vn 0.4302 0.9014 -0.0496
vn 0.6191 0.7820 -0.0714
vn 0.6167 0.7839 -0.0711
vn 0.7734 0.6276 -0.0892
vn 0.7719 0.6295 -0.0890
vn 0.8915 0.4411 -0.1028
vn 0.8908 0.4427 -0.1027
vn 0.9672 0.2282 -0.1115
vn 0.9670 0.2291 -0.1115
vn 0.9934 -0.0000 -0.1146
vn 0.9934 0.0000 -0.1146
vn 0.9672 -0.2282 -0.1115
vn 0.9670 -0.2291 -0.1115
vn 0.8915 -0.4411 -0.1028
vn 0.8908 -0.4427 -0.1027
vn 0.7734 -0.6276 -0.0892
vn 0.7719 -0.6295 -0.0890
vn 0.6191 -0.7820 -0.0714
vn 0.6167 -0.7840 -0.0711
vn 0.4334 -0.8998 -0.0500
vn 0.4302 -0.9014 -0.0496
vn 0.2218 -0.9748 -0.0256
vn 0.2179 -0.9756 -0.0251
vn -0.0042 -1.0000 0.0005
vn -0.0083 -1.0000 0.0010
vn -0.2297 -0.9729 0.0265
vn -0.2336 -0.9720 0.0270
vn -0.4399 -0.8966 0.0508
vn -0.4432 -0.8950 0.0511
vn -0.6240 -0.7781 0.0720
vn -0.6264 -0.7762 0.0723
vn -0.7765 -0.6237 0.0896
vn -0.7781 -0.6217 0.0898
vn -0.8931 -0.4379 0.1031
vn -0.8939 -0.4363 0.1031
vn -0.9676 -0.2263 0.1117
vn -0.9678 -0.2254 0.1117
vn -1.0000 -0.0000 0.0000
vn -0.9741 0.2263 0.0000
vn -0.8990 0.4379 0.0000
vn -0.7817 0.6237 0.0000
vn -0.6281 0.7781 0.0000
vn -0.4428 0.8966 0.0000
vn -0.2312 0.9729 -0.0000
vn -0.0000 1.0000 -0.0000
vn -0.0042 1.0000 0.0000
vn 0.2272 0.9738 0.0000
vn 0.2233 0.9748 0.0000
vn 0.4363 0.8998 0.0000
vn 0.6232 0.7820 0.0000
vn 0.7785 0.6276 0.0000
vn 0.8974 0.4411 0.0000
vn 0.9736 0.2282 0.0000
vn 0.9736 -0.2282 0.0000
vn 0.8974 -0.4411 0.0000
vn 0.7785 -0.6276 0.0000
vn 0.6232 -0.7820 0.0000
vn 0.4363 -0.8998 0.0000
vn 0.2233 -0.9748 0.0000
vn 0.0000 -1.0000 0.0000
vn -0.0042 -1.0000 0.0000
vn -0.2312 -0.9729 0.0000
vn -0.4428 -0.8966 0.0000
vn -0.6281 -0.7781 0.0000
vn -0.7817 -0.6237 0.0000
vn -0.8990 -0.4379 0.0000
vn -0.9741 -0.2263 0.0000
vn -0.0000 0.0000 -1.0000
vn 0.0000 -0.0000 -1.0000
vn -0.0000 -0.0000 -1.0000
# 807 vertex normals

g Line012
usemtl wire_028028177
s 1
f 4057//2469 4058//2470 4059//2470 4060//2471 
s 3
f 4061//2472 4057//2469 4060//2471 4062//2473 
s 2
f 4063//2474 4061//2472 4062//2473 4064//2475 
f 4065//2476 4063//2474 4064//2475 4066//2477 
f 4067//2478 4065//2476 4066//2477 4068//2479 
f 4069//2480 4067//2478 4068//2479 4070//2481 
f 4071//2482 4069//2480 4070//2481 4072//2483 
f 4073//2484 4071//2482 4072//2483 4074//2485 
f 4075//2486 4073//2484 4074//2485 4076//2487 
f 4077//2488 4075//2486 4076//2487 4078//2489 
f 4079//2490 4077//2488 4078//2489 4080//2491 
f 4081//2492 4079//2490 4080//2491 4082//2493 
f 4083//2494 4081//2492 4082//2493 4084//2495 
f 4085//2496 4083//2494 4084//2495 4086//2496 
f 4087//2497 4085//2496 4086//2496 4088//2498 
f 4089//2499 4087//2497 4088//2498 4090//2500 
f 4091//2501 4089//2499 4090//2500 4092//2502 
f 4093//2503 4091//2501 4092//2502 4094//2504 
f 4095//2505 4093//2503 4094//2504 4096//2506 
f 4097//2507 4095//2505 4096//2506 4098//2508 
f 4099//2509 4097//2507 4098//2508 4100//2510 
f 4101//2511 4099//2509 4100//2510 4102//2512 
f 4103//2513 4101//2511 4102//2512 4104//2514 
f 4105//2515 4103//2513 4104//2514 4106//2516 
f 4107//2517 4105//2515 4106//2516 4108//2518 
f 4109//2519 4107//2517 4108//2518 4110//2520 
f 4111//2521 4109//2519 4110//2520 4112//2522 
s 3
f 4058//2470 4111//2521 4112//2522 4059//2470 
s 8
f 4113//2523 4114//2524 4058//2524 4057//2525 
s 24
f 4115//2526 4113//2523 4057//2525 4061//2527 
s 16
f 4116//2528 4115//2526 4061//2527 4063//2529 
f 4117//2530 4116//2528 4063//2529 4065//2531 
f 4118//2532 4117//2530 4065//2531 4067//2533 
f 4119//2534 4118//2532 4067//2533 4069//2535 
f 4120//2536 4119//2534 4069//2535 4071//2537 
f 4121//2538 4120//2536 4071//2537 4073//2539 
f 4122//2540 4121//2538 4073//2539 4075//2541 
f 4123//2542 4122//2540 4075//2541 4077//2543 
f 4124//2544 4123//2542 4077//2543 4079//2545 
f 4125//2546 4124//2544 4079//2545 4081//2547 
f 4126//2548 4125//2546 4081//2547 4083//2549 
f 4127//2550 4126//2548 4083//2549 4085//2550 
f 4128//2551 4127//2550 4085//2550 4087//2552 
f 4129//2553 4128//2551 4087//2552 4089//2554 
f 4130//2555 4129//2553 4089//2554 4091//2556 
f 4131//2557 4130//2555 4091//2556 4093//2558 
f 4132//2559 4131//2557 4093//2558 4095//2560 
f 4133//2561 4132//2559 4095//2560 4097//2562 
f 4134//2563 4133//2561 4097//2562 4099//2564 
f 4135//2565 4134//2563 4099//2564 4101//2566 
f 4136//2567 4135//2565 4101//2566 4103//2568 
f 4137//2569 4136//2567 4103//2568 4105//2570 
f 4138//2571 4137//2569 4105//2570 4107//2572 
f 4139//2573 4138//2571 4107//2572 4109//2574 
f 4140//2575 4139//2573 4109//2574 4111//2576 
s 24
f 4114//2524 4140//2575 4111//2576 4058//2524 
s 1
f 4141//2577 4142//2578 4114//2578 4113//2577 
s 3
f 4143//2579 4141//2577 4113//2577 4115//2580 
s 2
f 4144//2581 4143//2579 4115//2580 4116//2582 
f 4145//2583 4144//2581 4116//2582 4117//2584 
f 4146//2585 4145//2583 4117//2584 4118//2586 
f 4147//2587 4146//2585 4118//2586 4119//2588 
f 4148//2589 4147//2587 4119//2588 4120//2590 
f 4149//2591 4148//2589 4120//2590 4121//2592 
f 4150//2593 4149//2591 4121//2592 4122//2594 
f 4151//2595 4150//2593 4122//2594 4123//2596 
f 4152//2597 4151//2595 4123//2596 4124//2598 
f 4153//2599 4152//2597 4124//2598 4125//2600 
f 4154//2601 4153//2599 4125//2600 4126//2602 
f 4155//2603 4154//2601 4126//2602 4127//2603 
f 4156//2604 4155//2603 4127//2603 4128//2605 
f 4157//2606 4156//2604 4128//2605 4129//2607 
f 4158//2608 4157//2606 4129//2607 4130//2609 
f 4159//2610 4158//2608 4130//2609 4131//2611 
f 4160//2612 4159//2610 4131//2611 4132//2613 
f 4161//2614 4160//2612 4132//2613 4133//2615 
f 4162//2616 4161//2614 4133//2615 4134//2617 
f 4163//2618 4162//2616 4134//2617 4135//2619 
f 4164//2620 4163//2618 4135//2619 4136//2621 
f 4165//2622 4164//2620 4136//2621 4137//2623 
f 4166//2624 4165//2622 4137//2623 4138//2625 
f 4167//2626 4166//2624 4138//2625 4139//2627 
f 4168//2628 4167//2626 4139//2627 4140//2628 
s 3
f 4142//2578 4168//2628 4140//2628 4114//2578 
s 8
f 4169//2629 4170//2630 4142//2630 4141//2631 
s 24
f 4171//2632 4169//2629 4141//2631 4143//2633 
s 16
f 4172//2634 4171//2632 4143//2633 4144//2635 
f 4173//2636 4172//2634 4144//2635 4145//2637 
f 4174//2638 4173//2636 4145//2637 4146//2639 
f 4175//2640 4174//2638 4146//2639 4147//2641 
f 4176//2642 4175//2640 4147//2641 4148//2643 
f 4177//2644 4176//2642 4148//2643 4149//2645 
f 4178//2646 4177//2644 4149//2645 4150//2647 
f 4179//2648 4178//2646 4150//2647 4151//2649 
f 4180//2650 4179//2648 4151//2649 4152//2651 
f 4181//2652 4180//2650 4152//2651 4153//2653 
f 4182//2654 4181//2652 4153//2653 4154//2654 
f 4183//2655 4182//2654 4154//2654 4155//2655 
f 4184//2656 4183//2655 4155//2655 4156//2656 
f 4185//2657 4184//2656 4156//2656 4157//2658 
f 4186//2659 4185//2657 4157//2658 4158//2660 
f 4187//2661 4186//2659 4158//2660 4159//2662 
f 4188//2663 4187//2661 4159//2662 4160//2664 
f 4189//2665 4188//2663 4160//2664 4161//2666 
f 4190//2667 4189//2665 4161//2666 4162//2668 
f 4191//2669 4190//2667 4162//2668 4163//2670 
f 4192//2671 4191//2669 4163//2670 4164//2672 
f 4193//2673 4192//2671 4164//2672 4165//2674 
f 4194//2675 4193//2673 4165//2674 4166//2676 
f 4195//2677 4194//2675 4166//2676 4167//2678 
f 4196//2679 4195//2677 4167//2678 4168//2680 
s 24
f 4170//2630 4196//2679 4168//2680 4142//2630 
s 1
f 4197//2681 4198//2682 4170//2682 4169//2681 
s 3
f 4199//2683 4197//2681 4169//2681 4171//2683 
s 2
f 4200//2684 4199//2683 4171//2683 4172//2684 
f 4201//2685 4200//2684 4172//2684 4173//2686 
f 4202//2687 4201//2685 4173//2686 4174//2687 
f 4203//2688 4202//2687 4174//2687 4175//2688 
f 4204//2689 4203//2688 4175//2688 4176//2689 
f 4205//2690 4204//2689 4176//2689 4177//2690 
f 4206//2691 4205//2690 4177//2690 4178//2691 
f 4207//2692 4206//2691 4178//2691 4179//2693 
f 4208//2694 4207//2692 4179//2693 4180//2694 
f 4209//2695 4208//2694 4180//2694 4181//2695 
f 4210//2696 4209//2695 4181//2695 4182//2696 
f 4211//2697 4210//2696 4182//2696 4183//2697 
f 4212//2698 4211//2697 4183//2697 4184//2698 
f 4213//2699 4212//2698 4184//2698 4185//2700 
f 4214//2701 4213//2699 4185//2700 4186//2702 
f 4215//2703 4214//2701 4186//2702 4187//2703 
f 4216//2704 4215//2703 4187//2703 4188//2704 
f 4217//2705 4216//2704 4188//2704 4189//2705 
f 4218//2706 4217//2705 4189//2705 4190//2706 
f 4219//2707 4218//2706 4190//2706 4191//2707 
f 4220//2708 4219//2707 4191//2707 4192//2708 
f 4221//2709 4220//2708 4192//2708 4193//2710 
f 4222//2711 4221//2709 4193//2710 4194//2711 
f 4223//2712 4222//2711 4194//2711 4195//2712 
f 4224//2713 4223//2712 4195//2712 4196//2713 
s 3
f 4198//2682 4224//2713 4196//2713 4170//2682 
s 8
f 4225//2714 4226//2715 4198//2715 4197//2716 
s 24
f 4227//2717 4225//2714 4197//2716 4199//2717 
s 16
f 4228//2718 4227//2717 4199//2717 4200//2719 
f 4229//2720 4228//2718 4200//2719 4201//2721 
f 4230//2722 4229//2720 4201//2721 4202//2723 
f 4231//2724 4230//2722 4202//2723 4203//2725 
f 4232//2726 4231//2724 4203//2725 4204//2727 
f 4233//2728 4232//2726 4204//2727 4205//2729 
f 4234//2730 4233//2728 4205//2729 4206//2731 
f 4235//2732 4234//2730 4206//2731 4207//2733 
f 4236//2734 4235//2732 4207//2733 4208//2735 
f 4237//2736 4236//2734 4208//2735 4209//2736 
f 4238//2737 4237//2736 4209//2736 4210//2737 
f 4239//2738 4238//2737 4210//2737 4211//2738 
f 4240//2739 4239//2738 4211//2738 4212//2739 
f 4241//2740 4240//2739 4212//2739 4213//2740 
f 4242//2741 4241//2740 4213//2740 4214//2742 
f 4243//2743 4242//2741 4214//2742 4215//2744 
f 4244//2745 4243//2743 4215//2744 4216//2746 
f 4245//2747 4244//2745 4216//2746 4217//2748 
f 4246//2749 4245//2747 4217//2748 4218//2750 
f 4247//2751 4246//2749 4218//2750 4219//2752 
f 4248//2753 4247//2751 4219//2752 4220//2754 
f 4249//2755 4248//2753 4220//2754 4221//2756 
f 4250//2757 4249//2755 4221//2756 4222//2758 
f 4251//2759 4250//2757 4222//2758 4223//2759 
f 4252//2760 4251//2759 4223//2759 4224//2761 
s 24
f 4226//2715 4252//2760 4224//2761 4198//2715 
s 1
f 4253//2762 4254//2763 4226//2763 4225//2762 
s 3
f 4255//2764 4253//2762 4225//2762 4227//2765 
s 2
f 4256//2766 4255//2764 4227//2765 4228//2767 
f 4257//2768 4256//2766 4228//2767 4229//2769 
f 4258//2770 4257//2768 4229//2769 4230//2771 
f 4259//2772 4258//2770 4230//2771 4231//2773 
f 4260//2774 4259//2772 4231//2773 4232//2775 
f 4261//2776 4260//2774 4232//2775 4233//2777 
f 4262//2778 4261//2776 4233//2777 4234//2779 
f 4263//2780 4262//2778 4234//2779 4235//2781 
f 4264//2782 4263//2780 4235//2781 4236//2783 
f 4265//2784 4264//2782 4236//2783 4237//2785 
f 4266//2786 4265//2784 4237//2785 4238//2787 
f 4267//2788 4266//2786 4238//2787 4239//2788 
f 4268//2789 4267//2788 4239//2788 4240//2790 
f 4269//2791 4268//2789 4240//2790 4241//2792 
f 4270//2793 4269//2791 4241//2792 4242//2794 
f 4271//2795 4270//2793 4242//2794 4243//2796 
f 4272//2797 4271//2795 4243//2796 4244//2798 
f 4273//2799 4272//2797 4244//2798 4245//2800 
f 4274//2801 4273//2799 4245//2800 4246//2802 
f 4275//2803 4274//2801 4246//2802 4247//2804 
f 4276//2805 4275//2803 4247//2804 4248//2806 
f 4277//2807 4276//2805 4248//2806 4249//2808 
f 4278//2809 4277//2807 4249//2808 4250//2810 
f 4279//2811 4278//2809 4250//2810 4251//2812 
f 4280//2813 4279//2811 4251//2812 4252//2813 
s 3
f 4254//2763 4280//2813 4252//2813 4226//2763 
s 8
f 4281//2814 4282//2815 4254//2815 4253//2816 
s 24
f 4283//2817 4281//2814 4253//2816 4255//2818 
s 16
f 4284//2819 4283//2817 4255//2818 4256//2820 
f 4285//2821 4284//2819 4256//2820 4257//2822 
f 4286//2823 4285//2821 4257//2822 4258//2824 
f 4287//2825 4286//2823 4258//2824 4259//2826 
f 4288//2827 4287//2825 4259//2826 4260//2828 
f 4289//2829 4288//2827 4260//2828 4261//2830 
f 4290//2831 4289//2829 4261//2830 4262//2832 
f 4291//2833 4290//2831 4262//2832 4263//2834 
f 4292//2835 4291//2833 4263//2834 4264//2836 
f 4293//2837 4292//2835 4264//2836 4265//2838 
f 4294//2839 4293//2837 4265//2838 4266//2840 
f 4295//2841 4294//2839 4266//2840 4267//2841 
f 4296//2842 4295//2841 4267//2841 4268//2843 
f 4297//2844 4296//2842 4268//2843 4269//2845 
f 4298//2846 4297//2844 4269//2845 4270//2847 
f 4299//2848 4298//2846 4270//2847 4271//2849 
f 4300//2850 4299//2848 4271//2849 4272//2851 
f 4301//2852 4300//2850 4272//2851 4273//2853 
f 4302//2854 4301//2852 4273//2853 4274//2855 
f 4303//2856 4302//2854 4274//2855 4275//2857 
f 4304//2858 4303//2856 4275//2857 4276//2859 
f 4305//2860 4304//2858 4276//2859 4277//2861 
f 4306//2862 4305//2860 4277//2861 4278//2863 
f 4307//2864 4306//2862 4278//2863 4279//2865 
f 4308//2866 4307//2864 4279//2865 4280//2867 
s 24
f 4282//2815 4308//2866 4280//2867 4254//2815 
s 1
f 4309//2868 4310//2869 4282//2869 4281//2868 
s 3
f 4311//2870 4309//2868 4281//2868 4283//2870 
s 2
f 4312//2871 4311//2870 4283//2870 4284//2871 
f 4313//2872 4312//2871 4284//2871 4285//2872 
f 4314//2873 4313//2872 4285//2872 4286//2873 
f 4315//2874 4314//2873 4286//2873 4287//2874 
f 4316//2875 4315//2874 4287//2874 4288//2875 
f 4317//2876 4316//2875 4288//2875 4289//2876 
f 4318//2877 4317//2876 4289//2876 4290//2877 
f 4319//2878 4318//2877 4290//2877 4291//2878 
f 4320//2879 4319//2878 4291//2878 4292//2879 
f 4321//2880 4320//2879 4292//2879 4293//2880 
f 4322//2881 4321//2880 4293//2880 4294//2881 
f 4323//2882 4322//2881 4294//2881 4295//2882 
f 4324//2883 4323//2882 4295//2882 4296//2883 
f 4325//2884 4324//2883 4296//2883 4297//2884 
f 4326//2885 4325//2884 4297//2884 4298//2885 
f 4327//2886 4326//2885 4298//2885 4299//2886 
f 4328//2887 4327//2886 4299//2886 4300//2887 
f 4329//2888 4328//2887 4300//2887 4301//2888 
f 4330//2889 4329//2888 4301//2888 4302//2890 
f 4331//2891 4330//2889 4302//2890 4303//2891 
f 4332//2892 4331//2891 4303//2891 4304//2893 
f 4333//2894 4332//2892 4304//2893 4305//2894 
f 4334//2895 4333//2894 4305//2894 4306//2896 
f 4335//2897 4334//2895 4306//2896 4307//2897 
f 4336//2898 4335//2897 4307//2897 4308//2899 
s 3
f 4310//2869 4336//2898 4308//2899 4282//2869 
s 8
f 4337//2900 4338//2901 4310//2901 4309//2902 
s 24
f 4339//2903 4337//2900 4309//2902 4311//2904 
s 16
f 4340//2905 4339//2903 4311//2904 4312//2906 
f 4341//2907 4340//2905 4312//2906 4313//2908 
f 4342//2909 4341//2907 4313//2908 4314//2910 
f 4343//2911 4342//2909 4314//2910 4315//2912 
f 4344//2913 4343//2911 4315//2912 4316//2914 
f 4345//2915 4344//2913 4316//2914 4317//2916 
f 4346//2917 4345//2915 4317//2916 4318//2918 
f 4347//2919 4346//2917 4318//2918 4319//2920 
f 4348//2921 4347//2919 4319//2920 4320//2922 
f 4349//2923 4348//2921 4320//2922 4321//2924 
f 4350//2925 4349//2923 4321//2924 4322//2926 
f 4351//2927 4350//2925 4322//2926 4323//2927 
f 4352//2928 4351//2927 4323//2927 4324//2929 
f 4353//2930 4352//2928 4324//2929 4325//2931 
f 4354//2932 4353//2930 4325//2931 4326//2933 
f 4355//2934 4354//2932 4326//2933 4327//2935 
f 4356//2936 4355//2934 4327//2935 4328//2937 
f 4357//2938 4356//2936 4328//2937 4329//2939 
f 4358//2940 4357//2938 4329//2939 4330//2941 
f 4359//2942 4358//2940 4330//2941 4331//2943 
f 4360//2944 4359//2942 4331//2943 4332//2945 
f 4361//2946 4360//2944 4332//2945 4333//2947 
f 4362//2948 4361//2946 4333//2947 4334//2949 
f 4363//2950 4362//2948 4334//2949 4335//2951 
f 4364//2952 4363//2950 4335//2951 4336//2953 
s 24
f 4338//2901 4364//2952 4336//2953 4310//2901 
s 1
f 4365//2954 4366//2955 4338//2955 4337//2956 
s 3
f 4367//2957 4365//2954 4337//2956 4339//2958 
s 2
f 4368//2959 4367//2957 4339//2958 4340//2960 
f 4369//2961 4368//2959 4340//2960 4341//2962 
f 4370//2963 4369//2961 4341//2962 4342//2964 
f 4371//2965 4370//2963 4342//2964 4343//2966 
f 4372//2967 4371//2965 4343//2966 4344//2968 
f 4373//2969 4372//2967 4344//2968 4345//2970 
f 4374//2971 4373//2969 4345//2970 4346//2972 
f 4375//2973 4374//2971 4346//2972 4347//2974 
f 4376//2975 4375//2973 4347//2974 4348//2976 
f 4377//2977 4376//2975 4348//2976 4349//2978 
f 4378//2979 4377//2977 4349//2978 4350//2980 
f 4379//2981 4378//2979 4350//2980 4351//2981 
f 4380//2982 4379//2981 4351//2981 4352//2983 
f 4381//2984 4380//2982 4352//2983 4353//2985 
f 4382//2986 4381//2984 4353//2985 4354//2987 
f 4383//2988 4382//2986 4354//2987 4355//2989 
f 4384//2990 4383//2988 4355//2989 4356//2991 
f 4385//2992 4384//2990 4356//2991 4357//2993 
f 4386//2994 4385//2992 4357//2993 4358//2995 
f 4387//2996 4386//2994 4358//2995 4359//2997 
f 4388//2998 4387//2996 4359//2997 4360//2999 
f 4389//3000 4388//2998 4360//2999 4361//3001 
f 4390//3002 4389//3000 4361//3001 4362//3003 
f 4391//3004 4390//3002 4362//3003 4363//3005 
f 4392//3006 4391//3004 4363//3005 4364//3006 
s 3
f 4366//2955 4392//3006 4364//3006 4338//2955 
s 8
f 4393//3007 4394//3008 4366//3008 4365//3009 
s 24
f 4395//3010 4393//3007 4365//3009 4367//3010 
s 16
f 4396//3011 4395//3010 4367//3010 4368//3012 
f 4397//3013 4396//3011 4368//3012 4369//3014 
f 4398//3015 4397//3013 4369//3014 4370//3016 
f 4399//3017 4398//3015 4370//3016 4371//3018 
f 4400//3019 4399//3017 4371//3018 4372//3020 
f 4401//3021 4400//3019 4372//3020 4373//3022 
f 4402//3023 4401//3021 4373//3022 4374//3024 
f 4403//3025 4402//3023 4374//3024 4375//3026 
f 4404//3027 4403//3025 4375//3026 4376//3028 
f 4405//3029 4404//3027 4376//3028 4377//3029 
f 4406//3030 4405//3029 4377//3029 4378//3030 
f 4407//3031 4406//3030 4378//3030 4379//3031 
f 4408//3032 4407//3031 4379//3031 4380//3032 
f 4409//3033 4408//3032 4380//3032 4381//3033 
f 4410//3034 4409//3033 4381//3033 4382//3035 
f 4411//3036 4410//3034 4382//3035 4383//3037 
f 4412//3038 4411//3036 4383//3037 4384//3039 
f 4413//3040 4412//3038 4384//3039 4385//3041 
f 4414//3042 4413//3040 4385//3041 4386//3043 
f 4415//3044 4414//3042 4386//3043 4387//3045 
f 4416//3046 4415//3044 4387//3045 4388//3047 
f 4417//3048 4416//3046 4388//3047 4389//3049 
f 4418//3050 4417//3048 4389//3049 4390//3051 
f 4419//3052 4418//3050 4390//3051 4391//3052 
f 4420//3053 4419//3052 4391//3052 4392//3054 
s 24
f 4394//3008 4420//3053 4392//3054 4366//3008 
s 1
f 4421//3055 4422//3056 4394//3056 4393//3055 
s 3
f 4423//3057 4421//3055 4393//3055 4395//3057 
s 2
f 4424//3058 4423//3057 4395//3057 4396//3058 
f 4425//3059 4424//3058 4396//3058 4397//3060 
f 4426//3061 4425//3059 4397//3060 4398//3061 
f 4427//3062 4426//3061 4398//3061 4399//3062 
f 4428//3063 4427//3062 4399//3062 4400//3063 
f 4429//3064 4428//3063 4400//3063 4401//3064 
f 4430//3065 4429//3064 4401//3064 4402//3065 
f 4431//3066 4430//3065 4402//3065 4403//3066 
f 4432//3067 4431//3066 4403//3066 4404//3067 
f 4433//3068 4432//3067 4404//3067 4405//3068 
f 4434//3069 4433//3068 4405//3068 4406//3069 
f 4435//3070 4434//3069 4406//3069 4407//3070 
f 4436//3071 4435//3070 4407//3070 4408//3071 
f 4437//3072 4436//3071 4408//3071 4409//3072 
f 4438//3073 4437//3072 4409//3072 4410//3073 
f 4439//3074 4438//3073 4410//3073 4411//3074 
f 4440//3075 4439//3074 4411//3074 4412//3075 
f 4441//3076 4440//3075 4412//3075 4413//3076 
f 4442//3077 4441//3076 4413//3076 4414//3077 
f 4443//3078 4442//3077 4414//3077 4415//3078 
f 4444//3079 4443//3078 4415//3078 4416//3079 
f 4445//3080 4444//3079 4416//3079 4417//3081 
f 4446//3082 4445//3080 4417//3081 4418//3082 
f 4447//3083 4446//3082 4418//3082 4419//3083 
f 4448//3084 4447//3083 4419//3083 4420//3084 
s 3
f 4422//3056 4448//3084 4420//3084 4394//3056 
s 8
f 4449//3085 4450//3086 4422//3086 4421//3087 
s 24
f 4451//3088 4449//3085 4421//3087 4423//3089 
s 16
f 4452//3090 4451//3088 4423//3089 4424//3091 
f 4453//3092 4452//3090 4424//3091 4425//3093 
f 4454//3094 4453//3092 4425//3093 4426//3095 
f 4455//3096 4454//3094 4426//3095 4427//3097 
f 4456//3098 4455//3096 4427//3097 4428//3099 
f 4457//3100 4456//3098 4428//3099 4429//3101 
f 4458//3102 4457//3100 4429//3101 4430//3103 
f 4459//3104 4458//3102 4430//3103 4431//3105 
f 4460//3106 4459//3104 4431//3105 4432//3107 
f 4461//3108 4460//3106 4432//3107 4433//3109 
f 4462//3110 4461//3108 4433//3109 4434//3110 
f 4463//3111 4462//3110 4434//3110 4435//3111 
f 4464//3112 4463//3111 4435//3111 4436//3112 
f 4465//3113 4464//3112 4436//3112 4437//3114 
f 4466//3115 4465//3113 4437//3114 4438//3116 
f 4467//3117 4466//3115 4438//3116 4439//3118 
f 4468//3119 4467//3117 4439//3118 4440//3120 
f 4469//3121 4468//3119 4440//3120 4441//3122 
f 4470//3123 4469//3121 4441//3122 4442//3124 
f 4471//3125 4470//3123 4442//3124 4443//3126 
f 4472//3127 4471//3125 4443//3126 4444//3127 
f 4473//3128 4472//3127 4444//3127 4445//3129 
f 4474//3130 4473//3128 4445//3129 4446//3131 
f 4475//3132 4474//3130 4446//3131 4447//3133 
f 4476//3134 4475//3132 4447//3133 4448//3135 
s 24
f 4450//3086 4476//3134 4448//3135 4422//3086 
s 1
f 4477//3136 4478//3137 4450//3137 4449//3136 
s 3
f 4479//3138 4477//3136 4449//3136 4451//3139 
s 2
f 4480//3140 4479//3138 4451//3139 4452//3141 
f 4481//3142 4480//3140 4452//3141 4453//3143 
f 4482//3144 4481//3142 4453//3143 4454//3145 
f 4483//3146 4482//3144 4454//3145 4455//3147 
f 4484//3148 4483//3146 4455//3147 4456//3149 
f 4485//3150 4484//3148 4456//3149 4457//3151 
f 4486//3152 4485//3150 4457//3151 4458//3153 
f 4487//3154 4486//3152 4458//3153 4459//3155 
f 4488//3156 4487//3154 4459//3155 4460//3157 
f 4489//3158 4488//3156 4460//3157 4461//3159 
f 4490//3160 4489//3158 4461//3159 4462//3161 
f 4491//3162 4490//3160 4462//3161 4463//3162 
f 4492//3163 4491//3162 4463//3162 4464//3164 
f 4493//3165 4492//3163 4464//3164 4465//3166 
f 4494//3167 4493//3165 4465//3166 4466//3168 
f 4495//3169 4494//3167 4466//3168 4467//3170 
f 4496//3171 4495//3169 4467//3170 4468//3172 
f 4497//3173 4496//3171 4468//3172 4469//3174 
f 4498//3175 4497//3173 4469//3174 4470//3176 
f 4499//3177 4498//3175 4470//3176 4471//3178 
f 4500//3179 4499//3177 4471//3178 4472//3180 
f 4501//3181 4500//3179 4472//3180 4473//3182 
f 4502//3183 4501//3181 4473//3182 4474//3184 
f 4503//3185 4502//3183 4474//3184 4475//3186 
f 4504//3187 4503//3185 4475//3186 4476//3187 
s 3
f 4478//3137 4504//3187 4476//3187 4450//3137 
s 8
f 4505//3188 4506//3189 4478//3189 4477//3190 
s 24
f 4507//3191 4505//3188 4477//3190 4479//3192 
s 16
f 4508//3193 4507//3191 4479//3192 4480//3194 
f 4509//3195 4508//3193 4480//3194 4481//3196 
f 4510//3197 4509//3195 4481//3196 4482//3198 
f 4511//3199 4510//3197 4482//3198 4483//3200 
f 4512//3201 4511//3199 4483//3200 4484//3202 
f 4513//3203 4512//3201 4484//3202 4485//3204 
f 4514//3205 4513//3203 4485//3204 4486//3206 
f 4515//3207 4514//3205 4486//3206 4487//3208 
f 4516//3209 4515//3207 4487//3208 4488//3210 
f 4517//3211 4516//3209 4488//3210 4489//3212 
f 4518//3213 4517//3211 4489//3212 4490//3214 
f 4519//3215 4518//3213 4490//3214 4491//3216 
f 4520//3217 4519//3215 4491//3216 4492//3218 
f 4521//3219 4520//3217 4492//3218 4493//3220 
f 4522//3221 4521//3219 4493//3220 4494//3222 
f 4523//3223 4522//3221 4494//3222 4495//3224 
f 4524//3225 4523//3223 4495//3224 4496//3226 
f 4525//3227 4524//3225 4496//3226 4497//3228 
f 4526//3229 4525//3227 4497//3228 4498//3230 
f 4527//3231 4526//3229 4498//3230 4499//3232 
f 4528//3233 4527//3231 4499//3232 4500//3234 
f 4529//3235 4528//3233 4500//3234 4501//3236 
f 4530//3237 4529//3235 4501//3236 4502//3238 
f 4531//3239 4530//3237 4502//3238 4503//3240 
f 4532//3241 4531//3239 4503//3240 4504//3242 
s 24
f 4506//3189 4532//3241 4504//3242 4478//3189 
s 1
f 4533//2495 4534//3243 4506//3243 4505//3244 
s 3
f 4535//2493 4533//2495 4505//3244 4507//3245 
s 2
f 4536//2491 4535//2493 4507//3245 4508//3246 
f 4537//2489 4536//2491 4508//3246 4509//3247 
f 4538//2487 4537//2489 4509//3247 4510//3248 
f 4539//2485 4538//2487 4510//3248 4511//3249 
f 4540//3250 4539//2485 4511//3249 4512//3251 
f 4541//3252 4540//3250 4512//3251 4513//3253 
f 4542//2479 4541//3252 4513//3253 4514//3254 
f 4543//2477 4542//2479 4514//3254 4515//3255 
f 4544//2475 4543//2477 4515//3255 4516//3256 
f 4545//2473 4544//2475 4516//3256 4517//3257 
f 4546//2471 4545//2473 4517//3257 4518//3258 
f 4547//2470 4546//2471 4518//3258 4519//2470 
f 4548//2522 4547//2470 4519//2470 4520//3259 
f 4549//2520 4548//2522 4520//3259 4521//3260 
f 4550//2518 4549//2520 4521//3260 4522//3261 
f 4551//2516 4550//2518 4522//3261 4523//3262 
f 4552//2514 4551//2516 4523//3262 4524//3263 
f 4553//2512 4552//2514 4524//3263 4525//3264 
f 4554//3265 4553//2512 4525//3264 4526//3266 
f 4555//2508 4554//3265 4526//3266 4527//3267 
f 4556//2506 4555//2508 4527//3267 4528//3268 
f 4557//2504 4556//2506 4528//3268 4529//3269 
f 4558//2502 4557//2504 4529//3269 4530//3270 
f 4559//2500 4558//2502 4530//3270 4531//3271 
f 4560//2498 4559//2500 4531//3271 4532//3272 
s 3
f 4534//3243 4560//2498 4532//3272 4506//3243 
s 2147483648
f 4092//2882 4090//2882 4088//2882 4086//2882 
f 4092//2882 4086//2882 4084//2882 4082//2882 
f 4092//2882 4082//2882 4080//2882 4078//2882 
f 4092//2882 4078//2882 4076//2882 4074//2882 
f 4092//2882 4074//2882 4072//2882 4070//2882 
f 4092//2882 4070//2882 4068//2882 4066//2882 
f 4092//2882 4066//2882 4064//2882 4062//2882 
f 4092//2882 4062//2882 4060//2882 4059//2882 
f 4092//2882 4059//2882 4112//2882 4110//2882 
f 4092//2882 4110//2882 4108//2882 4106//2882 
f 4094//2882 4092//2882 4106//2882 4096//2882 
f 4096//2882 4106//2882 4104//2882 4102//2882 
f 4098//2882 4096//2882 4102//2882 4100//2882 
f 4553//2882 4554//2882 4555//2882 4552//2882 
f 4548//3273 4549//3274 4550//3275 4547//3275 
f 4546//3273 4547//3275 4550//3275 4545//3273 
f 4544//2882 4545//3273 4550//3275 4543//2882 
f 4542//2882 4543//2882 4550//3275 4541//2882 
f 4540//2882 4541//2882 4550//3275 4539//2882 
f 4538//2882 4539//2882 4550//3275 4537//2882 
f 4536//3275 4537//2882 4550//3275 4535//3275 
f 4533//3273 4535//3275 4550//3275 4534//3273 
f 4560//3273 4534//3273 4550//3275 4559//2882 
f 4558//2882 4559//2882 4550//3275 4557//2882 
f 4557//2882 4550//3275 4551//2882 4552//2882 
f 4556//2882 4557//2882 4552//2882 4555//2882 
# 502 polygons

#
# object Box004
#

v  -9727.1084 2075.6401 -1490.2712
v  -9727.1084 2075.6401 -1552.2712
v  -8827.1084 2075.6401 -1552.2711
v  -8827.1084 2075.6401 -1490.2711
v  -9727.1084 2079.6401 -1556.2712
v  -9727.1084 2161.5547 -1556.2712
v  -8827.1084 2161.5547 -1556.2711
v  -8827.1084 2079.6401 -1556.2711
v  -9727.1084 2161.5547 -1486.2712
v  -9727.1084 2079.6401 -1486.2712
v  -8827.1084 2079.6401 -1486.2711
v  -8827.1084 2161.5547 -1486.2711
v  -10003.1084 1160.5300 -1556.2712
v  -10003.1084 2161.5547 -1556.2712
v  -9731.1084 1160.5300 -1556.2712
v  -10003.1084 2161.5547 -1486.2712
v  -9731.1084 1160.5300 -1486.2712
v  -10003.1084 1160.5300 -1486.2712
v  -9727.1084 1160.5300 -1490.2712
v  -9727.1084 1160.5300 -1552.2712
v  -10053.1084 2161.5547 -1556.2712
v  -10011.1084 2161.5547 -1556.2712
v  -10011.1084 1160.5300 -1556.2712
v  -10053.1084 1160.5300 -1556.2712
v  -10057.1084 2161.5544 -1204.9851
v  -10057.1084 2161.5547 -1482.2712
v  -10057.1084 1160.5300 -1482.2712
v  -10057.1084 2079.6401 -1204.9851
v  -10057.1084 1160.5300 -1208.9851
v  -10011.1084 2075.6401 -1204.9851
v  -10053.1084 2075.6401 -1204.9851
v  -10053.1084 1160.5300 -1204.9851
v  -10011.1084 1160.5300 -1204.9851
v  -10007.1084 2161.5547 -1482.2712
v  -10007.1084 2161.5544 -1204.9851
v  -10007.1084 2079.6401 -1204.9851
v  -10007.1084 1160.5300 -1208.9851
v  -10007.1084 1160.5300 -1482.2712
v  -10057.1084 2161.5547 -1490.2712
v  -10057.1084 2161.5547 -1552.2712
v  -10057.1084 1160.5300 -1552.2712
v  -10057.1084 1160.5300 -1490.2712
v  -8551.1084 2161.5547 -1556.2711
v  -8823.1084 1160.5300 -1556.2711
v  -8551.1084 1160.5300 -1556.2711
v  -8551.1084 1160.5300 -1486.2711
v  -8551.1084 2161.5547 -1486.2711
v  -8823.1084 1160.5300 -1486.2711
v  -8827.1084 1160.5300 -1552.2711
v  -8827.1084 1160.5300 -1490.2711
v  -8543.1084 2161.5547 -1556.2711
v  -8501.1084 2161.5547 -1556.2711
v  -8501.1084 1160.5300 -1556.2711
v  -8543.1084 1160.5300 -1556.2711
v  -8497.1084 2161.5547 -1482.2711
v  -8497.1084 2161.5547 -1436.2711
v  -8497.1084 2078.8782 -1436.2711
v  -8497.1084 1160.5300 -1440.2711
v  -8497.1084 1160.5300 -1482.2711
v  -8501.1084 2074.8806 -1436.2711
v  -8543.1084 2074.9058 -1436.2711
v  -8543.1084 1160.5300 -1436.2711
v  -8501.1084 1160.5300 -1436.2711
v  -8547.1084 2161.5547 -1436.2711
v  -8547.1084 2161.5547 -1482.2711
v  -8547.1084 1160.5300 -1482.2711
v  -8547.1084 2078.9082 -1436.2711
v  -8547.1084 1160.5300 -1440.2711
v  -8497.1084 2161.5547 -1552.2711
v  -8497.1084 2161.5547 -1490.2711
v  -8497.1084 1160.5300 -1490.2711
v  -8497.1084 1160.5300 -1552.2711
v  -9727.1084 62.7134 -1556.2712
v  -9727.1084 62.7134 -1486.2712
v  -10003.1084 62.7134 -1486.2712
v  -10003.1084 62.7134 -1556.2712
v  -10007.1084 62.7134 -1482.2712
v  -10007.1084 62.7134 -1208.9851
v  -10007.2686 62.7134 -1207.5452
v  -10007.7480 62.7134 -1206.4250
v  -10008.5488 62.7134 -1205.6251
v  -10009.6680 62.7134 -1205.1450
v  -10011.1084 62.7134 -1204.9851
v  -10057.1084 62.7134 -1208.9851
v  -10053.1084 62.7134 -1204.9851
v  -10054.5488 62.7134 -1205.1450
v  -10055.6680 62.7134 -1205.6251
v  -10056.4688 62.7134 -1206.4250
v  -10056.9482 62.7134 -1207.5452
v  -10057.1084 62.7134 -1482.2712
v  -10057.1084 62.7134 -1490.2712
v  -10057.1084 62.7134 -1552.2712
v  -10056.9482 62.7134 -1553.7113
v  -10056.4688 62.7134 -1554.8313
v  -10055.6680 62.7134 -1555.6312
v  -10054.5488 62.7134 -1556.1112
v  -10053.1084 62.7134 -1556.2712
v  -10011.1084 62.7134 -1556.2712
v  -10011.1084 62.7134 -1490.2712
v  -8827.1084 62.7134 -1556.2711
v  -8551.1084 62.7134 -1556.2711
v  -8551.1084 62.7134 -1486.2711
v  -8827.1084 62.7134 -1486.2711
v  -8497.1084 62.7134 -1482.2711
v  -8497.1084 62.7134 -1440.2711
v  -8497.2686 62.7134 -1438.8311
v  -8497.7480 62.7134 -1437.7111
v  -8498.5488 62.7134 -1436.9111
v  -8499.6680 62.7134 -1436.4312
v  -8501.1084 62.7134 -1436.2711
v  -8547.1084 62.7134 -1482.2711
v  -8543.1084 62.7134 -1436.2711
v  -8544.5488 62.7134 -1436.4312
v  -8545.6680 62.7134 -1436.9111
v  -8546.4688 62.7134 -1437.7112
v  -8546.9482 62.7134 -1438.8311
v  -8547.1084 62.7134 -1440.2711
v  -8497.1084 62.7134 -1490.2711
v  -8543.1084 62.7134 -1490.2711
v  -8543.1084 62.7134 -1556.2711
v  -8497.1084 62.7134 -1552.2711
v  -8501.1084 62.7134 -1556.2711
v  -8499.6680 62.7134 -1556.1111
v  -8498.5488 62.7134 -1555.6311
v  -8497.7480 62.7134 -1554.8311
v  -8497.2686 62.7134 -1553.7111
v  -9727.1084 107.5774 -1556.2712
v  -9727.1084 107.5774 -1486.2712
v  -9727.1084 111.5774 -1552.2712
v  -9727.1084 111.5774 -1490.2712
v  -8827.1084 107.5774 -1556.2711
v  -8827.1084 107.5774 -1486.2711
v  -8827.1084 111.5774 -1490.2711
v  -8827.1084 111.5774 -1552.2711
v  -9727.1084 109.0174 -1556.1112
v  -9727.1084 110.1374 -1555.6312
v  -9727.1084 110.9374 -1554.8312
v  -9727.1084 111.4174 -1553.7112
v  -9727.1084 111.4174 -1488.8312
v  -9727.1084 110.9374 -1487.7112
v  -9727.1084 110.1374 -1486.9113
v  -9727.1084 109.0174 -1486.4313
v  -8827.1084 109.0174 -1486.4312
v  -8827.1084 110.1374 -1486.9111
v  -8827.1084 110.9374 -1487.7112
v  -8827.1084 111.4174 -1488.8312
v  -8827.1084 111.4174 -1553.7112
v  -8827.1084 110.9374 -1554.8312
v  -8827.1084 110.1374 -1555.6311
v  -8827.1084 109.0174 -1556.1111
v  -9957.1279 2075.6401 -253.7490
v  -8597.1094 2075.6401 -253.7489
v  -8597.1094 2075.6401 -191.7489
v  -9957.1279 2075.6401 -191.7490
v  -9957.1279 2079.6401 -187.7490
v  -8597.1094 2079.6401 -187.7489
v  -8597.1094 2161.5544 -187.7489
v  -9957.1279 2161.5544 -187.7490
v  -9957.1279 2161.5544 -257.7490
v  -8597.1094 2161.5544 -257.7489
v  -8597.1094 2079.6401 -257.7489
v  -9957.1279 2079.6401 -257.7490
v  -10003.1084 1160.5300 -187.7490
v  -9961.1279 1160.5300 -187.7490
v  -10003.1084 2161.5544 -187.7490
v  -9961.1279 1160.5300 -257.7490
v  -10003.1084 1160.5300 -257.7490
v  -10003.1084 2161.5544 -257.7490
v  -9957.1279 1160.5300 -191.7490
v  -9957.1279 1160.5300 -253.7490
v  -10053.1084 2161.5544 -187.7490
v  -10053.1084 1160.5300 -187.7490
v  -10011.1084 1160.5300 -187.7490
v  -10011.1084 2161.5544 -187.7490
v  -10057.1084 1160.5300 -261.7490
v  -10057.1084 2161.5544 -261.7490
v  -10057.1084 2161.5544 -307.7490
v  -10057.1084 2079.6401 -307.7490
v  -10057.1084 1160.5300 -303.7490
v  -10053.1084 1160.5300 -307.7490
v  -10053.1084 2075.6401 -307.7490
v  -10011.1084 2075.6401 -307.7490
v  -10011.1084 1160.5300 -307.7490
v  -10007.1084 2079.6401 -307.7490
v  -10007.1084 2161.5544 -307.7490
v  -10007.1084 2161.5544 -261.7490
v  -10007.1084 1160.5300 -303.7490
v  -10007.1084 1160.5300 -261.7490
v  -10057.1084 2161.5544 -253.7490
v  -10057.1084 1160.5300 -253.7490
v  -10057.1084 1160.5300 -191.7490
v  -10057.1084 2161.5544 -191.7490
v  -8593.1094 1160.5300 -187.7489
v  -8551.1084 1160.5300 -187.7489
v  -8551.1084 2161.5544 -187.7489
v  -8551.1084 1160.5300 -257.7489
v  -8593.1094 1160.5300 -257.7489
v  -8551.1084 2161.5544 -257.7489
v  -8597.1094 1160.5300 -253.7489
v  -8597.1094 1160.5300 -191.7489
v  -8543.1084 2161.5544 -187.7489
v  -8543.1084 1160.5300 -187.7489
v  -8501.1084 1160.5300 -187.7489
v  -8501.1084 2161.5544 -187.7489
v  -8497.1084 2078.8782 -307.7489
v  -8497.1084 2161.5544 -307.7489
v  -8497.1084 2161.5544 -261.7489
v  -8497.1084 1160.5300 -303.7489
v  -8497.1084 1160.5300 -261.7489
v  -8543.1084 1160.5300 -307.7489
v  -8543.1084 2074.9058 -307.7489
v  -8501.1084 2074.8806 -307.7489
v  -8501.1084 1160.5300 -307.7489
v  -8547.1084 1160.5300 -261.7489
v  -8547.1084 2161.5544 -261.7489
v  -8547.1084 2161.5544 -307.7489
v  -8547.1084 2078.9082 -307.7489
v  -8547.1084 1160.5300 -303.7489
v  -8497.1084 2161.5544 -191.7489
v  -8497.1084 1160.5300 -191.7489
v  -8497.1084 1160.5300 -253.7489
v  -8497.1084 2161.5544 -253.7489
v  -9957.1279 62.7134 -187.7490
v  -10003.1084 62.7134 -187.7490
v  -10003.1084 62.7134 -257.7490
v  -9957.1279 62.7134 -257.7490
v  -10057.1084 62.7134 -261.7490
v  -10057.1084 62.7134 -303.7490
v  -10056.9482 62.7134 -305.1890
v  -10056.4688 62.7134 -306.3091
v  -10055.6689 62.7134 -307.1090
v  -10054.5488 62.7134 -307.5890
v  -10053.1084 62.7134 -307.7490
v  -10007.1084 62.7134 -261.7490
v  -10011.1084 62.7134 -307.7490
v  -10009.6689 62.7134 -307.5890
v  -10008.5488 62.7134 -307.1090
v  -10007.7480 62.7134 -306.3091
v  -10007.2686 62.7134 -305.1890
v  -10007.1084 62.7134 -303.7490
v  -10057.1084 62.7134 -253.7490
v  -10011.1084 62.7134 -253.7490
v  -10011.1084 62.7134 -187.7490
v  -10057.1084 62.7134 -191.7490
v  -10053.1084 62.7134 -187.7490
v  -10054.5488 62.7134 -187.9091
v  -10055.6689 62.7134 -188.3890
v  -10056.4688 62.7134 -189.1890
v  -10056.9482 62.7134 -190.3091
v  -8597.1094 62.7134 -187.7489
v  -8597.1094 62.7134 -257.7489
v  -8551.1084 62.7134 -257.7489
v  -8551.1084 62.7134 -187.7489
v  -8547.1084 62.7134 -261.7489
v  -8547.1084 62.7134 -303.7489
v  -8546.9482 62.7134 -305.1888
v  -8546.4688 62.7134 -306.3090
v  -8545.6689 62.7134 -307.1089
v  -8544.5488 62.7134 -307.5889
v  -8543.1084 62.7134 -307.7489
v  -8497.1084 62.7134 -303.7489
v  -8501.1084 62.7134 -307.7489
v  -8499.6689 62.7134 -307.5889
v  -8498.5488 62.7134 -307.1089
v  -8497.7480 62.7134 -306.3090
v  -8497.2686 62.7134 -305.1888
v  -8497.1084 62.7134 -261.7489
v  -8497.1084 62.7134 -253.7489
v  -8497.1084 62.7134 -191.7489
v  -8497.2686 62.7134 -190.3090
v  -8497.7480 62.7134 -189.1888
v  -8498.5488 62.7134 -188.3889
v  -8499.6689 62.7134 -187.9089
v  -8501.1084 62.7134 -187.7489
v  -8543.1084 62.7134 -187.7489
v  -8543.1084 62.7134 -253.7489
v  -9957.1279 107.5774 -187.7490
v  -9957.1279 107.5774 -257.7490
v  -9957.1279 111.5774 -191.7490
v  -9957.1279 111.5774 -253.7490
v  -8597.1094 107.5774 -187.7489
v  -8597.1094 107.5774 -257.7489
v  -8597.1094 111.5774 -253.7489
v  -8597.1094 111.5774 -191.7489
v  -9957.1279 109.0174 -257.5890
v  -9957.1279 110.1374 -257.1090
v  -9957.1279 110.9374 -256.3091
v  -9957.1279 111.4174 -255.1890
v  -9957.1279 111.4174 -190.3091
v  -9957.1279 110.9374 -189.1890
v  -9957.1279 110.1374 -188.3890
v  -9957.1279 109.0174 -187.9091
v  -8597.1094 109.0174 -187.9089
v  -8597.1094 110.1374 -188.3889
v  -8597.1094 110.9374 -189.1888
v  -8597.1094 111.4174 -190.3090
v  -8597.1094 111.4174 -255.1888
v  -8597.1094 110.9374 -256.3090
v  -8597.1094 110.1374 -257.1089
v  -8597.1094 109.0174 -257.5889
v  -8501.1084 2074.8806 -1114.1072
v  -8543.1084 2074.9058 -1114.1072
v  -8497.1084 2161.5547 -1114.1072
v  -8497.1084 2078.8782 -1114.1072
v  -8547.1084 2078.9082 -1114.1072
v  -8547.1084 2161.5547 -1114.1072
v  -8543.1084 2074.9058 -914.1071
v  -8501.1084 2074.8806 -914.1071
v  -8497.1084 2078.8782 -914.1071
v  -8497.1084 2161.5547 -914.1071
v  -8547.1084 2161.5547 -914.1071
v  -8547.1084 2078.9082 -914.1071
v  -8497.1143 62.6981 -1110.1072
v  -8497.1143 62.6981 -918.1071
v  -8497.2744 62.6982 -916.6671
v  -8497.7539 62.6984 -915.5471
v  -8498.5547 62.6989 -914.7471
v  -8499.6748 62.6996 -914.2671
v  -8501.1143 62.7004 -914.1071
v  -8547.1143 62.7280 -918.1071
v  -8543.1143 62.7256 -914.1071
v  -8544.5547 62.7264 -914.2671
v  -8545.6748 62.7271 -914.7471
v  -8546.4746 62.7276 -915.5471
v  -8546.9541 62.7279 -916.6671
v  -8547.1143 62.7280 -1110.1072
v  -8546.9541 62.7279 -1111.5471
v  -8546.4746 62.7276 -1112.6671
v  -8545.6748 62.7271 -1113.4670
v  -8544.5547 62.7264 -1113.9471
v  -8543.1143 62.7256 -1114.1072
v  -8497.2744 62.6982 -1111.5471
v  -8497.7539 62.6984 -1112.6671
v  -8498.5547 62.6989 -1113.4670
v  -8499.6748 62.6996 -1113.9471
v  -8501.1143 62.7004 -1114.1072
v  -8497.1084 2078.0781 -914.9071
v  -8497.1084 2077.2783 -915.7071
v  -8497.1084 2076.4780 -916.5071
v  -8497.1084 2075.6782 -917.3071
v  -8497.1084 2074.8782 -918.1071
v  -8497.1084 2074.8782 -1110.1072
v  -8497.1084 2075.6782 -1110.9071
v  -8497.1084 2076.4780 -1111.7072
v  -8497.1084 2077.2783 -1112.5071
v  -8497.1084 2078.0781 -1113.3071
v  -8547.1084 2074.9082 -1110.1072
v  -8547.1084 2074.9082 -918.1071
v  -8547.1084 2075.7080 -917.3071
v  -8547.1084 2076.5081 -916.5071
v  -8547.1084 2077.3081 -915.7071
v  -8547.1084 2078.1079 -914.9071
v  -8547.1084 2075.7080 -1110.9071
v  -8547.1084 2076.5081 -1111.7072
v  -8547.1084 2077.3081 -1112.5071
v  -8547.1084 2078.1079 -1113.3071
v  -8549.6680 2161.5547 -1486.1111
v  -8548.5488 2161.5547 -1485.6311
v  -8547.7480 2161.5547 -1484.8311
v  -8547.2686 2161.5547 -1483.7111
v  -8547.2686 2161.5544 -260.3090
v  -8547.7480 2161.5544 -259.1888
v  -8548.5488 2161.5544 -258.3890
v  -8549.6689 2161.5544 -257.9091
v  -10004.5488 2161.5544 -257.9092
v  -10005.6689 2161.5544 -258.3892
v  -10006.4688 2161.5544 -259.1890
v  -10006.9482 2161.5544 -260.3091
v  -10006.9482 2161.5547 -1483.7113
v  -10006.4688 2161.5547 -1484.8313
v  -10005.6680 2161.5547 -1485.6312
v  -10004.5488 2161.5547 -1486.1112
v  -10003.1084 2190.8181 -1556.2712
v  -9727.1084 2190.8181 -1556.2712
v  -10057.1084 2190.8181 -1204.9851
v  -10057.1084 2190.8181 -1482.2712
v  -10053.1084 2190.8181 -1556.2712
v  -10011.1084 2190.8181 -1556.2712
v  -10057.1084 2190.8181 -1490.2712
v  -10057.1084 2190.8181 -1552.2712
v  -8827.1084 2190.8181 -1556.2711
v  -8551.1084 2190.8181 -1556.2711
v  -8497.1084 2190.8181 -1482.2711
v  -8497.1084 2190.8181 -1436.2711
v  -8543.1084 2190.8181 -1556.2711
v  -8501.1084 2190.8181 -1556.2711
v  -8497.1084 2190.8181 -1552.2711
v  -8497.1084 2190.8181 -1490.2711
v  -9957.1279 2190.8181 -187.7490
v  -10003.1084 2190.8181 -187.7490
v  -10057.1084 2190.8181 -261.7490
v  -10057.1084 2190.8181 -307.7490
v  -10011.1084 2190.8181 -187.7490
v  -10053.1084 2190.8181 -187.7490
v  -10057.1084 2190.8181 -191.7490
v  -10057.1084 2190.8181 -253.7490
v  -8551.1084 2190.8181 -187.7489
v  -8597.1094 2190.8181 -187.7489
v  -8497.1084 2190.8181 -307.7489
v  -8497.1084 2190.8181 -261.7489
v  -8501.1084 2190.8181 -187.7489
v  -8543.1084 2190.8181 -187.7489
v  -8497.1084 2190.8181 -253.7489
v  -8497.1084 2190.8181 -191.7489
v  -8497.1084 2190.8181 -1114.1071
v  -8497.1084 2190.8181 -914.1071
v  -10054.5488 2190.8181 -1556.1112
v  -10055.6680 2190.8181 -1555.6312
v  -10056.4688 2190.8181 -1554.8313
v  -10056.9482 2190.8181 -1553.7113
v  -10057.1084 2190.8181 -1488.6713
v  -10057.1084 2190.8181 -1487.0713
v  -10057.1084 2190.8181 -1485.4712
v  -10057.1084 2190.8181 -1483.8712
v  -10057.1084 2190.8181 -260.1490
v  -10057.1084 2190.8181 -258.5491
v  -10057.1084 2190.8181 -256.9490
v  -10057.1084 2190.8181 -255.3490
v  -10056.9482 2190.8181 -190.3091
v  -10056.4688 2190.8181 -189.1890
v  -10055.6689 2190.8181 -188.3890
v  -10054.5488 2190.8181 -187.9091
v  -10009.5088 2190.8181 -187.7490
v  -10007.9082 2190.8181 -187.7490
v  -10006.3086 2190.8181 -187.7490
v  -10004.7080 2190.8181 -187.7490
v  -8549.5088 2190.8181 -187.7489
v  -8547.9082 2190.8181 -187.7489
v  -8546.3086 2190.8181 -187.7489
v  -8544.7090 2190.8181 -187.7489
v  -8499.6689 2190.8181 -187.9089
v  -8498.5488 2190.8181 -188.3889
v  -8497.7480 2190.8181 -189.1888
v  -8497.2686 2190.8181 -190.3090
v  -8497.1084 2190.8181 -255.3489
v  -8497.1084 2190.8181 -256.9489
v  -8497.1084 2190.8181 -258.5490
v  -8497.1084 2190.8181 -260.1489
v  -8497.1084 2190.8181 -1483.8711
v  -8497.1084 2190.8181 -1485.4711
v  -8497.1084 2190.8181 -1487.0710
v  -8497.1084 2190.8181 -1488.6710
v  -8497.2686 2190.8181 -1553.7111
v  -8497.7480 2190.8181 -1554.8311
v  -8498.5488 2190.8181 -1555.6311
v  -8499.6680 2190.8181 -1556.1111
v  -8544.7080 2190.8181 -1556.2711
v  -8546.3086 2190.8181 -1556.2711
v  -8547.9082 2190.8181 -1556.2711
v  -8549.5088 2190.8181 -1556.2711
v  -10009.5088 2190.8181 -1556.2712
v  -10007.9082 2190.8181 -1556.2712
v  -10006.3086 2190.8181 -1556.2712
v  -10004.7080 2190.8181 -1556.2712
v  -10004.5488 62.7134 -1486.7512
v  -10004.7080 62.7134 -1487.0713
v  -8550.1484 62.7134 -1485.7911
v  -8550.3086 62.7134 -1485.4711
v  -10009.6689 62.7134 -254.7090
v  -10009.5088 62.7134 -254.5491
v  -8549.6689 62.7134 -257.2689
v  -8549.5088 62.7134 -256.9489
v  -8546.3086 2074.9077 -1110.9071
v  -8546.4688 2075.0679 -1110.9071
v  -8497.7480 2078.0786 -1113.9471
v  -8497.9082 2078.0786 -1114.1072
v  -8546.4688 2078.1077 -914.2671
v  -8546.3086 2078.1074 -914.1071
v  -8497.9082 2074.8787 -917.3071
v  -8497.7480 2075.0386 -917.3071
v  -10009.5088 1160.5300 -1556.2712
v  -10009.5088 2161.5547 -1556.2712
v  -8549.5088 1160.5300 -1556.2711
v  -8549.5088 2161.5547 -1556.2711
v  -8549.6680 1160.5300 -1486.1111
v  -8497.1084 1160.5300 -1488.6711
v  -8497.1084 2161.5547 -1488.6710
v  -8499.6680 1160.5300 -1556.1111
v  -8499.6680 2161.5547 -1556.1111
v  -9729.6680 1160.5300 -1556.1112
v  -9727.1084 2078.2002 -1556.1112
v  -8824.5488 1160.5300 -1486.4312
v  -8827.1084 2078.2002 -1486.4312
v  -9727.1084 2078.2002 -1486.4313
v  -8827.1084 2075.8003 -1553.7112
v  -9727.1084 2075.8003 -1553.7112
v  -9729.6680 1160.5300 -1486.4313
v  -10057.1084 2161.5547 -1488.6713
v  -10057.1084 1160.5300 -1488.6713
v  -10006.9482 1160.5300 -1483.7112
v  -10056.9482 2078.2002 -1204.9851
v  -10056.9482 1160.5300 -1207.5452
v  -10009.6680 2075.8003 -1204.9851
v  -10009.6680 1160.5300 -1205.1450
v  -10054.5488 2161.5547 -1556.1112
v  -10054.5488 1160.5300 -1556.1112
v  -8827.1084 2078.2002 -1556.1111
v  -8824.5488 1160.5300 -1556.1111
v  -10057.1084 62.7134 -1488.6713
v  -10010.3086 62.7134 -1488.6713
v  -10009.5088 62.7134 -1489.4712
v  -10009.5088 62.7134 -1556.2712
v  -8549.5088 62.7134 -1487.0712
v  -8549.5088 62.7134 -1556.2711
v  -8543.9082 62.7134 -1488.6711
v  -8497.1084 62.7134 -1488.6711
v  -10004.7080 1160.5300 -1556.2712
v  -10004.7080 62.7134 -1556.2712
v  -10003.9082 62.7134 -1485.4712
v  -10004.5488 1160.5300 -1486.1112
v  -8497.2686 1160.5300 -1438.8311
v  -8544.5488 1160.5300 -1436.4312
v  -8547.9082 62.7134 -1483.0712
v  -8547.2686 1160.5300 -1483.7111
v  -10009.5088 2161.5544 -187.7490
v  -10009.5088 1160.5300 -187.7490
v  -8549.6689 1160.5300 -257.9089
v  -8497.1084 2161.5544 -255.3490
v  -8497.1084 1160.5300 -255.3489
v  -8497.2686 2077.4382 -307.7489
v  -8497.2686 1160.5300 -305.1888
v  -8544.5488 2075.0664 -307.7489
v  -8544.5488 1160.5300 -307.5889
v  -8499.6689 2161.5544 -187.9091
v  -8499.6689 1160.5300 -187.9089
v  -9957.1279 2078.2002 -187.9091
v  -9959.6885 1160.5300 -187.9091
v  -8597.1094 2078.2002 -257.5889
v  -8594.5498 1160.5300 -257.5889
v  -9957.1279 2078.2002 -257.5890
v  -9957.1279 2075.8003 -190.3091
v  -8597.1094 2075.8003 -190.3090
v  -10004.5488 1160.5300 -257.9091
v  -9959.6885 1160.5300 -257.5890
v  -10057.1084 1160.5300 -255.3490
v  -10057.1084 2161.5544 -255.3491
v  -10054.5488 1160.5300 -187.9091
v  -10054.5488 2161.5544 -187.9092
v  -8594.5498 1160.5300 -187.9089
v  -8597.1094 2078.2002 -187.9089
v  -8544.7090 1160.5300 -187.7489
v  -8544.7090 2161.5544 -187.7489
v  -10004.7090 62.7134 -256.9490
v  -10004.7090 62.7134 -187.7490
v  -10010.3086 62.7134 -255.3490
v  -10057.1084 62.7134 -255.3490
v  -8549.5088 62.7134 -187.7489
v  -8497.1084 62.7134 -255.3489
v  -8543.9082 62.7134 -255.3489
v  -10004.7090 1160.5300 -187.7490
v  -10003.9082 62.7134 -258.5491
v  -10056.9482 1160.5300 -305.1890
v  -10009.6689 1160.5300 -307.5890
v  -8549.5088 1160.5300 -187.7489
v  -8550.3086 62.7134 -258.5490
v  -8497.2686 2077.4382 -1436.2711
v  -8544.5488 2075.0664 -1436.2711
v  -8546.3086 2078.1074 -1114.1072
v  -8546.9482 2077.4680 -1436.2711
v  -8500.3086 2075.6802 -1114.1072
v  -8499.6680 2075.0396 -1436.2711
v  -10056.9482 2078.2002 -307.7490
v  -10009.6689 2075.8003 -307.7490
v  -8546.9482 2077.4680 -307.7489
v  -8499.6689 2075.0396 -307.7489
v  -8500.3086 2075.6802 -914.1071
v  -8500.3086 2074.8801 -1113.3071
v  -8543.9082 2074.9063 -914.9071
v  -10004.7080 2161.5547 -1556.2712
v  -8544.7080 2161.5547 -1556.2711
v  -8497.1084 2161.5547 -1483.8711
v  -8497.2686 2161.5547 -1553.7111
v  -10057.1084 2161.5544 -260.1492
v  -10056.9482 2161.5544 -190.3091
v  -8549.5088 2161.5544 -187.7489
v  -10004.0684 62.7134 -1485.7913
v  -10005.0283 62.7134 -1485.3113
v  -10004.7080 62.7134 -1484.6713
v  -10005.9883 62.7134 -1484.8313
v  -10005.5088 62.7134 -1483.8712
v  -10006.9482 62.7134 -1484.3512
v  -10006.3086 62.7134 -1483.0713
v  -10007.9082 62.7134 -1483.8712
v  -10004.2285 62.7134 -1486.1112
v  -10005.3486 62.7134 -1485.9513
v  -10006.4688 62.7134 -1485.7913
v  -10007.5889 62.7134 -1485.6312
v  -10008.7080 62.7134 -1485.4712
v  -10004.3887 62.7134 -1486.4313
v  -10005.6680 62.7134 -1486.5912
v  -10006.9482 62.7134 -1486.7512
v  -10008.2285 62.7134 -1486.9113
v  -10009.5088 62.7134 -1487.0713
v  -10005.9883 62.7134 -1487.2312
v  -10007.4287 62.7134 -1487.7112
v  -10008.8682 62.7134 -1488.1913
v  -10006.3086 62.7134 -1487.8712
v  -10007.9082 62.7134 -1488.6713
v  -8549.6680 62.7134 -1486.7511
v  -8548.2285 62.7134 -1487.2311
v  -8547.9082 62.7134 -1487.8711
v  -8546.7881 62.7134 -1487.7111
v  -8546.3086 62.7134 -1488.6711
v  -8545.3486 62.7134 -1488.1912
v  -8544.7080 62.7134 -1489.4711
v  -8549.8281 62.7134 -1486.4312
v  -8548.5488 62.7134 -1486.5911
v  -8547.2686 62.7134 -1486.7511
v  -8545.9883 62.7134 -1486.9111
v  -8544.7080 62.7134 -1487.0712
v  -8549.9883 62.7134 -1486.1111
v  -8548.8682 62.7134 -1485.9512
v  -8547.7480 62.7134 -1485.7911
v  -8546.6289 62.7134 -1485.6311
v  -8545.5088 62.7134 -1485.4711
v  -8549.1885 62.7134 -1485.3112
v  -8548.2285 62.7134 -1484.8311
v  -8547.2686 62.7134 -1484.3511
v  -8546.3086 62.7134 -1483.8711
v  -8549.5088 62.7134 -1484.6711
v  -8548.7080 62.7134 -1483.8711
v  -10010.1484 62.7134 -255.1890
v  -10009.1885 62.7134 -256.6290
v  -10009.5088 62.7134 -256.9490
v  -10008.2285 62.7134 -258.0690
v  -10008.7090 62.7134 -258.5491
v  -10007.2686 62.7134 -259.5090
v  -10007.9082 62.7134 -260.1490
v  -10006.3086 62.7134 -260.9490
v  -10009.9883 62.7134 -255.0291
v  -10008.8682 62.7134 -256.3091
v  -10007.7480 62.7134 -257.5890
v  -10006.6289 62.7134 -258.8690
v  -10005.5088 62.7134 -260.1490
v  -10009.8281 62.7134 -254.8690
v  -10008.5488 62.7134 -255.9890
v  -10007.2686 62.7134 -257.1090
v  -10005.9883 62.7134 -258.2290
v  -10004.7090 62.7134 -259.3490
v  -10008.2285 62.7134 -255.6691
v  -10006.7881 62.7134 -256.6290
v  -10005.3486 62.7134 -257.5890
v  -10007.9082 62.7134 -255.3490
v  -10006.3086 62.7134 -256.1490
v  -8550.1484 62.7134 -258.2289
v  -8549.1885 62.7134 -258.7089
v  -8549.5088 62.7134 -259.3489
v  -8548.2285 62.7134 -259.1888
v  -8548.7090 62.7134 -260.1489
v  -8547.2686 62.7134 -259.6689
v  -8547.9082 62.7134 -260.9489
v  -8546.3086 62.7134 -260.1489
v  -8549.9883 62.7134 -257.9089
v  -8548.8682 62.7134 -258.0688
v  -8547.7480 62.7134 -258.2289
v  -8546.6289 62.7134 -258.3889
v  -8545.5088 62.7134 -258.5490
v  -8549.8281 62.7134 -257.5889
v  -8548.5488 62.7134 -257.4290
v  -8547.2686 62.7134 -257.2689
v  -8545.9883 62.7134 -257.1089
v  -8544.7090 62.7134 -256.9489
v  -8548.2285 62.7134 -256.7889
v  -8546.7891 62.7134 -256.3090
v  -8545.3486 62.7134 -255.8289
v  -8547.9082 62.7134 -256.1489
v  -8546.3086 62.7134 -255.3489
v  -8544.7090 62.7134 -254.5490
v  -8546.9482 2075.5479 -1110.9071
v  -8546.7881 2076.1880 -1111.7072
v  -8546.6289 2076.8276 -1112.5071
v  -8546.4688 2077.4678 -1113.3071
v  -8546.7881 2075.3879 -1110.9071
v  -8546.4688 2075.8677 -1111.7072
v  -8546.1484 2076.3477 -1112.5071
v  -8545.8281 2076.8271 -1113.3071
v  -8545.5088 2077.3071 -1114.1072
v  -8546.6289 2075.2278 -1110.9071
v  -8546.1484 2075.5474 -1111.7072
v  -8545.6680 2075.8672 -1112.5071
v  -8545.1885 2076.1870 -1113.3071
v  -8544.7080 2076.5066 -1114.1072
v  -8545.8281 2075.2273 -1111.7072
v  -8545.1885 2075.3870 -1112.5071
v  -8544.5488 2075.5464 -1113.3071
v  -8543.9082 2075.7061 -1114.1072
v  -8545.5088 2074.9072 -1111.7072
v  -8544.7080 2074.9067 -1112.5071
v  -8543.9082 2074.9063 -1113.3071
v  -8497.2686 2078.0781 -1113.4670
v  -8497.4287 2077.2783 -1112.8271
v  -8497.5879 2076.4785 -1112.1871
v  -8497.7480 2075.6787 -1111.5471
v  -8497.9082 2074.8787 -1110.9071
v  -8497.4287 2078.0784 -1113.6271
v  -8497.7480 2077.2786 -1113.1471
v  -8498.0684 2076.4788 -1112.6671
v  -8498.3887 2075.6790 -1112.1871
v  -8498.7080 2074.8792 -1111.7072
v  -8497.5879 2078.0786 -1113.7871
v  -8498.0684 2077.2788 -1113.4670
v  -8498.5488 2076.4790 -1113.1471
v  -8499.0283 2075.6792 -1112.8271
v  -8499.5088 2074.8796 -1112.5071
v  -8498.3887 2077.2788 -1113.7871
v  -8499.0283 2076.4795 -1113.6271
v  -8499.6680 2075.6797 -1113.4670
v  -8498.7080 2077.2793 -1114.1072
v  -8499.5088 2076.4795 -1114.1072
v  -8546.9482 2078.1079 -914.7471
v  -8546.7881 2077.3079 -915.3871
v  -8546.6289 2076.5078 -916.0271
v  -8546.4688 2075.7075 -916.6671
v  -8546.3086 2074.9077 -917.3071
v  -8546.7881 2078.1079 -914.5871
v  -8546.4688 2077.3076 -915.0671
v  -8546.1484 2076.5073 -915.5471
v  -8545.8281 2075.7073 -916.0271
v  -8545.5088 2074.9072 -916.5071
v  -8546.6289 2078.1079 -914.4271
v  -8546.1484 2077.3076 -914.7471
v  -8545.6680 2076.5073 -915.0671
v  -8545.1885 2075.7070 -915.3871
v  -8544.7080 2074.9067 -915.7071
v  -8545.8281 2077.3074 -914.4271
v  -8545.1885 2076.5068 -914.5871
v  -8544.5488 2075.7065 -914.7471
v  -8545.5088 2077.3071 -914.1071
v  -8544.7080 2076.5066 -914.1071
v  -8543.9082 2075.7061 -914.1071
v  -8497.2686 2075.5183 -917.3071
v  -8497.4287 2076.1582 -916.5071
v  -8497.5879 2076.7983 -915.7071
v  -8497.7480 2077.4385 -914.9071
v  -8497.9082 2078.0786 -914.1071
v  -8497.4287 2075.3584 -917.3071
v  -8497.7480 2075.8384 -916.5071
v  -8498.0684 2076.3188 -915.7071
v  -8498.3887 2076.7988 -914.9071
v  -8498.7080 2077.2793 -914.1071
v  -8497.5879 2075.1985 -917.3071
v  -8498.0684 2075.5188 -916.5071
v  -8498.5488 2075.8389 -915.7071
v  -8499.0283 2076.1592 -914.9071
v  -8499.5088 2076.4795 -914.1071
v  -8498.3887 2075.1990 -916.5071
v  -8499.0283 2075.3594 -915.7071
v  -8499.6680 2075.5195 -914.9071
v  -8498.7080 2074.8792 -916.5071
v  -8499.5088 2074.8796 -915.7071
v  -8500.3086 2074.8801 -914.9071
v  -10007.9082 1160.5300 -1556.2712
v  -10007.9082 2161.5547 -1556.2712
v  -10006.3086 1160.5300 -1556.2712
v  -10006.3086 2161.5547 -1556.2712
v  -8547.9082 1160.5300 -1556.2711
v  -8547.9082 2161.5547 -1556.2711
v  -8546.3086 1160.5300 -1556.2711
v  -8546.3086 2161.5547 -1556.2711
v  -8544.7080 1160.5300 -1556.2711
v  -8548.5488 1160.5300 -1485.6311
v  -8547.7480 1160.5300 -1484.8311
v  -8497.1084 1160.5300 -1487.0712
v  -8497.1084 2161.5547 -1487.0710
v  -8497.1084 1160.5300 -1485.4711
v  -8497.1084 2161.5547 -1485.4711
v  -8497.1084 1160.5300 -1483.8711
v  -8498.5488 1160.5300 -1555.6311
v  -8498.5488 2161.5547 -1555.6311
v  -8497.7480 1160.5300 -1554.8311
v  -8497.7480 2161.5547 -1554.8312
v  -8497.2686 1160.5300 -1553.7111
v  -9728.5488 1160.5300 -1555.6312
v  -9727.1084 2077.0801 -1555.6312
v  -9727.7480 1160.5300 -1554.8312
v  -9727.1084 2076.2803 -1554.8312
v  -9727.2686 1160.5300 -1553.7112
v  -8825.6680 1160.5300 -1486.9111
v  -8827.1084 2077.0801 -1486.9111
v  -8826.4688 1160.5300 -1487.7112
v  -8827.1084 2076.2803 -1487.7112
v  -8826.9482 1160.5300 -1488.8312
v  -8827.1084 2075.8003 -1488.8312
v  -9727.1084 2077.0801 -1486.9113
v  -9727.1084 2076.2803 -1487.7112
v  -9727.1084 2075.8003 -1488.8312
v  -8827.1084 2076.2803 -1554.8312
v  -8827.1084 2077.0801 -1555.6311
v  -9728.5488 1160.5300 -1486.9113
v  -9727.7480 1160.5300 -1487.7112
v  -9727.2686 1160.5300 -1488.8312
v  -10057.1084 2161.5547 -1487.0713
v  -10057.1084 1160.5300 -1487.0713
v  -10057.1084 2161.5547 -1485.4712
v  -10057.1084 1160.5300 -1485.4712
v  -10057.1084 2161.5547 -1483.8712
v  -10057.1084 1160.5300 -1483.8712
v  -10006.4688 1160.5300 -1484.8313
v  -10005.6680 1160.5300 -1485.6312
v  -10056.4688 2077.0801 -1204.9851
v  -10056.4688 1160.5300 -1206.4250
v  -10055.6680 2076.2803 -1204.9851
v  -10055.6680 1160.5300 -1205.6251
v  -10054.5488 2075.8003 -1204.9851
v  -10054.5488 1160.5300 -1205.1450
v  -10008.5488 2076.2803 -1204.9851
v  -10008.5488 1160.5300 -1205.6251
v  -10007.7480 2077.0801 -1204.9851
v  -10007.7480 1160.5300 -1206.4250
v  -10007.2686 2078.2002 -1204.9851
v  -10007.2686 1160.5300 -1207.5452
v  -10055.6680 2161.5547 -1555.6312
v  -10055.6680 1160.5300 -1555.6312
v  -10056.4688 2161.5547 -1554.8313
v  -10056.4688 1160.5300 -1554.8313
v  -10056.9482 2161.5547 -1553.7112
v  -10056.9482 1160.5300 -1553.7113
v  -8825.6680 1160.5300 -1555.6311
v  -8826.4688 1160.5300 -1554.8312
v  -8826.9482 1160.5300 -1553.7112
v  -10057.1084 62.7134 -1487.0713
v  -10057.1084 62.7134 -1485.4712
v  -10057.1084 62.7134 -1483.8712
v  -10007.9082 62.7134 -1556.2712
v  -10006.3086 62.7134 -1556.2712
v  -8547.9082 62.7134 -1556.2711
v  -8546.3086 62.7134 -1556.2711
v  -8544.7080 62.7134 -1556.2711
v  -8497.1084 62.7134 -1487.0712
v  -8497.1084 62.7134 -1485.4711
v  -8497.1084 62.7134 -1483.8711
v  -8497.7480 1160.5300 -1437.7111
v  -8498.5488 1160.5300 -1436.9111
v  -8499.6680 1160.5300 -1436.4312
v  -8545.6680 1160.5300 -1436.9111
v  -8546.4688 1160.5300 -1437.7112
v  -8546.9482 1160.5300 -1438.8311
v  -10007.9082 2161.5544 -187.7490
v  -10007.9082 1160.5300 -187.7490
v  -10006.3086 2161.5544 -187.7490
v  -10006.3086 1160.5300 -187.7490
v  -10004.7080 2161.5544 -187.7490
v  -8548.5488 1160.5300 -258.3889
v  -8547.7480 1160.5300 -259.1888
v  -8547.2686 1160.5300 -260.3090
v  -8497.1084 2161.5544 -256.9489
v  -8497.1084 1160.5300 -256.9489
v  -8497.1084 2161.5544 -258.5490
v  -8497.1084 1160.5300 -258.5490
v  -8497.1084 2161.5544 -260.1490
v  -8497.1084 1160.5300 -260.1489
v  -8497.7480 2076.3186 -307.7489
v  -8497.7480 1160.5300 -306.3090
v  -8498.5488 2075.5190 -307.7489
v  -8498.5488 1160.5300 -307.1089
v  -8499.6689 1160.5300 -307.5889
v  -8545.6689 2075.5474 -307.7489
v  -8545.6689 1160.5300 -307.1089
v  -8546.4688 2076.3477 -307.7489
v  -8546.4688 1160.5300 -306.3090
v  -8546.9482 1160.5300 -305.1888
v  -8498.5488 2161.5544 -188.3890
v  -8498.5488 1160.5300 -188.3889
v  -8497.7480 2161.5544 -189.1888
v  -8497.7480 1160.5300 -189.1888
v  -8497.2686 2161.5544 -190.3090
v  -8497.2686 1160.5300 -190.3090
v  -9957.1279 2077.0801 -188.3890
v  -9958.5684 1160.5300 -188.3890
v  -9957.1279 2076.2803 -189.1890
v  -9957.7676 1160.5300 -189.1890
v  -9957.2881 1160.5300 -190.3091
v  -8597.1094 2077.0801 -257.1089
v  -8595.6699 1160.5300 -257.1089
v  -8597.1094 2076.2803 -256.3090
v  -8596.4697 1160.5300 -256.3090
v  -8597.1094 2075.8003 -255.1888
v  -8596.9492 1160.5300 -255.1888
v  -9957.1279 2077.0801 -257.1090
v  -9957.1279 2076.2803 -256.3091
v  -9957.1279 2075.8003 -255.1890
v  -8597.1094 2076.2803 -189.1888
v  -8597.1094 2077.0801 -188.3889
v  -10005.6689 1160.5300 -258.3890
v  -10006.4688 1160.5300 -259.1890
v  -10006.9482 1160.5300 -260.3091
v  -9958.5684 1160.5300 -257.1090
v  -9957.7676 1160.5300 -256.3091
v  -9957.2881 1160.5300 -255.1890
v  -10057.1084 1160.5300 -256.9490
v  -10057.1084 2161.5544 -256.9490
v  -10057.1084 1160.5300 -258.5491
v  -10057.1084 2161.5544 -258.5491
v  -10057.1084 1160.5300 -260.1490
v  -10055.6689 1160.5300 -188.3890
v  -10055.6689 2161.5544 -188.3892
v  -10056.4688 1160.5300 -189.1890
v  -10056.4688 2161.5544 -189.1890
v  -10056.9482 1160.5300 -190.3091
v  -8595.6699 1160.5300 -188.3889
v  -8596.4697 1160.5300 -189.1888
v  -8596.9492 1160.5300 -190.3090
v  -8546.3086 1160.5300 -187.7489
v  -8546.3086 2161.5544 -187.7489
v  -8547.9082 1160.5300 -187.7489
v  -8547.9082 2161.5544 -187.7489
v  -10006.3086 62.7134 -187.7490
v  -10007.9082 62.7134 -187.7490
v  -10009.5088 62.7134 -187.7490
v  -10057.1084 62.7134 -256.9490
v  -10057.1084 62.7134 -258.5491
v  -10057.1084 62.7134 -260.1490
v  -8547.9082 62.7134 -187.7489
v  -8546.3086 62.7134 -187.7489
v  -8544.7090 62.7134 -187.7489
v  -8497.1084 62.7134 -256.9489
v  -8497.1084 62.7134 -258.5490
v  -8497.1084 62.7134 -260.1489
v  -10056.4688 1160.5300 -306.3091
v  -10055.6689 1160.5300 -307.1090
v  -10054.5488 1160.5300 -307.5890
v  -10008.5488 1160.5300 -307.1090
v  -10007.7480 1160.5300 -306.3091
v  -10007.2686 1160.5300 -305.1890
v  -8497.7480 2076.3186 -1436.2711
v  -8498.5488 2075.5190 -1436.2711
v  -8545.6680 2075.5474 -1436.2711
v  -8546.4688 2076.3477 -1436.2711
v  -10056.4688 2077.0801 -307.7490
v  -10055.6689 2076.2803 -307.7490
v  -10054.5488 2075.8003 -307.7490
v  -10008.5488 2076.2803 -307.7490
v  -10007.7480 2077.0801 -307.7490
v  -10007.2686 2078.2002 -307.7490
# 934 vertices

vn 0.0000 -1.0000 -0.0000
vn 0.0000 0.0000 -1.0000
vn -0.0000 0.0000 1.0000
vn 1.0000 0.0000 0.0000
vn -1.0000 0.0000 -0.0000
vn 0.0000 -1.0000 0.0000
vn -0.0000 -1.0000 0.0000
vn -0.0000 -1.0000 -0.0000
vn -0.0006 -1.0000 -0.0000
vn -0.0006 -1.0000 0.0000
vn 1.0000 -0.0000 0.0000
vn 0.0000 1.0000 -0.0000
vn -0.5776 -0.5772 -0.5773
vn 0.5772 -0.5775 -0.5773
vn -0.5775 -0.5772 0.5773
vn 0.5771 -0.5775 0.5775
vn -0.1104 -0.0000 0.9939
vn 0.1104 0.0000 -0.9939
vn 0.2162 -0.0008 -0.9764
vn -0.2162 -0.0008 0.9763
vn -0.0000 -0.1104 0.9939
vn 0.0000 -0.9939 -0.1105
vn 0.2162 -0.0008 0.9764
vn 0.9939 0.0000 0.1104
vn -0.9763 -0.0008 0.2162
vn 0.0555 -0.0001 0.9985
vn -0.1104 0.0000 -0.9939
vn -0.2162 -0.0008 -0.9763
vn 0.2163 0.0007 -0.9763
vn 0.3939 0.0004 0.9191
vn 0.2163 0.0007 0.9763
vn -0.9939 0.0000 0.1104
vn 0.1104 0.0000 0.9939
vn -0.2163 0.0007 -0.9763
vn -0.2163 0.0007 0.9763
vn 0.9939 0.0000 0.1105
vn -0.1104 0.0000 0.9939
vn -0.9191 0.0004 0.3939
vn -0.1105 -0.0000 -0.9939
vn 0.9763 -0.0008 -0.2162
vn -0.0555 -0.0001 -0.9985
vn 0.1105 0.0000 0.9939
vn 0.2162 -0.0008 0.9763
vn 0.0000 -0.1105 -0.9939
vn -0.0000 -0.9939 0.1105
vn 0.1105 -0.0000 -0.9939
vn 0.2162 -0.0008 -0.9763
vn -0.1105 0.0000 0.9939
vn 0.3939 0.0004 -0.9191
vn -0.9939 0.0000 -0.1104
vn 0.1105 0.0000 -0.9939
vn -0.3939 0.0004 -0.9191
vn 0.9939 0.0000 -0.1105
vn -0.1105 0.0000 -0.9939
vn 0.9763 -0.0008 0.2162
vn -0.0555 -0.0001 0.9985
vn -0.9192 -0.3939 0.0013
vn 0.3934 -0.9194 0.0013
vn -0.9763 -0.0008 -0.2162
vn 0.0555 -0.0001 -0.9985
vn -0.9939 -0.1104 -0.0000
vn 0.1105 -0.9939 0.0000
vn -0.9192 -0.3939 -0.0007
vn 0.3934 -0.9194 -0.0007
vn -0.9191 0.0002 -0.3939
vn 0.3939 0.0002 -0.9191
vn 0.9191 0.0002 0.3939
vn -0.3939 0.0002 0.9192
vn 0.9939 -0.0000 -0.1105
vn -0.9939 0.0000 0.1105
vn 0.1105 -0.0000 0.9939
vn -0.5776 -0.5772 -0.5772
vn -0.5777 -0.5772 -0.5772
vn -0.5776 -0.5773 -0.5772
vn -0.5775 -0.5773 -0.5773
vn -0.5774 -0.5774 -0.5772
vn -0.5775 -0.5774 -0.5772
vn -0.5775 -0.5773 -0.5772
vn 0.5769 -0.5775 -0.5776
vn 0.5772 -0.5774 -0.5775
vn 0.5771 -0.5775 -0.5774
vn 0.5771 -0.5775 -0.5775
vn 0.5773 -0.5774 -0.5774
vn 0.5770 -0.5775 -0.5776
vn 0.5771 -0.5774 -0.5776
vn 0.5772 -0.5775 -0.5774
vn -0.5772 -0.5774 0.5774
vn -0.5776 -0.5772 0.5772
vn -0.5779 -0.5772 0.5770
vn -0.5776 -0.5772 0.5773
vn -0.5776 -0.5773 0.5772
vn -0.5775 -0.5773 0.5772
vn -0.5775 -0.5773 0.5773
vn 0.5770 -0.5775 0.5775
vn 0.5772 -0.5775 0.5774
vn 0.5772 -0.5774 0.5775
vn 0.5773 -0.5773 0.5774
vn 0.5771 -0.5774 0.5775
vn 0.5771 -0.5775 0.5774
vn 0.5771 -0.5776 0.5774
vn -0.3939 -0.0000 0.9192
vn -0.7071 -0.0000 0.7071
vn -0.9192 0.0000 0.3939
vn 0.3939 0.0000 -0.9192
vn 0.7071 -0.0000 -0.7071
vn 0.9192 0.0000 -0.3939
vn 0.6500 -0.0014 -0.7600
vn 0.8942 -0.0010 -0.4476
vn 0.9778 -0.0004 -0.2096
vn 0.9985 -0.0001 -0.0555
vn -0.6499 -0.0014 0.7600
vn -0.8942 -0.0010 0.4476
vn -0.9778 -0.0004 0.2096
vn -0.9985 -0.0001 0.0555
vn -0.0000 -0.3939 0.9192
vn -0.0000 -0.7071 0.7071
vn -0.0000 -0.9192 0.3939
vn 0.0000 -0.9192 -0.3939
vn 0.0000 -0.7071 -0.7071
vn 0.0000 -0.3939 -0.9192
vn 0.0000 -0.1104 -0.9939
vn 0.6500 -0.0014 0.7600
vn 0.8942 -0.0010 0.4476
vn 0.9778 -0.0004 0.2096
vn 0.9985 -0.0001 0.0555
vn 0.9191 0.0000 0.3939
vn 0.7071 -0.0000 0.7071
vn 0.3939 -0.0000 0.9191
vn 0.1104 -0.0000 0.9939
vn -0.7600 -0.0014 0.6500
vn -0.4476 -0.0010 0.8942
vn -0.2096 -0.0004 0.9778
vn 0.2096 -0.0004 0.9778
vn 0.4476 -0.0010 0.8942
vn 0.7600 -0.0014 0.6500
vn 0.9764 -0.0008 0.2162
vn -0.3939 0.0000 -0.9191
vn -0.7071 -0.0000 -0.7071
vn -0.9192 0.0000 -0.3939
vn -0.6499 -0.0014 -0.7600
vn -0.8942 -0.0010 -0.4476
vn -0.9778 -0.0004 -0.2096
vn -0.9985 -0.0001 -0.0555
vn 0.6501 0.0012 -0.7599
vn 0.8942 0.0009 -0.4476
vn 0.9778 0.0004 -0.2096
vn 0.9985 0.0001 -0.0555
vn 0.5547 0.0010 0.8320
vn 0.7071 0.0012 0.7071
vn 0.8320 0.0010 0.5547
vn 0.9191 0.0004 0.3939
vn 0.6501 0.0012 0.7599
vn 0.8942 0.0009 0.4476
vn 0.9778 0.0004 0.2096
vn 0.9985 0.0001 0.0555
vn -0.7071 0.0000 -0.7071
vn -0.9191 0.0000 -0.3939
vn -0.9191 0.0000 0.3939
vn -0.7071 0.0000 0.7071
vn -0.3939 0.0000 0.9191
vn 0.3939 0.0000 0.9191
vn 0.7071 0.0000 0.7071
vn -0.6500 0.0012 -0.7599
vn -0.8943 0.0009 -0.4475
vn -0.9778 0.0004 -0.2096
vn -0.9985 0.0001 -0.0555
vn -0.6500 0.0012 0.7599
vn -0.8943 0.0009 0.4475
vn -0.9778 0.0004 0.2096
vn -0.9985 0.0001 0.0555
vn 0.7071 0.0000 -0.7071
vn 0.9192 0.0000 0.3939
vn 0.3939 0.0000 0.9192
vn -0.3939 0.0000 0.9192
vn -0.8321 0.0010 0.5547
vn -0.7071 0.0012 0.7071
vn -0.5547 0.0010 0.8321
vn -0.3939 0.0004 0.9191
vn -0.3939 -0.0000 -0.9192
vn -0.9939 0.0000 -0.1105
vn 0.7600 -0.0014 -0.6499
vn 0.4476 -0.0010 -0.8942
vn 0.2096 -0.0004 -0.9778
vn -0.2096 -0.0004 -0.9778
vn -0.4476 -0.0010 -0.8942
vn -0.7600 -0.0014 -0.6499
vn 0.8942 -0.0010 0.4477
vn -0.0000 -0.1105 0.9939
vn 0.3939 -0.0000 -0.9192
vn 0.7070 -0.0000 -0.7072
vn 0.9939 0.0000 -0.1104
vn 0.8942 -0.0010 -0.4477
vn -0.7070 0.0000 0.7072
vn 0.5547 0.0010 -0.8321
vn 0.7071 0.0012 -0.7071
vn 0.8321 0.0010 -0.5547
vn 0.9191 0.0004 -0.3939
vn -0.3939 0.0000 -0.9192
vn -0.8942 0.0009 0.4476
vn -0.5547 0.0010 -0.8321
vn -0.7071 0.0012 -0.7071
vn -0.8321 0.0010 -0.5547
vn -0.9191 0.0004 -0.3939
vn -0.8942 0.0009 -0.4476
vn 0.4477 -0.0010 0.8942
vn -0.4477 -0.0010 0.8942
vn -0.8322 -0.5545 0.0034
vn -0.7073 -0.7069 0.0042
vn -0.5550 -0.8318 0.0034
vn -0.3944 -0.9189 0.0013
vn 0.5544 -0.8323 0.0034
vn 0.7069 -0.7073 0.0042
vn 0.8319 -0.5549 0.0034
vn 0.9191 -0.3940 0.0013
vn -0.9192 -0.3939 -0.0000
vn -0.7071 -0.7071 -0.0000
vn -0.3939 -0.9192 -0.0000
vn -0.1105 -0.9939 -0.0000
vn 0.3939 -0.9192 0.0000
vn 0.7071 -0.7071 0.0000
vn 0.9192 -0.3939 0.0000
vn 0.9939 -0.1104 0.0000
vn -0.8322 -0.5545 -0.0018
vn -0.7073 -0.7069 -0.0022
vn -0.5550 -0.8318 -0.0018
vn -0.3944 -0.9189 -0.0007
vn 0.5544 -0.8323 -0.0018
vn 0.7069 -0.7073 -0.0022
vn 0.8319 -0.5549 -0.0018
vn 0.9191 -0.3940 -0.0007
vn -0.8321 0.0006 -0.5547
vn -0.7071 0.0007 -0.7071
vn -0.5547 0.0006 -0.8321
vn -0.3939 0.0002 -0.9191
vn 0.5547 0.0005 -0.8320
vn 0.7071 0.0007 -0.7071
vn 0.8321 0.0005 -0.5547
vn 0.9191 0.0002 -0.3939
vn 0.8321 0.0005 0.5547
vn 0.7071 0.0007 0.7071
vn 0.5547 0.0005 0.8321
vn 0.3939 0.0002 0.9192
vn -0.5547 0.0006 0.8321
vn -0.7071 0.0007 0.7071
vn -0.8321 0.0006 0.5547
vn -0.9191 0.0002 0.3939
vn -0.9939 -0.0000 -0.1105
vn -0.7071 -0.0000 0.7072
vn -0.1105 -0.0000 0.9939
vn 0.3939 -0.0000 0.9192
# 250 vertex normals

vt -0.1800 0.4905 1.4567
vt -0.1800 0.3429 1.4567
vt 1.1800 0.3429 1.4567
vt 1.1800 0.4905 1.4567
vt 1.1800 1.4607 0.3333
vt 1.1800 1.5766 0.3333
vt -0.1800 1.5766 0.3333
vt -0.1800 1.4607 0.3333
vt -0.1800 1.5766 0.5000
vt -0.1800 1.4607 0.5000
vt 1.1800 1.4607 0.5000
vt 1.1800 1.5766 0.5000
vt 0.5320 -1.9310 0.3333
vt 1.5658 -1.9310 0.3333
vt 1.5658 -1.7667 0.3333
vt 1.4511 -1.7667 0.3333
vt 0.5320 -1.7690 0.3333
vt -0.4511 -1.7667 0.5000
vt -0.5658 -1.7667 0.5000
vt -0.5658 -1.9310 0.5000
vt 0.4680 -1.7690 0.5000
vt 0.4680 -1.9310 0.5000
vt 1.4471 0.3429 -1.7667
vt 1.4471 0.4905 -1.7667
vt 0.5320 0.4905 -1.7667
vt 0.5320 0.3429 -1.7667
vt 1.5658 -2.0867 0.3333
vt 1.5658 -1.9467 0.3333
vt 0.5320 -1.9467 0.3333
vt 0.5320 -2.0867 0.3333
vt -0.5658 0.6667 -2.1000
vt -0.5658 0.5008 -2.1000
vt 0.4680 0.5008 -2.1000
vt -0.4511 0.6667 -2.1000
vt 0.4680 0.6658 -2.1000
vt -0.4471 -1.9467 0.6667
vt -0.4471 -2.0867 0.6667
vt 0.4680 -2.0867 0.6667
vt 0.4680 -1.9467 0.6667
vt 1.5658 0.5008 -1.9333
vt 1.5658 0.6667 -1.9333
vt 1.4511 0.6667 -1.9333
vt 0.5320 0.6658 -1.9333
vt 0.5320 0.5008 -1.9333
vt -0.5658 0.4905 -2.1000
vt -0.5658 0.3429 -2.1000
vt 0.4680 0.3429 -2.1000
vt 0.4680 0.4905 -2.1000
vt 1.4511 2.7667 0.3333
vt 1.5658 2.7667 0.3333
vt 1.5658 2.9310 0.3333
vt 0.5320 2.7690 0.3333
vt 0.5320 2.9310 0.3333
vt 0.4680 2.9310 0.5000
vt -0.5658 2.9310 0.5000
vt -0.5658 2.7667 0.5000
vt -0.4511 2.7667 0.5000
vt 0.4680 2.7690 0.5000
vt -0.4471 0.4905 2.7667
vt -0.4471 0.3429 2.7667
vt 0.4680 0.3429 2.7667
vt 0.4680 0.4905 2.7667
vt 1.5658 2.9467 0.3333
vt 1.5658 3.0867 0.3333
vt 0.5320 3.0867 0.3333
vt 0.5320 2.9467 0.3333
vt 1.5658 0.5133 3.1000
vt 1.5658 0.6667 3.1000
vt 1.4503 0.6667 3.1000
vt 0.5320 0.6533 3.1000
vt 0.5320 0.5133 3.1000
vt -0.4463 3.0867 0.6667
vt -0.4464 2.9467 0.6667
vt 0.4680 2.9467 0.6667
vt 0.4680 3.0867 0.6667
vt -0.5658 0.6667 2.9333
vt -0.5658 0.5133 2.9333
vt 0.4680 0.5133 2.9333
vt -0.4504 0.6667 2.9333
vt 0.4680 0.6533 2.9333
vt 1.5658 0.3429 3.1000
vt 1.5658 0.4905 3.1000
vt 0.5320 0.4905 3.1000
vt 0.5320 0.3429 3.1000
vt 0.6667 -1.7667 -0.5658
vt 0.5000 -1.7667 -0.5658
vt 0.5000 -1.9310 -0.5658
vt 0.6667 -1.9310 -0.5658
vt 0.4992 -1.9333 -0.5658
vt 0.3342 -1.9333 -0.5658
vt 0.3339 -1.9339 -0.5658
vt 0.3336 -1.9355 -0.5658
vt 0.3335 -1.9381 -0.5658
vt 0.3334 -1.9419 -0.5658
vt 0.3333 -1.9467 -0.5658
vt 0.3342 -2.1000 -0.5658
vt 0.3333 -2.0867 -0.5658
vt 0.3334 -2.0915 -0.5658
vt 0.3335 -2.0952 -0.5658
vt 0.3336 -2.0979 -0.5658
vt 0.3339 -2.0995 -0.5658
vt 0.4992 -2.1000 -0.5658
vt 0.5095 -2.1000 -0.5658
vt 0.6571 -2.1000 -0.5658
vt 0.6606 -2.0995 -0.5658
vt 0.6632 -2.0979 -0.5658
vt 0.6651 -2.0952 -0.5658
vt 0.6663 -2.0915 -0.5658
vt 0.6667 -2.0867 -0.5658
vt 0.6667 -1.9467 -0.5658
vt 0.5095 -1.9467 -0.5658
vt 0.6667 2.7667 -0.5658
vt 0.6667 2.9310 -0.5658
vt 0.5000 2.9310 -0.5658
vt 0.5000 2.7667 -0.5658
vt 0.4867 3.1000 -0.5658
vt 0.3467 3.1000 -0.5658
vt 0.3419 3.0995 -0.5658
vt 0.3381 3.0979 -0.5658
vt 0.3355 3.0952 -0.5658
vt 0.3339 3.0915 -0.5658
vt 0.3333 3.0867 -0.5658
vt 0.4867 2.9333 -0.5658
vt 0.3333 2.9467 -0.5658
vt 0.3339 2.9419 -0.5658
vt 0.3355 2.9381 -0.5658
vt 0.3381 2.9355 -0.5658
vt 0.3419 2.9339 -0.5658
vt 0.3467 2.9333 -0.5658
vt 0.5095 3.1000 -0.5658
vt 0.5095 2.9467 -0.5658
vt 0.6667 2.9467 -0.5658
vt 0.6571 3.1000 -0.5658
vt 0.6667 3.0867 -0.5658
vt 0.6663 3.0915 -0.5658
vt 0.6651 3.0952 -0.5658
vt 0.6632 3.0979 -0.5658
vt 0.6606 3.0995 -0.5658
vt -0.5210 -1.7667 0.3333
vt -0.5658 -1.7667 0.3333
vt -0.5658 -1.9310 0.3333
vt 1.5658 -1.9310 0.5000
vt 1.5210 -1.7667 0.5000
vt 1.5658 -1.7667 0.5000
vt -0.5170 0.3429 -1.7667
vt -0.5170 0.4905 -1.7667
vt -0.5658 -2.0867 0.3333
vt -0.5658 -1.9467 0.3333
vt 1.5658 0.6658 -2.1000
vt 1.5658 0.5008 -2.1000
vt 1.5658 -1.9467 0.6667
vt 1.5658 -2.0867 0.6667
vt -0.5658 0.5008 -1.9333
vt -0.5658 0.6658 -1.9333
vt 1.5658 0.4905 -2.1000
vt 1.5658 0.3429 -2.1000
vt -0.5658 2.9310 0.3333
vt -0.5210 2.7667 0.3333
vt -0.5658 2.7667 0.3333
vt 1.5210 2.7667 0.5000
vt 1.5658 2.7667 0.5000
vt 1.5658 2.9310 0.5000
vt 1.5170 0.4905 2.7667
vt 1.5170 0.3429 2.7667
vt -0.5658 2.9467 0.3333
vt -0.5658 3.0867 0.3333
vt -0.5658 0.5133 3.1000
vt -0.5658 0.6533 3.1000
vt 1.5658 3.0867 0.6667
vt 1.5658 2.9467 0.6667
vt 1.5658 0.6533 2.9333
vt 1.5658 0.5133 2.9333
vt -0.5658 0.3429 3.1000
vt -0.5658 0.4905 3.1000
vt -0.5658 0.3333 -1.7667
vt -0.5210 0.3333 -1.7667
vt -0.5195 0.3337 -1.7667
vt -0.5184 0.3349 -1.7667
vt -0.5176 0.3368 -1.7667
vt -0.5171 0.3394 -1.7667
vt -0.5658 0.5000 -1.7667
vt -0.5171 0.4939 -1.7667
vt -0.5176 0.4966 -1.7667
vt -0.5184 0.4985 -1.7667
vt -0.5195 0.4996 -1.7667
vt -0.5210 0.5000 -1.7667
vt 1.5658 0.5000 2.7667
vt 1.5210 0.5000 2.7667
vt 1.5195 0.4996 2.7667
vt 1.5184 0.4985 2.7667
vt 1.5176 0.4966 2.7667
vt 1.5171 0.4939 2.7667
vt 1.5658 0.3333 2.7667
vt 1.5171 0.3394 2.7667
vt 1.5176 0.3368 2.7667
vt 1.5184 0.3349 2.7667
vt 1.5195 0.3337 2.7667
vt 1.5210 0.3333 2.7667
vt 0.5320 -1.9200 0.3333
vt 0.5320 -1.7800 0.3333
vt 1.5658 -1.9200 0.3333
vt 0.4680 -1.7800 0.5000
vt 0.4680 -1.9200 0.5000
vt -0.5658 -1.9200 0.5000
vt 0.4680 0.5133 -2.1000
vt -0.5658 0.5133 -2.1000
vt 0.4680 0.6533 -2.1000
vt 1.5658 0.5133 -1.9333
vt 0.5320 0.6533 -1.9333
vt 0.5320 0.5133 -1.9333
vt 0.5320 2.7800 0.3333
vt 0.5320 2.9200 0.3333
vt 1.5658 2.9200 0.3333
vt 0.4680 2.9200 0.5000
vt 0.4680 2.7800 0.5000
vt -0.5658 2.9200 0.5000
vt 0.6667 -1.9200 -0.5658
vt 0.5000 -1.9200 -0.5658
vt 0.4867 -2.1000 -0.5658
vt 0.3467 -2.1000 -0.5658
vt 0.3419 -2.0995 -0.5658
vt 0.3381 -2.0979 -0.5658
vt 0.3355 -2.0952 -0.5658
vt 0.3339 -2.0915 -0.5658
vt 0.4867 -1.9333 -0.5658
vt 0.3339 -1.9419 -0.5658
vt 0.3355 -1.9381 -0.5658
vt 0.3381 -1.9355 -0.5658
vt 0.3419 -1.9339 -0.5658
vt 0.3467 -1.9333 -0.5658
vt 0.5000 2.9200 -0.5658
vt 0.6667 2.9200 -0.5658
vt -0.5658 -1.9200 0.3333
vt 1.5658 -1.9200 0.5000
vt 1.5658 0.6533 -2.1000
vt 1.5658 0.5133 -2.1000
vt -0.5658 0.5133 -1.9333
vt -0.5658 0.6533 -1.9333
vt -0.5658 2.9200 0.3333
vt 1.5658 2.9200 0.5000
vt -0.4463 3.1000 0.6667
vt -0.4463 3.0995 0.6667
vt -0.4463 3.0979 0.6667
vt -0.4463 3.0952 0.6667
vt -0.4463 3.0915 0.6667
vt -0.4464 2.9333 0.6667
vt -0.4464 2.9419 0.6667
vt -0.4464 2.9381 0.6667
vt -0.4464 2.9355 0.6667
vt -0.4464 2.9339 0.6667
vt 1.4489 0.6667 3.1000
vt 1.4478 0.6667 3.1000
vt 1.4470 0.6667 3.1000
vt 1.4465 0.6667 3.1000
vt 1.4463 0.6667 3.1000
vt -0.4464 0.6667 2.9333
vt -0.4465 0.6667 2.9333
vt -0.4470 0.6667 2.9333
vt -0.4478 0.6667 2.9333
vt -0.4489 0.6667 2.9333
vt -0.5658 2.9246 0.5078
vt -0.5658 2.9035 0.5311
vt -0.5658 2.8677 0.5701
vt -0.5658 2.8172 0.6246
vt -0.5658 2.7520 0.6947
vt -0.5658 0.5158 2.9255
vt -0.5658 0.5338 2.9022
vt -0.5658 0.5674 2.8633
vt -0.5658 0.6166 2.8087
vt -0.5658 0.6813 2.7387
vt -0.5590 -1.9165 0.4922
vt -0.5385 -1.8953 0.4689
vt -0.5044 -1.8563 0.4299
vt -0.4567 -1.7997 0.3754
vt -0.3953 -1.7253 0.3053
vt 1.5354 0.4676 -1.8986
vt 1.5646 0.4992 -1.9319
vt 1.5609 0.4951 -1.9278
vt 1.5549 0.4885 -1.9208
vt 1.5463 0.4793 -1.9111
vt 1.5609 -2.0855 0.3278
vt 1.5463 -2.0714 0.3111
vt 1.5220 -2.0444 0.2833
vt 1.4879 -2.0044 0.2443
vt 1.4440 -1.9514 0.1943
vt -0.5658 0.4939 -2.1000
vt -0.5658 0.4967 -2.1000
vt -0.5658 0.4988 -2.1000
vt -0.5658 0.5001 -2.1000
vt -0.5658 0.5082 -2.1000
vt -0.5658 0.5033 -2.1000
vt -0.5658 0.4987 -2.1000
vt -0.5658 0.4944 -2.1000
vt -0.5590 0.3322 -2.0922
vt -0.5385 0.3077 -2.0689
vt -0.5044 0.2696 -2.0299
vt -0.4567 0.2177 -1.9754
vt -0.3953 0.1520 -1.9053
vt 1.5658 -1.9413 0.3333
vt 1.5658 -1.9360 0.3333
vt 1.5658 -1.9307 0.3333
vt 1.5658 -1.9253 0.3333
vt 1.5658 2.9253 0.3333
vt 1.5658 2.9307 0.3333
vt 1.5658 2.9360 0.3333
vt 1.5658 2.9413 0.3333
vt 1.5658 3.0855 0.3397
vt 1.5658 3.0714 0.3586
vt 1.5658 3.0444 0.3902
vt 1.5658 3.0044 0.4345
vt 1.5658 2.9514 0.4914
vt 1.5658 0.4944 3.1000
vt 1.5658 0.4987 3.1000
vt 1.5658 0.5033 3.1000
vt 1.5658 0.5082 3.1000
vt 1.5658 0.3477 3.0911
vt 1.5658 0.3700 3.0646
vt 1.5658 0.4097 3.0203
vt 1.5658 0.4668 2.9583
vt 1.5658 0.5413 2.8787
vt 1.5658 2.9418 0.3333
vt 1.5658 2.9378 0.3333
vt 1.5658 2.9346 0.3333
vt 1.5658 2.9323 0.3333
vt 1.5658 -1.9418 0.3333
vt 1.5658 -1.9378 0.3333
vt 1.5658 -1.9346 0.3333
vt 1.5658 -1.9323 0.3333
vt 0.5016 -1.9336 -0.5658
vt 0.5000 -1.9333 -0.5658
vt 0.5003 2.9214 -0.5658
vt 0.5000 2.9333 -0.5658
vt 0.4859 2.9503 -0.5658
vt -0.4467 0.6665 2.9333
vt 1.4466 0.6669 3.1000
vt 0.5320 -1.9433 0.3333
vt 0.5320 -1.9464 0.3333
vt 1.5658 -1.9464 0.3333
vt 1.5658 -1.9433 0.3333
vt 0.5320 2.9341 0.3333
vt 1.5658 2.9341 0.3333
vt -0.5658 0.5013 2.9333
vt -0.5658 0.4983 2.9333
vt 0.4680 0.4983 2.9333
vt 0.4680 0.5013 2.9333
vt 0.5320 0.5048 3.1000
vt 0.5320 0.5027 3.1000
vt 1.5658 0.5027 3.1000
vt 1.5658 0.5048 3.1000
vt 0.5320 0.3404 3.1000
vt 0.5320 0.3398 3.1000
vt 1.5658 0.3398 3.1000
vt 1.5658 0.3404 3.1000
vt 0.5320 0.3339 -1.7667
vt 0.5319 0.3317 -1.7667
vt 1.4512 0.3379 -1.7667
vt 1.4504 0.3389 -1.7667
vt 0.4680 0.4994 2.7667
vt 0.4681 0.5017 2.7667
vt -0.4512 0.4954 2.7667
vt -0.4504 0.4944 2.7667
vt 1.1800 0.4992 1.4567
vt 1.1800 0.5014 1.4567
vt -0.1800 0.5014 1.4567
vt -0.1800 0.4992 1.4567
vt -0.1800 1.4534 0.3333
vt -0.1800 1.4516 0.3333
vt 1.1800 1.4516 0.3333
vt 1.1800 1.4534 0.3333
vt 1.4504 0.4944 -1.7667
vt 1.4512 0.4954 -1.7667
vt 0.5319 0.5017 -1.7667
vt 0.5320 0.4994 -1.7667
vt -0.5658 0.4677 -2.1000
vt -0.5658 0.4594 -2.1000
vt 0.4680 0.4594 -2.1000
vt 0.4680 0.4677 -2.1000
vt -0.5658 -1.9356 0.5000
vt -0.5658 -1.9367 0.5000
vt 0.4680 -1.9367 0.5000
vt 0.4680 -1.9356 0.5000
vt -0.4504 -2.0930 0.6667
vt -0.4512 -2.0946 0.6667
vt 0.4680 -2.1032 0.6667
vt 0.4680 -2.0999 0.6667
vt 1.4502 0.6699 -1.9333
vt 1.4500 0.6707 -1.9333
vt 0.5567 0.6986 -1.9333
vt 0.5518 0.6920 -1.9333
vt -0.5658 0.3404 -2.1000
vt -0.5658 0.3398 -2.1000
vt 0.4680 0.3398 -2.1000
vt 0.4680 0.3404 -2.1000
vt -0.4504 0.3389 2.7667
vt -0.4512 0.3379 2.7667
vt 0.4681 0.3317 2.7667
vt 0.4680 0.3339 2.7667
vt 0.5075 -2.1000 -0.5658
vt 0.5075 -1.9440 -0.5658
vt 0.5076 -1.9857 -0.5658
vt 0.5095 -1.9994 -0.5658
vt 0.6667 -1.9829 -0.5658
vt 0.6667 -1.9725 -0.5658
vt 0.5031 2.9281 -0.5658
vt 0.5015 2.9235 -0.5658
vt 0.6683 2.9238 -0.5658
vt 0.6680 2.9284 -0.5658
vt 0.5050 2.9440 -0.5658
vt 0.5050 3.1000 -0.5658
vt 0.5320 -1.9341 0.3333
vt -0.5658 -1.9341 0.3333
vt -0.5204 0.3441 -1.7667
vt -0.5213 0.3445 -1.7667
vt 0.5320 0.3317 -1.7667
vt -0.5658 0.4923 -1.9333
vt -0.5658 0.4902 -1.9333
vt 0.5320 0.4902 -1.9333
vt 0.5320 0.4923 -1.9333
vt 0.5320 0.5017 -1.7667
vt -0.5213 0.4889 -1.7667
vt -0.5204 0.4892 -1.7667
vt 1.5658 0.3398 -2.1000
vt 1.5658 0.3404 -2.1000
vt 1.5658 -2.1032 0.6667
vt 1.5658 -2.0999 0.6667
vt 1.5658 0.4594 -2.1000
vt 1.5658 0.4677 -2.1000
vt 0.5320 0.7076 -1.9333
vt 0.5320 0.7180 -1.9333
vt -0.5658 0.7180 -1.9333
vt -0.5658 0.7076 -1.9333
vt 0.4680 0.3317 2.7667
vt 1.5213 0.3445 2.7667
vt 1.5204 0.3441 2.7667
vt -0.5658 2.9341 0.3333
vt 1.5204 0.4892 2.7667
vt 1.5213 0.4889 2.7667
vt 0.4680 0.5017 2.7667
vt -0.5658 0.3404 3.1000
vt -0.5658 0.3398 3.1000
vt -0.5658 0.5048 3.1000
vt -0.5658 0.5027 3.1000
vt 1.5658 3.0912 0.6667
vt 1.5658 3.0923 0.6667
vt 0.4680 3.0923 0.6667
vt 0.4680 3.0912 0.6667
vt 1.5658 0.6579 2.9333
vt 1.5658 0.6590 2.9333
vt 0.4680 0.6590 2.9333
vt 0.4680 0.6579 2.9333
vt 1.5658 2.9404 0.5000
vt 1.5658 2.9428 0.5000
vt 0.4680 2.9428 0.5000
vt 0.4680 2.9404 0.5000
vt 1.5658 -1.9136 0.3333
vt 1.5658 -1.9120 0.3333
vt 0.5320 -1.9120 0.3333
vt 0.5320 -1.9136 0.3333
vt 0.4680 0.5179 2.9333
vt 0.4680 0.5190 2.9333
vt -0.5658 0.5190 2.9333
vt -0.5658 0.5179 2.9333
vt 1.5658 0.5158 3.1000
vt 1.5658 0.5164 3.1000
vt 0.5320 0.5164 3.1000
vt 0.5320 0.5158 3.1000
vt -0.4496 3.0917 0.6667
vt -0.4504 3.0929 0.6667
vt 0.4680 3.0813 0.6667
vt 0.4680 3.0823 0.6667
vt -0.4477 0.6624 2.9333
vt -0.4470 0.6614 2.9333
vt 0.4670 0.6480 2.9333
vt 0.4672 0.6490 2.9333
vt 1.5658 0.3514 3.1000
vt 1.5658 0.3535 3.1000
vt 0.5320 0.3535 3.1000
vt 0.5320 0.3514 3.1000
vt 1.4503 0.3415 -1.7667
vt 1.4511 0.3412 -1.7667
vt 0.5320 0.3533 -1.7667
vt 0.5320 0.3512 -1.7667
vt -0.4503 0.4918 2.7667
vt -0.4511 0.4922 2.7667
vt 0.4680 0.4800 2.7667
vt 0.4680 0.4821 2.7667
vt -0.1800 0.4899 1.4567
vt -0.1800 0.4897 1.4567
vt 1.1800 0.4897 1.4567
vt 1.1800 0.4899 1.4567
vt 1.1800 1.4693 0.3333
vt 1.1800 1.4714 0.3333
vt -0.1800 1.4714 0.3333
vt -0.1800 1.4693 0.3333
vt 1.5658 0.5179 -1.9333
vt 1.5658 0.5190 -1.9333
vt 0.5320 0.5190 -1.9333
vt 0.5320 0.5179 -1.9333
vt 0.5320 0.4821 -1.7667
vt 0.5320 0.4800 -1.7667
vt 1.4511 0.4922 -1.7667
vt 1.4503 0.4918 -1.7667
vt 0.4680 0.5158 -2.1000
vt 0.4680 0.5164 -2.1000
vt -0.5658 0.5164 -2.1000
vt -0.5658 0.5158 -2.1000
vt 0.4680 0.3514 -2.1000
vt 0.4680 0.3535 -2.1000
vt -0.5658 0.3535 -2.1000
vt -0.5658 0.3514 -2.1000
vt 0.4680 0.3512 2.7667
vt 0.4680 0.3533 2.7667
vt -0.4511 0.3412 2.7667
vt -0.4503 0.3415 2.7667
vt 0.5320 2.9136 0.3333
vt 0.5320 2.9120 0.3333
vt 1.5658 2.9120 0.3333
vt 1.5658 2.9136 0.3333
vt 0.4927 -1.9472 -0.5658
vt 0.4885 -1.9473 -0.5658
vt 0.6503 -1.9588 -0.5658
vt 0.6535 -1.9564 -0.5658
vt 0.5056 -1.9419 -0.5658
vt 0.5050 -2.1000 -0.5658
vt 0.6536 2.9564 -0.5658
vt 0.6503 2.9588 -0.5658
vt 0.4885 2.9473 -0.5658
vt 0.4927 2.9472 -0.5658
vt -0.5658 -1.9531 0.3333
vt -0.5658 -1.9547 0.3333
vt 0.5320 -1.9547 0.3333
vt 0.5320 -1.9531 0.3333
vt -0.5210 0.3524 -1.7667
vt -0.5202 0.3505 -1.7667
vt -0.5658 0.5190 -1.9333
vt -0.5658 0.5179 -1.9333
vt -0.5202 0.4829 -1.7667
vt -0.5210 0.4810 -1.7667
vt 1.5658 0.3514 -2.1000
vt 1.5658 0.3535 -2.1000
vt 1.5658 -2.0821 0.6667
vt 1.5658 -2.0810 0.6667
vt 0.4680 -2.0810 0.6667
vt 0.4680 -2.0821 0.6667
vt 1.5658 0.5158 -2.1000
vt 1.5658 0.5164 -2.1000
vt -0.5658 0.6488 -1.9333
vt -0.5658 0.6477 -1.9333
vt 0.5320 0.6477 -1.9333
vt 0.5320 0.6488 -1.9333
vt 1.5202 0.3505 2.7667
vt 1.5210 0.3524 2.7667
vt 0.5320 2.9531 0.3333
vt 0.5320 2.9547 0.3333
vt -0.5658 2.9547 0.3333
vt -0.5658 2.9531 0.3333
vt 1.5658 0.5179 2.9333
vt 1.5658 0.5190 2.9333
vt 1.5210 0.4810 2.7667
vt 1.5202 0.4829 2.7667
vt -0.5658 0.3535 3.1000
vt -0.5658 0.3514 3.1000
vt -0.5658 0.5164 3.1000
vt -0.5658 0.5158 3.1000
vt 0.4680 3.0821 0.6667
vt 0.4680 3.0810 0.6667
vt 1.5658 3.0810 0.6667
vt 1.5658 3.0821 0.6667
vt 0.4680 0.6488 2.9333
vt 0.4680 0.6477 2.9333
vt 1.5658 0.6477 2.9333
vt 1.5658 0.6488 2.9333
vt 0.4680 3.0910 0.6667
vt 0.4680 3.0921 0.6667
vt -0.4504 3.0959 0.6667
vt -0.4496 3.0941 0.6667
vt 0.4686 0.6577 2.9333
vt 0.4687 0.6588 2.9333
vt -0.4458 0.6689 2.9333
vt -0.4467 0.6684 2.9333
vt -0.4464 2.9405 0.6667
vt -0.4464 2.9389 0.6667
vt 1.4548 0.6667 3.1000
vt 1.4559 0.6667 3.1000
vt 0.4680 -2.0823 0.6667
vt 0.4680 -2.0813 0.6667
vt -0.4511 -2.0929 0.6667
vt -0.4503 -2.0917 0.6667
vt 0.5328 0.6490 -1.9333
vt 0.5330 0.6480 -1.9333
vt 1.4478 0.6614 -1.9333
vt 1.4484 0.6625 -1.9333
vt -0.4471 -2.0928 0.6667
vt -0.4471 -2.0944 0.6667
vt 1.4555 0.6667 -1.9333
vt 1.4566 0.6667 -1.9333
vt -0.4464 2.9387 0.6667
vt -0.4464 2.9367 0.6667
vt -0.4748 3.1479 0.8224
vt -0.4819 3.1599 0.8613
vt 1.4186 0.6503 3.1000
vt 1.4241 0.6536 3.1000
vt -0.4463 3.0947 0.6667
vt -0.4463 3.0967 0.6667
vt -0.4735 2.9927 0.8117
vt -0.4803 3.0075 0.8480
vt -0.4726 0.6659 2.9333
vt -0.4674 0.6660 2.9333
vt -0.5658 0.5078 -2.1000
vt -0.5658 0.5095 -2.1000
vt -0.5658 0.3459 -2.1000
vt -0.5658 0.3467 -2.1000
vt 1.5658 -1.9379 0.3333
vt 1.5658 -1.9357 0.3333
vt 1.5658 2.9222 0.3333
vt 1.5658 0.4874 3.1000
vt 1.5658 0.4867 3.1000
vt 1.5658 3.0897 0.3333
vt 1.5658 3.0905 0.3333
vt -0.5658 0.4874 -2.1000
vt -0.5658 0.4867 -2.1000
vt 1.5658 -2.0897 0.3333
vt 1.5658 -2.0905 0.3333
vt 1.5658 0.5103 3.1000
vt 1.5658 0.5095 3.1000
vt 1.5658 0.3459 3.1000
vt 1.5658 0.3467 3.1000
vt 0.5010 -1.9335 -0.5658
vt 0.5005 -1.9334 -0.5658
vt 0.5000 -1.9334 -0.5658
vt 0.4995 -1.9333 -0.5658
vt 0.5012 -1.9360 -0.5658
vt 0.5033 -1.9387 -0.5658
vt 0.5054 -1.9413 -0.5658
vt 0.5006 2.9263 -0.5658
vt 0.5016 2.9312 -0.5658
vt 0.5035 2.9362 -0.5658
vt 0.5061 2.9414 -0.5658
vt 0.5004 2.9413 -0.5658
vt 0.4958 2.9387 -0.5658
vt 0.4912 2.9360 -0.5658
vt 0.5013 -1.9381 -0.5658
vt 0.4967 -1.9355 -0.5658
vt 0.4918 -1.9339 -0.5658
vt 0.4909 -1.9340 -0.5658
vt 0.4929 -1.9360 -0.5658
vt 0.4928 -1.9394 -0.5658
vt 0.4904 -1.9442 -0.5658
vt 0.4859 -1.9503 -0.5658
vt 0.4904 2.9442 -0.5658
vt 0.4928 2.9394 -0.5658
vt 0.4929 2.9360 -0.5658
vt 0.4909 2.9340 -0.5658
vt -0.4475 0.6659 2.9333
vt -0.4489 0.6650 2.9333
vt -0.4509 0.6637 2.9333
vt -0.4534 0.6620 2.9333
vt 1.4466 0.6665 3.1000
vt 1.4475 0.6659 3.1000
vt 1.4489 0.6650 3.1000
vt 1.4509 0.6637 3.1000
vt 1.4534 0.6620 3.1000
vt -0.4467 0.6669 2.9333
vt -0.4475 0.6674 2.9333
vt -0.4489 0.6684 2.9333
vt -0.4509 0.6697 2.9333
vt -0.4534 0.6713 2.9333
vt 1.4475 0.6674 3.1000
vt 1.4489 0.6684 3.1000
vt 1.4509 0.6697 3.1000
vt 1.4534 0.6713 3.1000
vt 0.5320 -1.9402 0.3333
vt 1.5658 -1.9402 0.3333
vt 0.5320 -1.9371 0.3333
vt 1.5658 -1.9371 0.3333
vt 0.5320 -1.9340 0.3333
vt 1.5658 -1.9340 0.3333
vt 0.5320 2.9373 0.3333
vt 1.5658 2.9373 0.3333
vt 0.5320 2.9404 0.3333
vt 1.5658 2.9404 0.3333
vt 0.5320 2.9435 0.3333
vt 1.5658 2.9435 0.3333
vt -0.5658 0.5043 2.9333
vt 0.4680 0.5043 2.9333
vt -0.5658 0.5073 2.9333
vt 0.4680 0.5073 2.9333
vt -0.5658 0.5103 2.9333
vt 0.4680 0.5103 2.9333
vt 0.5320 0.5069 3.1000
vt 1.5658 0.5069 3.1000
vt 0.5320 0.5091 3.1000
vt 1.5658 0.5091 3.1000
vt 0.5320 0.5112 3.1000
vt 1.5658 0.5112 3.1000
vt 0.5320 0.3410 3.1000
vt 1.5658 0.3410 3.1000
vt 0.5320 0.3416 3.1000
vt 1.5658 0.3416 3.1000
vt 0.5320 0.3422 3.1000
vt 1.5658 0.3422 3.1000
vt 0.5320 0.3361 -1.7667
vt 1.4496 0.3399 -1.7667
vt 0.5320 0.3384 -1.7667
vt 1.4488 0.3409 -1.7667
vt 0.5320 0.3406 -1.7667
vt 1.4479 0.3419 -1.7667
vt 0.4680 0.4972 2.7667
vt -0.4496 0.4934 2.7667
vt 0.4680 0.4950 2.7667
vt -0.4488 0.4924 2.7667
vt 0.4680 0.4927 2.7667
vt -0.4479 0.4915 2.7667
vt 1.1800 0.4970 1.4567
vt -0.1800 0.4970 1.4567
vt 1.1800 0.4948 1.4567
vt -0.1800 0.4948 1.4567
vt 1.1800 0.4927 1.4567
vt -0.1800 0.4927 1.4567
vt -0.1800 1.4553 0.3333
vt 1.1800 1.4553 0.3333
vt -0.1800 1.4571 0.3333
vt 1.1800 1.4571 0.3333
vt -0.1800 1.4589 0.3333
vt 1.1800 1.4589 0.3333
vt 1.4496 0.4934 -1.7667
vt 0.5320 0.4972 -1.7667
vt 1.4488 0.4924 -1.7667
vt 0.5320 0.4950 -1.7667
vt 1.4479 0.4915 -1.7667
vt 0.5320 0.4927 -1.7667
vt -0.5658 0.4760 -2.1000
vt 0.4680 0.4760 -2.1000
vt -0.5658 0.4843 -2.1000
vt 0.4680 0.4843 -2.1000
vt -0.5658 0.4925 -2.1000
vt 0.4680 0.4925 -2.1000
vt -0.5658 -1.9344 0.5000
vt 0.4680 -1.9344 0.5000
vt -0.5658 -1.9333 0.5000
vt 0.4680 -1.9333 0.5000
vt -0.5658 -1.9321 0.5000
vt 0.4680 -1.9321 0.5000
vt -0.4496 -2.0914 0.6667
vt 0.4680 -2.0966 0.6667
vt -0.4487 -2.0898 0.6667
vt 0.4680 -2.0933 0.6667
vt -0.4479 -2.0882 0.6667
vt 0.4680 -2.0900 0.6667
vt 1.4504 0.6691 -1.9333
vt 0.5468 0.6855 -1.9333
vt 1.4507 0.6683 -1.9333
vt 0.5419 0.6789 -1.9333
vt 1.4509 0.6675 -1.9333
vt 0.5369 0.6724 -1.9333
vt -0.5658 0.3410 -2.1000
vt 0.4680 0.3410 -2.1000
vt -0.5658 0.3416 -2.1000
vt 0.4680 0.3416 -2.1000
vt -0.5658 0.3422 -2.1000
vt 0.4680 0.3422 -2.1000
vt -0.4496 0.3399 2.7667
vt 0.4680 0.3361 2.7667
vt -0.4488 0.3409 2.7667
vt 0.4680 0.3384 2.7667
vt -0.4479 0.3419 2.7667
vt 0.4680 0.3406 2.7667
vt 0.5054 -2.1000 -0.5658
vt 0.5033 -2.1000 -0.5658
vt 0.5012 -2.1000 -0.5658
vt 0.5057 -1.9720 -0.5658
vt 0.6667 -1.9621 -0.5658
vt 0.5038 -1.9583 -0.5658
vt 0.6667 -1.9517 -0.5658
vt 0.5019 -1.9446 -0.5658
vt 0.6667 -1.9413 -0.5658
vt 0.5047 2.9327 -0.5658
vt 0.6676 2.9330 -0.5658
vt 0.5063 2.9374 -0.5658
vt 0.6673 2.9375 -0.5658
vt 0.5079 2.9420 -0.5658
vt 0.6670 2.9421 -0.5658
vt 0.5004 3.1000 -0.5658
vt 0.4958 3.1000 -0.5658
vt 0.4912 3.1000 -0.5658
vt 0.5320 -1.9373 0.3333
vt -0.5658 -1.9373 0.3333
vt 0.5320 -1.9404 0.3333
vt -0.5658 -1.9404 0.3333
vt 0.5320 -1.9435 0.3333
vt -0.5658 -1.9435 0.3333
vt -0.5195 0.3438 -1.7667
vt -0.5187 0.3435 -1.7667
vt -0.5178 0.3432 -1.7667
vt -0.5658 0.4944 -1.9333
vt 0.5320 0.4944 -1.9333
vt -0.5658 0.4966 -1.9333
vt 0.5320 0.4966 -1.9333
vt -0.5658 0.4987 -1.9333
vt 0.5320 0.4987 -1.9333
vt -0.5195 0.4895 -1.7667
vt 0.5320 0.4949 -1.7667
vt -0.5187 0.4898 -1.7667
vt -0.5178 0.4902 -1.7667
vt 1.5658 0.3410 -2.1000
vt 1.5658 0.3416 -2.1000
vt 1.5658 0.3422 -2.1000
vt 1.5658 -2.0966 0.6667
vt 1.5658 -2.0933 0.6667
vt 1.5658 -2.0900 0.6667
vt 1.5658 0.4760 -2.1000
vt 1.5658 0.4843 -2.1000
vt 1.5658 0.4925 -2.1000
vt 0.5320 0.6971 -1.9333
vt -0.5658 0.6971 -1.9333
vt 0.5320 0.6867 -1.9333
vt -0.5658 0.6867 -1.9333
vt 0.5320 0.6763 -1.9333
vt -0.5658 0.6763 -1.9333
vt 1.5195 0.3438 2.7667
vt 1.5187 0.3435 2.7667
vt 1.5178 0.3432 2.7667
vt -0.5658 2.9373 0.3333
vt -0.5658 2.9404 0.3333
vt -0.5658 2.9435 0.3333
vt 1.5195 0.4895 2.7667
vt 1.5187 0.4898 2.7667
vt 0.4680 0.4949 2.7667
vt 1.5178 0.4902 2.7667
vt -0.5658 0.3410 3.1000
vt -0.5658 0.3416 3.1000
vt -0.5658 0.3422 3.1000
vt -0.5658 0.5069 3.1000
vt -0.5658 0.5091 3.1000
vt -0.5658 0.5112 3.1000
vt 1.5658 3.0901 0.6667
vt 0.4680 3.0901 0.6667
vt 1.5658 3.0889 0.6667
vt 0.4680 3.0889 0.6667
vt 1.5658 3.0878 0.6667
vt 0.4680 3.0878 0.6667
vt 1.5658 0.6567 2.9333
vt 0.4680 0.6567 2.9333
vt 1.5658 0.6556 2.9333
vt 0.4680 0.6556 2.9333
vt 1.5658 0.6545 2.9333
vt 0.4680 0.6545 2.9333
vt 1.5658 2.9380 0.5000
vt 0.4680 2.9380 0.5000
vt 1.5658 2.9357 0.5000
vt 0.4680 2.9357 0.5000
vt 1.5658 2.9333 0.5000
vt 0.4680 2.9333 0.5000
vt 1.5658 -1.9152 0.3333
vt 0.5320 -1.9152 0.3333
vt 1.5658 -1.9168 0.3333
vt 0.5320 -1.9168 0.3333
vt 1.5658 -1.9184 0.3333
vt 0.5320 -1.9184 0.3333
vt 0.4680 0.5167 2.9333
vt -0.5658 0.5167 2.9333
vt 0.4680 0.5156 2.9333
vt -0.5658 0.5156 2.9333
vt 0.4680 0.5145 2.9333
vt -0.5658 0.5145 2.9333
vt 1.5658 0.5152 3.1000
vt 0.5320 0.5152 3.1000
vt 1.5658 0.5146 3.1000
vt 0.5320 0.5146 3.1000
vt 1.5658 0.5139 3.1000
vt 0.5320 0.5139 3.1000
vt -0.4488 3.0904 0.6667
vt 0.4680 3.0834 0.6667
vt -0.4480 3.0892 0.6667
vt 0.4680 3.0845 0.6667
vt -0.4471 3.0879 0.6667
vt 0.4680 3.0856 0.6667
vt -0.4484 0.6635 2.9333
vt 0.4674 0.6501 2.9333
vt -0.4490 0.6646 2.9333
vt 0.4676 0.6512 2.9333
vt -0.4497 0.6656 2.9333
vt 0.4678 0.6523 2.9333
vt 1.5658 0.3493 3.1000
vt 0.5320 0.3493 3.1000
vt 1.5658 0.3471 3.1000
vt 0.5320 0.3471 3.1000
vt 1.5658 0.3450 3.1000
vt 0.5320 0.3450 3.1000
vt 1.4495 0.3418 -1.7667
vt 0.5320 0.3491 -1.7667
vt 1.4487 0.3422 -1.7667
vt 0.5320 0.3470 -1.7667
vt 1.4479 0.3425 -1.7667
vt 0.5320 0.3450 -1.7667
vt -0.4495 0.4915 2.7667
vt 0.4680 0.4842 2.7667
vt -0.4487 0.4912 2.7667
vt 0.4680 0.4863 2.7667
vt -0.4479 0.4908 2.7667
vt 0.4680 0.4884 2.7667
vt -0.1800 0.4900 1.4567
vt 1.1800 0.4900 1.4567
vt -0.1800 0.4902 1.4567
vt 1.1800 0.4902 1.4567
vt -0.1800 0.4903 1.4567
vt 1.1800 0.4903 1.4567
vt 1.1800 1.4671 0.3333
vt -0.1800 1.4671 0.3333
vt 1.1800 1.4650 0.3333
vt -0.1800 1.4650 0.3333
vt 1.1800 1.4628 0.3333
vt -0.1800 1.4628 0.3333
vt 1.5658 0.5167 -1.9333
vt 0.5320 0.5167 -1.9333
vt 1.5658 0.5156 -1.9333
vt 0.5320 0.5156 -1.9333
vt 1.5658 0.5145 -1.9333
vt 0.5320 0.5145 -1.9333
vt 0.5320 0.4842 -1.7667
vt 1.4495 0.4915 -1.7667
vt 0.5320 0.4863 -1.7667
vt 1.4487 0.4912 -1.7667
vt 0.5320 0.4884 -1.7667
vt 1.4479 0.4908 -1.7667
vt 0.4680 0.5152 -2.1000
vt -0.5658 0.5152 -2.1000
vt 0.4680 0.5146 -2.1000
vt -0.5658 0.5146 -2.1000
vt 0.4680 0.5139 -2.1000
vt -0.5658 0.5139 -2.1000
vt 0.4680 0.3493 -2.1000
vt -0.5658 0.3493 -2.1000
vt 0.4680 0.3471 -2.1000
vt -0.5658 0.3471 -2.1000
vt 0.4680 0.3450 -2.1000
vt -0.5658 0.3450 -2.1000
vt 0.4680 0.3491 2.7667
vt -0.4495 0.3418 2.7667
vt 0.4680 0.3470 2.7667
vt -0.4487 0.3422 2.7667
vt 0.4680 0.3450 2.7667
vt -0.4479 0.3425 2.7667
vt 0.5320 2.9152 0.3333
vt 1.5658 2.9152 0.3333
vt 0.5320 2.9168 0.3333
vt 1.5658 2.9168 0.3333
vt 0.5320 2.9184 0.3333
vt 1.5658 2.9184 0.3333
vt 0.4969 -1.9471 -0.5658
vt 0.6568 -1.9539 -0.5658
vt 0.5011 -1.9469 -0.5658
vt 0.6601 -1.9515 -0.5658
vt 0.5053 -1.9468 -0.5658
vt 0.6634 -1.9491 -0.5658
vt 0.5004 -2.1000 -0.5658
vt 0.4958 -2.1000 -0.5658
vt 0.4912 -2.1000 -0.5658
vt 0.6568 2.9539 -0.5658
vt 0.4969 2.9471 -0.5658
vt 0.6601 2.9515 -0.5658
vt 0.5011 2.9469 -0.5658
vt 0.6634 2.9491 -0.5658
vt 0.5053 2.9468 -0.5658
vt -0.5658 -1.9515 0.3333
vt 0.5320 -1.9515 0.3333
vt -0.5658 -1.9499 0.3333
vt 0.5320 -1.9499 0.3333
vt -0.5658 -1.9483 0.3333
vt 0.5320 -1.9483 0.3333
vt -0.5194 0.3486 -1.7667
vt -0.5186 0.3467 -1.7667
vt 0.5320 0.3449 -1.7667
vt -0.5178 0.3448 -1.7667
vt -0.5658 0.5167 -1.9333
vt -0.5658 0.5156 -1.9333
vt -0.5658 0.5145 -1.9333
vt -0.5194 0.4848 -1.7667
vt -0.5186 0.4867 -1.7667
vt -0.5178 0.4886 -1.7667
vt 1.5658 0.3493 -2.1000
vt 1.5658 0.3471 -2.1000
vt 1.5658 0.3450 -2.1000
vt 1.5658 -2.0833 0.6667
vt 0.4680 -2.0833 0.6667
vt 1.5658 -2.0844 0.6667
vt 0.4680 -2.0844 0.6667
vt 1.5658 -2.0855 0.6667
vt 0.4680 -2.0855 0.6667
vt 1.5658 0.5152 -2.1000
vt 1.5658 0.5146 -2.1000
vt 1.5658 0.5139 -2.1000
vt -0.5658 0.6499 -1.9333
vt 0.5320 0.6499 -1.9333
vt -0.5658 0.6511 -1.9333
vt 0.5320 0.6511 -1.9333
vt -0.5658 0.6522 -1.9333
vt 0.5320 0.6522 -1.9333
vt 1.5194 0.3486 2.7667
vt 1.5186 0.3467 2.7667
vt 1.5178 0.3448 2.7667
vt 0.4680 0.3449 2.7667
vt 0.5320 2.9515 0.3333
vt -0.5658 2.9515 0.3333
vt 0.5320 2.9499 0.3333
vt -0.5658 2.9499 0.3333
vt 0.5320 2.9483 0.3333
vt -0.5658 2.9483 0.3333
vt 1.5658 0.5167 2.9333
vt 1.5658 0.5156 2.9333
vt 1.5658 0.5145 2.9333
vt 1.5194 0.4848 2.7667
vt 1.5186 0.4867 2.7667
vt 1.5178 0.4886 2.7667
vt -0.5658 0.3493 3.1000
vt -0.5658 0.3471 3.1000
vt -0.5658 0.3450 3.1000
vt -0.5658 0.5152 3.1000
vt -0.5658 0.5146 3.1000
vt -0.5658 0.5139 3.1000
vt 0.4680 3.0833 0.6667
vt 1.5658 3.0833 0.6667
vt 0.4680 3.0844 0.6667
vt 1.5658 3.0844 0.6667
vt 0.4680 3.0855 0.6667
vt 1.5658 3.0855 0.6667
vt 0.4680 0.6499 2.9333
vt 1.5658 0.6499 2.9333
vt 0.4680 0.6511 2.9333
vt 1.5658 0.6511 2.9333
vt 0.4680 0.6522 2.9333
vt 1.5658 0.6522 2.9333
vt 0.4680 3.0899 0.6667
vt -0.4488 3.0922 0.6667
vt 0.4680 3.0888 0.6667
vt -0.4480 3.0904 0.6667
vt 0.4680 3.0877 0.6667
vt -0.4471 3.0885 0.6667
vt 0.4684 0.6566 2.9333
vt -0.4476 0.6680 2.9333
vt 0.4683 0.6555 2.9333
vt -0.4486 0.6676 2.9333
vt 0.4681 0.6544 2.9333
vt -0.4495 0.6671 2.9333
vt -0.4464 2.9420 0.6667
vt -0.4464 2.9436 0.6667
vt -0.4464 2.9451 0.6667
vt 1.4537 0.6667 3.1000
vt 1.4526 0.6667 3.1000
vt 1.4515 0.6667 3.1000
vt 0.4680 -2.0834 0.6667
vt -0.4495 -2.0904 0.6667
vt 0.4680 -2.0845 0.6667
vt -0.4487 -2.0892 0.6667
vt 0.4680 -2.0856 0.6667
vt -0.4479 -2.0879 0.6667
vt 0.5326 0.6501 -1.9333
vt 1.4491 0.6635 -1.9333
vt 0.5324 0.6512 -1.9333
vt 1.4498 0.6646 -1.9333
vt 0.5322 0.6523 -1.9333
vt 1.4504 0.6656 -1.9333
vt -0.4471 -2.0913 0.6667
vt -0.4471 -2.0898 0.6667
vt -0.4471 -2.0882 0.6667
vt 1.4544 0.6667 -1.9333
vt 1.4533 0.6667 -1.9333
vt 1.4522 0.6667 -1.9333
vt -0.4464 2.9407 0.6667
vt -0.4464 2.9427 0.6667
vt -0.4464 2.9447 0.6667
vt -0.4677 3.1359 0.7835
vt 1.4297 0.6569 3.1000
vt -0.4606 3.1240 0.7445
vt 1.4352 0.6601 3.1000
vt -0.4535 3.1120 0.7056
vt 1.4408 0.6634 3.1000
vt -0.4463 3.0927 0.6667
vt -0.4463 3.0907 0.6667
vt -0.4463 3.0887 0.6667
vt -0.4667 2.9779 0.7755
vt -0.4621 0.6662 2.9333
vt -0.4600 2.9630 0.7392
vt -0.4569 0.6664 2.9333
vt -0.4532 2.9482 0.7029
vt -0.4516 0.6665 2.9333
vt -0.5658 0.5060 -2.1000
vt -0.5658 0.5043 -2.1000
vt -0.5658 0.5026 -2.1000
vt -0.5658 0.3451 -2.1000
vt -0.5658 0.3444 -2.1000
vt -0.5658 0.3436 -2.1000
vt 1.5658 -1.9401 0.3333
vt 1.5658 -1.9423 0.3333
vt 1.5658 -1.9445 0.3333
vt 1.5658 2.9244 0.3333
vt 1.5658 2.9266 0.3333
vt 1.5658 2.9288 0.3333
vt 1.5658 0.4882 3.1000
vt 1.5658 0.4890 3.1000
vt 1.5658 0.4897 3.1000
vt 1.5658 3.0890 0.3333
vt 1.5658 3.0882 0.3333
vt 1.5658 3.0874 0.3333
vt -0.5658 0.4882 -2.1000
vt -0.5658 0.4890 -2.1000
vt -0.5658 0.4897 -2.1000
vt 1.5658 -2.0890 0.3333
vt 1.5658 -2.0882 0.3333
vt 1.5658 -2.0874 0.3333
vt 1.5658 0.5110 3.1000
vt 1.5658 0.5118 3.1000
vt 1.5658 0.5126 3.1000
vt 1.5658 0.3451 3.1000
vt 1.5658 0.3444 3.1000
vt 1.5658 0.3436 3.1000
# 1116 texture coords

g Box004
usemtl wire_028028177
s 1
f 4561/583/3276 4562/584/3276 4563/585/3276 4564/586/3276 
s 2
f 4565/587/3277 4566/588/3277 4567/589/3277 4568/590/3277 
f 4569/591/3278 4570/592/3278 4571/593/3278 4572/594/3278 
s 8
f 4573/595/3277 4574/596/3277 4566/597/3277 4565/598/3277 
f 4573/595/3277 4565/598/3277 4575/599/3277 
s 32
f 4570/600/3278 4569/601/3278 4576/602/3278 4577/603/3278 
f 4577/603/3278 4576/602/3278 4578/604/3278 
s 64
f 4562/605/3279 4561/606/3279 4579/607/3279 4580/608/3279 
s 8
f 4581/609/3277 4582/610/3277 4583/611/3277 4584/612/3277 
s 16
f 4585/613/3280 4586/614/3280 4587/615/3280 4588/616/3280 
f 4589/617/3280 4588/616/3280 4587/615/3280 
s 32
f 4590/618/3278 4591/619/3278 4592/620/3278 4593/621/3278 
s 64
f 4594/622/3279 4595/623/3279 4596/624/3279 4597/625/3279 
f 4598/626/3279 4594/622/3279 4597/625/3279 
s off
f 4599/627/3280 4600/628/3280 4601/629/3280 4602/630/3280 
s 8
f 4568/631/3277 4567/632/3277 4603/633/3277 4604/634/3277 
f 4604/634/3277 4603/633/3277 4605/635/3277 
s 32
f 4606/636/3278 4607/637/3278 4572/638/3278 4571/639/3278 
f 4606/636/3278 4571/639/3278 4608/640/3278 
s 64
f 4564/641/3280 4563/642/3280 4609/643/3280 4610/644/3280 
s 8
f 4611/645/3277 4612/646/3277 4613/647/3277 4614/648/3277 
s 16
f 4615/649/3279 4616/650/3279 4617/651/3279 4618/652/3279 
f 4619/653/3279 4615/649/3279 4618/652/3279 
s 32
f 4620/654/3278 4621/655/3278 4622/656/3278 4623/657/3278 
s 64
f 4624/658/3280 4625/659/3280 4626/660/3280 4627/661/3280 
f 4628/662/3280 4627/661/3280 4626/660/3280 
s off
f 4629/663/3279 4630/664/3279 4631/665/3279 4632/666/3279 
s 4
f 4633/667/3276 4634/668/3281 4635/669/3276 4636/670/3276 
f 4637/671/3281 4638/672/3281 4639/673/3281 4640/674/3281 
f 4637/671/3281 4640/674/3281 4641/675/3281 4642/676/3281 
f 4637/671/3281 4642/676/3281 4643/677/3281 4644/678/3282 
f 4643/677/3281 4645/679/3276 4646/680/3276 4647/681/3276 
f 4643/677/3281 4647/681/3276 4648/682/3276 4649/683/3276 
f 4643/677/3281 4649/683/3276 4644/678/3282 
f 4637/671/3281 4644/678/3282 4650/684/3282 
s off
f 4651/685/3283 4652/686/3283 4653/687/3283 4654/688/3283 
f 4651/685/3276 4654/688/3276 4655/689/3276 4656/690/3276 
f 4651/685/3276 4656/690/3276 4657/691/3276 4658/692/3276 
f 4651/685/3276 4658/692/3276 4659/693/3276 
s 4
f 4660/694/3283 4661/695/3276 4662/696/3283 4663/697/3283 
f 4664/698/3276 4665/699/3276 4666/700/3276 4667/701/3276 
f 4664/698/3276 4667/701/3276 4668/702/3276 4669/703/3276 
f 4664/698/3276 4669/703/3276 4670/704/3276 4671/705/3276 
f 4670/704/3276 4672/706/3276 4673/707/3276 4674/708/3276 
f 4670/704/3276 4674/708/3276 4675/709/3276 4676/710/3276 
f 4670/704/3276 4676/710/3276 4677/711/3276 4671/705/3276 
s off
f 4678/712/3276 4679/713/3276 4680/714/3276 4681/715/3276 
f 4680/714/3276 4682/716/3276 4683/717/3276 4684/718/3276 
f 4680/714/3276 4684/718/3276 4685/719/3276 4686/720/3276 
f 4680/714/3276 4686/720/3276 4681/715/3276 
s 8
f 4573/595/3277 4575/599/3277 4687/721/3277 4633/722/3277 
f 4573/595/3277 4633/722/3277 4636/723/3277 
s 32
f 4577/603/3278 4578/604/3278 4635/724/3278 4688/725/3278 
f 4635/724/3278 4634/726/3278 4688/725/3278 
s 64
f 4689/727/3279 4580/608/3279 4579/607/3279 4690/728/3279 
s 8
f 4657/729/3277 4584/612/3277 4583/611/3277 4658/730/3277 
s 16
f 4644/731/3280 4589/617/3280 4587/615/3280 4650/732/3280 
s 32
f 4643/733/3278 4593/621/3278 4592/620/3278 4645/734/3278 
s 64
f 4637/735/3279 4598/626/3279 4597/625/3279 4638/736/3279 
s off
f 4651/737/3280 4602/630/3280 4601/629/3280 4652/738/3280 
s 8
f 4604/634/3277 4605/635/3277 4661/739/3277 4691/740/3277 
f 4661/739/3277 4660/741/3277 4691/740/3277 
s 32
f 4606/636/3278 4608/640/3278 4692/742/3278 4663/743/3278 
f 4606/636/3278 4663/743/3278 4662/744/3278 
s 64
f 4693/745/3280 4610/644/3280 4609/643/3280 4694/746/3280 
s 8
f 4680/747/3277 4614/648/3277 4613/647/3277 4682/748/3277 
s 16
f 4664/749/3279 4619/653/3279 4618/652/3279 4665/750/3279 
s 32
f 4670/751/3278 4623/657/3278 4622/656/3278 4672/752/3278 
s 64
f 4677/753/3280 4628/662/3280 4626/660/3280 4671/754/3280 
s off
f 4681/755/3279 4632/666/3279 4631/665/3279 4678/756/3279 
f 4633/757/3279 4687/758/3279 4695/759/3279 4696/760/3279 
f 4633/757/3279 4696/760/3279 4697/761/3279 4698/762/3279 
f 4633/757/3279 4698/762/3279 4689/727/3279 4634/763/3279 
f 4689/727/3279 4690/728/3279 4699/764/3279 4700/765/3279 
f 4689/727/3279 4700/765/3279 4701/766/3279 4702/767/3279 
f 4689/727/3279 4702/767/3279 4688/768/3279 4634/763/3279 
f 4663/769/3280 4692/770/3280 4703/771/3280 4704/772/3280 
f 4663/769/3280 4704/772/3280 4705/773/3280 4706/774/3280 
f 4663/769/3280 4706/774/3280 4693/745/3280 4660/775/3280 
f 4693/745/3280 4694/746/3280 4707/776/3280 4708/777/3280 
f 4693/745/3280 4708/777/3280 4709/778/3280 4710/779/3280 
f 4693/745/3280 4710/779/3280 4691/780/3280 4660/775/3280 
s 1
f 4711/583/3276 4712/586/3276 4713/585/3276 4714/584/3276 
s 2
f 4715/587/3278 4716/590/3278 4717/589/3278 4718/588/3278 
f 4719/591/3277 4720/594/3277 4721/593/3277 4722/592/3277 
s 8
f 4723/781/3278 4724/782/3278 4715/598/3278 4718/597/3278 
f 4723/781/3278 4718/597/3278 4725/783/3278 
s 32
f 4726/784/3277 4727/785/3277 4728/786/3277 4722/600/3277 
f 4728/786/3277 4719/601/3277 4722/600/3277 
s 64
f 4714/605/3279 4729/608/3279 4730/607/3279 4711/606/3279 
s 8
f 4731/609/3278 4732/612/3278 4733/611/3278 4734/610/3278 
s 16
f 4735/787/3280 4736/788/3280 4737/613/3280 4738/616/3280 
f 4739/789/3280 4735/787/3280 4738/616/3280 
s 32
f 4740/620/3277 4741/619/3277 4742/618/3277 4743/621/3277 
s 64
f 4744/624/3279 4745/623/3279 4746/790/3279 4747/791/3279 
f 4748/792/3279 4747/791/3279 4746/790/3279 
s off
f 4749/627/3280 4750/630/3280 4751/629/3280 4752/628/3280 
s 8
f 4753/793/3278 4754/794/3278 4755/795/3278 4716/631/3278 
f 4755/795/3278 4717/632/3278 4716/631/3278 
s 32
f 4756/796/3277 4757/797/3277 4721/639/3277 4720/638/3277 
f 4756/796/3277 4720/638/3277 4758/798/3277 
s 64
f 4712/641/3280 4759/644/3280 4760/643/3280 4713/642/3280 
s 8
f 4761/645/3278 4762/648/3278 4763/647/3278 4764/646/3278 
s 16
f 4765/651/3279 4766/650/3279 4767/649/3279 4768/652/3279 
f 4769/653/3279 4768/652/3279 4767/649/3279 
s 32
f 4770/656/3277 4771/655/3277 4772/654/3277 4773/657/3277 
s 64
f 4774/660/3280 4775/659/3280 4776/658/3280 4777/661/3280 
f 4778/662/3280 4774/660/3280 4777/661/3280 
s off
f 4779/663/3279 4780/666/3279 4781/665/3279 4782/664/3279 
s 4
f 4783/667/3281 4784/799/3282 4785/800/3281 4786/668/3281 
f 4787/801/3276 4788/802/3276 4789/803/3276 4790/804/3276 
f 4787/801/3276 4790/804/3276 4791/805/3276 4792/806/3276 
f 4787/801/3276 4792/806/3276 4793/679/3276 4794/807/3276 
f 4793/679/3276 4795/677/3276 4796/808/3276 4797/809/3276 
f 4793/679/3276 4797/809/3276 4798/810/3276 4799/811/3276 
f 4793/679/3276 4799/811/3276 4800/812/3276 4794/807/3276 
s off
f 4801/685/3282 4802/693/3282 4803/692/3282 4804/686/3282 
f 4803/692/3282 4805/691/3282 4806/690/3282 4807/689/3282 
f 4803/692/3281 4807/689/3281 4808/688/3281 4809/687/3281 
f 4803/692/3282 4809/687/3282 4804/686/3282 
s 4
f 4810/694/3282 4811/697/3283 4812/813/3282 4813/814/3282 
f 4814/705/3276 4815/711/3276 4816/710/3276 4817/709/3276 
f 4814/705/3276 4817/709/3276 4818/708/3276 4819/707/3276 
f 4814/705/3276 4819/707/3276 4820/706/3276 4821/699/3276 
f 4820/706/3276 4822/704/3276 4823/703/3276 4824/702/3276 
f 4820/706/3276 4824/702/3276 4825/701/3276 4826/700/3276 
f 4820/706/3276 4826/700/3276 4821/699/3276 
f 4814/705/3276 4821/699/3276 4827/698/3276 
s off
f 4828/712/3281 4829/715/3281 4830/720/3281 4831/719/3281 
f 4828/712/3282 4831/719/3282 4832/718/3282 4833/717/3282 
f 4828/712/3281 4833/717/3281 4834/716/3281 4835/714/3281 
f 4828/712/3282 4835/714/3282 4836/713/3282 
s 8
f 4723/781/3278 4784/815/3278 4783/722/3278 4837/721/3278 
f 4723/781/3278 4837/721/3278 4724/782/3278 
s 32
f 4838/725/3277 4786/726/3277 4785/816/3277 4726/784/3277 
f 4726/784/3277 4785/816/3277 4727/785/3277 
s 64
f 4839/727/3279 4840/728/3279 4730/607/3279 4729/608/3279 
s 8
f 4805/729/3278 4803/730/3278 4733/611/3278 4732/612/3278 
s 16
f 4788/817/3280 4787/818/3280 4735/787/3280 4739/789/3280 
s 32
f 4795/733/3277 4793/734/3277 4740/620/3277 4743/621/3277 
s 64
f 4794/819/3279 4800/820/3279 4747/791/3279 4748/792/3279 
s off
f 4801/737/3280 4804/738/3280 4751/629/3280 4750/630/3280 
s 8
f 4841/740/3278 4810/741/3278 4813/821/3278 4753/793/3278 
f 4753/793/3278 4813/821/3278 4754/794/3278 
s 32
f 4756/796/3277 4812/822/3277 4811/743/3277 4842/742/3277 
f 4756/796/3277 4842/742/3277 4757/797/3277 
s 64
f 4843/745/3280 4844/746/3280 4760/643/3280 4759/644/3280 
s 8
f 4835/747/3278 4834/748/3278 4763/647/3278 4762/648/3278 
s 16
f 4827/749/3279 4821/750/3279 4768/652/3279 4769/653/3279 
s 32
f 4822/751/3277 4820/752/3277 4770/656/3277 4773/657/3277 
s 64
f 4815/753/3280 4814/754/3280 4774/660/3280 4778/662/3280 
s off
f 4829/755/3279 4828/756/3279 4781/665/3279 4780/666/3279 
f 4786/763/3279 4838/768/3279 4845/767/3279 4846/766/3279 
f 4786/763/3279 4846/766/3279 4847/765/3279 4848/764/3279 
f 4786/763/3279 4848/764/3279 4840/728/3279 4837/758/3279 
f 4840/728/3279 4839/727/3279 4849/762/3279 4850/761/3279 
f 4840/728/3279 4850/761/3279 4851/760/3279 4852/759/3279 
f 4840/728/3279 4852/759/3279 4837/758/3279 
f 4783/757/3279 4786/763/3279 4837/758/3279 
f 4810/775/3280 4841/780/3280 4853/779/3280 4854/778/3280 
f 4810/775/3280 4854/778/3280 4855/777/3280 4856/776/3280 
f 4810/775/3280 4856/776/3280 4844/746/3280 4842/770/3280 
f 4844/746/3280 4843/745/3280 4857/774/3280 4858/773/3280 
f 4844/746/3280 4858/773/3280 4859/772/3280 4860/771/3280 
f 4844/746/3280 4860/771/3280 4842/770/3280 
f 4811/769/3280 4810/775/3280 4842/770/3280 
s 1
f 4620/654/3284 4861/654/3284 4862/655/3284 4621/655/3284 
s 2
f 4616/650/3279 4863/650/3279 4864/651/3279 4617/651/3279 
f 4627/661/3280 4865/661/3280 4866/658/3280 4624/658/3280 
s 1
f 4591/619/3276 4590/618/3276 4742/618/3276 4741/619/3276 
s 2
f 4596/624/3279 4595/623/3279 4745/623/3279 4744/624/3279 
f 4585/613/3280 4588/616/3280 4738/616/3280 4737/613/3280 
s 1
f 4772/654/3284 4771/655/3284 4867/655/3284 4868/654/3284 
s 2
f 4766/650/3279 4765/651/3279 4869/651/3279 4870/650/3279 
f 4777/661/3280 4776/658/3280 4871/658/3280 4872/661/3280 
s 1
f 4873/823/3285 4874/823/3284 4875/824/3284 4876/825/3284 
f 4873/823/3285 4876/825/3284 4877/826/3285 4878/827/3284 
f 4873/823/3285 4878/827/3284 4879/654/3284 4880/828/3285 
f 4879/654/3284 4881/655/3284 4882/829/3285 4883/830/3284 
f 4879/654/3284 4883/830/3284 4884/831/3284 4885/832/3285 
f 4879/654/3284 4885/832/3285 4880/828/3285 
f 4880/828/3285 4886/828/3284 4887/832/3284 4888/831/3284 
f 4880/828/3285 4888/831/3284 4889/830/3285 4890/829/3284 
f 4880/828/3285 4890/829/3284 4891/655/3284 4873/823/3285 
f 4892/824/3285 4873/823/3285 4891/655/3284 4893/825/3284 
f 4894/826/3284 4893/825/3284 4891/655/3284 4895/827/3285 
f 4896/654/3284 4895/827/3285 4891/655/3284 
s 2
f 4870/650/3279 4869/651/3279 4897/833/3279 4898/834/3279 
f 4870/650/3279 4898/834/3279 4899/835/3279 4900/836/3279 
f 4870/650/3279 4900/836/3279 4901/837/3279 4863/650/3279 
f 4901/837/3279 4902/837/3279 4903/836/3279 4904/835/3279 
f 4901/837/3279 4904/835/3279 4905/834/3279 4906/833/3279 
f 4901/837/3279 4906/833/3279 4864/651/3279 4863/650/3279 
f 4907/838/3280 4908/838/3280 4909/839/3280 4910/840/3280 
f 4907/838/3280 4910/840/3280 4911/841/3280 4912/842/3280 
f 4907/838/3280 4912/842/3280 4872/661/3280 4871/658/3280 
f 4907/838/3280 4871/658/3280 4866/658/3280 4913/839/3280 
f 4914/840/3280 4913/839/3280 4866/658/3280 4915/841/3280 
f 4916/842/3280 4915/841/3280 4866/658/3280 4865/661/3280 
s off
f 4862/655/3277 4861/654/3277 4896/654/3277 4891/655/3277 
f 4902/837/3286 4901/837/3286 4874/823/3286 4873/823/3286 
f 4868/654/3278 4867/655/3278 4881/655/3278 4879/654/3278 
f 4908/838/3280 4907/838/3280 4886/828/3280 4880/828/3280 
f 4572/594/3276 4607/637/3276 4917/843/3276 4918/844/3276 
f 4572/594/3276 4918/844/3276 4919/845/3276 4920/846/3276 
f 4572/594/3276 4920/846/3276 4625/847/3276 4624/658/3276 
f 4569/601/3276 4572/594/3276 4624/658/3276 4745/623/3276 
f 4776/658/3276 4775/659/3276 4921/848/3276 4922/849/3276 
f 4776/658/3276 4922/849/3276 4923/850/3276 4924/851/3276 
f 4776/658/3276 4924/851/3276 4758/852/3276 4720/638/3276 
f 4871/658/3276 4776/658/3276 4720/638/3276 4866/658/3276 
f 4624/658/3276 4866/658/3276 4720/638/3276 4745/623/3276 
f 4719/591/3276 4728/786/3276 4925/853/3276 4926/854/3276 
f 4719/591/3276 4926/854/3276 4927/855/3276 4928/856/3276 
f 4719/591/3276 4928/856/3276 4746/857/3276 4745/623/3276 
f 4720/638/3276 4719/591/3276 4745/623/3276 
f 4569/601/3276 4745/623/3276 4595/623/3276 4576/858/3276 
f 4595/623/3283 4594/622/3283 4929/859/3283 4930/860/3283 
f 4595/623/3283 4930/860/3283 4931/861/3283 4932/862/3283 
f 4595/623/3283 4932/862/3283 4576/858/3283 
f 4566/597/3277 4574/596/3277 4933/596/3277 4934/597/3277 
f 4586/614/3280 4585/613/3280 4935/613/3280 4936/614/3280 
f 4582/610/3277 4581/609/3277 4937/609/3277 4938/610/3277 
f 4600/628/3280 4599/627/3280 4939/627/3280 4940/628/3280 
f 4603/633/3277 4567/632/3277 4941/632/3277 4942/633/3277 
f 4616/650/3279 4615/649/3279 4943/649/3279 4944/650/3279 
f 4612/646/3277 4611/645/3277 4945/645/3277 4946/646/3277 
f 4630/664/3279 4629/663/3279 4947/663/3279 4948/664/3279 
f 4567/589/3277 4566/588/3277 4934/588/3277 4941/589/3277 
f 4725/783/3278 4718/597/3278 4949/597/3278 4950/783/3278 
f 4737/613/3280 4736/788/3280 4951/788/3280 4952/613/3280 
f 4731/609/3278 4734/610/3278 4953/610/3278 4954/609/3278 
f 4749/627/3280 4752/628/3280 4955/628/3280 4956/627/3280 
f 4717/632/3278 4755/795/3278 4957/795/3278 4958/632/3278 
f 4767/649/3279 4766/650/3279 4959/650/3279 4960/649/3279 
f 4761/645/3278 4764/646/3278 4961/646/3278 4962/645/3278 
f 4779/663/3279 4782/664/3279 4963/664/3279 4964/663/3279 
f 4718/588/3278 4717/589/3278 4958/589/3278 4949/588/3278 
f 4863/650/3279 4616/650/3279 4944/650/3279 4965/650/3279 
f 4585/613/3280 4737/613/3280 4952/613/3280 4935/613/3280 
f 4766/650/3279 4870/650/3279 4966/650/3279 4959/650/3279 
f 4870/650/3279 4863/650/3279 4965/650/3279 4966/650/3279 
f 4938/610/3287 4937/609/3287 4967/863/3287 4968/864/3287 
f 4938/610/3287 4968/864/3287 4969/865/3287 4970/866/3287 
f 4938/610/3287 4970/866/3287 4940/867/3287 4936/614/3287 
f 4940/867/3280 4939/627/3280 4971/868/3280 4972/869/3280 
f 4940/867/3280 4972/869/3280 4973/870/3280 4974/871/3280 
f 4940/867/3280 4974/871/3280 4936/614/3280 
f 4952/613/3280 4951/788/3280 4975/872/3280 4976/873/3280 
f 4952/613/3280 4976/873/3280 4977/874/3280 4978/875/3280 
f 4952/613/3287 4978/875/3287 4956/627/3287 4950/783/3287 
f 4956/627/3287 4955/628/3287 4979/876/3287 4980/877/3287 
f 4956/627/3287 4980/877/3287 4981/878/3287 4982/879/3287 
f 4956/627/3287 4982/879/3287 4954/880/3287 4950/783/3287 
f 4954/880/3280 4953/610/3280 4983/881/3280 4984/882/3280 
f 4954/880/3280 4984/882/3280 4985/883/3280 4986/884/3280 
f 4954/880/3280 4986/884/3280 4950/783/3280 
f 4935/613/3287 4952/613/3287 4950/783/3287 4936/614/3287 
f 4958/589/3280 4957/795/3280 4987/885/3280 4988/886/3280 
f 4958/589/3280 4988/886/3280 4989/887/3280 4990/888/3280 
f 4958/589/3287 4990/888/3287 4962/645/3287 4960/649/3287 
f 4962/645/3287 4961/646/3287 4991/889/3287 4992/890/3287 
f 4962/645/3287 4992/890/3287 4993/891/3287 4994/892/3287 
f 4962/645/3287 4994/892/3287 4964/893/3287 4960/649/3287 
f 4964/893/3280 4963/664/3280 4995/894/3280 4996/895/3280 
f 4964/893/3280 4996/895/3280 4997/896/3280 4998/897/3280 
f 4964/893/3280 4998/897/3280 4960/649/3280 
f 4949/597/3287 4958/589/3287 4960/649/3287 4950/783/3287 
f 4950/783/3287 4960/649/3287 4959/650/3287 4942/633/3287 
f 4944/650/3280 4943/649/3280 4999/897/3280 5000/896/3280 
f 4944/650/3280 5000/896/3280 5001/895/3280 5002/894/3280 
f 4944/650/3287 5002/894/3287 4948/664/3287 4942/633/3287 
f 4948/664/3287 4947/663/3287 5003/898/3287 5004/899/3287 
f 4948/664/3287 5004/899/3287 5005/900/3287 5006/901/3287 
f 4948/664/3287 5006/901/3287 4946/902/3287 4942/633/3287 
f 4946/902/3280 4945/645/3280 5007/903/3280 5008/904/3280 
f 4946/902/3280 5008/904/3280 5009/905/3280 5010/906/3280 
f 4946/902/3280 5010/906/3280 4942/633/3280 
f 4965/650/3287 4944/650/3287 4942/633/3287 4966/650/3287 
f 4959/650/3287 4966/650/3287 4942/633/3287 
f 4936/614/3287 4950/783/3287 4942/633/3287 4941/632/3287 
f 4936/614/3287 4941/632/3287 4934/588/3287 4938/610/3287 
f 5011/907/3280 4938/610/3280 4934/588/3280 5012/908/3280 
f 5013/909/3280 5012/908/3280 4934/588/3280 5014/910/3280 
f 4933/596/3280 5014/910/3280 4934/588/3280 
f 4635/911/3283 5015/912/3283 5016/912/3283 
f 4662/913/3276 5017/914/3276 5018/914/3276 
f 4802/693/3281 5019/912/3281 5020/912/3281 
f 4812/915/3282 5021/914/3282 5022/914/3282 
f 5023/916/3288 4907/838/3288 5024/838/3288 
f 4864/651/3289 5025/837/3289 5026/837/3289 
f 4872/661/3290 5027/838/3290 5028/838/3290 
f 5029/917/3291 4901/837/3291 5030/837/3291 
s 8
f 5031/918/3277 4583/919/3277 4582/920/3277 5032/921/3277 
f 5033/922/3277 4605/635/3277 4603/633/3277 5034/923/3277 
s off
f 4917/924/3292 4607/925/3292 4606/926/3292 5035/927/3292 
f 5036/928/3279 4631/929/3279 4630/930/3279 5037/931/3279 
f 5038/932/3293 4613/933/3293 4612/934/3293 5039/935/3293 
f 5040/936/3294 4575/937/3294 4565/938/3294 5041/939/3294 
f 5042/940/3295 4608/941/3295 4571/942/3295 5043/943/3295 
f 5043/944/3296 4571/945/3296 4570/946/3296 5044/947/3296 
f 5045/948/3297 4563/949/3297 4562/950/3297 5046/951/3297 
f 5044/952/3298 4570/953/3298 4577/954/3298 5047/955/3298 
f 5048/956/3280 4599/957/3280 4602/958/3280 5049/959/3280 
f 4929/960/3299 4594/961/3299 4598/962/3299 5050/963/3299 
f 5051/964/3300 4588/965/3300 4589/966/3300 5052/967/3300 
f 5053/968/3301 4590/969/3301 4593/970/3301 5054/971/3301 
f 5055/972/3302 4581/973/3302 4584/974/3302 5056/975/3302 
f 5057/976/3303 4568/977/3303 4604/978/3303 5058/979/3303 
f 5059/980/3276 4651/685/3276 4659/693/3276 5060/981/3276 
f 5061/982/3276 4659/983/3276 4658/984/3276 5062/985/3276 
f 5063/986/3283 4662/987/3283 4661/988/3283 5064/989/3283 
f 5065/990/3283 4679/713/3283 4678/712/3283 5066/991/3283 
s 8
f 5067/992/3277 4573/595/3277 4636/723/3277 5068/993/3277 
s off
f 4695/994/3304 4687/995/3304 4575/996/3304 5040/936/3304 
f 5069/997/3305 4635/998/3305 4578/999/3305 5070/1000/3305 
f 5047/955/3306 4577/1001/3306 4688/1002/3306 4702/1003/3306 
f 5056/975/3302 4584/974/3302 4657/1004/3302 4656/1005/3302 
f 5052/967/3307 4589/966/3307 4644/1006/3307 4649/1007/3307 
f 5049/959/3280 4602/958/3280 4651/1008/3280 5059/1009/3280 
f 5054/1010/3308 4593/1011/3308 4643/1012/3308 4642/1013/3308 
f 5058/979/3309 4604/1014/3309 4691/1015/3309 4710/1016/3309 
s 8
f 5064/1017/3277 4661/739/3277 4605/635/3277 5033/922/3277 
s off
f 4703/1018/3310 4692/1019/3310 4608/1020/3310 5042/940/3310 
f 4683/1021/3293 4682/1022/3293 4613/933/3293 5038/932/3293 
f 5066/1023/3279 4678/1024/3279 4631/929/3279 5036/928/3279 
f 4666/1025/3311 4665/1026/3311 4618/1027/3311 5071/1028/3311 
f 4673/1029/3312 4672/1030/3312 4622/1031/3312 5072/1032/3312 
f 5073/1033/3313 4671/1034/3313 4626/1035/3313 5074/1036/3313 
s 8
f 5075/1037/3278 4734/1038/3278 4733/1039/3278 5076/1040/3278 
s off
f 5077/1041/3314 4756/1042/3314 4758/1043/3314 4924/1044/3314 
f 5078/1045/3279 4782/1046/3279 4781/1047/3279 5079/1048/3279 
f 5080/1049/3315 4765/1050/3315 4768/1051/3315 5081/1052/3315 
f 5082/1053/3316 4771/1054/3316 4770/1055/3316 5083/1056/3316 
f 5084/1057/3317 4764/1058/3317 4763/1059/3317 5085/1060/3317 
f 5086/1061/3318 4715/1062/3318 4724/1063/3318 5087/1064/3318 
f 5088/1065/3303 4721/1066/3303 4757/1067/3303 5089/1068/3303 
f 5090/1069/3319 4722/1070/3319 4721/1071/3319 5088/1072/3319 
f 5091/1073/3320 4714/1074/3320 4713/1075/3320 5092/1076/3320 
f 4925/1077/3321 4728/1078/3321 4727/1079/3321 5093/1080/3321 
f 5094/1081/3322 4726/1082/3322 4722/1083/3322 5090/1084/3322 
f 5095/1085/3280 4750/1086/3280 4749/1087/3280 5096/1088/3280 
f 5097/1089/3323 4732/1090/3323 4731/1091/3323 5098/1092/3323 
f 5099/1093/3295 4753/1094/3295 4716/1095/3295 5100/1096/3295 
s 8
f 5101/1097/3278 4762/1098/3278 4761/1099/3278 5102/1100/3278 
s off
f 5103/1101/3281 4785/1102/3281 4784/1103/3281 5104/1104/3281 
f 5105/1105/3281 4802/693/3281 4801/685/3281 5106/1106/3281 
f 5107/1107/3282 4813/1108/3282 4812/1109/3282 5022/1110/3282 
f 5108/991/3282 4828/712/3282 4836/713/3282 5109/990/3282 
s 8
f 5104/1111/3278 4784/1112/3278 4723/1113/3278 5110/1114/3278 
s off
f 5087/1064/3306 4724/1063/3306 4837/1115/3306 4852/1116/3306 
f 5093/1080/3324 4727/1079/3324 4785/1117/3324 5111/1118/3324 
f 4845/1119/3304 4838/1120/3304 4726/1082/3304 5094/1081/3304 
f 4806/1121/3323 4805/1122/3323 4732/1090/3323 5097/1089/3323 
f 4789/1123/3325 4788/1124/3325 4739/1125/3325 5112/1126/3325 
f 5106/1127/3280 4801/1128/3280 4750/1086/3280 5095/1085/3280 
f 4796/1129/3326 4795/1130/3326 4743/1131/3326 5113/1132/3326 
f 4853/1133/3310 4841/1134/3310 4753/1094/3310 5099/1093/3310 
s 8
f 5114/1135/3278 4754/1136/3278 4813/1137/3278 5107/1138/3278 
s off
f 5115/1139/3327 4812/1140/3327 4756/1042/3327 5077/1041/3327 
f 5089/1068/3309 4757/1067/3309 4842/1141/3309 4860/1142/3309 
f 5085/1060/3317 4763/1059/3317 4834/1143/3317 4833/1144/3317 
f 5079/1048/3279 4781/1047/3279 4828/1145/3279 5108/1146/3279 
f 5081/1147/3328 4768/1148/3328 4821/1149/3328 4826/1150/3328 
f 5083/1151/3329 4770/1152/3329 4820/1153/3329 4819/1154/3329 
f 5071/1155/3330 4618/1156/3330 4617/1157/3330 5116/1158/3330 
f 5072/1159/3331 4622/1160/3331 4621/1161/3331 5117/1162/3331 
f 5118/1163/3332 4865/1164/3332 4627/1164/3332 5119/1163/3332 
f 5120/1165/3333 4861/1166/3333 4620/1166/3333 5121/1165/3333 
f 5112/1167/3334 4739/1168/3334 4738/1169/3334 5122/1170/3334 
f 5113/1171/3335 4743/1172/3335 4742/1173/3335 5123/1174/3335 
f 5122/1175/3336 4738/1176/3336 4588/1176/3336 5051/1175/3336 
f 5123/1177/3337 4742/1178/3337 4590/1178/3337 5053/1177/3337 
f 5124/1163/3338 4777/1164/3338 4872/1164/3338 5028/1163/3338 
f 5125/1165/3339 4772/1166/3339 4868/1166/3339 5126/1165/3339 
f 4887/1179/3340 4886/1180/3340 4907/1180/3340 5023/1179/3340 
f 4895/1181/3341 4896/1182/3341 4861/1183/3341 5127/1184/3341 
f 4875/1185/3342 4874/1186/3342 4901/1186/3342 5029/1185/3342 
f 4882/1187/3343 4881/1188/3343 4867/1189/3343 5128/1190/3343 
f 4971/1191/3280 4939/1192/3280 4599/1192/3280 5048/1191/3280 
f 4967/1193/3329 4937/1194/3329 4581/1194/3329 5055/1193/3329 
f 5014/1195/3277 4933/1196/3277 4574/1196/3277 5129/1195/3277 
f 5007/1197/3277 4945/795/3277 4611/795/3277 5130/1197/3277 
f 4999/1198/3279 4943/1199/3279 4615/1199/3279 5131/1198/3279 
f 5003/1200/3344 4947/1201/3344 4629/1201/3344 5132/1200/3344 
f 4975/1202/3280 4951/1203/3280 4736/1203/3280 5133/1202/3280 
f 4979/1204/3345 4955/1205/3345 4752/1205/3345 5134/1204/3345 
f 4983/783/3278 4953/783/3278 4734/783/3278 5075/783/3278 
f 4995/1206/3279 4963/1207/3279 4782/1207/3279 5078/1206/3279 
f 4991/1208/3346 4961/1209/3346 4764/1209/3346 5084/1208/3346 
f 4987/645/3278 4957/645/3278 4755/645/3278 5135/645/3278 
f 4635/911/3283 5069/1210/3283 5136/912/3283 
f 5137/912/3283 5136/912/3283 5069/1210/3283 5138/1211/3283 
f 5139/912/3283 5137/912/3283 5138/1211/3283 5140/1212/3283 
f 5141/912/3283 5139/912/3283 5140/1212/3283 5142/1213/3283 
f 5143/1214/3283 5141/912/3283 5142/1213/3283 4637/671/3283 
f 4635/911/3283 5136/912/3283 5144/912/3283 
f 5145/912/3283 5144/912/3283 5136/912/3283 5137/912/3283 
f 5146/912/3283 5145/912/3283 5137/912/3283 5139/912/3283 
f 5147/912/3283 5146/912/3283 5139/912/3283 5141/912/3283 
f 5148/1215/3283 5147/912/3283 5141/912/3283 5143/1214/3283 
f 4635/911/3283 5144/912/3283 5149/912/3283 
f 5150/912/3283 5149/912/3283 5144/912/3283 5145/912/3283 
f 5151/912/3283 5150/912/3283 5145/912/3283 5146/912/3283 
f 5152/912/3283 5151/912/3283 5146/912/3283 5147/912/3283 
f 5153/1216/3283 5152/912/3283 5147/912/3283 5148/1215/3283 
f 4635/911/3283 5149/912/3283 5015/912/3283 
f 5154/912/3283 5015/912/3283 5149/912/3283 5150/912/3283 
f 5155/912/3283 5154/912/3283 5150/912/3283 5151/912/3283 
f 5156/912/3283 5155/912/3283 5151/912/3283 5152/912/3283 
f 5060/981/3283 5156/912/3283 5152/912/3283 5153/1216/3283 
f 5157/912/3283 5016/912/3283 5015/912/3283 5154/912/3283 
f 5158/912/3283 5157/912/3283 5154/912/3283 5155/912/3283 
f 5061/912/3283 5158/912/3283 5155/912/3283 5156/912/3283 
f 4659/693/3283 5061/912/3283 5156/912/3283 5060/981/3283 
f 4662/913/3276 5063/1217/3276 5159/914/3276 
f 5160/914/3276 5159/914/3276 5063/1217/3276 5161/1218/3276 
f 5162/914/3276 5160/914/3276 5161/1218/3276 5163/1219/3276 
f 5164/914/3276 5162/914/3276 5163/1219/3276 5165/1220/3276 
f 5065/990/3276 5164/914/3276 5165/1220/3276 4679/713/3276 
f 4662/913/3276 5159/914/3276 5166/914/3276 
f 5167/914/3276 5166/914/3276 5159/914/3276 5160/914/3276 
f 5168/914/3276 5167/914/3276 5160/914/3276 5162/914/3276 
f 5169/914/3276 5168/914/3276 5162/914/3276 5164/914/3276 
f 5170/1221/3276 5169/914/3276 5164/914/3276 5065/990/3276 
f 4662/913/3276 5166/914/3276 5171/914/3276 
f 5172/914/3276 5171/914/3276 5166/914/3276 5167/914/3276 
f 5173/914/3276 5172/914/3276 5167/914/3276 5168/914/3276 
f 5174/914/3276 5173/914/3276 5168/914/3276 5169/914/3276 
f 5175/1222/3276 5174/914/3276 5169/914/3276 5170/1221/3276 
f 4662/913/3276 5171/914/3276 5017/914/3276 
f 5176/914/3276 5017/914/3276 5171/914/3276 5172/914/3276 
f 5177/914/3276 5176/914/3276 5172/914/3276 5173/914/3276 
f 5178/914/3276 5177/914/3276 5173/914/3276 5174/914/3276 
f 5179/1223/3276 5178/914/3276 5174/914/3276 5175/1222/3276 
f 5180/914/3276 5018/914/3276 5017/914/3276 5176/914/3276 
f 5181/914/3276 5180/914/3276 5176/914/3276 5177/914/3276 
f 5073/914/3276 5181/914/3276 5177/914/3276 5178/914/3276 
f 4671/705/3276 5073/914/3276 5178/914/3276 5179/1223/3276 
f 4802/693/3281 5105/1105/3281 5182/912/3281 
f 5183/912/3281 5182/912/3281 5105/1105/3281 5184/1224/3281 
f 5185/912/3281 5183/912/3281 5184/1224/3281 5186/1225/3281 
f 5187/912/3281 5185/912/3281 5186/1225/3281 5188/1226/3281 
f 5189/1227/3281 5187/912/3281 5188/1226/3281 4794/807/3281 
f 4802/693/3281 5182/912/3281 5190/912/3281 
f 5191/912/3281 5190/912/3281 5182/912/3281 5183/912/3281 
f 5192/912/3281 5191/912/3281 5183/912/3281 5185/912/3281 
f 5193/912/3281 5192/912/3281 5185/912/3281 5187/912/3281 
f 5194/1228/3281 5193/912/3281 5187/912/3281 5189/1227/3281 
f 4802/693/3281 5190/912/3281 5195/912/3281 
f 5196/912/3281 5195/912/3281 5190/912/3281 5191/912/3281 
f 5197/912/3281 5196/912/3281 5191/912/3281 5192/912/3281 
f 5198/912/3281 5197/912/3281 5192/912/3281 5193/912/3281 
f 5199/1229/3281 5198/912/3281 5193/912/3281 5194/1228/3281 
f 4802/693/3281 5195/912/3281 5019/912/3281 
f 5200/912/3281 5019/912/3281 5195/912/3281 5196/912/3281 
f 5201/912/3281 5200/912/3281 5196/912/3281 5197/912/3281 
f 5202/912/3281 5201/912/3281 5197/912/3281 5198/912/3281 
f 5111/1230/3281 5202/912/3281 5198/912/3281 5199/1229/3281 
f 5203/912/3281 5020/912/3281 5019/912/3281 5200/912/3281 
f 5204/912/3281 5203/912/3281 5200/912/3281 5201/912/3281 
f 5103/912/3281 5204/912/3281 5201/912/3281 5202/912/3281 
f 4785/1231/3281 5103/912/3281 5202/912/3281 5111/1230/3281 
f 4812/915/3282 5115/1232/3282 5205/914/3282 
f 5206/914/3282 5205/914/3282 5115/1232/3282 5207/1233/3282 
f 5208/914/3282 5206/914/3282 5207/1233/3282 5209/1234/3282 
f 5210/914/3282 5208/914/3282 5209/1234/3282 5211/1235/3282 
f 5212/1223/3282 5210/914/3282 5211/1235/3282 4814/705/3282 
f 4812/915/3282 5205/914/3282 5213/914/3282 
f 5214/914/3282 5213/914/3282 5205/914/3282 5206/914/3282 
f 5215/914/3282 5214/914/3282 5206/914/3282 5208/914/3282 
f 5216/914/3282 5215/914/3282 5208/914/3282 5210/914/3282 
f 5217/1222/3282 5216/914/3282 5210/914/3282 5212/1223/3282 
f 4812/915/3282 5213/914/3282 5218/914/3282 
f 5219/914/3282 5218/914/3282 5213/914/3282 5214/914/3282 
f 5220/914/3282 5219/914/3282 5214/914/3282 5215/914/3282 
f 5221/914/3282 5220/914/3282 5215/914/3282 5216/914/3282 
f 5222/1221/3282 5221/914/3282 5216/914/3282 5217/1222/3282 
f 4812/915/3282 5218/914/3282 5021/914/3282 
f 5223/914/3282 5021/914/3282 5218/914/3282 5219/914/3282 
f 5224/914/3282 5223/914/3282 5219/914/3282 5220/914/3282 
f 5225/914/3282 5224/914/3282 5220/914/3282 5221/914/3282 
f 5109/990/3282 5225/914/3282 5221/914/3282 5222/1221/3282 
f 5226/914/3282 5022/914/3282 5021/914/3282 5223/914/3282 
f 5227/914/3282 5226/914/3282 5223/914/3282 5224/914/3282 
f 5228/914/3282 5227/914/3282 5224/914/3282 5225/914/3282 
f 4836/713/3282 5228/914/3282 5225/914/3282 5109/990/3282 
f 4907/838/3347 4913/839/3347 5229/838/3347 
f 5230/838/3348 5229/838/3348 4913/839/3348 4914/840/3348 
f 5231/838/3347 5230/838/3347 4914/840/3347 4915/841/3347 
f 5232/838/3347 5231/838/3347 4915/841/3347 4916/842/3347 
f 5118/838/3288 5232/838/3288 4916/842/3288 4865/661/3288 
f 4907/838/3347 5229/838/3347 5233/838/3347 
f 5234/838/3349 5233/838/3349 5229/838/3349 5230/838/3349 
f 5235/838/3350 5234/838/3350 5230/838/3350 5231/838/3350 
f 5236/838/3349 5235/838/3349 5231/838/3349 5232/838/3349 
f 5237/838/3347 5236/838/3347 5232/838/3347 5118/838/3347 
f 4907/838/3347 5233/838/3347 5238/838/3347 
f 5239/838/3347 5238/838/3347 5233/838/3347 5234/838/3347 
f 5240/838/3347 5239/838/3347 5234/838/3347 5235/838/3347 
f 5241/838/3347 5240/838/3347 5235/838/3347 5236/838/3347 
f 5242/838/3347 5241/838/3347 5236/838/3347 5237/838/3347 
f 4907/838/3351 5238/838/3351 5024/838/3351 
f 5243/838/3352 5024/838/3352 5238/838/3352 5239/838/3352 
f 5244/838/3353 5243/838/3353 5239/838/3353 5240/838/3353 
f 5245/838/3353 5244/838/3353 5240/838/3353 5241/838/3353 
f 5246/838/3347 5245/838/3347 5241/838/3347 5242/838/3347 
f 5247/1236/3347 5023/916/3347 5024/838/3347 5243/838/3347 
f 5248/1237/3288 5247/1236/3288 5243/838/3288 5244/838/3288 
f 5249/1238/3347 5248/1237/3347 5244/838/3347 5245/838/3347 
f 4862/1239/3347 5249/1238/3347 5245/838/3347 5246/838/3347 
f 4864/651/3354 4906/833/3354 5250/837/3354 
f 5251/837/3355 5250/837/3355 4906/833/3355 4905/834/3355 
f 5252/837/3356 5251/837/3356 4905/834/3356 4904/835/3356 
f 5253/837/3357 5252/837/3357 4904/835/3357 4903/836/3357 
f 5254/1240/3357 5253/837/3357 4903/836/3357 4902/837/3357 
f 4864/651/3358 5250/837/3358 5255/837/3358 
f 5256/837/3357 5255/837/3357 5250/837/3357 5251/837/3357 
f 5257/837/3357 5256/837/3357 5251/837/3357 5252/837/3357 
f 5258/837/3356 5257/837/3356 5252/837/3356 5253/837/3356 
f 5259/1241/3357 5258/837/3357 5253/837/3357 5254/1240/3357 
f 4864/651/3359 5255/837/3359 5260/837/3359 
f 5261/837/3357 5260/837/3357 5255/837/3357 5256/837/3357 
f 5262/837/3355 5261/837/3355 5256/837/3355 5257/837/3355 
f 5263/837/3356 5262/837/3356 5257/837/3356 5258/837/3356 
f 5264/1242/3357 5263/837/3357 5258/837/3357 5259/1241/3357 
f 4864/651/3359 5260/837/3359 5025/837/3359 
f 5265/837/3357 5025/837/3357 5260/837/3357 5261/837/3357 
f 5266/837/3360 5265/837/3360 5261/837/3360 5262/837/3360 
f 5267/837/3357 5266/837/3357 5262/837/3357 5263/837/3357 
f 5127/1243/3357 5267/837/3357 5263/837/3357 5264/1242/3357 
f 5268/837/3361 5026/837/3361 5025/837/3361 5265/837/3361 
f 5269/837/3356 5268/837/3356 5265/837/3356 5266/837/3356 
f 5120/837/3361 5269/837/3361 5266/837/3361 5267/837/3361 
f 4861/1244/3356 5120/837/3356 5267/837/3356 5127/1243/3356 
f 4872/661/3362 4912/842/3362 5270/838/3362 
f 5271/838/3290 5270/838/3290 4912/842/3290 4911/841/3290 
f 5272/838/3363 5271/838/3363 4911/841/3363 4910/840/3363 
f 5273/838/3363 5272/838/3363 4910/840/3363 4909/839/3363 
f 5274/1245/3363 5273/838/3363 4909/839/3363 4908/838/3363 
f 4872/661/3364 5270/838/3364 5275/838/3364 
f 5276/838/3363 5275/838/3363 5270/838/3363 5271/838/3363 
f 5277/838/3365 5276/838/3365 5271/838/3365 5272/838/3365 
f 5278/838/3363 5277/838/3363 5272/838/3363 5273/838/3363 
f 5279/1246/3366 5278/838/3366 5273/838/3366 5274/1245/3366 
f 4872/661/3290 5275/838/3290 5280/838/3290 
f 5281/838/3366 5280/838/3366 5275/838/3366 5276/838/3366 
f 5282/838/3363 5281/838/3363 5276/838/3363 5277/838/3363 
f 5283/838/3367 5282/838/3367 5277/838/3367 5278/838/3367 
f 5284/1247/3365 5283/838/3365 5278/838/3365 5279/1246/3365 
f 4872/661/3363 5280/838/3363 5027/838/3363 
f 5285/838/3290 5027/838/3290 5280/838/3290 5281/838/3290 
f 5286/838/3290 5285/838/3290 5281/838/3290 5282/838/3290 
f 5287/838/3368 5286/838/3368 5282/838/3368 5283/838/3368 
f 5128/1248/3365 5287/838/3365 5283/838/3365 5284/1247/3365 
f 5288/838/3366 5028/838/3366 5027/838/3366 5285/838/3366 
f 5289/838/3366 5288/838/3366 5285/838/3366 5286/838/3366 
f 5290/838/3366 5289/838/3366 5286/838/3366 5287/838/3366 
f 4867/1249/3363 5290/838/3363 5287/838/3363 5128/1248/3363 
f 4901/837/3369 4900/836/3369 5291/837/3369 
f 5292/837/3370 5291/837/3370 4900/836/3370 4899/835/3370 
f 5293/837/3371 5292/837/3371 4899/835/3371 4898/834/3371 
f 5294/837/3291 5293/837/3291 4898/834/3291 4897/833/3291 
f 5295/837/3291 5294/837/3291 4897/833/3291 4869/651/3291 
f 4901/837/3372 5291/837/3372 5296/837/3372 
f 5297/837/3370 5296/837/3370 5291/837/3370 5292/837/3370 
f 5298/837/3291 5297/837/3291 5292/837/3291 5293/837/3291 
f 5299/837/3373 5298/837/3373 5293/837/3373 5294/837/3373 
f 5300/837/3291 5299/837/3291 5294/837/3291 5295/837/3291 
f 4901/837/3291 5296/837/3291 5301/837/3291 
f 5302/837/3291 5301/837/3291 5296/837/3291 5297/837/3291 
f 5303/837/3374 5302/837/3374 5297/837/3374 5298/837/3374 
f 5304/837/3373 5303/837/3373 5298/837/3373 5299/837/3373 
f 5305/837/3291 5304/837/3291 5299/837/3291 5300/837/3291 
f 4901/837/3291 5301/837/3291 5030/837/3291 
f 5306/837/3291 5030/837/3291 5301/837/3291 5302/837/3291 
f 5307/837/3375 5306/837/3375 5302/837/3375 5303/837/3375 
f 5308/837/3291 5307/837/3291 5303/837/3291 5304/837/3291 
f 5126/837/3373 5308/837/3373 5304/837/3373 5305/837/3373 
f 5309/1250/3373 5029/917/3373 5030/837/3373 5306/837/3373 
f 5310/1251/3371 5309/1250/3371 5306/837/3371 5307/837/3371 
f 5311/1252/3374 5310/1251/3374 5307/837/3374 5308/837/3374 
f 4868/1253/3291 5311/1252/3291 5308/837/3291 5126/837/3291 
s 8
f 5312/1254/3277 5031/918/3277 5032/921/3277 5313/1255/3277 
f 5314/1256/3277 5312/1254/3277 5313/1255/3277 5315/1257/3277 
f 5067/1258/3277 5314/1256/3277 5315/1257/3277 5129/1259/3277 
f 4573/595/3277 5067/1258/3277 5129/1259/3277 4574/596/3277 
f 5316/1260/3277 5033/922/3277 5034/923/3277 5317/1261/3277 
f 5318/1262/3277 5316/1260/3277 5317/1261/3277 5319/1263/3277 
f 5320/1264/3277 5318/1262/3277 5319/1263/3277 5130/1265/3277 
f 4614/648/3277 5320/1264/3277 5130/1265/3277 4611/645/3277 
s off
f 4918/1266/3376 4917/924/3376 5035/927/3376 5321/1267/3376 
f 4919/1268/3377 4918/1266/3377 5321/1267/3377 5322/1269/3377 
f 4920/1270/3378 4919/1268/3378 5322/1269/3378 5074/1271/3378 
f 4625/659/3345 4920/1270/3345 5074/1271/3345 4626/660/3345 
f 5323/1272/3279 5036/928/3279 5037/931/3279 5324/1273/3279 
f 5325/1274/3279 5323/1272/3279 5324/1273/3279 5326/1275/3279 
f 5327/1276/3279 5325/1274/3279 5326/1275/3279 5131/1277/3279 
f 4619/653/3279 5327/1276/3279 5131/1277/3279 4615/649/3279 
f 5328/1278/3379 5038/932/3379 5039/935/3379 5329/1279/3379 
f 5330/1280/3380 5328/1278/3380 5329/1279/3380 5331/1281/3380 
f 5332/1282/3381 5330/1280/3381 5331/1281/3381 5132/1283/3381 
f 4632/666/3328 5332/1282/3328 5132/1283/3328 4629/663/3328 
f 5333/1284/3382 5040/936/3382 5041/939/3382 5334/1285/3382 
f 5335/1286/3383 5333/1284/3383 5334/1285/3383 5336/1287/3383 
f 5337/1288/3384 5335/1286/3384 5336/1287/3384 5046/1289/3384 
f 4580/608/3385 5337/1288/3385 5046/1289/3385 4562/605/3385 
f 5338/1290/3386 5042/940/3386 5043/943/3386 5339/1291/3386 
f 5340/1292/3387 5338/1290/3387 5339/1291/3387 5341/1293/3387 
f 5342/1294/3388 5340/1292/3388 5341/1293/3388 5343/1295/3388 
f 4610/644/3389 5342/1294/3389 5343/1295/3389 4564/641/3389 
f 5339/1296/3390 5043/944/3390 5044/947/3390 5344/1297/3390 
f 5341/1298/3391 5339/1296/3391 5344/1297/3391 5345/1299/3391 
f 5343/1300/3392 5341/1298/3392 5345/1299/3392 5346/1301/3392 
f 4564/586/3320 5343/1300/3320 5346/1301/3320 4561/583/3320 
f 5347/1302/3393 5045/948/3393 5046/951/3393 5336/1303/3393 
f 5348/1304/3394 5347/1302/3394 5336/1303/3394 5334/1305/3394 
f 5057/1306/3395 5348/1304/3395 5334/1305/3395 5041/1307/3395 
f 4568/590/3396 5057/1306/3396 5041/1307/3396 4565/587/3396 
f 5344/1308/3397 5044/952/3397 5047/955/3397 5349/1309/3397 
f 5345/1310/3398 5344/1308/3398 5349/1309/3398 5350/1311/3398 
f 5346/1312/3399 5345/1310/3399 5350/1311/3399 5351/1313/3399 
f 4561/606/3400 5346/1312/3400 5351/1313/3400 4579/607/3400 
f 5352/1314/3280 5048/956/3280 5049/959/3280 5353/1315/3280 
f 5354/1316/3280 5352/1314/3280 5353/1315/3280 5355/1317/3280 
f 5356/1318/3280 5354/1316/3280 5355/1317/3280 5357/1319/3280 
f 4586/614/3280 5356/1318/3280 5357/1319/3280 4587/615/3280 
f 4930/1320/3401 4929/960/3401 5050/963/3401 5358/1321/3401 
f 4931/1322/3402 4930/1320/3402 5358/1321/3402 5359/1323/3402 
f 4932/1324/3403 4931/1322/3403 5359/1323/3403 5070/1325/3403 
f 4576/602/3404 4932/1324/3404 5070/1325/3404 4578/604/3404 
f 5360/1326/3405 5051/964/3405 5052/967/3405 5361/1327/3405 
f 5362/1328/3406 5360/1326/3406 5361/1327/3406 5363/1329/3406 
f 5364/1330/3407 5362/1328/3407 5363/1329/3407 5365/1331/3407 
f 4591/619/3331 5364/1330/3331 5365/1331/3331 4592/620/3331 
f 5366/1332/3408 5053/968/3408 5054/971/3408 5367/1333/3408 
f 5368/1334/3409 5366/1332/3409 5367/1333/3409 5369/1335/3409 
f 5370/1336/3410 5368/1334/3410 5369/1335/3410 5371/1337/3410 
f 4596/624/3411 5370/1336/3411 5371/1337/3411 4597/625/3411 
f 5372/1338/3412 5055/972/3412 5056/975/3412 5373/1339/3412 
f 5374/1340/3413 5372/1338/3413 5373/1339/3413 5375/1341/3413 
f 5376/1342/3414 5374/1340/3414 5375/1341/3414 5377/1343/3414 
f 4600/628/3325 5376/1342/3325 5377/1343/3325 4601/629/3325 
f 5348/1344/3415 5057/976/3415 5058/979/3415 5378/1345/3415 
f 5347/1346/3416 5348/1344/3416 5378/1345/3416 5379/1347/3416 
f 5045/1348/3417 5347/1346/3417 5379/1347/3417 5380/1349/3417 
f 4563/642/3418 5045/1348/3418 5380/1349/3418 4609/643/3418 
f 5381/1350/3276 5059/980/3276 5060/981/3276 5153/1216/3276 
f 5382/1351/3276 5381/1350/3276 5153/1216/3276 5148/1215/3276 
f 5383/1352/3276 5382/1351/3276 5148/1215/3276 5143/1214/3276 
f 4650/684/3276 5383/1352/3276 5143/1214/3276 4637/671/3276 
f 5158/1353/3276 5061/982/3276 5062/985/3276 5384/1354/3276 
f 5157/1355/3276 5158/1353/3276 5384/1354/3276 5385/1356/3276 
f 5016/1357/3276 5157/1355/3276 5385/1356/3276 5068/1358/3276 
f 4635/669/3276 5016/1357/3276 5068/1358/3276 4636/670/3276 
f 5161/1359/3283 5063/986/3283 5064/989/3283 5386/1360/3283 
f 5163/1361/3283 5161/1359/3283 5386/1360/3283 5387/1362/3283 
f 5165/1363/3283 5163/1361/3283 5387/1362/3283 5388/1364/3283 
f 4679/713/3283 5165/1363/3283 5388/1364/3283 4680/714/3283 
f 5170/1221/3283 5065/990/3283 5066/991/3283 5389/1365/3283 
f 5175/1222/3283 5170/1221/3283 5389/1365/3283 5390/1366/3283 
f 5179/1223/3283 5175/1222/3283 5390/1366/3283 5391/1367/3283 
f 4671/705/3283 5179/1223/3283 5391/1367/3283 4664/698/3283 
s 8
f 5314/1368/3277 5067/992/3277 5068/993/3277 5385/1369/3277 
f 5312/1370/3277 5314/1368/3277 5385/1369/3277 5384/1371/3277 
f 5031/1372/3277 5312/1370/3277 5384/1371/3277 5062/1373/3277 
f 4583/611/3277 5031/1372/3277 5062/1373/3277 4658/730/3277 
s off
f 4696/1374/3419 4695/994/3419 5040/936/3419 5333/1284/3419 
f 4697/1375/3420 4696/1374/3420 5333/1284/3420 5335/1286/3420 
f 4698/1376/3421 4697/1375/3421 5335/1286/3421 5337/1288/3421 
f 4689/727/3422 4698/1376/3422 5337/1288/3422 4580/608/3422 
f 5138/1377/3423 5069/997/3423 5070/1000/3423 5359/1378/3423 
f 5140/1379/3424 5138/1377/3424 5359/1378/3424 5358/1380/3424 
f 5142/1381/3425 5140/1379/3425 5358/1380/3425 5050/1382/3425 
f 4637/735/3426 5142/1381/3426 5050/1382/3426 4598/626/3426 
f 5349/1309/3427 5047/955/3427 4702/1003/3427 4701/1383/3427 
f 5350/1384/3428 5349/1309/3428 4701/1383/3428 4700/1385/3428 
f 5351/1313/3429 5350/1384/3429 4700/1385/3429 4699/1386/3429 
f 4579/607/3430 5351/1313/3430 4699/1386/3430 4690/728/3430 
f 5373/1339/3412 5056/975/3412 4656/1005/3412 4655/1387/3412 
f 5375/1341/3431 5373/1339/3431 4655/1387/3431 4654/1388/3431 
f 5377/1343/3432 5375/1341/3432 4654/1388/3432 4653/1389/3432 
f 4601/629/3325 5377/1343/3325 4653/1389/3325 4652/738/3325 
f 5361/1327/3433 5052/967/3433 4649/1007/3433 4648/1390/3433 
f 5363/1329/3434 5361/1327/3434 4648/1390/3434 4647/1391/3434 
f 5365/1331/3435 5363/1329/3435 4647/1391/3435 4646/1392/3435 
f 4592/620/3312 5365/1331/3312 4646/1392/3312 4645/734/3312 
f 5353/1315/3280 5049/959/3280 5059/1009/3280 5381/1393/3280 
f 5355/1317/3280 5353/1315/3280 5381/1393/3280 5382/1394/3280 
f 5357/1319/3280 5355/1317/3280 5382/1394/3280 5383/1395/3280 
f 4587/615/3280 5357/1319/3280 5383/1395/3280 4650/732/3280 
f 5367/1396/3436 5054/1010/3436 4642/1013/3436 4641/1397/3436 
f 5369/1398/3437 5367/1396/3437 4641/1397/3437 4640/1399/3437 
f 5371/1400/3401 5369/1398/3401 4640/1399/3401 4639/1401/3401 
f 4597/625/3299 5371/1400/3299 4639/1401/3299 4638/736/3299 
f 5378/1345/3438 5058/979/3438 4710/1016/3438 4709/1402/3438 
f 5379/1347/3439 5378/1345/3439 4709/1402/3439 4708/1403/3439 
f 5380/1349/3440 5379/1347/3440 4708/1403/3440 4707/1404/3440 
f 4609/643/3441 5380/1349/3441 4707/1404/3441 4694/746/3441 
s 8
f 5386/1405/3277 5064/1017/3277 5033/922/3277 5316/1260/3277 
f 5387/1406/3277 5386/1405/3277 5316/1260/3277 5318/1262/3277 
f 5388/1407/3277 5387/1406/3277 5318/1262/3277 5320/1264/3277 
f 4680/747/3277 5388/1407/3277 5320/1264/3277 4614/648/3277 
s off
f 4704/1408/3442 4703/1018/3442 5042/940/3442 5338/1290/3442 
f 4705/1409/3443 4704/1408/3443 5338/1290/3443 5340/1410/3443 
f 4706/1411/3444 4705/1409/3444 5340/1410/3444 5342/1294/3444 
f 4693/745/3445 4706/1411/3445 5342/1294/3445 4610/644/3445 
f 4684/1412/3379 4683/1021/3379 5038/932/3379 5328/1278/3379 
f 4685/1413/3446 4684/1412/3446 5328/1278/3446 5330/1280/3446 
f 4686/1414/3381 4685/1413/3381 5330/1280/3381 5332/1282/3381 
f 4681/755/3328 4686/1414/3328 5332/1282/3328 4632/666/3328 
f 5389/1415/3279 5066/1023/3279 5036/928/3279 5323/1272/3279 
f 5390/1416/3279 5389/1415/3279 5323/1272/3279 5325/1274/3279 
f 5391/1417/3279 5390/1416/3279 5325/1274/3279 5327/1276/3279 
f 4664/749/3279 5391/1417/3279 5327/1276/3279 4619/653/3279 
f 4667/1418/3447 4666/1025/3447 5071/1028/3447 5392/1419/3447 
f 4668/1420/3437 4667/1418/3437 5392/1419/3437 5393/1421/3437 
f 4669/1422/3448 4668/1420/3448 5393/1421/3448 5394/1423/3448 
f 4670/751/3308 4669/1422/3308 5394/1423/3308 4623/657/3308 
f 4674/1424/3449 4673/1029/3449 5072/1032/3449 5395/1425/3449 
f 4675/1426/3434 4674/1424/3434 5395/1425/3434 5396/1427/3434 
f 4676/1428/3378 4675/1426/3378 5396/1427/3378 5397/1429/3378 
f 4677/753/3345 4676/1428/3345 5397/1429/3345 4628/662/3345 
f 5181/1430/3450 5073/1033/3450 5074/1036/3450 5322/1431/3450 
f 5180/1432/3451 5181/1430/3451 5322/1431/3451 5321/1433/3451 
f 5018/1434/3452 5180/1432/3452 5321/1433/3452 5035/1435/3452 
f 4662/744/3453 5018/1434/3453 5035/1435/3453 4606/636/3453 
s 8
f 5398/1436/3278 5075/1037/3278 5076/1040/3278 5399/1437/3278 
f 5400/1438/3278 5398/1436/3278 5399/1437/3278 5401/1439/3278 
f 5402/1440/3278 5400/1438/3278 5401/1439/3278 5110/1441/3278 
f 4725/783/3278 5402/1440/3278 5110/1441/3278 4723/781/3278 
s off
f 5403/1442/3454 5077/1041/3454 4924/1044/3454 4923/1443/3454 
f 5404/1444/3413 5403/1442/3413 4923/1443/3413 4922/1445/3413 
f 5405/1446/3414 5404/1444/3414 4922/1445/3414 4921/1447/3414 
f 4774/660/3455 5405/1446/3455 4921/1447/3455 4775/659/3455 
f 5406/1448/3279 5078/1045/3279 5079/1048/3279 5407/1449/3279 
f 5408/1450/3279 5406/1448/3279 5407/1449/3279 5409/1451/3279 
f 5410/1452/3279 5408/1450/3279 5409/1451/3279 5411/1453/3279 
f 4767/649/3279 5410/1452/3279 5411/1453/3279 4769/653/3279 
f 5412/1454/3456 5080/1049/3456 5081/1052/3456 5413/1455/3456 
f 5414/1456/3457 5412/1454/3457 5413/1455/3457 5415/1457/3457 
f 5125/1458/3458 5414/1456/3458 5415/1457/3458 5416/1459/3458 
f 4772/654/3335 5125/1458/3335 5416/1459/3335 4773/657/3335 
f 5417/1460/3459 5082/1053/3459 5083/1056/3459 5418/1461/3459 
f 5419/1462/3460 5417/1460/3460 5418/1461/3460 5420/1463/3460 
f 5124/1464/3461 5419/1462/3461 5420/1463/3461 5421/1465/3461 
f 4777/661/3334 5124/1464/3334 5421/1465/3334 4778/662/3334 
f 5422/1466/3448 5084/1057/3448 5085/1060/3448 5423/1467/3448 
f 5424/1468/3437 5422/1466/3437 5423/1467/3437 5425/1469/3437 
f 5426/1470/3447 5424/1468/3447 5425/1469/3447 5427/1471/3447 
f 4779/663/3311 5426/1470/3311 5427/1471/3311 4780/666/3311 
f 5428/1472/3397 5086/1061/3397 5087/1064/3397 5429/1473/3397 
f 5430/1474/3462 5428/1472/3462 5429/1473/3462 5431/1475/3462 
f 5091/1476/3399 5430/1474/3399 5431/1475/3399 5432/1477/3399 
f 4714/605/3400 5091/1476/3400 5432/1477/3400 4729/608/3400 
f 5433/1478/3415 5088/1065/3415 5089/1068/3415 5434/1479/3415 
f 5435/1480/3416 5433/1478/3416 5434/1479/3416 5436/1481/3416 
f 5437/1482/3417 5435/1480/3417 5436/1481/3417 5438/1483/3417 
f 4712/641/3418 5437/1482/3418 5438/1483/3418 4759/644/3418 
f 5439/1484/3395 5090/1069/3395 5088/1072/3395 5433/1485/3395 
f 5440/1486/3394 5439/1484/3394 5433/1485/3394 5435/1487/3394 
f 5441/1488/3393 5440/1486/3393 5435/1487/3393 5437/1489/3393 
f 4711/583/3297 5441/1488/3297 5437/1489/3297 4712/586/3297 
f 5430/1490/3392 5091/1073/3392 5092/1076/3392 5442/1491/3392 
f 5428/1492/3391 5430/1490/3391 5442/1491/3391 5443/1493/3391 
f 5086/1494/3390 5428/1492/3390 5443/1493/3390 5100/1495/3390 
f 4715/587/3463 5086/1494/3463 5100/1495/3463 4716/590/3463 
f 4926/1496/3464 4925/1077/3464 5093/1080/3464 5444/1497/3464 
f 4927/1498/3465 4926/1496/3465 5444/1497/3465 5445/1499/3465 
f 4928/1500/3381 4927/1498/3381 5445/1499/3381 5446/1501/3381 
f 4746/790/3466 4928/1500/3466 5446/1501/3466 4748/792/3466 
f 5447/1502/3382 5094/1081/3382 5090/1084/3382 5439/1503/3382 
f 5448/1504/3467 5447/1502/3467 5439/1503/3467 5440/1505/3467 
f 5449/1506/3384 5448/1504/3384 5440/1505/3384 5441/1507/3384 
f 4730/607/3385 5449/1506/3385 5441/1507/3385 4711/606/3385 
f 5450/1508/3280 5095/1085/3280 5096/1088/3280 5451/1509/3280 
f 5452/1510/3280 5450/1508/3280 5451/1509/3280 5453/1511/3280 
f 5454/1512/3280 5452/1510/3280 5453/1511/3280 5133/1513/3280 
f 4735/787/3280 5454/1512/3280 5133/1513/3280 4736/788/3280 
f 5455/1514/3449 5097/1089/3449 5098/1092/3449 5456/1515/3449 
f 5457/1516/3468 5455/1514/3468 5456/1515/3468 5458/1517/3468 
f 5459/1518/3378 5457/1516/3378 5458/1517/3378 5134/1519/3378 
f 4751/629/3307 5459/1518/3307 5134/1519/3307 4752/628/3307 
f 5460/1520/3386 5099/1093/3386 5100/1096/3386 5443/1521/3386 
f 5461/1522/3387 5460/1520/3387 5443/1521/3387 5442/1523/3387 
f 5462/1524/3388 5461/1522/3388 5442/1523/3388 5092/1525/3388 
f 4760/643/3389 5462/1524/3389 5092/1525/3389 4713/642/3389 
s 8
f 5463/1526/3278 5101/1097/3278 5102/1100/3278 5464/1527/3278 
f 5465/1528/3278 5463/1526/3278 5464/1527/3278 5466/1529/3278 
f 5114/1530/3278 5465/1528/3278 5466/1529/3278 5135/1531/3278 
f 4754/794/3278 5114/1530/3278 5135/1531/3278 4755/795/3278 
s off
f 5204/1532/3281 5103/1101/3281 5104/1104/3281 5467/1533/3281 
f 5203/1534/3281 5204/1532/3281 5467/1533/3281 5468/1535/3281 
f 5020/1536/3281 5203/1534/3281 5468/1535/3281 5469/1537/3281 
f 4802/693/3281 5020/1536/3281 5469/1537/3281 4803/692/3281 
f 5184/1224/3281 5105/1105/3281 5106/1106/3281 5470/1538/3281 
f 5186/1225/3281 5184/1224/3281 5470/1538/3281 5471/1539/3281 
f 5188/1226/3281 5186/1225/3281 5471/1539/3281 5472/1540/3281 
f 4794/807/3281 5188/1226/3281 5472/1540/3281 4787/801/3281 
f 5473/1541/3282 5107/1107/3282 5022/1110/3282 5226/1542/3282 
f 5474/1543/3282 5473/1541/3282 5226/1542/3282 5227/1544/3282 
f 5475/1545/3282 5474/1543/3282 5227/1544/3282 5228/1546/3282 
f 4835/714/3282 5475/1545/3282 5228/1546/3282 4836/713/3282 
f 5476/1365/3282 5108/991/3282 5109/990/3282 5222/1221/3282 
f 5477/1366/3282 5476/1365/3282 5222/1221/3282 5217/1222/3282 
f 5478/1367/3282 5477/1366/3282 5217/1222/3282 5212/1223/3282 
f 4827/698/3282 5478/1367/3282 5212/1223/3282 4814/705/3282 
s 8
f 5467/1547/3278 5104/1111/3278 5110/1114/3278 5401/1548/3278 
f 5468/1549/3278 5467/1547/3278 5401/1548/3278 5399/1550/3278 
f 5469/1551/3278 5468/1549/3278 5399/1550/3278 5076/1552/3278 
f 4803/730/3278 5469/1551/3278 5076/1552/3278 4733/611/3278 
s off
f 5429/1473/3427 5087/1064/3427 4852/1116/3427 4851/1553/3427 
f 5431/1475/3428 5429/1473/3428 4851/1553/3428 4850/1554/3428 
f 5432/1555/3429 5431/1475/3429 4850/1554/3429 4849/1556/3429 
f 4729/608/3430 5432/1555/3430 4849/1556/3430 4839/727/3430 
f 5444/1497/3469 5093/1080/3469 5111/1118/3469 5199/1557/3469 
f 5445/1499/3470 5444/1497/3470 5199/1557/3470 5194/1558/3470 
f 5446/1501/3471 5445/1499/3471 5194/1558/3471 5189/1559/3471 
f 4748/792/3472 5446/1501/3472 5189/1559/3472 4794/819/3472 
f 4846/1560/3419 4845/1119/3419 5094/1081/3419 5447/1502/3419 
f 4847/1561/3420 4846/1560/3420 5447/1502/3420 5448/1504/3420 
f 4848/1562/3421 4847/1561/3421 5448/1504/3421 5449/1506/3421 
f 4840/728/3422 4848/1562/3422 5449/1506/3422 4730/607/3422 
f 4807/1563/3449 4806/1121/3449 5097/1089/3449 5455/1514/3449 
f 4808/1564/3434 4807/1563/3434 5455/1514/3434 5457/1516/3434 
f 4809/1565/3378 4808/1564/3378 5457/1516/3378 5459/1518/3378 
f 4804/738/3307 4809/1565/3307 5459/1518/3307 4751/629/3307 
f 4790/1566/3414 4789/1123/3414 5112/1126/3414 5479/1567/3414 
f 4791/1568/3431 4790/1566/3431 5479/1567/3431 5480/1569/3431 
f 4792/1570/3473 4791/1568/3473 5480/1569/3473 5481/1571/3473 
f 4793/734/3329 4792/1570/3329 5481/1571/3329 4740/620/3329 
f 5470/1572/3280 5106/1127/3280 5095/1085/3280 5450/1508/3280 
f 5471/1573/3280 5470/1572/3280 5450/1508/3280 5452/1510/3280 
f 5472/1574/3280 5471/1573/3280 5452/1510/3280 5454/1512/3280 
f 4787/818/3280 5472/1574/3280 5454/1512/3280 4735/787/3280 
f 4797/1575/3379 4796/1129/3379 5113/1132/3379 5482/1576/3379 
f 4798/1577/3446 4797/1575/3446 5482/1576/3446 5483/1578/3446 
f 4799/1579/3381 4798/1577/3381 5483/1578/3381 5484/1580/3381 
f 4800/820/3466 4799/1579/3466 5484/1580/3466 4747/791/3466 
f 4854/1581/3442 4853/1133/3442 5099/1093/3442 5460/1520/3442 
f 4855/1582/3474 4854/1581/3474 5460/1520/3474 5461/1522/3474 
f 4856/1583/3444 4855/1582/3444 5461/1522/3444 5462/1584/3444 
f 4844/746/3445 4856/1583/3445 5462/1584/3445 4760/643/3445 
s 8
f 5465/1585/3278 5114/1135/3278 5107/1138/3278 5473/1586/3278 
f 5463/1587/3278 5465/1585/3278 5473/1586/3278 5474/1588/3278 
f 5101/1589/3278 5463/1587/3278 5474/1588/3278 5475/1590/3278 
f 4762/648/3278 5101/1589/3278 5475/1590/3278 4835/747/3278 
s off
f 5207/1591/3475 5115/1139/3475 5077/1041/3475 5403/1442/3475 
f 5209/1592/3476 5207/1591/3476 5403/1442/3476 5404/1444/3476 
f 5211/1593/3477 5209/1592/3477 5404/1444/3477 5405/1446/3477 
f 4814/754/3478 5211/1593/3478 5405/1446/3478 4774/660/3478 
f 5434/1479/3438 5089/1068/3438 4860/1142/3438 4859/1594/3438 
f 5436/1481/3479 5434/1479/3479 4859/1594/3479 4858/1595/3479 
f 5438/1483/3440 5436/1481/3440 4858/1595/3440 4857/1596/3440 
f 4759/644/3441 5438/1483/3441 4857/1596/3441 4843/745/3441 
f 5423/1467/3448 5085/1060/3448 4833/1144/3448 4832/1597/3448 
f 5425/1469/3437 5423/1467/3437 4832/1597/3437 4831/1598/3437 
f 5427/1471/3447 5425/1469/3447 4831/1598/3447 4830/1599/3447 
f 4780/666/3311 5427/1471/3311 4830/1599/3311 4829/755/3311 
f 5407/1449/3279 5079/1048/3279 5108/1146/3279 5476/1600/3279 
f 5409/1451/3279 5407/1449/3279 5476/1600/3279 5477/1601/3279 
f 5411/1453/3279 5409/1451/3279 5477/1601/3279 5478/1602/3279 
f 4769/653/3279 5411/1453/3279 5478/1602/3279 4827/749/3279 
f 5413/1603/3381 5081/1147/3381 4826/1150/3381 4825/1604/3381 
f 5415/1605/3446 5413/1603/3446 4825/1604/3446 4824/1606/3446 
f 5416/1607/3379 5415/1605/3379 4824/1606/3379 4823/1608/3379 
f 4773/657/3326 5416/1607/3326 4823/1608/3326 4822/751/3326 
f 5418/1609/3473 5083/1151/3473 4819/1154/3473 4818/1610/3473 
f 5420/1611/3431 5418/1609/3431 4818/1610/3431 4817/1612/3431 
f 5421/1613/3414 5420/1611/3414 4817/1612/3414 4816/1614/3414 
f 4778/662/3455 5421/1613/3455 4816/1614/3455 4815/753/3455 
f 5392/1615/3410 5071/1155/3410 5116/1158/3410 5485/1616/3410 
f 5393/1617/3480 5392/1615/3480 5485/1616/3480 5486/1618/3480 
f 5394/1619/3408 5393/1617/3408 5486/1618/3408 5121/1620/3408 
f 4623/657/3301 5394/1619/3301 5121/1620/3301 4620/654/3301 
f 5395/1621/3407 5072/1159/3407 5117/1162/3407 5487/1622/3407 
f 5396/1623/3481 5395/1621/3481 5487/1622/3481 5488/1624/3481 
f 5397/1625/3405 5396/1623/3405 5488/1624/3405 5119/1626/3405 
f 4628/662/3300 5397/1625/3300 5119/1626/3300 4627/661/3300 
f 5237/1627/3482 5118/1163/3482 5119/1163/3482 5488/1627/3482 
f 5242/1628/3483 5237/1627/3483 5488/1627/3483 5487/1628/3483 
f 5246/1629/3484 5242/1628/3484 5487/1628/3484 5117/1629/3484 
f 4862/655/3485 5246/1629/3485 5117/1629/3485 4621/655/3485 
f 5269/1630/3486 5120/1165/3486 5121/1165/3486 5486/1630/3486 
f 5268/1631/3487 5269/1630/3487 5486/1630/3487 5485/1631/3487 
f 5026/1632/3488 5268/1631/3488 5485/1631/3488 5116/1632/3488 
f 4864/651/3489 5026/1632/3489 5116/1632/3489 4617/651/3489 
f 5479/1633/3461 5112/1167/3461 5122/1170/3461 5489/1634/3461 
f 5480/1635/3460 5479/1633/3460 5489/1634/3460 5490/1636/3460 
f 5481/1637/3459 5480/1635/3459 5490/1636/3459 5491/1638/3459 
f 4740/620/3316 5481/1637/3316 5491/1638/3316 4741/619/3316 
f 5482/1639/3458 5113/1171/3458 5123/1174/3458 5492/1640/3458 
f 5483/1641/3457 5482/1639/3457 5492/1640/3457 5493/1642/3457 
f 5484/1643/3456 5483/1641/3456 5493/1642/3456 5494/1644/3456 
f 4747/791/3315 5484/1643/3315 5494/1644/3315 4744/624/3315 
f 5489/1645/3490 5122/1175/3490 5051/1175/3490 5360/1645/3490 
f 5490/1646/3491 5489/1645/3491 5360/1645/3491 5362/1646/3491 
f 5491/1647/3492 5490/1646/3492 5362/1646/3492 5364/1647/3492 
f 4741/619/3493 5491/1647/3493 5364/1647/3493 4591/619/3493 
f 5492/1648/3494 5123/1177/3494 5053/1177/3494 5366/1648/3494 
f 5493/1649/3495 5492/1648/3495 5366/1648/3495 5368/1649/3495 
f 5494/1650/3496 5493/1649/3496 5368/1649/3496 5370/1650/3496 
f 4744/624/3497 5494/1650/3497 5370/1650/3497 4596/624/3497 
f 5419/1627/3498 5124/1163/3498 5028/1163/3498 5288/1627/3498 
f 5417/1628/3499 5419/1627/3499 5288/1627/3499 5289/1628/3499 
f 5082/1629/3500 5417/1628/3500 5289/1628/3500 5290/1629/3500 
f 4771/655/3501 5082/1629/3501 5290/1629/3501 4867/655/3501 
f 5414/1630/3502 5125/1165/3502 5126/1165/3502 5305/1630/3502 
f 5412/1631/3503 5414/1630/3503 5305/1630/3503 5300/1631/3503 
f 5080/1632/3504 5412/1631/3504 5300/1631/3504 5295/1632/3504 
f 4765/651/3505 5080/1632/3505 5295/1632/3505 4869/651/3505 
f 4888/1651/3506 4887/1179/3506 5023/1179/3506 5247/1651/3506 
f 4889/1652/3507 4888/1651/3507 5247/1651/3507 5248/1652/3507 
f 4890/1653/3508 4889/1652/3508 5248/1652/3508 5249/1653/3508 
f 4891/655/3509 4890/1653/3509 5249/1653/3509 4862/655/3509 
f 4894/1654/3510 4895/1181/3510 5127/1184/3510 5264/1655/3510 
f 4893/1656/3511 4894/1654/3511 5264/1655/3511 5259/1657/3511 
f 4892/1658/3512 4893/1656/3512 5259/1657/3512 5254/1659/3512 
f 4873/823/3513 4892/1658/3513 5254/1659/3513 4902/837/3513 
f 4876/1660/3514 4875/1185/3514 5029/1185/3514 5309/1660/3514 
f 4877/1661/3515 4876/1660/3515 5309/1660/3515 5310/1661/3515 
f 4878/1662/3516 4877/1661/3516 5310/1661/3516 5311/1662/3516 
f 4879/654/3517 4878/1662/3517 5311/1662/3517 4868/654/3517 
f 4883/1663/3518 4882/1187/3518 5128/1190/3518 5284/1664/3518 
f 4884/1665/3519 4883/1663/3519 5284/1664/3519 5279/1666/3519 
f 4885/1667/3520 4884/1665/3520 5279/1666/3520 5274/1668/3520 
f 4880/828/3521 4885/1667/3521 5274/1668/3521 4908/838/3521 
f 4972/1669/3280 4971/1191/3280 5048/1191/3280 5352/1669/3280 
f 4973/1670/3280 4972/1669/3280 5352/1669/3280 5354/1670/3280 
f 4974/1671/3280 4973/1670/3280 5354/1670/3280 5356/1671/3280 
f 4936/614/3280 4974/1671/3280 5356/1671/3280 4586/614/3280 
f 4968/1672/3473 4967/1193/3473 5055/1193/3473 5372/1672/3473 
f 4969/1673/3431 4968/1672/3431 5372/1672/3431 5374/1673/3431 
f 4970/1674/3414 4969/1673/3414 5374/1673/3414 5376/1674/3414 
f 4940/628/3522 4970/1674/3522 5376/1674/3522 4600/628/3522 
f 5013/1675/3277 5014/1195/3277 5129/1195/3277 5315/1675/3277 
f 5012/1676/3277 5013/1675/3277 5315/1675/3277 5313/1676/3277 
f 5011/1677/3277 5012/1676/3277 5313/1676/3277 5032/1677/3277 
f 4938/610/3277 5011/1677/3277 5032/1677/3277 4582/610/3277 
f 5008/1678/3277 5007/1197/3277 5130/1197/3277 5319/1678/3277 
f 5009/1679/3277 5008/1678/3277 5319/1678/3277 5317/1679/3277 
f 5010/1680/3277 5009/1679/3277 5317/1679/3277 5034/1680/3277 
f 4942/633/3277 5010/1680/3277 5034/1680/3277 4603/633/3277 
f 5000/1681/3279 4999/1198/3279 5131/1198/3279 5326/1681/3279 
f 5001/1682/3279 5000/1681/3279 5326/1681/3279 5324/1682/3279 
f 5002/1683/3279 5001/1682/3279 5324/1682/3279 5037/1683/3279 
f 4948/664/3279 5002/1683/3279 5037/1683/3279 4630/664/3279 
f 5004/1684/3381 5003/1200/3381 5132/1200/3381 5331/1684/3381 
f 5005/1685/3446 5004/1684/3446 5331/1684/3446 5329/1685/3446 
f 5006/1686/3379 5005/1685/3379 5329/1685/3379 5039/1686/3379 
f 4946/646/3326 5006/1686/3326 5039/1686/3326 4612/646/3326 
f 4976/1687/3280 4975/1202/3280 5133/1202/3280 5453/1687/3280 
f 4977/1688/3280 4976/1687/3280 5453/1687/3280 5451/1688/3280 
f 4978/1689/3280 4977/1688/3280 5451/1688/3280 5096/1689/3280 
f 4956/627/3280 4978/1689/3280 5096/1689/3280 4749/627/3280 
f 4980/1690/3378 4979/1204/3378 5134/1204/3378 5458/1690/3378 
f 4981/1691/3523 4980/1690/3523 5458/1690/3523 5456/1691/3523 
f 4982/1692/3376 4981/1691/3376 5456/1691/3376 5098/1692/3376 
f 4954/609/3524 4982/1692/3524 5098/1692/3524 4731/609/3524 
f 4984/783/3278 4983/783/3278 5075/783/3278 5398/783/3278 
f 4985/783/3278 4984/783/3278 5398/783/3278 5400/783/3278 
f 4986/783/3278 4985/783/3278 5400/783/3278 5402/783/3278 
f 4950/783/3278 4986/783/3278 5402/783/3278 4725/783/3278 
f 4996/1693/3279 4995/1206/3279 5078/1206/3279 5406/1693/3279 
f 4997/1694/3279 4996/1693/3279 5406/1693/3279 5408/1694/3279 
f 4998/1695/3279 4997/1694/3279 5408/1694/3279 5410/1695/3279 
f 4960/649/3279 4998/1695/3279 5410/1695/3279 4767/649/3279 
f 4992/1696/3525 4991/1208/3525 5084/1208/3525 5422/1696/3525 
f 4993/1697/3402 4992/1696/3402 5422/1696/3402 5424/1697/3402 
f 4994/1698/3447 4993/1697/3447 5424/1697/3447 5426/1698/3447 
f 4964/663/3311 4994/1698/3311 5426/1698/3311 4779/663/3311 
f 4988/645/3278 4987/645/3278 5135/645/3278 5466/645/3278 
f 4989/645/3278 4988/645/3278 5466/645/3278 5464/645/3278 
f 4990/645/3278 4989/645/3278 5464/645/3278 5102/645/3278 
f 4962/645/3278 4990/645/3278 5102/645/3278 4761/645/3278 
# 889 polygons - 86 triangles

#
# object Rectangle110
#

v  -10077.1084 62.7134 -1556.2712
v  -9727.1084 62.7134 -1556.2712
v  -9727.1084 12.7134 -1556.2712
v  -10077.1084 12.7134 -1556.2712
v  -10077.1084 62.7134 -187.7491
v  -10077.1084 12.7134 -187.7491
v  -8477.1084 62.7134 -187.7491
v  -8477.1084 12.7134 -187.7491
v  -8477.1084 62.7134 -1556.2712
v  -8477.1084 12.7134 -1556.2712
v  -8827.1084 62.7134 -1556.2712
v  -8827.1084 12.7134 -1556.2712
v  -8827.1084 62.7134 -1486.2712
v  -8827.1084 12.7134 -1486.2712
v  -8547.1084 62.7134 -1486.2712
v  -8547.1084 12.7134 -1486.2712
v  -8547.1084 62.7134 -257.7491
v  -8547.1084 12.7134 -257.7491
v  -10007.1084 62.7134 -257.7491
v  -10007.1084 12.7134 -257.7491
v  -10007.1084 62.7134 -1486.2712
v  -10007.1084 12.7134 -1486.2712
v  -9727.1084 62.7134 -1486.2712
v  -9727.1084 12.7134 -1486.2712
# 24 vertices

vn 0.0000 0.0000 -1.0000
vn -1.0000 0.0000 -0.0000
vn 0.0000 0.0000 1.0000
vn 1.0000 0.0000 -0.0000
vn 1.0000 0.0000 0.0000
vn 0.0000 -1.0000 -0.0000
vn 0.0000 1.0000 -0.0000
# 7 vertex normals

g Rectangle110
usemtl wire_028028177
s 1
f 5495//3526 5496//3526 5497//3526 5498//3526 
s 4
f 5499//3527 5495//3527 5498//3527 5500//3527 
s 2
f 5501//3528 5499//3528 5500//3528 5502//3528 
s 4
f 5503//3529 5501//3529 5502//3529 5504//3529 
s 2
f 5505//3526 5503//3526 5504//3526 5506//3526 
s 4
f 5507//3527 5505//3527 5506//3527 5508//3527 
s 2
f 5509//3528 5507//3528 5508//3528 5510//3528 
s 4
f 5511//3527 5509//3527 5510//3527 5512//3527 
s 2
f 5513//3526 5511//3526 5512//3526 5514//3526 
s 4
f 5515//3530 5513//3530 5514//3530 5516//3530 
s 2
f 5517//3528 5515//3528 5516//3528 5518//3528 
s 4
f 5496//3529 5517//3529 5518//3529 5497//3529 
s 16
f 5510//3531 5508//3531 5506//3531 5504//3531 
f 5512//3531 5510//3531 5504//3531 5502//3531 
f 5514//3531 5512//3531 5502//3531 5500//3531 
f 5516//3531 5514//3531 5500//3531 5498//3531 
f 5516//3531 5498//3531 5497//3531 5518//3531 
f 5515//3532 5517//3532 5496//3532 5495//3532 
f 5515//3532 5495//3532 5499//3532 5513//3532 
f 5505//3532 5507//3532 5509//3532 5503//3532 
f 5503//3532 5509//3532 5511//3532 5501//3532 
f 5501//3532 5511//3532 5513//3532 5499//3532 
# 22 polygons

#
# object Floor_Object001
#

v  -10001.1689 13.0000 -263.7836
v  -9275.4053 13.0000 -263.7836
v  -9275.4053 13.0000 -895.0380
v  -10001.1689 13.0000 -895.0380
v  -8553.3164 13.0000 -263.7836
v  -8553.3164 13.0000 -895.0380
v  -9273.2051 13.0000 -895.0380
v  -9273.2051 13.0000 -263.7836
v  -9275.4053 13.0000 -1515.9180
v  -10001.1689 13.0000 -1515.9180
v  -10001.1689 13.0000 -897.2380
v  -9275.4053 13.0000 -897.2380
v  -8553.3164 13.0000 -1515.9180
v  -9273.2051 13.0000 -1515.9180
v  -9273.2051 13.0000 -897.2380
v  -8553.3164 13.0000 -897.2380
v  -10002.1689 12.0000 -896.0380
v  -9274.4053 12.0000 -896.0380
v  -9274.4053 0.0000 -896.0380
v  -10002.1689 0.0000 -896.0380
v  -10002.1689 12.0000 -262.7836
v  -10002.1689 0.0000 -262.7836
v  -9274.4053 12.0000 -262.7836
v  -9274.4053 0.0000 -262.7836
v  -9274.2051 12.0000 -262.7836
v  -9274.2051 12.0000 -896.0380
v  -9274.2051 0.0000 -896.0380
v  -9274.2051 0.0000 -262.7836
v  -8552.3164 12.0000 -262.7836
v  -8552.3164 0.0000 -262.7836
v  -8552.3164 12.0000 -896.0380
v  -8552.3164 0.0000 -896.0380
v  -9274.4053 12.0000 -896.2380
v  -10002.1689 12.0000 -896.2380
v  -10002.1689 0.0000 -896.2380
v  -9274.4053 0.0000 -896.2380
v  -9274.4053 12.0000 -1516.9180
v  -9274.4053 -0.0000 -1516.9180
v  -10002.1689 12.0000 -1516.9180
v  -10002.1689 -0.0000 -1516.9180
v  -8552.3164 12.0000 -896.2380
v  -9274.2051 12.0000 -896.2380
v  -9274.2051 0.0000 -896.2380
v  -8552.3164 0.0000 -896.2380
v  -8552.3164 12.0000 -1516.9180
v  -8552.3164 -0.0000 -1516.9180
v  -9274.2051 12.0000 -1516.9180
v  -9274.2051 -0.0000 -1516.9180
# 48 vertices

vn 0.0000 1.0000 -0.0000
vn 0.0000 0.0000 -1.0000
vn -1.0000 0.0000 -0.0000
vn 0.0000 0.0000 1.0000
vn 1.0000 0.0000 -0.0000
vn -1.0000 0.0000 0.0000
vn 0.0000 0.7071 -0.7071
vn -0.7071 0.7071 -0.0000
vn 0.0000 0.7071 0.7071
vn 0.7071 0.7071 -0.0000
# 10 vertex normals

vt 0.0010 0.0010 13.0000
vt 0.9990 0.0010 13.0000
vt 0.9990 0.9990 13.0000
vt 0.0010 0.9990 13.0000
vt 0.5988 0.9990 13.0000
vt 0.5988 0.0010 13.0000
vt 0.0010 0.6012 13.0000
vt 0.9990 0.6012 13.0000
vt 0.4012 0.3988 13.0000
vt 0.9990 0.3988 13.0000
vt 0.4012 0.0010 13.0000
vt 0.0000 1.0000 12.0000
vt 1.0000 1.0000 12.0000
vt 1.0000 1.0000 0.0000
vt 0.0000 1.0000 0.0000
vt 0.0000 -0.0000 12.0000
vt 0.0000 -0.0000 0.0000
vt 1.0000 -0.0000 12.0000
vt 1.0000 -0.0000 0.0000
vt 0.0000 0.0000 12.0000
vt 0.0000 0.0000 0.0000
vt 0.5998 1.0000 12.0000
vt 0.5998 1.0000 0.0000
vt 0.5998 0.0000 12.0000
vt 0.5998 0.0000 0.0000
vt 0.0000 0.6002 12.0000
vt 0.0000 0.6002 0.0000
vt 1.0000 0.6002 12.0000
vt 1.0000 0.6002 0.0000
vt 0.4002 0.0000 12.0000
vt 1.0000 0.0000 12.0000
vt 1.0000 0.0000 0.0000
vt 0.4002 0.0000 0.0000
vt 0.4002 0.3998 12.0000
vt 0.4002 0.3998 0.0000
vt 1.0000 0.3998 12.0000
vt 1.0000 0.3998 0.0000
# 37 texture coords

g Floor_Object001
usemtl wire_028028177
s off
f 5519/1699/3533 5520/1700/3533 5521/1701/3533 5522/1702/3533 
f 5523/1703/3533 5524/1704/3533 5525/1699/3533 5526/1702/3533 
f 5527/1705/3533 5528/1706/3533 5529/1701/3533 5530/1702/3533 
f 5531/1707/3533 5532/1708/3533 5533/1700/3533 5534/1709/3533 
f 5535/1710/3534 5536/1711/3534 5537/1712/3534 5538/1713/3534 
f 5539/1714/3535 5535/1710/3535 5538/1713/3535 5540/1715/3535 
f 5541/1716/3536 5539/1714/3536 5540/1715/3536 5542/1717/3536 
f 5536/1711/3537 5541/1716/3537 5542/1717/3537 5537/1712/3537 
f 5543/1710/3535 5544/1718/3535 5545/1719/3535 5546/1713/3535 
f 5547/1720/3536 5543/1710/3536 5546/1713/3536 5548/1721/3536 
f 5549/1722/3537 5547/1720/3537 5548/1721/3537 5550/1723/3537 
f 5544/1718/3534 5549/1722/3534 5550/1723/3534 5545/1719/3534 
f 5551/1710/3536 5552/1711/3536 5553/1712/3536 5554/1713/3536 
f 5555/1724/3537 5551/1710/3537 5554/1713/3537 5556/1725/3537 
f 5557/1726/3534 5555/1724/3534 5556/1725/3534 5558/1727/3534 
f 5552/1711/3535 5557/1726/3535 5558/1727/3535 5553/1712/3535 
f 5559/1728/3536 5560/1729/3536 5561/1730/3536 5562/1731/3536 
f 5563/1732/3537 5559/1728/3537 5562/1731/3537 5564/1733/3537 
f 5565/1734/3534 5563/1732/3534 5564/1733/3534 5566/1735/3534 
f 5560/1729/3538 5565/1734/3538 5566/1735/3538 5561/1730/3538 
f 5522/1702/3539 5521/1701/3539 5536/1711/3539 5535/1710/3539 
f 5519/1699/3540 5522/1702/3540 5535/1710/3540 5539/1714/3540 
f 5520/1700/3541 5519/1699/3541 5539/1714/3541 5541/1716/3541 
f 5521/1701/3542 5520/1700/3542 5541/1716/3542 5536/1711/3542 
f 5526/1702/3540 5525/1699/3540 5544/1718/3540 5543/1710/3540 
f 5523/1703/3541 5526/1702/3541 5543/1710/3541 5547/1720/3541 
f 5524/1704/3542 5523/1703/3542 5547/1720/3542 5549/1722/3542 
f 5525/1699/3539 5524/1704/3539 5549/1722/3539 5544/1718/3539 
f 5530/1702/3541 5529/1701/3541 5552/1711/3541 5551/1710/3541 
f 5527/1705/3542 5530/1702/3542 5551/1710/3542 5555/1724/3542 
f 5528/1706/3539 5527/1705/3539 5555/1724/3539 5557/1726/3539 
f 5529/1701/3540 5528/1706/3540 5557/1726/3540 5552/1711/3540 
f 5534/1709/3541 5533/1700/3541 5560/1729/3541 5559/1728/3541 
f 5531/1707/3542 5534/1709/3542 5559/1728/3542 5563/1732/3542 
f 5532/1708/3539 5531/1707/3539 5563/1732/3539 5565/1734/3539 
f 5533/1700/3540 5532/1708/3540 5565/1734/3540 5560/1729/3540 
# 36 polygons

#
# object Rectangle109
#

v  -9727.0566 19.0056 -1486.2584
v  -9726.3457 19.0056 -1485.5481
v  -9726.3457 19.0056 -1516.1028
v  -9727.0566 19.0056 -1516.1028
v  -9727.0566 13.0056 -1486.2584
v  -9727.0566 13.0056 -1516.1028
v  -9721.0566 13.0056 -1480.2584
v  -9721.0566 13.0056 -1516.1028
v  -9721.0566 13.7160 -1480.2584
v  -9721.0566 13.7160 -1516.1028
v  -9722.9805 13.7160 -1482.1826
v  -9722.9805 13.7160 -1516.1028
v  -9723.7520 13.8049 -1482.9536
v  -9723.7520 13.8049 -1516.1028
v  -9724.4600 14.0583 -1483.6619
v  -9724.4600 14.0583 -1516.1028
v  -9725.0850 14.4559 -1484.2867
v  -9725.0850 14.4559 -1516.1028
v  -9725.6064 14.9772 -1484.8081
v  -9725.6064 14.9772 -1516.1028
v  -9726.0039 15.6021 -1485.2056
v  -9726.0039 15.6021 -1516.1028
v  -9726.2568 16.3103 -1485.4590
v  -9726.2568 16.3103 -1516.1028
v  -9726.3457 17.0815 -1485.5481
v  -9726.3457 17.0815 -1516.1028
v  -10007.1113 19.0059 -1486.2679
v  -10006.4014 19.0057 -1485.5576
v  -10007.1123 13.0059 -1486.2705
v  -10001.1123 13.0044 -1480.2705
v  -10001.1113 13.7148 -1480.2701
v  -10003.0361 13.7153 -1482.1943
v  -10003.8066 13.8044 -1482.9653
v  -10004.5156 14.0580 -1483.6735
v  -10005.1406 14.4557 -1484.2982
v  -10005.6611 14.9772 -1484.8193
v  -10006.0586 15.6022 -1485.2166
v  -10006.3125 16.3104 -1485.4697
v  -10006.4014 17.0816 -1485.5583
v  -10007.1191 19.0059 -257.6375
v  -10006.4092 19.0057 -258.3478
v  -10007.1221 13.0059 -257.6370
v  -10001.1221 13.0044 -263.6370
v  -10001.1211 13.7148 -263.6371
v  -10003.0459 13.7153 -261.7130
v  -10003.8164 13.8044 -260.9418
v  -10004.5244 14.0580 -260.2337
v  -10005.1494 14.4557 -259.6088
v  -10005.6709 14.9772 -259.0875
v  -10006.0684 15.6022 -258.6900
v  -10006.3213 16.3104 -258.4366
v  -10006.4102 17.0816 -258.3477
v  -8547.1689 19.0059 -257.6296
v  -8547.8789 19.0057 -258.3400
v  -8547.1680 13.0059 -257.6271
v  -8553.1680 13.0044 -263.6271
v  -8553.1680 13.7148 -263.6274
v  -8551.2441 13.7153 -261.7032
v  -8550.4736 13.8044 -260.9321
v  -8549.7646 14.0580 -260.2241
v  -8549.1406 14.4557 -259.5993
v  -8548.6191 14.9772 -259.0782
v  -8548.2217 15.6022 -258.6809
v  -8547.9678 16.3104 -258.4278
v  -8547.8789 17.0816 -258.3392
v  -8547.1611 19.0059 -1486.4180
v  -8547.8711 19.0057 -1485.7076
v  -8547.1582 13.0059 -1486.4185
v  -8553.1582 13.0044 -1480.4185
v  -8553.1592 13.7148 -1480.4185
v  -8551.2344 13.7153 -1482.3425
v  -8550.4639 13.8044 -1483.1136
v  -8549.7559 14.0580 -1483.8218
v  -8549.1309 14.4557 -1484.4468
v  -8548.6094 14.9772 -1484.9680
v  -8548.2119 15.6022 -1485.3655
v  -8547.9590 16.3104 -1485.6189
v  -8547.8701 17.0816 -1485.7078
v  -8827.0439 19.0062 -1486.4275
v  -8827.7549 19.0059 -1485.7172
v  -8827.0410 13.0062 -1486.4304
v  -8833.0410 13.0033 -1480.4304
v  -8833.0420 13.7137 -1480.4302
v  -8831.1172 13.7146 -1482.3542
v  -8830.3467 13.8040 -1483.1254
v  -8829.6387 14.0577 -1483.8334
v  -8829.0137 14.4555 -1484.4581
v  -8828.4922 14.9772 -1484.9792
v  -8828.0957 15.6023 -1485.3765
v  -8827.8418 16.3106 -1485.6295
v  -8827.7539 17.0818 -1485.7180
v  -8827.0439 19.0062 -1516.2607
v  -8827.7539 19.0059 -1516.2607
v  -8827.0410 13.0062 -1516.2607
v  -8833.0410 13.0033 -1516.2609
v  -8833.0410 13.7137 -1516.2609
v  -8831.1172 13.7146 -1516.2607
v  -8830.3457 13.8040 -1516.2607
v  -8829.6377 14.0577 -1516.2607
v  -8829.0137 14.4555 -1516.2607
v  -8828.4922 14.9772 -1516.2607
v  -8828.0947 15.6023 -1516.2607
v  -8827.8418 16.3106 -1516.2607
v  -8827.7529 17.0818 -1516.2607
# 104 vertices

vn 0.0000 1.0000 -0.0000
vn -1.0000 0.0000 -0.0000
vn 0.0000 -1.0000 -0.0000
vn 1.0000 0.0000 0.0000
vn 0.1727 0.9850 0.0000
vn 0.1146 0.9934 0.0000
vn 0.2272 0.9738 0.0000
vn 0.3932 0.9194 0.0000
vn 0.4395 0.8982 0.0000
vn 0.5901 0.8073 0.0000
vn 0.6257 0.7801 0.0000
vn 0.7562 0.6543 0.0000
vn 0.7801 0.6257 0.0000
vn 0.8857 0.4642 0.0000
vn 0.8982 0.4395 0.0000
vn 0.9703 0.2419 0.0000
vn 0.9738 0.2272 0.0000
vn 0.9934 0.1146 0.0000
vn 0.0000 1.0000 0.0002
vn 0.0000 0.0004 -1.0000
vn 0.0000 0.0000 -1.0000
vn -0.0000 -1.0000 -0.0002
vn -0.0000 -0.0004 1.0000
vn -0.0000 -0.0000 1.0000
vn -0.0000 0.0000 1.0000
vn -0.0000 1.0000 0.0002
vn -0.0000 1.0000 0.0000
vn -0.0000 0.9593 0.2823
vn -0.0000 0.9934 0.1149
vn -0.0000 0.9934 0.1146
vn -0.0000 0.9850 0.1727
vn -0.0000 0.8737 0.4866
vn -0.0000 0.9194 0.3932
vn -0.0000 0.7494 0.6621
vn -0.0000 0.8073 0.5901
vn -0.0000 0.5934 0.8049
vn -0.0000 0.6543 0.7563
vn -0.0000 0.4114 0.9115
vn -0.0000 0.4642 0.8857
vn -0.0000 0.2100 0.9777
vn -0.0000 0.2419 0.9703
vn -0.0000 0.1142 0.9935
vn -0.0000 0.1146 0.9934
vn 0.0002 1.0000 0.0000
vn -1.0000 0.0004 -0.0000
vn -1.0000 0.0001 -0.0000
vn -0.0002 -1.0000 -0.0000
vn 1.0000 -0.0004 0.0000
vn 1.0000 -0.0001 0.0000
vn 0.2823 0.9593 0.0000
vn 0.1149 0.9934 0.0000
vn 0.2822 0.9593 0.0000
vn 0.4865 0.8737 0.0000
vn 0.4864 0.8737 0.0000
vn 0.6621 0.7494 0.0000
vn 0.6620 0.7495 0.0000
vn 0.8049 0.5934 0.0000
vn 0.8048 0.5936 0.0000
vn 0.9115 0.4114 0.0000
vn 0.9113 0.4116 0.0000
vn 0.9777 0.2100 0.0000
vn 0.9776 0.2104 0.0000
vn 0.9935 0.1142 0.0000
vn 0.0000 1.0000 -0.0002
vn -0.0000 0.0004 1.0000
vn -0.0000 0.0001 1.0000
vn -0.0000 -1.0000 0.0002
vn 0.0000 -0.0004 -1.0000
vn 0.0000 -0.0001 -1.0000
vn 0.0000 0.9593 -0.2823
vn 0.0000 0.9934 -0.1149
vn 0.0000 0.9593 -0.2822
vn 0.0000 0.8737 -0.4865
vn 0.0000 0.8737 -0.4864
vn 0.0000 0.7494 -0.6621
vn 0.0000 0.7495 -0.6620
vn 0.0000 0.5934 -0.8049
vn 0.0000 0.5936 -0.8048
vn 0.0000 0.4114 -0.9115
vn 0.0000 0.4116 -0.9113
vn 0.0000 0.2100 -0.9777
vn 0.0000 0.2104 -0.9776
vn 0.0000 0.1142 -0.9935
vn 0.0000 0.1146 -0.9934
vn -0.0002 1.0000 -0.0000
vn 1.0000 0.0004 0.0000
vn 1.0000 0.0001 0.0000
vn 0.0002 -1.0000 0.0000
vn -1.0000 -0.0004 -0.0000
vn -1.0000 -0.0001 -0.0000
vn -0.2823 0.9593 -0.0000
vn -0.1149 0.9934 -0.0000
vn -0.2822 0.9593 -0.0000
vn -0.4865 0.8737 -0.0000
vn -0.4864 0.8737 -0.0000
vn -0.6621 0.7494 -0.0000
vn -0.6620 0.7495 -0.0000
vn -0.8049 0.5934 -0.0000
vn -0.8048 0.5936 -0.0000
vn -0.9115 0.4114 -0.0000
vn -0.9113 0.4116 -0.0000
vn -0.9777 0.2100 -0.0000
vn -0.9776 0.2104 -0.0000
vn -0.9935 0.1142 -0.0000
vn -0.9934 0.1146 -0.0000
vn 0.0000 1.0000 0.0005
vn 0.0000 0.0005 -1.0000
vn 0.0000 0.0001 -1.0000
vn -0.0000 -1.0000 -0.0005
vn 0.0000 -1.0000 -0.0002
vn -0.0000 -0.0005 1.0000
vn -0.0000 -0.0001 1.0000
vn -0.0000 1.0000 0.0005
vn -0.0000 0.9849 0.1732
vn -0.0000 0.9934 0.1151
vn -0.0000 0.9594 0.2822
vn -0.0000 0.9192 0.3937
vn -0.0000 0.8737 0.4864
vn -0.0000 0.8070 0.5905
vn -0.0000 0.7496 0.6619
vn -0.0000 0.6539 0.7566
vn -0.0000 0.5936 0.8047
vn -0.0000 0.4638 0.8860
vn -0.0000 0.4117 0.9113
vn -0.0000 0.2414 0.9704
vn -0.0000 0.2104 0.9776
vn -0.0000 0.1141 0.9935
vn -0.0005 1.0000 -0.0000
vn 1.0000 0.0005 0.0000
vn 0.0005 -1.0000 0.0000
vn -1.0000 -0.0005 -0.0000
vn -0.2277 0.9737 -0.0000
vn -0.1151 0.9934 -0.0000
vn -0.1732 0.9849 -0.0000
vn -0.4400 0.8980 -0.0000
vn -0.3937 0.9192 -0.0000
vn -0.6260 0.7798 -0.0000
vn -0.5905 0.8070 -0.0000
vn -0.7804 0.6253 -0.0000
vn -0.7566 0.6539 -0.0000
vn -0.8984 0.4391 -0.0000
vn -0.8860 0.4637 -0.0000
vn -0.9739 0.2268 -0.0000
vn -0.9704 0.2414 -0.0000
vn -0.9935 0.1141 -0.0000
# 145 vertex normals

g Rectangle109
usemtl wire_028028177
s 1
f 5567//3543 5568//3543 5569//3543 5570//3543 
s 4
f 5571//3544 5567//3544 5570//3544 5572//3544 
s 2
f 5573//3545 5571//3545 5572//3545 5574//3545 
s 4
f 5575//3546 5573//3546 5574//3546 5576//3546 
s 2
f 5577//3543 5575//3543 5576//3543 5578//3543 
s 4
f 5579//3547 5577//3548 5578//3548 5580//3549 
f 5581//3550 5579//3547 5580//3549 5582//3551 
f 5583//3552 5581//3550 5582//3551 5584//3553 
f 5585//3554 5583//3552 5584//3553 5586//3555 
f 5587//3556 5585//3554 5586//3555 5588//3557 
f 5589//3558 5587//3556 5588//3557 5590//3559 
f 5591//3560 5589//3558 5590//3559 5592//3560 
s 2
f 5568//3546 5591//3546 5592//3546 5569//3546 
s 8
f 5593//3561 5594//3561 5568//3543 5567//3543 
s 32
f 5595//3562 5593//3562 5567//3563 5571//3563 
s 16
f 5596//3564 5595//3564 5571//3545 5573//3545 
s 32
f 5597//3565 5596//3565 5573//3566 5575//3567 
s 16
f 5598//3568 5597//3568 5575//3569 5577//3569 
s 32
f 5599//3570 5598//3571 5577//3572 5579//3573 
f 5600//3574 5599//3570 5579//3573 5581//3575 
f 5601//3576 5600//3574 5581//3575 5583//3577 
f 5602//3578 5601//3576 5583//3577 5585//3579 
f 5603//3580 5602//3578 5585//3579 5587//3581 
f 5604//3582 5603//3580 5587//3581 5589//3583 
f 5605//3584 5604//3582 5589//3583 5591//3585 
s 16
f 5594//3565 5605//3565 5591//3566 5568//3567 
s 1
f 5606//3586 5607//3586 5594//3586 5593//3586 
s 4
f 5608//3587 5606//3587 5593//3588 5595//3588 
s 2
f 5609//3589 5608//3589 5595//3589 5596//3589 
s 4
f 5610//3590 5609//3590 5596//3591 5597//3591 
s 2
f 5611//3586 5610//3586 5597//3586 5598//3586 
s 4
f 5612//3592 5611//3593 5598//3593 5599//3594 
f 5613//3595 5612//3592 5599//3594 5600//3596 
f 5614//3597 5613//3595 5600//3596 5601//3598 
f 5615//3599 5614//3597 5601//3598 5602//3600 
f 5616//3601 5615//3599 5602//3600 5603//3602 
f 5617//3603 5616//3601 5603//3602 5604//3604 
f 5618//3605 5617//3603 5604//3604 5605//3560 
s 2
f 5607//3590 5618//3590 5605//3591 5594//3591 
s 8
f 5619//3606 5620//3606 5607//3606 5606//3606 
s 32
f 5621//3607 5619//3607 5606//3608 5608//3608 
s 16
f 5622//3609 5621//3609 5608//3609 5609//3609 
s 32
f 5623//3610 5622//3610 5609//3611 5610//3611 
s 16
f 5624//3606 5623//3606 5610//3606 5611//3606 
s 32
f 5625//3612 5624//3613 5611//3613 5612//3614 
f 5626//3615 5625//3612 5612//3614 5613//3616 
f 5627//3617 5626//3615 5613//3616 5614//3618 
f 5628//3619 5627//3617 5614//3618 5615//3620 
f 5629//3621 5628//3619 5615//3620 5616//3622 
f 5630//3623 5629//3621 5616//3622 5617//3624 
f 5631//3625 5630//3623 5617//3624 5618//3626 
s 16
f 5620//3610 5631//3610 5618//3611 5607//3611 
s 1
f 5632//3627 5633//3627 5620//3627 5619//3627 
s 4
f 5634//3628 5632//3628 5619//3629 5621//3629 
s 2
f 5635//3630 5634//3630 5621//3630 5622//3630 
s 4
f 5636//3631 5635//3631 5622//3632 5623//3632 
s 2
f 5637//3627 5636//3627 5623//3627 5624//3627 
s 4
f 5638//3633 5637//3634 5624//3634 5625//3635 
f 5639//3636 5638//3633 5625//3635 5626//3637 
f 5640//3638 5639//3636 5626//3637 5627//3639 
f 5641//3640 5640//3638 5627//3639 5628//3641 
f 5642//3642 5641//3640 5628//3641 5629//3643 
f 5643//3644 5642//3642 5629//3643 5630//3645 
f 5644//3646 5643//3644 5630//3645 5631//3647 
s 2
f 5633//3631 5644//3631 5631//3632 5620//3632 
s 8
f 5645//3648 5646//3648 5633//3561 5632//3561 
s 32
f 5647//3649 5645//3649 5632//3650 5634//3650 
s 16
f 5648//3651 5647//3651 5634//3652 5635//3652 
s 32
f 5649//3653 5648//3653 5635//3654 5636//3654 
s 16
f 5650//3655 5649//3655 5636//3568 5637//3568 
s 32
f 5651//3656 5650//3657 5637//3571 5638//3658 
f 5652//3659 5651//3656 5638//3658 5639//3660 
f 5653//3661 5652//3659 5639//3660 5640//3662 
f 5654//3663 5653//3661 5640//3662 5641//3664 
f 5655//3665 5654//3663 5641//3664 5642//3666 
f 5656//3667 5655//3665 5642//3666 5643//3668 
f 5657//3669 5656//3667 5643//3668 5644//3585 
s 16
f 5646//3653 5657//3653 5644//3654 5633//3654 
s 1
f 5658//3670 5659//3670 5646//3670 5645//3670 
s 4
f 5660//3671 5658//3671 5645//3671 5647//3671 
s 2
f 5661//3672 5660//3672 5647//3672 5648//3672 
s 4
f 5662//3673 5661//3673 5648//3673 5649//3673 
s 2
f 5663//3670 5662//3670 5649//3670 5650//3670 
s 4
f 5664//3674 5663//3675 5650//3675 5651//3676 
f 5665//3677 5664//3674 5651//3676 5652//3678 
f 5666//3679 5665//3677 5652//3678 5653//3680 
f 5667//3681 5666//3679 5653//3680 5654//3682 
f 5668//3683 5667//3681 5654//3682 5655//3684 
f 5669//3685 5668//3683 5655//3684 5656//3686 
f 5670//3687 5669//3685 5656//3686 5657//3687 
s 2
f 5659//3673 5670//3673 5657//3673 5646//3673 
s 2147483648
f 5578//3563 5576//3563 5574//3563 5572//3563 
f 5580//3563 5578//3563 5572//3563 5582//3563 
f 5584//3563 5582//3563 5572//3563 5586//3563 
f 5588//3563 5586//3563 5572//3563 5590//3563 
f 5592//3563 5590//3563 5572//3563 5569//3563 
f 5569//3563 5572//3563 5570//3563 
f 5659//3563 5658//3563 5660//3563 5670//3563 
f 5661//3563 5662//3563 5663//3563 5660//3563 
f 5660//3563 5663//3563 5664//3563 5665//3563 
f 5660//3563 5665//3563 5666//3563 5667//3563 
f 5660//3563 5667//3563 5668//3563 5669//3563 
f 5660//3563 5669//3563 5670//3563 
# 101 polygons - 2 triangles

#
# object Rectangle108
#

v  -10077.1084 0.0000 -1572.4426
v  -8477.1084 0.0000 -1572.4426
v  -8477.1084 -150.0000 -1572.4426
v  -10077.1084 -150.0000 -1572.4426
v  -10077.1084 0.0000 -187.7491
v  -10077.1084 -150.0000 -187.7491
v  -8477.1084 0.0000 -187.7491
v  -8477.1084 -150.0000 -187.7491
# 8 vertices

vn 0.0000 0.0000 -1.0000
vn -1.0000 0.0000 -0.0000
vn 0.0000 0.0000 1.0000
vn 1.0000 0.0000 -0.0000
vn 0.0000 -1.0000 -0.0000
vn 0.0000 1.0000 -0.0000
# 6 vertex normals

g Rectangle108
usemtl wire_028028177
s 1
f 5671//3688 5672//3688 5673//3688 5674//3688 
s 4
f 5675//3689 5671//3689 5674//3689 5676//3689 
s 2
f 5677//3690 5675//3690 5676//3690 5678//3690 
s 4
f 5672//3691 5677//3691 5678//3691 5673//3691 
s 16
f 5676//3692 5674//3692 5673//3692 5678//3692 
f 5672//3693 5671//3693 5675//3693 5677//3693 
# 6 polygons

#
# object Rectangle121
#

v  -10077.0693 12.6006 -1571.0458
v  -10077.0693 6.5599 -1571.0458
v  -8477.0693 6.5601 -1571.0455
v  -8477.0693 12.6009 -1571.0455
v  -10077.0693 12.6006 -1569.0647
v  -8477.0693 12.6009 -1569.0645
v  -10077.0693 12.7131 -1569.1771
v  -8477.0693 12.7134 -1569.1769
v  -10077.0693 12.7131 -1572.3516
v  -8477.0693 12.7134 -1572.3513
v  -10077.0693 12.6006 -1572.4640
v  -8477.0693 12.6009 -1572.4637
v  -10077.0693 -0.0003 -1572.4640
v  -8477.0693 0.0000 -1572.4637
v  -10077.0693 -0.0003 -1517.0071
v  -8477.0693 0.0000 -1517.0068
v  -10077.0693 12.2889 -1517.0071
v  -8477.0693 12.2892 -1517.0068
v  -10077.0693 12.7131 -1517.4313
v  -8477.0693 12.7134 -1517.4310
v  -10077.0693 12.7131 -1535.2953
v  -8477.0693 12.7134 -1535.2950
v  -10077.0693 12.4481 -1535.6134
v  -8477.0693 12.4484 -1535.6132
v  -10077.0693 12.7131 -1535.9316
v  -8477.0693 12.7134 -1535.9313
v  -10077.0693 12.7131 -1541.9305
v  -8477.0693 12.7134 -1541.9303
v  -10077.0693 12.4481 -1542.2487
v  -8477.0693 12.4484 -1542.2484
v  -10077.0693 12.7131 -1542.5669
v  -8477.0693 12.7134 -1542.5665
v  -10077.0693 12.7131 -1548.5658
v  -8477.0693 12.7134 -1548.5656
v  -10077.0693 12.4481 -1548.8839
v  -8477.0693 12.4484 -1548.8837
v  -10077.0693 12.7131 -1549.2021
v  -8477.0693 12.7134 -1549.2018
v  -10077.0693 12.7131 -1567.4148
v  -8477.0693 12.7134 -1567.4146
v  -10077.0693 12.6006 -1567.5272
v  -8477.0693 12.6009 -1567.5270
v  -10077.0693 12.6006 -1562.1403
v  -8477.0693 12.6009 -1562.1400
v  -10077.0693 6.5599 -1562.1403
v  -8477.0693 6.5601 -1562.1400
# 46 vertices

vn -0.0000 0.0000 1.0000
vn 0.0000 -1.0000 0.0000
vn -0.0000 0.7071 0.7071
vn -0.0000 1.0000 -0.0000
vn 0.0000 0.7071 -0.7071
vn 0.0000 0.0000 -1.0000
vn 0.0000 -1.0000 -0.0000
vn -0.0000 1.0000 0.0000
vn -0.0000 0.7684 -0.6400
vn -0.0000 0.7684 0.6400
vn 0.0000 -0.0000 -1.0000
vn 1.0000 0.0000 0.0000
vn 1.0000 -0.0000 0.0000
vn -1.0000 -0.0000 -0.0000
# 14 vertex normals

vt 6.0407 1600.0000 0.0000
vt 0.0000 1600.0000 0.0000
vt 0.0000 0.0000 0.0000
vt 6.0407 0.0000 0.0000
vt 8.0218 1600.0000 0.0000
vt 8.0218 0.0000 0.0000
vt 8.1809 1600.0000 0.0000
vt 8.1809 0.0000 0.0000
vt 11.3553 1600.0000 0.0000
vt 11.3553 0.0000 0.0000
vt 11.5144 1600.0000 0.0000
vt 11.5144 0.0000 0.0000
vt 24.1152 1600.0000 0.0000
vt 24.1152 0.0000 0.0000
vt 79.5722 1600.0000 0.0000
vt 79.5722 0.0000 0.0000
vt 91.8613 1600.0000 0.0000
vt 91.8613 0.0000 0.0000
vt 92.4612 1600.0000 0.0000
vt 92.4612 0.0000 0.0000
vt 110.3252 1600.0000 0.0000
vt 110.3252 0.0000 0.0000
vt 110.7393 1600.0000 0.0000
vt 110.7393 0.0000 0.0000
vt 111.1533 1600.0000 0.0000
vt 111.1533 0.0000 0.0000
vt 117.1523 1600.0000 0.0000
vt 117.1523 0.0000 0.0000
vt 117.5663 1600.0000 0.0000
vt 117.5663 0.0000 0.0000
vt 117.9804 1600.0000 0.0000
vt 117.9804 0.0000 0.0000
vt 123.9793 1600.0000 0.0000
vt 123.9793 0.0000 0.0000
vt 124.3934 1600.0000 0.0000
vt 124.3934 0.0000 0.0000
vt 124.8075 1600.0000 0.0000
vt 124.8075 0.0000 0.0000
vt 143.0201 1600.0000 0.0000
vt 143.0201 0.0000 0.0000
vt 143.1792 1600.0000 0.0000
vt 143.1792 0.0000 0.0000
vt 148.5662 1600.0000 0.0000
vt 148.5662 0.0000 0.0000
vt 154.6069 1600.0000 0.0000
vt 154.6069 0.0000 0.0000
vt 163.5124 1600.0000 0.0000
vt 163.5124 0.0000 0.0000
vt 55.4569 12.2892 -0.0000
vt 55.4569 0.0000 -0.0000
vt 55.0327 12.7134 -0.0000
vt 3.2869 12.7134 0.0000
vt 3.3993 12.6009 0.0000
vt 1.4183 12.6009 0.0000
vt 0.1125 12.7134 0.0000
vt 1.4183 6.5601 0.0000
vt 0.0000 12.6009 0.0000
vt 10.3237 6.5601 0.0000
vt 36.8506 12.4484 0.0000
vt 10.3237 12.6009 0.0000
vt 4.9367 12.6009 0.0000
vt 5.0492 12.7134 0.0000
vt 23.2619 12.7134 0.0000
vt 23.5801 12.4484 0.0000
vt 23.8982 12.7134 0.0000
vt 29.8972 12.7134 0.0000
vt 30.2153 12.4484 0.0000
vt 30.5335 12.7134 0.0000
vt 36.5324 12.7134 0.0000
vt 37.1687 12.7134 0.0000
vt 55.0327 12.7134 0.0000
vt 55.4569 12.2892 0.0000
vt 55.4569 0.0000 0.0000
# 73 texture coords

g Rectangle121
usemtl wire_028028177
s 1
f 5679/1736/3694 5680/1737/3694 5681/1738/3694 5682/1739/3694 
s 4
f 5683/1740/3695 5679/1736/3695 5682/1739/3695 5684/1741/3695 
s 2
f 5685/1742/3696 5683/1740/3696 5684/1741/3696 5686/1743/3696 
s 4
f 5687/1744/3697 5685/1742/3697 5686/1743/3697 5688/1745/3697 
s 2
f 5689/1746/3698 5687/1744/3698 5688/1745/3698 5690/1747/3698 
s 4
f 5691/1748/3699 5689/1746/3699 5690/1747/3699 5692/1749/3699 
s 2
f 5693/1750/3700 5691/1748/3700 5692/1749/3700 5694/1751/3700 
s 4
f 5695/1752/3694 5693/1750/3694 5694/1751/3694 5696/1753/3694 
s 2
f 5697/1754/3696 5695/1752/3696 5696/1753/3696 5698/1755/3696 
s 4
f 5699/1756/3701 5697/1754/3701 5698/1755/3701 5700/1757/3701 
s 2
f 5701/1758/3702 5699/1756/3702 5700/1757/3702 5702/1759/3702 
s 4
f 5703/1760/3703 5701/1758/3703 5702/1759/3703 5704/1761/3703 
s 2
f 5705/1762/3697 5703/1760/3697 5704/1761/3697 5706/1763/3697 
s 4
f 5707/1764/3702 5705/1762/3702 5706/1763/3702 5708/1765/3702 
s 2
f 5709/1766/3703 5707/1764/3703 5708/1765/3703 5710/1767/3703 
s 4
f 5711/1768/3697 5709/1766/3697 5710/1767/3697 5712/1769/3697 
s 2
f 5713/1770/3702 5711/1768/3702 5712/1769/3702 5714/1771/3702 
s 4
f 5715/1772/3703 5713/1770/3703 5714/1771/3703 5716/1773/3703 
s 2
f 5717/1774/3701 5715/1772/3701 5716/1773/3701 5718/1775/3701 
s 4
f 5719/1776/3698 5717/1774/3698 5718/1775/3698 5720/1777/3698 
s 2
f 5721/1778/3695 5719/1776/3695 5720/1777/3695 5722/1779/3695 
s 4
f 5723/1780/3704 5721/1778/3704 5722/1779/3704 5724/1781/3704 
s 2
f 5680/1782/3701 5723/1780/3701 5724/1781/3701 5681/1783/3701 
s 16
f 5696/1784/3705 5694/1785/3705 5692/1738/3705 5698/1786/3705 
f 5686/1787/3706 5684/1788/3706 5682/1789/3706 5688/1790/3705 
f 5688/1790/3705 5682/1789/3706 5681/1791/3705 5690/1792/3705 
f 5692/1738/3705 5690/1792/3705 5681/1791/3705 5724/1793/3705 
f 5698/1786/3705 5692/1738/3705 5724/1793/3705 5702/1794/3705 
f 5722/1795/3705 5720/1796/3705 5718/1797/3705 5716/1798/3705 
f 5724/1793/3705 5722/1795/3705 5716/1798/3705 5714/1799/3705 
f 5714/1799/3705 5712/1800/3705 5710/1801/3705 5708/1802/3705 
f 5724/1793/3705 5714/1799/3705 5708/1802/3705 5702/1794/3705 
f 5708/1802/3705 5706/1803/3705 5704/1804/3705 5702/1794/3705 
f 5698/1786/3705 5702/1794/3705 5700/1805/3705 
f 5697/1806/3707 5699/1805/3707 5701/1794/3707 5723/1793/3707 
f 5703/1804/3707 5705/1803/3707 5707/1802/3707 5701/1794/3707 
f 5709/1801/3707 5711/1800/3707 5713/1799/3707 5707/1802/3707 
f 5717/1797/3707 5719/1796/3707 5721/1795/3707 5715/1798/3707 
f 5715/1798/3707 5721/1795/3707 5723/1793/3707 5713/1799/3707 
f 5707/1802/3707 5713/1799/3707 5723/1793/3707 5701/1794/3707 
f 5679/1789/3707 5683/1788/3707 5685/1787/3707 5687/1790/3707 
f 5680/1791/3707 5679/1789/3707 5687/1790/3707 5689/1792/3707 
f 5680/1791/3707 5689/1792/3707 5691/1738/3707 5723/1793/3707 
f 5697/1806/3707 5723/1793/3707 5691/1738/3707 5695/1807/3707 
f 5691/1738/3707 5693/1808/3707 5695/1807/3707 
# 43 polygons - 2 triangles

#
# object Rectangle123
#

v  -9279.2002 2028.2871 -1562.6312
v  -9279.2002 2028.2871 -1565.9913
v  -9280.2002 2028.2871 -1566.9913
v  -9729.2002 2028.2871 -1565.9915
v  -9728.2002 2028.2871 -1566.9915
v  -9729.2002 2028.2871 -1562.6313
v  -9728.2002 2028.2871 -1561.6313
v  -9280.2002 2028.2871 -1561.6312
v  -9728.2002 61.8327 -1566.9915
v  -9280.2002 61.8328 -1566.9913
v  -9279.2002 61.8328 -1565.9913
v  -9279.2002 61.8328 -1562.6312
v  -9280.2002 61.8328 -1561.6312
v  -9729.2002 61.8327 -1562.6313
v  -9728.2002 61.8327 -1561.6313
v  -9729.2002 61.8327 -1565.9915
# 16 vertices

vn -0.0000 1.0000 -0.0000
vn 0.0000 -0.0000 -1.0000
vn 0.0000 -1.0000 0.0000
vn -0.0000 0.0000 1.0000
vn 1.0000 0.0000 0.0000
vn -1.0000 -0.0000 -0.0000
vn 0.7071 0.0000 -0.7071
vn -0.7071 -0.0000 -0.7071
vn 0.7071 0.0000 0.7071
vn -0.7071 -0.0000 0.7071
# 10 vertex normals

vt 1.0000 0.0000 0.0000
vt 4.3601 0.0000 0.0000
vt 5.3601 1.0000 0.0000
vt 4.3601 450.0000 0.0000
vt 5.3601 449.0000 0.0000
vt 1.0000 450.0000 0.0000
vt 0.0000 449.0000 0.0000
vt 0.0000 1.0000 0.0000
vt 1912.6995 449.0000 0.0000
vt 1912.6995 1.0000 0.0000
vt 1913.6995 0.0000 0.0000
vt 1917.0596 0.0000 0.0000
vt 1918.0596 1.0000 0.0000
vt 1917.0596 450.0000 0.0000
vt 1918.0596 449.0000 0.0000
vt 1913.6995 450.0000 0.0000
vt 3825.3989 449.0000 0.0000
vt 3825.3989 1.0000 0.0000
vt 1.0001 1907.3394 0.0000
vt 4.3602 1907.3394 0.0000
vt 4.3782 -0.0000 0.0000
vt 4.3783 1907.3394 0.0000
vt 6.3183 1907.3394 0.0000
vt 6.3182 0.0000 0.0000
# 24 texture coords

g Rectangle123
usemtl wire_028028177
s 1
f 5725/1809/3708 5726/1810/3708 5727/1811/3708 5728/1812/3708 
f 5727/1811/3708 5729/1813/3708 5728/1812/3708 
f 5728/1812/3708 5730/1814/3708 5731/1815/3708 5725/1809/3708 
f 5732/1816/3708 5725/1809/3708 5731/1815/3708 
s 4
f 5733/1817/3709 5729/1813/3709 5727/1811/3709 5734/1818/3709 
s 2
f 5735/1819/3710 5736/1820/3710 5737/1821/3710 5738/1822/3710 
f 5737/1821/3710 5739/1823/3710 5738/1822/3710 
f 5738/1822/3710 5740/1824/3710 5733/1817/3710 5735/1819/3710 
f 5734/1818/3710 5735/1819/3710 5733/1817/3710 
s 4
f 5731/1825/3711 5739/1823/3711 5737/1821/3711 5732/1826/3711 
s 16
f 5726/1827/3712 5725/1828/3712 5736/1810/3712 5735/1809/3712 
f 5738/1810/3713 5730/1828/3713 5728/1827/3713 5740/1809/3713 
s off
f 5727/1811/3714 5726/1810/3714 5735/1819/3714 5734/1818/3714 
f 5733/1817/3715 5740/1824/3715 5728/1812/3715 5729/1813/3715 
f 5737/1829/3716 5736/1810/3716 5725/1828/3716 5732/1830/3716 
f 5731/1831/3717 5730/1828/3717 5738/1810/3717 5739/1832/3717 
# 12 polygons - 4 triangles

#
# object Rectangle124
#

v  -9729.2002 2028.2872 -1566.9913
v  -9729.2002 2028.2872 -1561.6312
v  -9279.2002 2028.2872 -1561.6312
v  -9279.2002 2028.2872 -1566.9913
v  -9729.2002 2027.4633 -1566.9913
v  -9279.2002 2027.4633 -1566.9913
v  -9729.2002 2027.4067 -1567.0479
v  -9279.2002 2027.4067 -1567.0479
v  -9729.2002 2027.4067 -1572.0687
v  -9279.2002 2027.4067 -1572.0687
v  -9729.2002 2027.6895 -1572.3514
v  -9279.2002 2027.6893 -1572.3514
v  -9729.2002 2077.1240 -1572.3514
v  -9279.2002 2077.1240 -1572.3514
v  -9729.2002 2077.4067 -1572.0687
v  -9279.2002 2077.4067 -1572.0687
v  -9729.2002 2077.4067 -1556.5538
v  -9279.2002 2077.4067 -1556.5538
v  -9729.2002 2077.1240 -1556.2711
v  -9279.2002 2077.1240 -1556.2711
v  -9729.2002 2027.6895 -1556.2711
v  -9279.2002 2027.6893 -1556.2711
v  -9729.2002 2027.4067 -1556.5538
v  -9279.2002 2027.4067 -1556.5538
v  -9729.2002 2027.4067 -1561.5747
v  -9279.2002 2027.4067 -1561.5747
v  -9729.2002 2027.4633 -1561.6312
v  -9279.2002 2027.4633 -1561.6312
# 28 vertices

vn -0.0000 -1.0000 -0.0000
vn -0.0000 0.0000 1.0000
vn -0.0000 -0.7071 0.7071
vn -0.0000 -0.7071 -0.7071
vn 0.0000 0.0000 -1.0000
vn 0.0000 0.7071 -0.7071
vn 0.0000 1.0000 0.0000
vn 0.0000 0.7071 0.7071
vn 1.0000 -0.0000 0.0000
vn -1.0000 0.0000 -0.0000
# 10 vertex normals

vt 5.3601 450.0000 0.0000
vt 0.0000 450.0000 0.0000
vt 0.0000 0.0000 0.0000
vt 5.3601 0.0000 0.0000
vt 6.1841 450.0000 0.0000
vt 6.1841 0.0000 0.0000
vt 6.2640 450.0000 0.0000
vt 6.2640 0.0000 0.0000
vt 11.2849 450.0000 0.0000
vt 11.2849 0.0000 0.0000
vt 11.6847 450.0000 0.0000
vt 11.6847 0.0000 0.0000
vt 61.1194 450.0000 0.0000
vt 61.1194 0.0000 0.0000
vt 61.5192 450.0000 0.0000
vt 61.5192 0.0000 0.0000
vt 77.0341 450.0000 0.0000
vt 77.0341 0.0000 0.0000
vt 77.4339 450.0000 0.0000
vt 77.4339 0.0000 0.0000
vt 126.8686 450.0000 0.0000
vt 126.8686 0.0000 0.0000
vt 127.2684 450.0000 0.0000
vt 127.2684 0.0000 0.0000
vt 132.2893 450.0000 0.0000
vt 132.2893 0.0000 0.0000
vt 132.3692 450.0000 0.0000
vt 132.3692 0.0000 0.0000
vt 133.1932 450.0000 0.0000
vt 133.1932 0.0000 0.0000
vt 10.7202 49.1196 0.0000
vt 10.7202 49.9435 0.0000
vt 10.7767 50.0001 0.0000
vt 15.7976 50.0001 0.0000
vt 16.0803 49.7174 0.0000
vt 16.0803 0.2827 0.0000
vt 15.7976 0.0000 0.0000
vt 0.2827 0.0000 0.0000
vt 0.0000 0.2827 0.0000
vt 5.3601 49.1196 0.0000
vt 0.0000 49.7174 0.0000
vt 0.2827 50.0001 0.0000
vt 5.3036 50.0001 0.0000
vt 5.3601 49.9435 0.0000
# 44 texture coords

g Rectangle124
usemtl wire_028028177
s 1
f 5744/1836/3718 5743/1835/3718 5742/1834/3718 5741/1833/3718 
s 4
f 5746/1838/3719 5744/1836/3719 5741/1833/3719 5745/1837/3719 
s 2
f 5748/1840/3720 5746/1838/3720 5745/1837/3720 5747/1839/3720 
s 4
f 5750/1842/3718 5748/1840/3718 5747/1839/3718 5749/1841/3718 
s 2
f 5752/1844/3721 5750/1842/3721 5749/1841/3721 5751/1843/3721 
s 4
f 5754/1846/3722 5752/1844/3722 5751/1843/3722 5753/1845/3722 
s 2
f 5756/1848/3723 5754/1846/3723 5753/1845/3723 5755/1847/3723 
s 4
f 5758/1850/3724 5756/1848/3724 5755/1847/3724 5757/1849/3724 
s 2
f 5760/1852/3725 5758/1850/3725 5757/1849/3725 5759/1851/3725 
s 4
f 5762/1854/3719 5760/1852/3719 5759/1851/3719 5761/1853/3719 
s 2
f 5764/1856/3720 5762/1854/3720 5761/1853/3720 5763/1855/3720 
s 4
f 5766/1858/3718 5764/1856/3718 5763/1855/3718 5765/1857/3718 
s 2
f 5768/1860/3721 5766/1858/3721 5765/1857/3721 5767/1859/3721 
s 4
f 5743/1862/3722 5768/1860/3722 5767/1859/3722 5742/1861/3722 
s 16
f 5764/1866/3726 5766/1865/3726 5768/1864/3726 5743/1863/3726 
f 5760/1868/3726 5762/1867/3726 5764/1866/3726 5743/1863/3726 
f 5756/1870/3726 5758/1869/3726 5760/1868/3726 5743/1863/3726 
f 5744/1872/3726 5754/1871/3726 5756/1870/3726 5743/1863/3726 
f 5750/1874/3726 5752/1873/3726 5754/1871/3726 5744/1872/3726 
f 5746/1876/3726 5748/1875/3726 5750/1874/3726 5744/1872/3726 
f 5749/1874/3727 5747/1875/3727 5745/1876/3727 5741/1872/3727 
f 5753/1871/3727 5751/1873/3727 5749/1874/3727 5741/1872/3727 
f 5763/1866/3727 5742/1863/3727 5767/1864/3727 5765/1865/3727 
f 5759/1868/3727 5742/1863/3727 5763/1866/3727 5761/1867/3727 
f 5755/1870/3727 5742/1863/3727 5759/1868/3727 5757/1869/3727 
f 5741/1872/3727 5742/1863/3727 5755/1870/3727 5753/1871/3727 
# 26 polygons

#
# object Rectangle122
#

v  -9729.2002 61.8327 -1566.9915
v  -9729.2002 61.8327 -1561.6313
v  -9279.2002 61.8327 -1561.6312
v  -9279.2002 61.8327 -1566.9913
v  -9729.2002 62.6566 -1566.9915
v  -9279.2002 62.6567 -1566.9913
v  -9729.2002 62.7132 -1567.0480
v  -9279.2002 62.7132 -1567.0479
v  -9729.2002 62.7132 -1572.0688
v  -9279.2002 62.7132 -1572.0687
v  -9729.2002 62.4305 -1572.3516
v  -9279.2002 62.4306 -1572.3514
v  -9729.2002 12.9958 -1572.3516
v  -9279.2002 12.9958 -1572.3514
v  -9729.2002 12.7131 -1572.0688
v  -9279.2002 12.7132 -1572.0687
v  -9729.2002 12.7131 -1556.5538
v  -9279.2002 12.7132 -1556.5538
v  -9729.2002 12.9958 -1556.2712
v  -9279.2002 12.9958 -1556.2711
v  -9729.2002 62.4305 -1556.2712
v  -9279.2002 62.4306 -1556.2711
v  -9729.2002 62.7132 -1556.5538
v  -9279.2002 62.7132 -1556.5538
v  -9729.2002 62.7132 -1561.5747
v  -9279.2002 62.7132 -1561.5747
v  -9729.2002 62.6566 -1561.6313
v  -9279.2002 62.6567 -1561.6312
# 28 vertices

vn -0.0000 1.0000 -0.0000
vn -0.0000 0.0000 1.0000
vn -0.0000 0.7071 0.7071
vn 0.0000 0.7071 -0.7071
vn 0.0000 0.0000 -1.0000
vn 0.0000 -0.7071 -0.7071
vn 0.0000 -1.0000 0.0000
vn 0.0000 -0.7071 0.7071
vn -0.0000 0.7071 -0.7071
vn 1.0000 0.0000 0.0000
vn -1.0000 -0.0000 -0.0000
# 11 vertex normals

vt 5.3601 450.0000 0.0000
vt 0.0000 450.0000 0.0000
vt 0.0000 0.0000 0.0000
vt 5.3601 0.0000 0.0000
vt 6.1841 450.0000 0.0000
vt 6.1841 0.0000 0.0000
vt 6.2640 450.0000 0.0000
vt 6.2640 0.0000 0.0000
vt 11.2849 450.0000 0.0000
vt 11.2849 0.0000 0.0000
vt 11.6847 450.0000 0.0000
vt 11.6847 0.0000 0.0000
vt 61.1194 450.0000 0.0000
vt 61.1194 0.0000 0.0000
vt 61.5192 450.0000 0.0000
vt 61.5192 0.0000 0.0000
vt 77.0341 450.0000 0.0000
vt 77.0341 0.0000 0.0000
vt 77.4339 450.0000 0.0000
vt 77.4339 0.0000 0.0000
vt 126.8686 450.0000 0.0000
vt 126.8686 0.0000 0.0000
vt 127.2684 450.0000 0.0000
vt 127.2684 0.0000 0.0000
vt 132.2893 450.0000 0.0000
vt 132.2893 0.0000 0.0000
vt 132.3692 450.0000 0.0000
vt 132.3692 0.0000 0.0000
vt 133.1932 450.0000 0.0000
vt 133.1932 0.0000 0.0000
vt 10.7202 49.1196 0.0000
vt 10.7202 49.9435 0.0000
vt 10.7767 50.0001 0.0000
vt 15.7976 50.0001 0.0000
vt 16.0803 49.7174 0.0000
vt 16.0803 0.2827 0.0000
vt 15.7976 0.0000 0.0000
vt 0.2827 0.0000 0.0000
vt 0.0000 0.2827 0.0000
vt 5.3601 49.1196 0.0000
vt 0.0000 49.7174 0.0000
vt 0.2827 50.0001 0.0000
vt 5.3036 50.0001 0.0000
vt 5.3601 49.9435 0.0000
# 44 texture coords

g Rectangle122
usemtl wire_028028177
s 1
f 5769/1877/3728 5770/1878/3728 5771/1879/3728 5772/1880/3728 
s 4
f 5773/1881/3729 5769/1877/3729 5772/1880/3729 5774/1882/3729 
s 2
f 5775/1883/3730 5773/1881/3730 5774/1882/3730 5776/1884/3730 
s 4
f 5777/1885/3728 5775/1883/3728 5776/1884/3728 5778/1886/3728 
s 2
f 5779/1887/3731 5777/1885/3731 5778/1886/3731 5780/1888/3731 
s 4
f 5781/1889/3732 5779/1887/3732 5780/1888/3732 5782/1890/3732 
s 2
f 5783/1891/3733 5781/1889/3733 5782/1890/3733 5784/1892/3733 
s 4
f 5785/1893/3734 5783/1891/3734 5784/1892/3734 5786/1894/3734 
s 2
f 5787/1895/3735 5785/1893/3735 5786/1894/3735 5788/1896/3735 
s 4
f 5789/1897/3729 5787/1895/3729 5788/1896/3729 5790/1898/3729 
s 2
f 5791/1899/3730 5789/1897/3730 5790/1898/3730 5792/1900/3730 
s 4
f 5793/1901/3728 5791/1899/3728 5792/1900/3728 5794/1902/3728 
s 2
f 5795/1903/3736 5793/1901/3736 5794/1902/3736 5796/1904/3736 
s 4
f 5770/1905/3732 5795/1903/3732 5796/1904/3732 5771/1906/3732 
s 16
f 5771/1907/3737 5796/1908/3737 5794/1909/3737 5792/1910/3737 
f 5771/1907/3737 5792/1910/3737 5790/1911/3737 5788/1912/3737 
f 5771/1907/3737 5788/1912/3737 5786/1913/3737 5784/1914/3737 
f 5771/1907/3737 5784/1914/3737 5782/1915/3737 5772/1916/3737 
f 5772/1916/3737 5782/1915/3737 5780/1917/3737 5778/1918/3737 
f 5772/1916/3737 5778/1918/3737 5776/1919/3737 5774/1920/3737 
f 5769/1916/3738 5773/1920/3738 5775/1919/3738 5777/1918/3738 
f 5769/1916/3738 5777/1918/3738 5779/1917/3738 5781/1915/3738 
f 5793/1909/3738 5795/1908/3738 5770/1907/3738 5791/1910/3738 
f 5789/1911/3738 5791/1910/3738 5770/1907/3738 5787/1912/3738 
f 5785/1913/3738 5787/1912/3738 5770/1907/3738 5783/1914/3738 
f 5781/1915/3738 5783/1914/3738 5770/1907/3738 5769/1916/3738 
# 26 polygons

#
# object Cylinder001
#

v  -9278.7197 38.8333 -1558.6882
v  -9278.7197 39.7628 -1558.7673
v  -9280.0029 39.7628 -1558.7673
v  -9280.0029 38.8333 -1558.6882
v  -9278.7197 40.6655 -1559.0024
v  -9280.0029 40.6655 -1559.0024
v  -9278.7197 41.5156 -1559.3866
v  -9280.0029 41.5156 -1559.3866
v  -9278.7197 42.2885 -1559.9091
v  -9280.0029 42.2885 -1559.9091
v  -9278.7197 42.9619 -1560.5546
v  -9280.0029 42.9619 -1560.5546
v  -9278.7197 43.5167 -1561.3046
v  -9280.0029 43.5167 -1561.3046
v  -9278.7197 43.9366 -1562.1376
v  -9280.0029 43.9366 -1562.1376
v  -9278.7197 44.2098 -1563.0295
v  -9280.0029 44.2098 -1563.0295
v  -9278.7197 44.3283 -1563.9548
v  -9280.0029 44.3283 -1563.9548
v  -9278.7197 44.2887 -1564.8868
v  -9280.0029 44.2887 -1564.8868
v  -9278.7197 44.0922 -1565.7987
v  -9280.0029 44.0922 -1565.7987
v  -9278.7197 43.7443 -1566.6643
v  -9280.0029 43.7443 -1566.6643
v  -9278.7197 43.2552 -1567.4587
v  -9280.0029 43.2552 -1567.4587
v  -9278.7197 42.6389 -1568.1589
v  -9280.0029 42.6389 -1568.1589
v  -9278.7197 41.9131 -1568.7450
v  -9280.0029 41.9131 -1568.7450
v  -9278.7197 41.0987 -1569.2000
v  -9280.0029 41.0987 -1569.2000
v  -9278.7197 40.2191 -1569.5107
v  -9280.0029 40.2191 -1569.5107
v  -9278.7197 39.2997 -1569.6685
v  -9280.0029 39.2997 -1569.6685
v  -9278.7197 38.3668 -1569.6685
v  -9280.0029 38.3668 -1569.6685
v  -9278.7197 37.4474 -1569.5107
v  -9280.0029 37.4474 -1569.5107
v  -9278.7197 36.5678 -1569.2000
v  -9280.0029 36.5678 -1569.2000
v  -9278.7197 35.7534 -1568.7450
v  -9280.0029 35.7534 -1568.7450
v  -9278.7197 35.0276 -1568.1589
v  -9280.0029 35.0276 -1568.1589
v  -9278.7197 34.4113 -1567.4587
v  -9280.0029 34.4113 -1567.4587
v  -9278.7197 33.9222 -1566.6643
v  -9280.0029 33.9222 -1566.6643
v  -9278.7197 33.5743 -1565.7987
v  -9280.0029 33.5743 -1565.7987
v  -9278.7197 33.3778 -1564.8868
v  -9280.0029 33.3778 -1564.8868
v  -9278.7197 33.3382 -1563.9548
v  -9280.0029 33.3382 -1563.9548
v  -9278.7197 33.4567 -1563.0295
v  -9280.0029 33.4567 -1563.0295
v  -9278.7197 33.7299 -1562.1376
v  -9280.0029 33.7299 -1562.1376
v  -9278.7197 34.1498 -1561.3046
v  -9280.0029 34.1498 -1561.3046
v  -9278.7197 34.7046 -1560.5546
v  -9280.0029 34.7046 -1560.5546
v  -9278.7197 35.3780 -1559.9091
v  -9280.0029 35.3780 -1559.9091
v  -9278.7197 36.1509 -1559.3866
v  -9280.0029 36.1509 -1559.3866
v  -9278.7197 37.0010 -1559.0024
v  -9280.0029 37.0010 -1559.0024
v  -9278.7197 37.9038 -1558.7673
v  -9280.0029 37.9038 -1558.7673
v  -9278.0029 37.2407 -1559.6809
v  -9278.0029 36.5019 -1560.0149
v  -9278.0029 35.8301 -1560.4689
v  -9278.0029 34.7626 -1561.6819
v  -9278.0029 35.2447 -1561.0299
v  -9278.0029 34.3976 -1562.4059
v  -9278.0029 34.1601 -1563.1812
v  -9278.0029 34.0916 -1564.7954
v  -9278.0029 34.0572 -1563.9854
v  -9278.0029 41.1646 -1560.0149
v  -9278.0029 34.2624 -1565.5880
v  -9278.0029 34.5647 -1566.3403
v  -9278.0029 35.5255 -1567.6395
v  -9278.0029 34.9898 -1567.0309
v  -9278.0029 36.1563 -1568.1488
v  -9278.0029 36.8642 -1568.5443
v  -9278.0029 38.4278 -1568.9514
v  -9278.0029 37.6287 -1568.8143
v  -9278.0029 39.2387 -1568.9514
v  -9278.0029 40.0378 -1568.8143
v  -9278.0029 41.5102 -1568.1488
v  -9278.0029 40.8023 -1568.5443
v  -9278.0029 42.1410 -1567.6395
v  -9278.0029 42.6767 -1567.0308
v  -9278.0029 43.4041 -1565.5880
v  -9278.0029 43.1018 -1566.3403
v  -9278.0029 43.5749 -1564.7954
v  -9278.0029 43.6094 -1563.9854
v  -9278.0029 43.2689 -1562.4059
v  -9278.0029 43.5064 -1563.1812
v  -9278.0029 42.9039 -1561.6819
v  -9278.0029 42.4218 -1561.0299
v  -9278.0029 41.8364 -1560.4689
v  -9278.0029 40.4258 -1559.6809
v  -9278.0029 39.6411 -1559.4766
v  -9278.0029 38.8333 -1559.4078
v  -9278.0029 38.0254 -1559.4766
v  -9278.4063 39.7552 -1558.8116
v  -9278.4063 38.8333 -1558.7332
v  -9278.4063 40.6505 -1559.0448
v  -9278.4063 41.4936 -1559.4259
v  -9278.4063 42.2602 -1559.9440
v  -9278.4063 42.9282 -1560.5842
v  -9278.4063 43.4784 -1561.3281
v  -9278.4063 43.8949 -1562.1543
v  -9278.4063 44.1658 -1563.0389
v  -9278.4063 44.2834 -1563.9567
v  -9278.4063 44.2441 -1564.8811
v  -9278.4063 44.0492 -1565.7856
v  -9278.4063 43.7042 -1566.6442
v  -9278.4063 43.2191 -1567.4320
v  -9278.4063 42.6078 -1568.1265
v  -9278.4063 41.8879 -1568.7078
v  -9278.4063 41.0802 -1569.1591
v  -9278.4063 40.2078 -1569.4673
v  -9278.4063 39.2959 -1569.6237
v  -9278.4063 38.3706 -1569.6237
v  -9278.4063 37.4587 -1569.4673
v  -9278.4063 36.5863 -1569.1591
v  -9278.4063 35.7786 -1568.7078
v  -9278.4063 35.0587 -1568.1265
v  -9278.4063 34.4474 -1567.4320
v  -9278.4063 33.9623 -1566.6442
v  -9278.4063 33.6173 -1565.7856
v  -9278.4063 33.4224 -1564.8811
v  -9278.4063 33.3831 -1563.9567
v  -9278.4063 33.5007 -1563.0389
v  -9278.4063 33.7716 -1562.1543
v  -9278.4063 34.1881 -1561.3281
v  -9278.4063 34.7383 -1560.5842
v  -9278.4063 35.4063 -1559.9440
v  -9278.4063 36.1729 -1559.4259
v  -9278.4063 37.0160 -1559.0448
v  -9278.4063 37.9114 -1558.8116
v  -9278.1826 39.7324 -1558.9447
v  -9278.1826 38.8333 -1558.8682
v  -9278.0479 39.6944 -1559.1663
v  -9278.0479 38.8333 -1559.0930
v  -9278.1826 40.6056 -1559.1720
v  -9278.0479 40.5307 -1559.3840
v  -9278.1826 41.4278 -1559.5437
v  -9278.0479 41.3182 -1559.7400
v  -9278.1826 42.1754 -1560.0490
v  -9278.0479 42.0342 -1560.2240
v  -9278.1826 42.8269 -1560.6733
v  -9278.0479 42.6581 -1560.8219
v  -9278.1826 43.3635 -1561.3988
v  -9278.0479 43.1720 -1561.5167
v  -9278.1826 43.7697 -1562.2046
v  -9278.0479 43.5611 -1562.2885
v  -9278.1826 44.0339 -1563.0674
v  -9278.0479 43.8141 -1563.1147
v  -9278.1826 44.1486 -1563.9624
v  -9278.0479 43.9239 -1563.9719
v  -9278.1826 44.1103 -1564.8640
v  -9278.0479 43.8872 -1564.8354
v  -9278.1826 43.9202 -1565.7461
v  -9278.0479 43.7051 -1565.6802
v  -9278.1826 43.5837 -1566.5834
v  -9278.0479 43.3829 -1566.4822
v  -9278.1826 43.1106 -1567.3517
v  -9278.0479 42.9298 -1567.2180
v  -9278.1826 42.5144 -1568.0291
v  -9278.0479 42.3588 -1567.8668
v  -9278.1826 41.8124 -1568.5959
v  -9278.0479 41.6865 -1568.4097
v  -9278.1826 41.0246 -1569.0360
v  -9278.0479 40.9320 -1568.8312
v  -9278.1826 40.1738 -1569.3367
v  -9278.0479 40.1171 -1569.1190
v  -9278.1826 39.2844 -1569.4891
v  -9278.0479 39.2654 -1569.2651
v  -9278.1826 38.3821 -1569.4891
v  -9278.0479 38.4011 -1569.2651
v  -9278.1826 37.4927 -1569.3367
v  -9278.0479 37.5494 -1569.1190
v  -9278.1826 36.6419 -1569.0360
v  -9278.0479 36.7345 -1568.8312
v  -9278.1826 35.8541 -1568.5959
v  -9278.0479 35.9801 -1568.4097
v  -9278.1826 35.1521 -1568.0292
v  -9278.0479 35.3077 -1567.8668
v  -9278.1826 34.5559 -1567.3517
v  -9278.0479 34.7367 -1567.2180
v  -9278.1826 34.0828 -1566.5834
v  -9278.0479 34.2836 -1566.4822
v  -9278.1826 33.7463 -1565.7461
v  -9278.0479 33.9614 -1565.6802
v  -9278.1826 33.5562 -1564.8640
v  -9278.0479 33.7793 -1564.8354
v  -9278.1826 33.5179 -1563.9624
v  -9278.0479 33.7426 -1563.9719
v  -9278.1826 33.6326 -1563.0674
v  -9278.0479 33.8524 -1563.1147
v  -9278.1826 33.8968 -1562.2046
v  -9278.0479 34.1054 -1562.2885
v  -9278.1826 34.3030 -1561.3988
v  -9278.0479 34.4945 -1561.5167
v  -9278.1826 34.8396 -1560.6733
v  -9278.0479 35.0084 -1560.8219
v  -9278.1826 35.4911 -1560.0490
v  -9278.0479 35.6323 -1560.2240
v  -9278.1826 36.2387 -1559.5437
v  -9278.0479 36.3483 -1559.7400
v  -9278.1826 37.0609 -1559.1720
v  -9278.0479 37.1358 -1559.3840
v  -9278.1826 37.9342 -1558.9447
v  -9278.0479 37.9722 -1559.1663
# 222 vertices

vn -0.0000 0.0000 1.0000
vn -0.0000 0.1690 0.9856
vn -0.0000 0.3331 0.9429
vn -0.0000 0.4877 0.8730
vn -0.0000 0.6282 0.7780
vn -0.0000 0.7507 0.6607
vn -0.0000 0.8515 0.5243
vn -0.0000 0.9279 0.3729
vn -0.0000 0.9776 0.2107
vn -0.0000 0.9991 0.0424
vn -0.0000 0.9919 -0.1270
vn -0.0000 0.9562 -0.2928
vn -0.0000 0.8929 -0.4502
vn -0.0000 0.8040 -0.5946
vn 0.0000 0.6919 -0.7220
vn 0.0000 0.5600 -0.8285
vn 0.0000 0.4119 -0.9112
vn 0.0000 0.2520 -0.9677
vn 0.0000 0.0848 -0.9964
vn 0.0000 -0.0848 -0.9964
vn 0.0000 -0.2520 -0.9677
vn 0.0000 -0.4119 -0.9112
vn 0.0000 -0.5600 -0.8285
vn 0.0000 -0.6919 -0.7220
vn 0.0000 -0.8040 -0.5946
vn 0.0000 -0.8929 -0.4502
vn 0.0000 -0.9562 -0.2928
vn 0.0000 -0.9919 -0.1270
vn 0.0000 -0.9991 0.0424
vn 0.0000 -0.9776 0.2107
vn 0.0000 -0.9279 0.3729
vn 0.0000 -0.8515 0.5243
vn 0.0000 -0.7507 0.6607
vn -0.0000 -0.6282 0.7780
vn -0.0000 -0.4877 0.8730
vn -0.0000 -0.3331 0.9429
vn -0.0000 -0.1690 0.9856
vn 1.0000 0.0000 0.0000
vn -1.0000 -0.0000 -0.0000
vn 0.1414 0.0840 0.9864
vn 0.1414 0.2494 0.9580
vn 0.1414 0.4078 0.9021
vn 0.1414 0.5543 0.8202
vn 0.1414 0.6850 0.7147
vn 0.1414 0.7959 0.5887
vn 0.1414 0.8840 0.4457
vn 0.1414 0.9466 0.2899
vn 0.1414 0.9819 0.1257
vn 0.1414 0.9891 -0.0420
vn 0.1414 0.9677 -0.2086
vn 0.1414 0.9186 -0.3691
vn 0.1414 0.8430 -0.5190
vn 0.1414 0.7431 -0.6540
vn 0.1414 0.6219 -0.7702
vn 0.1414 0.4828 -0.8642
vn 0.1414 0.3298 -0.9334
vn 0.1414 0.1673 -0.9757
vn 0.1414 0.0000 -0.9899
vn 0.1414 -0.1673 -0.9757
vn 0.1414 -0.3298 -0.9334
vn 0.1414 -0.4828 -0.8642
vn 0.1414 -0.6219 -0.7702
vn 0.1414 -0.7431 -0.6540
vn 0.1414 -0.8430 -0.5190
vn 0.1414 -0.9186 -0.3691
vn 0.1414 -0.9677 -0.2086
vn 0.1414 -0.9891 -0.0420
vn 0.1414 -0.9819 0.1257
vn 0.1414 -0.9466 0.2899
vn 0.1414 -0.8840 0.4457
vn 0.1414 -0.7959 0.5887
vn 0.1414 -0.6850 0.7147
vn 0.1414 -0.5543 0.8202
vn 0.1414 -0.4078 0.9021
vn 0.1414 -0.2494 0.9580
vn 0.1414 -0.0840 0.9864
vn 0.5145 0.0727 0.8544
vn 0.8575 0.0436 0.5126
vn 0.9899 0.0120 0.1409
vn 0.5145 0.2161 0.8298
vn 0.8575 0.1296 0.4979
vn 0.9899 0.0356 0.1369
vn 0.5145 0.3532 0.7814
vn 0.8575 0.2119 0.4688
vn 0.9899 0.0583 0.1289
vn 0.5145 0.4802 0.7104
vn 0.8575 0.2881 0.4263
vn 0.9899 0.0792 0.1172
vn 0.5145 0.5933 0.6191
vn 0.8575 0.3560 0.3714
vn 0.9899 0.0979 0.1021
vn 0.5145 0.6894 0.5099
vn 0.8575 0.4137 0.3059
vn 0.9899 0.1137 0.0841
vn 0.5145 0.7657 0.3860
vn 0.8575 0.4594 0.2316
vn 0.9899 0.1263 0.0637
vn 0.5145 0.8199 0.2511
vn 0.8575 0.4919 0.1507
vn 0.9899 0.1352 0.0414
vn 0.5145 0.8505 0.1089
vn 0.8575 0.5103 0.0654
vn 0.9899 0.1403 0.0180
vn 0.5145 0.8567 -0.0364
vn 0.8575 0.5140 -0.0218
vn 0.9899 0.1413 -0.0060
vn 0.5145 0.8382 -0.1807
vn 0.8575 0.5029 -0.1084
vn 0.9899 0.1382 -0.0298
vn 0.5145 0.7957 -0.3197
vn 0.8575 0.4774 -0.1918
vn 0.9899 0.1312 -0.0527
vn 0.5145 0.7302 -0.4496
vn 0.8575 0.4381 -0.2698
vn 0.9899 0.1204 -0.0741
vn 0.5145 0.6437 -0.5665
vn 0.8575 0.3862 -0.3399
vn 0.9899 0.1062 -0.0934
vn 0.5145 0.5387 -0.6672
vn 0.8575 0.3232 -0.4003
vn 0.9899 0.0888 -0.1100
vn 0.5145 0.4182 -0.7486
vn 0.8575 0.2509 -0.4492
vn 0.9899 0.0690 -0.1235
vn 0.5145 0.2857 -0.8085
vn 0.8575 0.1714 -0.4851
vn 0.9899 0.0471 -0.1333
vn 0.5145 0.1449 -0.8452
vn 0.8575 0.0870 -0.5071
vn 0.9899 0.0239 -0.1394
vn 0.5145 0.0000 -0.8575
vn 0.8575 0.0000 -0.5145
vn 0.9899 0.0000 -0.1414
vn 0.5145 -0.1449 -0.8452
vn 0.8575 -0.0869 -0.5071
vn 0.9899 -0.0239 -0.1394
vn 0.5145 -0.2857 -0.8085
vn 0.8575 -0.1714 -0.4851
vn 0.9899 -0.0471 -0.1333
vn 0.5145 -0.4182 -0.7486
vn 0.8575 -0.2509 -0.4492
vn 0.9899 -0.0690 -0.1235
vn 0.5145 -0.5387 -0.6672
vn 0.8575 -0.3232 -0.4003
vn 0.9899 -0.0888 -0.1100
vn 0.5145 -0.6437 -0.5665
vn 0.8575 -0.3862 -0.3399
vn 0.9899 -0.1062 -0.0934
vn 0.5145 -0.7302 -0.4496
vn 0.8575 -0.4381 -0.2698
vn 0.9899 -0.1204 -0.0741
vn 0.5145 -0.7957 -0.3197
vn 0.8575 -0.4774 -0.1918
vn 0.9899 -0.1312 -0.0527
vn 0.5145 -0.8382 -0.1807
vn 0.8575 -0.5029 -0.1084
vn 0.9899 -0.1382 -0.0298
vn 0.5145 -0.8567 -0.0364
vn 0.8575 -0.5140 -0.0218
vn 0.9899 -0.1413 -0.0060
vn 0.5145 -0.8505 0.1089
vn 0.8575 -0.5103 0.0654
vn 0.9899 -0.1403 0.0180
vn 0.5145 -0.8199 0.2511
vn 0.8575 -0.4919 0.1507
vn 0.9899 -0.1352 0.0414
vn 0.5145 -0.7657 0.3860
vn 0.8575 -0.4594 0.2316
vn 0.9899 -0.1263 0.0637
vn 0.5145 -0.6894 0.5099
vn 0.8575 -0.4137 0.3059
vn 0.9899 -0.1137 0.0841
vn 0.5145 -0.5933 0.6191
vn 0.8575 -0.3560 0.3714
vn 0.9899 -0.0979 0.1021
vn 0.5145 -0.4802 0.7104
vn 0.8575 -0.2881 0.4263
vn 0.9899 -0.0792 0.1172
vn 0.5145 -0.3532 0.7814
vn 0.8575 -0.2119 0.4688
vn 0.9899 -0.0583 0.1289
vn 0.5145 -0.2161 0.8298
vn 0.8575 -0.1296 0.4979
vn 0.9899 -0.0356 0.1369
vn 0.5145 -0.0727 0.8544
vn 0.8575 -0.0436 0.5126
vn 0.9899 -0.0120 0.1409
# 187 vertex normals

vt 25.9181 0.7170 1.0000
vt 26.8521 0.7170 1.0000
vt 26.8521 2.0000 1.0000
vt 25.9181 2.0000 1.0000
vt 27.7861 0.7170 1.0000
vt 27.7861 2.0000 1.0000
vt 28.7201 0.7170 1.0000
vt 28.7201 2.0000 1.0000
vt 29.6541 0.7170 1.0000
vt 29.6541 2.0000 1.0000
vt 30.5881 0.7170 1.0000
vt 30.5881 2.0000 1.0000
vt 31.5221 0.7170 1.0000
vt 31.5221 2.0000 1.0000
vt 32.4561 0.7170 1.0000
vt 32.4561 2.0000 1.0000
vt 33.3900 0.7170 1.0000
vt 33.3900 2.0000 1.0000
vt 34.3240 0.7170 1.0000
vt 34.3240 2.0000 1.0000
vt 35.2580 0.7170 1.0000
vt 35.2580 2.0000 1.0000
vt 0.7005 0.7170 1.0000
vt 1.6345 0.7170 1.0000
vt 1.6345 2.0000 1.0000
vt 0.7005 2.0000 1.0000
vt 2.5685 0.7170 1.0000
vt 2.5685 2.0000 1.0000
vt 3.5025 0.7170 1.0000
vt 3.5025 2.0000 1.0000
vt 4.4364 0.7170 1.0000
vt 4.4364 2.0000 1.0000
vt 5.3704 0.7170 1.0000
vt 5.3704 2.0000 1.0000
vt 6.3044 0.7170 1.0000
vt 6.3044 2.0000 1.0000
vt 7.2384 0.7170 1.0000
vt 7.2384 2.0000 1.0000
vt 8.1724 0.7170 1.0000
vt 8.1724 2.0000 1.0000
vt 9.1064 0.7170 1.0000
vt 9.1064 2.0000 1.0000
vt 10.0404 0.7170 1.0000
vt 10.0404 2.0000 1.0000
vt 10.9743 0.7170 1.0000
vt 10.9743 2.0000 1.0000
vt 11.9083 0.7170 1.0000
vt 11.9083 2.0000 1.0000
vt 12.8423 0.7170 1.0000
vt 12.8423 2.0000 1.0000
vt 13.7763 0.7170 1.0000
vt 13.7763 2.0000 1.0000
vt 14.7103 0.7170 1.0000
vt 14.7103 2.0000 1.0000
vt 15.6443 0.7170 1.0000
vt 15.6443 2.0000 1.0000
vt 16.5783 0.7170 1.0000
vt 16.5783 2.0000 1.0000
vt 17.5123 0.7170 1.0000
vt 17.5123 2.0000 1.0000
vt 18.4462 0.7170 1.0000
vt 18.4462 2.0000 1.0000
vt 19.3802 0.7170 1.0000
vt 19.3802 2.0000 1.0000
vt 20.3142 0.7170 1.0000
vt 20.3142 2.0000 1.0000
vt 21.2482 0.7170 1.0000
vt 21.2482 2.0000 1.0000
vt 22.1822 0.7170 1.0000
vt 22.1822 2.0000 1.0000
vt 23.1162 0.7170 1.0000
vt 23.1162 2.0000 1.0000
vt 24.0502 0.7170 1.0000
vt 24.0502 2.0000 1.0000
vt 24.9842 0.7170 1.0000
vt 24.9842 2.0000 1.0000
vt 19.1202 0.0000 1.0000
vt 20.7950 0.0000 1.0000
vt 21.7786 0.0000 1.0000
vt 20.3142 0.0000 1.0000
vt 21.1677 0.0000 1.0000
vt 19.4608 0.0000 1.0000
vt 18.3988 0.0000 1.0000
vt 14.9129 0.0000 1.0000
vt 15.8090 0.0000 1.0000
vt -4.5700 0.0000 1.0000
vt 14.8022 0.0000 1.0000
vt 14.4725 0.0000 1.0000
vt 12.8423 0.0000 1.0000
vt 13.6958 0.0000 1.0000
vt 11.9889 0.0000 1.0000
vt 11.0927 0.0000 1.0000
vt 8.4186 0.0000 1.0000
vt 9.8162 0.0000 1.0000
vt 7.6419 0.0000 1.0000
vt 7.0355 0.0000 1.0000
vt 5.3704 0.0000 1.0000
vt 6.2239 0.0000 1.0000
vt 4.5170 0.0000 1.0000
vt 3.6557 0.0000 1.0000
vt 1.6345 0.0000 1.0000
vt 2.6560 0.0000 1.0000
vt 0.6130 0.0000 1.0000
vt -0.3867 0.0000 1.0000
vt -2.1015 0.0000 1.0000
vt -1.2480 0.0000 1.0000
vt -2.9549 0.0000 1.0000
vt -3.7666 0.0000 1.0000
vt -4.3730 0.0000 1.0000
vt -2.8940 0.0000 1.0000
vt 0.8161 0.0000 1.0000
vt 4.1587 0.0000 1.0000
vt 7.0302 0.0000 1.0000
vt 56.7397 2.0000 1.0000
vt 36.1920 2.0000 1.0000
vt 38.0600 2.0000 1.0000
vt 37.1260 2.0000 1.0000
vt 38.9940 2.0000 1.0000
vt 39.9279 2.0000 1.0000
vt 41.7959 2.0000 1.0000
vt 40.8619 2.0000 1.0000
vt 42.7299 2.0000 1.0000
vt 43.6639 2.0000 1.0000
vt 45.5319 2.0000 1.0000
vt 44.5979 2.0000 1.0000
vt 46.4659 2.0000 1.0000
vt 47.3998 2.0000 1.0000
vt 49.2678 2.0000 1.0000
vt 48.3338 2.0000 1.0000
vt 50.2018 2.0000 1.0000
vt 51.1358 2.0000 1.0000
vt 53.0038 2.0000 1.0000
vt 52.0698 2.0000 1.0000
vt 53.9378 2.0000 1.0000
vt 54.8717 2.0000 1.0000
vt 55.8057 2.0000 1.0000
vt 57.6737 2.0000 1.0000
vt 58.6077 2.0000 1.0000
vt 59.5417 2.0000 1.0000
vt 60.4757 2.0000 1.0000
vt -2.7313 -3.5290 1.0000
vt -3.9138 -4.7053 1.0000
vt -2.5227 -4.7053 1.0000
vt -0.8523 -3.5290 1.0000
vt -4.5902 -3.8937 1.0000
vt -5.1556 -5.1916 1.0000
vt -3.5588 -5.1916 1.0000
vt -2.4651 -3.8937 1.0000
vt -5.1461 -1.8752 1.0000
vt -5.3381 -2.5002 1.0000
vt -4.8797 -2.5002 1.0000
vt -4.3833 -1.8752 1.0000
vt -4.5865 -0.0164 1.0000
vt -4.6577 -0.0218 1.0000
vt -5.2476 -0.0218 1.0000
vt -5.0782 -0.0164 1.0000
vt -3.8340 0.3899 1.0000
vt -3.8565 0.5199 1.0000
vt -4.6756 0.5199 1.0000
vt -4.5999 0.3899 1.0000
vt -2.9659 0.5936 1.0000
vt -2.9696 0.7914 1.0000
vt -3.9035 0.7914 1.0000
vt -3.8693 0.5936 1.0000
vt -2.0787 0.6350 1.0000
vt -2.0711 0.8467 1.0000
vt -3.0284 0.8467 1.0000
vt -3.0100 0.6350 1.0000
vt -1.1929 0.6350 1.0000
vt -1.1746 0.8467 1.0000
vt -2.1318 0.8467 1.0000
vt -2.1243 0.6350 1.0000
vt -0.3022 0.6428 1.0000
vt -0.2740 0.8571 1.0000
vt -1.2357 0.8571 1.0000
vt -1.2388 0.6428 1.0000
vt 0.6761 0.7802 1.0000
vt 0.6971 1.0403 1.0000
vt -0.3420 1.0403 1.0000
vt -0.3532 0.7802 1.0000
vt 1.6345 0.5378 1.0000
vt 0.6786 0.5378 1.0000
vt 2.5903 0.5378 1.0000
vt 3.5408 0.5378 1.0000
vt 4.4566 0.5378 1.0000
vt 5.3704 0.5378 1.0000
vt 6.2843 0.5378 1.0000
vt 7.1877 0.5378 1.0000
vt 8.0398 0.5378 1.0000
vt 8.9344 0.5378 1.0000
vt 9.9843 0.5378 1.0000
vt 11.0039 0.5378 1.0000
vt 11.9285 0.5378 1.0000
vt 12.8423 0.5378 1.0000
vt 13.7562 0.5378 1.0000
vt 14.6508 0.5378 1.0000
vt 15.4338 0.5378 1.0000
vt 16.1619 0.5378 1.0000
vt 17.0864 0.5378 1.0000
vt 18.4344 0.5378 1.0000
vt 19.4004 0.5378 1.0000
vt 20.3142 0.5378 1.0000
vt 21.2281 0.5378 1.0000
vt 22.0813 0.5378 1.0000
vt 22.5359 0.5378 1.0000
vt 22.8177 0.5378 1.0000
vt 0.2081 -4.3695 1.0000
vt -2.0659 -5.8261 1.0000
vt 21.9679 -5.8261 1.0000
vt 21.2560 -4.3695 1.0000
vt -1.0888 -3.0615 1.0000
vt -2.8379 -4.0820 1.0000
vt -1.7105 -4.0820 1.0000
vt 0.4747 -3.0615 1.0000
vt -1.5489 -2.3526 1.0000
vt 0.8180 -2.3526 1.0000
vt -0.3664 -1.1763 1.0000
vt 2.4884 -1.1763 1.0000
vt -4.0248 -2.5958 1.0000
vt -1.3714 -2.5958 1.0000
vt -3.4594 -1.2979 1.0000
vt -0.2777 -1.2979 1.0000
vt -4.9541 -1.2501 1.0000
vt -3.8868 -1.2501 1.0000
vt -4.7620 -0.6251 1.0000
vt -3.3904 -0.6251 1.0000
vt -4.5153 -0.0109 1.0000
vt -4.9088 -0.0109 1.0000
vt -4.4442 -0.0055 1.0000
vt -4.7394 -0.0055 1.0000
vt -3.8115 0.2599 1.0000
vt -4.5243 0.2599 1.0000
vt -3.7890 0.1300 1.0000
vt -4.4486 0.1300 1.0000
vt -2.9623 0.3957 1.0000
vt -3.8351 0.3957 1.0000
vt -2.9586 0.1979 1.0000
vt -3.8008 0.1979 1.0000
vt -2.0863 0.4234 1.0000
vt -2.9916 0.4234 1.0000
vt -2.0939 0.2117 1.0000
vt -2.9733 0.2117 1.0000
vt -1.2113 0.4234 1.0000
vt -2.1167 0.4234 1.0000
vt -1.2297 0.2117 1.0000
vt -2.1091 0.2117 1.0000
vt -0.3304 0.4286 1.0000
vt -1.2419 0.4286 1.0000
vt -0.3585 0.2143 1.0000
vt -1.2449 0.2143 1.0000
vt 0.6551 0.5201 1.0000
vt -0.3644 0.5201 1.0000
vt 0.6340 0.2601 1.0000
vt -0.3756 0.2601 1.0000
vt 1.6345 0.3585 1.0000
vt 0.6567 0.3585 1.0000
vt 1.6345 0.1793 1.0000
vt 0.6349 0.1793 1.0000
vt 2.6122 0.3585 1.0000
vt 2.6341 0.1793 1.0000
vt 3.5791 0.3585 1.0000
vt 3.6174 0.1793 1.0000
vt 4.4767 0.3585 1.0000
vt 4.4969 0.1793 1.0000
vt 5.3704 0.3585 1.0000
vt 5.3704 0.1793 1.0000
vt 6.2641 0.3585 1.0000
vt 6.2440 0.1793 1.0000
vt 7.1370 0.3585 1.0000
vt 7.0862 0.1793 1.0000
vt 7.9072 0.3585 1.0000
vt 7.7746 0.1793 1.0000
vt 8.7625 0.3585 1.0000
vt 8.5905 0.1793 1.0000
vt 9.9283 0.3585 1.0000
vt 9.8723 0.1793 1.0000
vt 11.0335 0.3585 1.0000
vt 11.0631 0.1793 1.0000
vt 11.9486 0.3585 1.0000
vt 11.9688 0.1793 1.0000
vt 12.8423 0.3585 1.0000
vt 12.8423 0.1793 1.0000
vt 13.7360 0.3585 1.0000
vt 13.7159 0.1793 1.0000
vt 14.5914 0.3585 1.0000
vt 14.5319 0.1793 1.0000
vt 15.2233 0.3585 1.0000
vt 15.0127 0.1793 1.0000
vt 15.7456 0.3585 1.0000
vt 15.3292 0.1793 1.0000
vt 16.6606 0.3585 1.0000
vt 16.2348 0.1793 1.0000
vt 18.4225 0.3585 1.0000
vt 18.4106 0.1793 1.0000
vt 19.4205 0.3585 1.0000
vt 19.4407 0.1793 1.0000
vt 20.3142 0.3585 1.0000
vt 20.3142 0.1793 1.0000
vt 21.2079 0.3585 1.0000
vt 21.1878 0.1793 1.0000
vt 21.9804 0.3585 1.0000
vt 21.8795 0.1793 1.0000
vt 21.9556 0.3585 1.0000
vt 21.3753 0.1793 1.0000
vt 21.5852 0.3585 1.0000
vt 20.3527 0.1793 1.0000
vt 2.4822 -2.9130 1.0000
vt 20.5441 -2.9130 1.0000
vt 4.7562 -1.4565 1.0000
vt 19.8321 -1.4565 1.0000
vt 0.6604 -2.0410 1.0000
vt 2.6599 -2.0410 1.0000
vt 2.4096 -1.0205 1.0000
vt 4.8451 -1.0205 1.0000
# 314 texture coords

g Cylinder001
usemtl wire_028028177
s 8
f 5797/1921/3739 5798/1922/3740 5799/1923/3740 5800/1924/3739 
f 5798/1922/3740 5801/1925/3741 5802/1926/3741 5799/1923/3740 
f 5801/1925/3741 5803/1927/3742 5804/1928/3742 5802/1926/3741 
f 5803/1927/3742 5805/1929/3743 5806/1930/3743 5804/1928/3742 
f 5805/1929/3743 5807/1931/3744 5808/1932/3744 5806/1930/3743 
f 5807/1931/3744 5809/1933/3745 5810/1934/3745 5808/1932/3744 
f 5809/1933/3745 5811/1935/3746 5812/1936/3746 5810/1934/3745 
f 5811/1935/3746 5813/1937/3747 5814/1938/3747 5812/1936/3746 
f 5813/1937/3747 5815/1939/3748 5816/1940/3748 5814/1938/3747 
f 5815/1939/3748 5817/1941/3749 5818/1942/3749 5816/1940/3748 
f 5817/1943/3749 5819/1944/3750 5820/1945/3750 5818/1946/3749 
f 5819/1944/3750 5821/1947/3751 5822/1948/3751 5820/1945/3750 
f 5821/1947/3751 5823/1949/3752 5824/1950/3752 5822/1948/3751 
f 5823/1949/3752 5825/1951/3753 5826/1952/3753 5824/1950/3752 
f 5825/1951/3753 5827/1953/3754 5828/1954/3754 5826/1952/3753 
f 5827/1953/3754 5829/1955/3755 5830/1956/3755 5828/1954/3754 
f 5829/1955/3755 5831/1957/3756 5832/1958/3756 5830/1956/3755 
f 5831/1957/3756 5833/1959/3757 5834/1960/3757 5832/1958/3756 
f 5833/1959/3757 5835/1961/3758 5836/1962/3758 5834/1960/3757 
f 5835/1961/3758 5837/1963/3759 5838/1964/3759 5836/1962/3758 
f 5837/1963/3759 5839/1965/3760 5840/1966/3760 5838/1964/3759 
f 5839/1965/3760 5841/1967/3761 5842/1968/3761 5840/1966/3760 
f 5841/1967/3761 5843/1969/3762 5844/1970/3762 5842/1968/3761 
f 5843/1969/3762 5845/1971/3763 5846/1972/3763 5844/1970/3762 
f 5845/1971/3763 5847/1973/3764 5848/1974/3764 5846/1972/3763 
f 5847/1973/3764 5849/1975/3765 5850/1976/3765 5848/1974/3764 
f 5849/1975/3765 5851/1977/3766 5852/1978/3766 5850/1976/3765 
f 5851/1977/3766 5853/1979/3767 5854/1980/3767 5852/1978/3766 
f 5853/1979/3767 5855/1981/3768 5856/1982/3768 5854/1980/3767 
f 5855/1981/3768 5857/1983/3769 5858/1984/3769 5856/1982/3768 
f 5857/1983/3769 5859/1985/3770 5860/1986/3770 5858/1984/3769 
f 5859/1985/3770 5861/1987/3771 5862/1988/3771 5860/1986/3770 
f 5861/1987/3771 5863/1989/3772 5864/1990/3772 5862/1988/3771 
f 5863/1989/3772 5865/1991/3773 5866/1992/3773 5864/1990/3772 
f 5865/1991/3773 5867/1993/3774 5868/1994/3774 5866/1992/3773 
f 5867/1993/3774 5869/1995/3775 5870/1996/3775 5868/1994/3774 
f 5869/1995/3775 5797/1921/3739 5800/1924/3739 5870/1996/3775 
s 1
f 5871/1997/3776 5872/1998/3776 5873/1999/3776 5874/2000/3776 
f 5873/1999/3776 5875/2001/3776 5874/2000/3776 
f 5874/2000/3776 5876/2002/3776 5877/2003/3776 5878/2004/3776 
f 5877/2003/3776 5879/2005/3776 5878/2004/3776 
f 5871/1997/3776 5874/2000/3776 5878/2004/3776 5880/2006/3776 
f 5878/2004/3776 5881/2007/3776 5882/2008/3776 5883/2009/3776 
f 5882/2008/3776 5884/2010/3776 5883/2009/3776 
f 5883/2009/3776 5885/2011/3776 5886/2012/3776 5887/2013/3776 
f 5886/2012/3776 5888/2014/3776 5887/2013/3776 
f 5878/2004/3776 5883/2009/3776 5887/2013/3776 5880/2006/3776 
f 5887/2013/3776 5889/2015/3776 5890/2016/3776 5891/2017/3776 
f 5890/2016/3776 5892/2018/3776 5891/2017/3776 
f 5891/2017/3776 5893/2019/3776 5894/2020/3776 5895/2021/3776 
f 5894/2020/3776 5896/2022/3776 5895/2021/3776 
f 5887/2013/3776 5891/2017/3776 5895/2021/3776 5880/2006/3776 
f 5895/2021/3776 5897/2023/3776 5898/2024/3776 5899/2025/3776 
f 5898/2024/3776 5900/2026/3776 5899/2025/3776 
f 5899/2025/3776 5901/2027/3776 5902/2028/3776 5880/2006/3776 
f 5902/2028/3776 5903/2029/3776 5880/2006/3776 
f 5895/2021/3776 5899/2025/3776 5880/2006/3776 
f 5880/2006/3776 5904/2030/3776 5905/2031/3776 5871/1997/3776 
f 5871/1997/3776 5905/2031/3776 5906/2032/3776 5907/2033/3776 
f 5799/1923/3777 5802/1926/3777 5804/1928/3777 5808/1932/3777 
f 5804/1928/3777 5806/1930/3777 5808/1932/3777 
f 5808/1932/3777 5810/1934/3777 5812/1936/3777 5816/1940/3777 
f 5812/1936/3777 5814/1938/3777 5816/1940/3777 
f 5799/1923/3777 5808/1932/3777 5816/1940/3777 5864/2034/3777 
f 5816/1940/3777 5818/1942/3777 5820/2035/3777 5824/2036/3777 
f 5820/2035/3777 5822/2037/3777 5824/2036/3777 
f 5824/2036/3777 5826/2038/3777 5828/2039/3777 5832/2040/3777 
f 5828/2039/3777 5830/2041/3777 5832/2040/3777 
f 5816/1940/3777 5824/2036/3777 5832/2040/3777 5864/2034/3777 
f 5832/2040/3777 5834/2042/3777 5836/2043/3777 5840/2044/3777 
f 5836/2043/3777 5838/2045/3777 5840/2044/3777 
f 5840/2044/3777 5842/2046/3777 5844/2047/3777 5848/2048/3777 
f 5844/2047/3777 5846/2049/3777 5848/2048/3777 
f 5832/2040/3777 5840/2044/3777 5848/2048/3777 5864/2034/3777 
f 5848/2048/3777 5850/2050/3777 5852/2051/3777 5856/2052/3777 
f 5852/2051/3777 5854/2053/3777 5856/2052/3777 
f 5856/2052/3777 5858/2054/3777 5860/2055/3777 5864/2034/3777 
f 5860/2055/3777 5862/2056/3777 5864/2034/3777 
f 5848/2048/3777 5856/2052/3777 5864/2034/3777 
f 5864/2034/3777 5866/2057/3777 5868/2058/3777 5799/1923/3777 
f 5799/1923/3777 5868/2058/3777 5870/2059/3777 5800/2060/3777 
s off
f 5908/2061/3778 5798/2062/3778 5797/2063/3778 5909/2064/3778 
f 5910/2065/3779 5801/2066/3779 5798/2067/3779 5908/2068/3779 
f 5911/2069/3780 5803/2070/3780 5801/2071/3780 5910/2072/3780 
f 5912/2073/3781 5805/2074/3781 5803/2075/3781 5911/2076/3781 
f 5913/2077/3782 5807/2078/3782 5805/2079/3782 5912/2080/3782 
f 5914/2081/3783 5809/2082/3783 5807/2083/3783 5913/2084/3783 
f 5915/2085/3784 5811/2086/3784 5809/2087/3784 5914/2088/3784 
f 5916/2089/3785 5813/2090/3785 5811/2091/3785 5915/2092/3785 
f 5917/2093/3786 5815/2094/3786 5813/2095/3786 5916/2096/3786 
f 5918/2097/3787 5817/2098/3787 5815/2099/3787 5917/2100/3787 
f 5919/2101/3788 5819/1944/3788 5817/1943/3788 5918/2102/3788 
f 5920/2103/3789 5821/1947/3789 5819/1944/3789 5919/2101/3789 
f 5921/2104/3790 5823/1949/3790 5821/1947/3790 5920/2103/3790 
f 5922/2105/3791 5825/1951/3791 5823/1949/3791 5921/2104/3791 
f 5923/2106/3792 5827/1953/3792 5825/1951/3792 5922/2105/3792 
f 5924/2107/3793 5829/1955/3793 5827/1953/3793 5923/2106/3793 
f 5925/2108/3794 5831/1957/3794 5829/1955/3794 5924/2107/3794 
f 5926/2109/3795 5833/1959/3795 5831/1957/3795 5925/2108/3795 
f 5927/2110/3796 5835/1961/3796 5833/1959/3796 5926/2109/3796 
f 5928/2111/3797 5837/1963/3797 5835/1961/3797 5927/2110/3797 
f 5929/2112/3798 5839/1965/3798 5837/1963/3798 5928/2111/3798 
f 5930/2113/3799 5841/1967/3799 5839/1965/3799 5929/2112/3799 
f 5931/2114/3800 5843/1969/3800 5841/1967/3800 5930/2113/3800 
f 5932/2115/3801 5845/1971/3801 5843/1969/3801 5931/2114/3801 
f 5933/2116/3802 5847/1973/3802 5845/1971/3802 5932/2115/3802 
f 5934/2117/3803 5849/1975/3803 5847/1973/3803 5933/2116/3803 
f 5935/2118/3804 5851/1977/3804 5849/1975/3804 5934/2117/3804 
f 5936/2119/3805 5853/1979/3805 5851/1977/3805 5935/2118/3805 
f 5937/2120/3806 5855/1981/3806 5853/1979/3806 5936/2119/3806 
f 5938/2121/3807 5857/1983/3807 5855/1981/3807 5937/2120/3807 
f 5939/2122/3808 5859/1985/3808 5857/1983/3808 5938/2121/3808 
f 5940/2123/3809 5861/1987/3809 5859/1985/3809 5939/2122/3809 
f 5941/2124/3810 5863/1989/3810 5861/1987/3810 5940/2123/3810 
f 5942/2125/3811 5865/1991/3811 5863/1989/3811 5941/2124/3811 
f 5943/2126/3812 5867/1993/3812 5865/1991/3812 5942/2125/3812 
f 5944/2127/3813 5869/2128/3813 5867/2129/3813 5943/2130/3813 
f 5909/2131/3814 5797/2132/3814 5869/2133/3814 5944/2134/3814 
f 5945/2135/3815 5908/2061/3815 5909/2064/3815 5946/2136/3815 
f 5947/2137/3816 5945/2135/3816 5946/2136/3816 5948/2138/3816 
f 5905/2031/3817 5947/2137/3817 5948/2138/3817 5906/2032/3817 
f 5949/2139/3818 5910/2065/3818 5908/2068/3818 5945/2140/3818 
f 5950/2141/3819 5949/2139/3819 5945/2140/3819 5947/2142/3819 
f 5904/2030/3820 5950/2141/3820 5947/2142/3820 5905/2031/3820 
f 5951/2143/3821 5911/2069/3821 5910/2072/3821 5949/2144/3821 
f 5952/2145/3822 5951/2143/3822 5949/2144/3822 5950/2146/3822 
f 5880/2006/3823 5952/2145/3823 5950/2146/3823 5904/2030/3823 
f 5953/2147/3824 5912/2073/3824 5911/2076/3824 5951/2148/3824 
f 5954/2149/3825 5953/2147/3825 5951/2148/3825 5952/2150/3825 
f 5903/2029/3826 5954/2149/3826 5952/2150/3826 5880/2006/3826 
f 5955/2151/3827 5913/2077/3827 5912/2080/3827 5953/2152/3827 
f 5956/2153/3828 5955/2151/3828 5953/2152/3828 5954/2154/3828 
f 5902/2028/3829 5956/2153/3829 5954/2154/3829 5903/2029/3829 
f 5957/2155/3830 5914/2081/3830 5913/2084/3830 5955/2156/3830 
f 5958/2157/3831 5957/2155/3831 5955/2156/3831 5956/2158/3831 
f 5901/2027/3832 5958/2157/3832 5956/2158/3832 5902/2028/3832 
f 5959/2159/3833 5915/2085/3833 5914/2088/3833 5957/2160/3833 
f 5960/2161/3834 5959/2159/3834 5957/2160/3834 5958/2162/3834 
f 5899/2025/3835 5960/2161/3835 5958/2162/3835 5901/2027/3835 
f 5961/2163/3836 5916/2089/3836 5915/2092/3836 5959/2164/3836 
f 5962/2165/3837 5961/2163/3837 5959/2164/3837 5960/2166/3837 
f 5900/2026/3838 5962/2165/3838 5960/2166/3838 5899/2025/3838 
f 5963/2167/3839 5917/2093/3839 5916/2096/3839 5961/2168/3839 
f 5964/2169/3840 5963/2167/3840 5961/2168/3840 5962/2170/3840 
f 5898/2024/3841 5964/2169/3841 5962/2170/3841 5900/2026/3841 
f 5965/2171/3842 5918/2097/3842 5917/2100/3842 5963/2172/3842 
f 5966/2173/3843 5965/2171/3843 5963/2172/3843 5964/2174/3843 
f 5897/2023/3844 5966/2173/3844 5964/2174/3844 5898/2024/3844 
f 5967/2175/3845 5919/2101/3845 5918/2102/3845 5965/2176/3845 
f 5968/2177/3846 5967/2175/3846 5965/2176/3846 5966/2178/3846 
f 5895/2021/3847 5968/2177/3847 5966/2178/3847 5897/2023/3847 
f 5969/2179/3848 5920/2103/3848 5919/2101/3848 5967/2175/3848 
f 5970/2180/3849 5969/2179/3849 5967/2175/3849 5968/2177/3849 
f 5896/2022/3850 5970/2180/3850 5968/2177/3850 5895/2021/3850 
f 5971/2181/3851 5921/2104/3851 5920/2103/3851 5969/2179/3851 
f 5972/2182/3852 5971/2181/3852 5969/2179/3852 5970/2180/3852 
f 5894/2020/3853 5972/2182/3853 5970/2180/3853 5896/2022/3853 
f 5973/2183/3854 5922/2105/3854 5921/2104/3854 5971/2181/3854 
f 5974/2184/3855 5973/2183/3855 5971/2181/3855 5972/2182/3855 
f 5893/2019/3856 5974/2184/3856 5972/2182/3856 5894/2020/3856 
f 5975/2185/3857 5923/2106/3857 5922/2105/3857 5973/2183/3857 
f 5976/2186/3858 5975/2185/3858 5973/2183/3858 5974/2184/3858 
f 5891/2017/3859 5976/2186/3859 5974/2184/3859 5893/2019/3859 
f 5977/2187/3860 5924/2107/3860 5923/2106/3860 5975/2185/3860 
f 5978/2188/3861 5977/2187/3861 5975/2185/3861 5976/2186/3861 
f 5892/2018/3862 5978/2188/3862 5976/2186/3862 5891/2017/3862 
f 5979/2189/3863 5925/2108/3863 5924/2107/3863 5977/2187/3863 
f 5980/2190/3864 5979/2189/3864 5977/2187/3864 5978/2188/3864 
f 5890/2016/3865 5980/2190/3865 5978/2188/3865 5892/2018/3865 
f 5981/2191/3866 5926/2109/3866 5925/2108/3866 5979/2189/3866 
f 5982/2192/3867 5981/2191/3867 5979/2189/3867 5980/2190/3867 
f 5889/2015/3868 5982/2192/3868 5980/2190/3868 5890/2016/3868 
f 5983/2193/3869 5927/2110/3869 5926/2109/3869 5981/2191/3869 
f 5984/2194/3870 5983/2193/3870 5981/2191/3870 5982/2192/3870 
f 5887/2013/3871 5984/2194/3871 5982/2192/3871 5889/2015/3871 
f 5985/2195/3872 5928/2111/3872 5927/2110/3872 5983/2193/3872 
f 5986/2196/3873 5985/2195/3873 5983/2193/3873 5984/2194/3873 
f 5888/2014/3874 5986/2196/3874 5984/2194/3874 5887/2013/3874 
f 5987/2197/3875 5929/2112/3875 5928/2111/3875 5985/2195/3875 
f 5988/2198/3876 5987/2197/3876 5985/2195/3876 5986/2196/3876 
f 5886/2012/3877 5988/2198/3877 5986/2196/3877 5888/2014/3877 
f 5989/2199/3878 5930/2113/3878 5929/2112/3878 5987/2197/3878 
f 5990/2200/3879 5989/2199/3879 5987/2197/3879 5988/2198/3879 
f 5885/2011/3880 5990/2200/3880 5988/2198/3880 5886/2012/3880 
f 5991/2201/3881 5931/2114/3881 5930/2113/3881 5989/2199/3881 
f 5992/2202/3882 5991/2201/3882 5989/2199/3882 5990/2200/3882 
f 5883/2009/3883 5992/2202/3883 5990/2200/3883 5885/2011/3883 
f 5993/2203/3884 5932/2115/3884 5931/2114/3884 5991/2201/3884 
f 5994/2204/3885 5993/2203/3885 5991/2201/3885 5992/2202/3885 
f 5884/2010/3886 5994/2204/3886 5992/2202/3886 5883/2009/3886 
f 5995/2205/3887 5933/2116/3887 5932/2115/3887 5993/2203/3887 
f 5996/2206/3888 5995/2205/3888 5993/2203/3888 5994/2204/3888 
f 5882/2008/3889 5996/2206/3889 5994/2204/3889 5884/2010/3889 
f 5997/2207/3890 5934/2117/3890 5933/2116/3890 5995/2205/3890 
f 5998/2208/3891 5997/2207/3891 5995/2205/3891 5996/2206/3891 
f 5881/2007/3892 5998/2208/3892 5996/2206/3892 5882/2008/3892 
f 5999/2209/3893 5935/2118/3893 5934/2117/3893 5997/2207/3893 
f 6000/2210/3894 5999/2209/3894 5997/2207/3894 5998/2208/3894 
f 5878/2004/3895 6000/2210/3895 5998/2208/3895 5881/2007/3895 
f 6001/2211/3896 5936/2119/3896 5935/2118/3896 5999/2209/3896 
f 6002/2212/3897 6001/2211/3897 5999/2209/3897 6000/2210/3897 
f 5879/2005/3898 6002/2212/3898 6000/2210/3898 5878/2004/3898 
f 6003/2213/3899 5937/2120/3899 5936/2119/3899 6001/2211/3899 
f 6004/2214/3900 6003/2213/3900 6001/2211/3900 6002/2212/3900 
f 5877/2003/3901 6004/2214/3901 6002/2212/3901 5879/2005/3901 
f 6005/2215/3902 5938/2121/3902 5937/2120/3902 6003/2213/3902 
f 6006/2216/3903 6005/2215/3903 6003/2213/3903 6004/2214/3903 
f 5876/2002/3904 6006/2216/3904 6004/2214/3904 5877/2003/3904 
f 6007/2217/3905 5939/2122/3905 5938/2121/3905 6005/2215/3905 
f 6008/2218/3906 6007/2217/3906 6005/2215/3906 6006/2216/3906 
f 5874/2000/3907 6008/2218/3907 6006/2216/3907 5876/2002/3907 
f 6009/2219/3908 5940/2123/3908 5939/2122/3908 6007/2217/3908 
f 6010/2220/3909 6009/2219/3909 6007/2217/3909 6008/2218/3909 
f 5875/2001/3910 6010/2220/3910 6008/2218/3910 5874/2000/3910 
f 6011/2221/3911 5941/2124/3911 5940/2123/3911 6009/2219/3911 
f 6012/2222/3912 6011/2221/3912 6009/2219/3912 6010/2220/3912 
f 5873/1999/3913 6012/2222/3913 6010/2220/3913 5875/2001/3913 
f 6013/2223/3914 5942/2125/3914 5941/2124/3914 6011/2221/3914 
f 6014/2224/3915 6013/2223/3915 6011/2221/3915 6012/2222/3915 
f 5872/1998/3916 6014/2224/3916 6012/2222/3916 5873/1999/3916 
f 6015/2225/3917 5943/2126/3917 5942/2125/3917 6013/2223/3917 
f 6016/2226/3918 6015/2225/3918 6013/2223/3918 6014/2224/3918 
f 5871/1997/3919 6016/2226/3919 6014/2224/3919 5872/1998/3919 
f 6017/2227/3920 5944/2127/3920 5943/2130/3920 6015/2228/3920 
f 6018/2229/3921 6017/2227/3921 6015/2228/3921 6016/2230/3921 
f 5907/2033/3922 6018/2229/3922 6016/2230/3922 5871/1997/3922 
f 5946/2231/3923 5909/2131/3923 5944/2134/3923 6017/2232/3923 
f 5948/2233/3924 5946/2231/3924 6017/2232/3924 6018/2234/3924 
f 5906/2032/3925 5948/2233/3925 6018/2234/3925 5907/2033/3925 
# 211 polygons - 18 triangles

#
# object Rectangle125
#

v  -9276.1182 2028.2871 -1562.6313
v  -9276.1182 2028.2871 -1565.9915
v  -9275.1182 2028.2871 -1566.9915
v  -8826.1182 2028.2871 -1565.9915
v  -8827.1182 2028.2871 -1566.9915
v  -8826.1182 2028.2871 -1562.6313
v  -8827.1182 2028.2871 -1561.6313
v  -9275.1182 2028.2871 -1561.6313
v  -8827.1182 61.8327 -1566.9913
v  -9275.1182 61.8328 -1566.9912
v  -9276.1182 61.8328 -1565.9912
v  -9276.1182 61.8328 -1562.6311
v  -9275.1182 61.8328 -1561.6311
v  -8826.1182 61.8327 -1562.6312
v  -8827.1182 61.8327 -1561.6312
v  -8826.1182 61.8327 -1565.9913
# 16 vertices

vn 0.0000 1.0000 -0.0000
vn -0.0000 -0.0000 -1.0000
vn -0.0000 -1.0000 0.0000
vn 0.0000 0.0000 1.0000
vn -1.0000 0.0000 0.0000
vn 1.0000 -0.0000 -0.0000
vn -0.7071 0.0000 -0.7071
vn 0.7071 -0.0000 -0.7071
vn -0.7071 0.0000 0.7071
vn 0.7071 -0.0000 0.7071
# 10 vertex normals

vt 1.0000 0.0000 0.0000
vt 4.3601 0.0000 0.0000
vt 5.3601 1.0000 0.0000
vt 4.3601 450.0000 0.0000
vt 5.3601 449.0000 0.0000
vt 1.0000 450.0000 0.0000
vt 0.0000 449.0000 0.0000
vt 0.0000 1.0000 0.0000
vt 1912.6995 449.0000 0.0000
vt 1912.6995 1.0000 0.0000
vt 1913.6995 0.0000 0.0000
vt 1917.0596 0.0000 0.0000
vt 1918.0596 1.0000 0.0000
vt 1917.0596 450.0000 0.0000
vt 1918.0596 449.0000 0.0000
vt 1913.6995 450.0000 0.0000
vt 3825.3989 449.0000 0.0000
vt 3825.3989 1.0000 0.0000
vt 1.0001 1907.3394 0.0000
vt 4.3602 1907.3394 0.0000
vt 4.3782 -0.0000 0.0000
vt 4.3783 1907.3394 0.0000
vt 6.3183 1907.3394 0.0000
vt 6.3182 0.0000 0.0000
# 24 texture coords

g Rectangle125
usemtl wire_028028177
s 1
f 6022/2238/3926 6021/2237/3926 6020/2236/3926 6019/2235/3926 
f 6022/2238/3926 6023/2239/3926 6021/2237/3926 
f 6019/2235/3926 6025/2241/3926 6024/2240/3926 6022/2238/3926 
f 6025/2241/3926 6019/2235/3926 6026/2242/3926 
s 4
f 6028/2244/3927 6021/2237/3927 6023/2239/3927 6027/2243/3927 
s 2
f 6032/2248/3928 6031/2247/3928 6030/2246/3928 6029/2245/3928 
f 6032/2248/3928 6033/2249/3928 6031/2247/3928 
f 6029/2245/3928 6027/2243/3928 6034/2250/3928 6032/2248/3928 
f 6027/2243/3928 6029/2245/3928 6028/2244/3928 
s 4
f 6026/2252/3929 6031/2247/3929 6033/2249/3929 6025/2251/3929 
s 16
f 6029/2235/3930 6030/2236/3930 6019/2254/3930 6020/2253/3930 
f 6034/2235/3931 6022/2253/3931 6024/2254/3931 6032/2236/3931 
s off
f 6028/2244/3932 6029/2245/3932 6020/2236/3932 6021/2237/3932 
f 6023/2239/3933 6022/2238/3933 6034/2250/3933 6027/2243/3933 
f 6026/2256/3934 6019/2254/3934 6030/2236/3934 6031/2255/3934 
f 6033/2258/3935 6032/2236/3935 6024/2254/3935 6025/2257/3935 
# 12 polygons - 4 triangles

#
# object Rectangle126
#

v  -8826.1182 2028.2872 -1566.9915
v  -8826.1182 2028.2872 -1561.6313
v  -9276.1182 2028.2872 -1561.6313
v  -9276.1182 2028.2872 -1566.9915
v  -8826.1182 2027.4633 -1566.9915
v  -9276.1182 2027.4633 -1566.9915
v  -8826.1182 2027.4067 -1567.0480
v  -9276.1182 2027.4067 -1567.0480
v  -8826.1182 2027.4067 -1572.0688
v  -9276.1182 2027.4067 -1572.0688
v  -8826.1182 2027.6895 -1572.3516
v  -9276.1182 2027.6893 -1572.3516
v  -8826.1182 2077.1240 -1572.3516
v  -9276.1182 2077.1240 -1572.3516
v  -8826.1182 2077.4067 -1572.0688
v  -9276.1182 2077.4067 -1572.0688
v  -8826.1182 2077.4067 -1556.5540
v  -9276.1182 2077.4067 -1556.5540
v  -8826.1182 2077.1240 -1556.2712
v  -9276.1182 2077.1240 -1556.2712
v  -8826.1182 2027.6895 -1556.2712
v  -9276.1182 2027.6893 -1556.2712
v  -8826.1182 2027.4067 -1556.5540
v  -9276.1182 2027.4067 -1556.5540
v  -8826.1182 2027.4067 -1561.5748
v  -9276.1182 2027.4067 -1561.5748
v  -8826.1182 2027.4633 -1561.6313
v  -9276.1182 2027.4633 -1561.6313
# 28 vertices

vn 0.0000 -1.0000 0.0000
vn 0.0000 0.0000 1.0000
vn 0.0000 -0.7071 0.7071
vn 0.0000 -0.7071 -0.7071
vn -0.0000 -0.0000 -1.0000
vn -0.0000 0.7071 -0.7071
vn -0.0000 1.0000 -0.0000
vn -0.0000 0.7071 0.7071
vn -1.0000 -0.0000 0.0000
vn 1.0000 0.0000 -0.0000
# 10 vertex normals

vt 5.3601 450.0000 0.0000
vt 0.0000 450.0000 0.0000
vt 0.0000 0.0000 0.0000
vt 5.3601 0.0000 0.0000
vt 6.1841 450.0000 0.0000
vt 6.1841 0.0000 0.0000
vt 6.2640 450.0000 0.0000
vt 6.2640 0.0000 0.0000
vt 11.2849 450.0000 0.0000
vt 11.2849 0.0000 0.0000
vt 11.6847 450.0000 0.0000
vt 11.6847 0.0000 0.0000
vt 61.1194 450.0000 0.0000
vt 61.1194 0.0000 0.0000
vt 61.5192 450.0000 0.0000
vt 61.5192 0.0000 0.0000
vt 77.0341 450.0000 0.0000
vt 77.0341 0.0000 0.0000
vt 77.4339 450.0000 0.0000
vt 77.4339 0.0000 0.0000
vt 126.8686 450.0000 0.0000
vt 126.8686 0.0000 0.0000
vt 127.2684 450.0000 0.0000
vt 127.2684 0.0000 0.0000
vt 132.2893 450.0000 0.0000
vt 132.2893 0.0000 0.0000
vt 132.3692 450.0000 0.0000
vt 132.3692 0.0000 0.0000
vt 133.1932 450.0000 0.0000
vt 133.1932 0.0000 0.0000
vt 10.7202 49.1196 0.0000
vt 10.7202 49.9435 0.0000
vt 10.7767 50.0001 0.0000
vt 15.7976 50.0001 0.0000
vt 16.0803 49.7174 0.0000
vt 16.0803 0.2827 0.0000
vt 15.7976 0.0000 0.0000
vt 0.2827 0.0000 0.0000
vt 0.0000 0.2827 0.0000
vt 5.3601 49.1196 0.0000
vt 0.0000 49.7174 0.0000
vt 0.2827 50.0001 0.0000
vt 5.3036 50.0001 0.0000
vt 5.3601 49.9435 0.0000
# 44 texture coords

g Rectangle126
usemtl wire_028028177
s 1
f 6035/2259/3936 6036/2260/3936 6037/2261/3936 6038/2262/3936 
s 4
f 6039/2263/3937 6035/2259/3937 6038/2262/3937 6040/2264/3937 
s 2
f 6041/2265/3938 6039/2263/3938 6040/2264/3938 6042/2266/3938 
s 4
f 6043/2267/3936 6041/2265/3936 6042/2266/3936 6044/2268/3936 
s 2
f 6045/2269/3939 6043/2267/3939 6044/2268/3939 6046/2270/3939 
s 4
f 6047/2271/3940 6045/2269/3940 6046/2270/3940 6048/2272/3940 
s 2
f 6049/2273/3941 6047/2271/3941 6048/2272/3941 6050/2274/3941 
s 4
f 6051/2275/3942 6049/2273/3942 6050/2274/3942 6052/2276/3942 
s 2
f 6053/2277/3943 6051/2275/3943 6052/2276/3943 6054/2278/3943 
s 4
f 6055/2279/3937 6053/2277/3937 6054/2278/3937 6056/2280/3937 
s 2
f 6057/2281/3938 6055/2279/3938 6056/2280/3938 6058/2282/3938 
s 4
f 6059/2283/3936 6057/2281/3936 6058/2282/3936 6060/2284/3936 
s 2
f 6061/2285/3939 6059/2283/3939 6060/2284/3939 6062/2286/3939 
s 4
f 6036/2287/3940 6061/2285/3940 6062/2286/3940 6037/2288/3940 
s 16
f 6037/2289/3944 6062/2290/3944 6060/2291/3944 6058/2292/3944 
f 6037/2289/3944 6058/2292/3944 6056/2293/3944 6054/2294/3944 
f 6037/2289/3944 6054/2294/3944 6052/2295/3944 6050/2296/3944 
f 6037/2289/3944 6050/2296/3944 6048/2297/3944 6038/2298/3944 
f 6038/2298/3944 6048/2297/3944 6046/2299/3944 6044/2300/3944 
f 6038/2298/3944 6044/2300/3944 6042/2301/3944 6040/2302/3944 
f 6035/2298/3945 6039/2302/3945 6041/2301/3945 6043/2300/3945 
f 6035/2298/3945 6043/2300/3945 6045/2299/3945 6047/2297/3945 
f 6059/2291/3945 6061/2290/3945 6036/2289/3945 6057/2292/3945 
f 6055/2293/3945 6057/2292/3945 6036/2289/3945 6053/2294/3945 
f 6051/2295/3945 6053/2294/3945 6036/2289/3945 6049/2296/3945 
f 6047/2297/3945 6049/2296/3945 6036/2289/3945 6035/2298/3945 
# 26 polygons

#
# object Rectangle127
#

v  -8826.1182 61.8327 -1566.9913
v  -8826.1182 61.8327 -1561.6312
v  -9276.1182 61.8327 -1561.6311
v  -9276.1182 61.8327 -1566.9912
v  -8826.1182 62.6566 -1566.9913
v  -9276.1182 62.6567 -1566.9912
v  -8826.1182 62.7132 -1567.0479
v  -9276.1182 62.7132 -1567.0477
v  -8826.1182 62.7132 -1572.0687
v  -9276.1182 62.7132 -1572.0686
v  -8826.1182 62.4305 -1572.3514
v  -9276.1182 62.4306 -1572.3513
v  -8826.1182 12.9958 -1572.3514
v  -9276.1182 12.9958 -1572.3513
v  -8826.1182 12.7131 -1572.0687
v  -9276.1182 12.7132 -1572.0686
v  -8826.1182 12.7131 -1556.5537
v  -9276.1182 12.7132 -1556.5537
v  -8826.1182 12.9958 -1556.2711
v  -9276.1182 12.9958 -1556.2710
v  -8826.1182 62.4305 -1556.2711
v  -9276.1182 62.4306 -1556.2710
v  -8826.1182 62.7132 -1556.5537
v  -9276.1182 62.7132 -1556.5537
v  -8826.1182 62.7132 -1561.5746
v  -9276.1182 62.7132 -1561.5746
v  -8826.1182 62.6566 -1561.6312
v  -9276.1182 62.6567 -1561.6311
# 28 vertices

vn 0.0000 1.0000 -0.0000
vn 0.0000 0.0000 1.0000
vn 0.0000 0.7071 0.7071
vn 0.0000 0.7071 -0.7071
vn -0.0000 -0.0000 -1.0000
vn -0.0000 -0.7071 -0.7071
vn -0.0000 -1.0000 0.0000
vn 0.0000 -0.7071 0.7071
vn -1.0000 0.0000 0.0000
vn 1.0000 -0.0000 -0.0000
# 10 vertex normals

vt 5.3601 450.0000 0.0000
vt 0.0000 450.0000 0.0000
vt 0.0000 0.0000 0.0000
vt 5.3601 0.0000 0.0000
vt 6.1841 450.0000 0.0000
vt 6.1841 0.0000 0.0000
vt 6.2640 450.0000 0.0000
vt 6.2640 0.0000 0.0000
vt 11.2849 450.0000 0.0000
vt 11.2849 0.0000 0.0000
vt 11.6847 450.0000 0.0000
vt 11.6847 0.0000 0.0000
vt 61.1194 450.0000 0.0000
vt 61.1194 0.0000 0.0000
vt 61.5192 450.0000 0.0000
vt 61.5192 0.0000 0.0000
vt 77.0341 450.0000 0.0000
vt 77.0341 0.0000 0.0000
vt 77.4339 450.0000 0.0000
vt 77.4339 0.0000 0.0000
vt 126.8686 450.0000 0.0000
vt 126.8686 0.0000 0.0000
vt 127.2684 450.0000 0.0000
vt 127.2684 0.0000 0.0000
vt 132.2893 450.0000 0.0000
vt 132.2893 0.0000 0.0000
vt 132.3692 450.0000 0.0000
vt 132.3692 0.0000 0.0000
vt 133.1932 450.0000 0.0000
vt 133.1932 0.0000 0.0000
vt 10.7202 49.1196 0.0000
vt 10.7202 49.9435 0.0000
vt 10.7767 50.0001 0.0000
vt 15.7976 50.0001 0.0000
vt 16.0803 49.7174 0.0000
vt 16.0803 0.2827 0.0000
vt 15.7976 0.0000 0.0000
vt 0.2827 0.0000 0.0000
vt 0.0000 0.2827 0.0000
vt 5.3601 49.1196 0.0000
vt 0.0000 49.7174 0.0000
vt 0.2827 50.0001 0.0000
vt 5.3036 50.0001 0.0000
vt 5.3601 49.9435 0.0000
# 44 texture coords

g Rectangle127
usemtl wire_028028177
s 1
f 6066/2306/3946 6065/2305/3946 6064/2304/3946 6063/2303/3946 
s 4
f 6068/2308/3947 6066/2306/3947 6063/2303/3947 6067/2307/3947 
s 2
f 6070/2310/3948 6068/2308/3948 6067/2307/3948 6069/2309/3948 
s 4
f 6072/2312/3946 6070/2310/3946 6069/2309/3946 6071/2311/3946 
s 2
f 6074/2314/3949 6072/2312/3949 6071/2311/3949 6073/2313/3949 
s 4
f 6076/2316/3950 6074/2314/3950 6073/2313/3950 6075/2315/3950 
s 2
f 6078/2318/3951 6076/2316/3951 6075/2315/3951 6077/2317/3951 
s 4
f 6080/2320/3952 6078/2318/3952 6077/2317/3952 6079/2319/3952 
s 2
f 6082/2322/3953 6080/2320/3953 6079/2319/3953 6081/2321/3953 
s 4
f 6084/2324/3947 6082/2322/3947 6081/2321/3947 6083/2323/3947 
s 2
f 6086/2326/3948 6084/2324/3948 6083/2323/3948 6085/2325/3948 
s 4
f 6088/2328/3946 6086/2326/3946 6085/2325/3946 6087/2327/3946 
s 2
f 6090/2330/3949 6088/2328/3949 6087/2327/3949 6089/2329/3949 
s 4
f 6065/2332/3950 6090/2330/3950 6089/2329/3950 6064/2331/3950 
s 16
f 6086/2336/3954 6088/2335/3954 6090/2334/3954 6065/2333/3954 
f 6082/2338/3954 6084/2337/3954 6086/2336/3954 6065/2333/3954 
f 6078/2340/3954 6080/2339/3954 6082/2338/3954 6065/2333/3954 
f 6066/2342/3954 6076/2341/3954 6078/2340/3954 6065/2333/3954 
f 6072/2344/3954 6074/2343/3954 6076/2341/3954 6066/2342/3954 
f 6068/2346/3954 6070/2345/3954 6072/2344/3954 6066/2342/3954 
f 6071/2344/3955 6069/2345/3955 6067/2346/3955 6063/2342/3955 
f 6075/2341/3955 6073/2343/3955 6071/2344/3955 6063/2342/3955 
f 6085/2336/3955 6064/2333/3955 6089/2334/3955 6087/2335/3955 
f 6081/2338/3955 6064/2333/3955 6085/2336/3955 6083/2337/3955 
f 6077/2340/3955 6064/2333/3955 6081/2338/3955 6079/2339/3955 
f 6063/2342/3955 6064/2333/3955 6077/2340/3955 6075/2341/3955 
# 26 polygons

#
# object Cylinder002
#

v  -9276.3301 38.8333 -1558.6881
v  -9276.3301 39.7628 -1558.7672
v  -9275.0469 39.7628 -1558.7672
v  -9275.0469 38.8333 -1558.6881
v  -9276.3301 40.6655 -1559.0023
v  -9275.0469 40.6655 -1559.0023
v  -9276.3301 41.5156 -1559.3865
v  -9275.0469 41.5156 -1559.3865
v  -9276.3301 42.2885 -1559.9089
v  -9275.0469 42.2885 -1559.9089
v  -9276.3301 42.9620 -1560.5544
v  -9275.0469 42.9619 -1560.5544
v  -9276.3301 43.5167 -1561.3044
v  -9275.0469 43.5167 -1561.3044
v  -9276.3301 43.9366 -1562.1375
v  -9275.0469 43.9366 -1562.1375
v  -9276.3301 44.2098 -1563.0294
v  -9275.0469 44.2098 -1563.0294
v  -9276.3301 44.3283 -1563.9547
v  -9275.0469 44.3283 -1563.9547
v  -9276.3301 44.2887 -1564.8867
v  -9275.0469 44.2887 -1564.8867
v  -9276.3301 44.0922 -1565.7986
v  -9275.0469 44.0922 -1565.7986
v  -9276.3301 43.7443 -1566.6642
v  -9275.0469 43.7443 -1566.6642
v  -9276.3301 43.2552 -1567.4586
v  -9275.0469 43.2552 -1567.4586
v  -9276.3301 42.6389 -1568.1588
v  -9275.0469 42.6389 -1568.1588
v  -9276.3301 41.9131 -1568.7449
v  -9275.0469 41.9131 -1568.7449
v  -9276.3301 41.0987 -1569.1998
v  -9275.0469 41.0987 -1569.1998
v  -9276.3301 40.2191 -1569.5106
v  -9275.0469 40.2191 -1569.5106
v  -9276.3301 39.2997 -1569.6683
v  -9275.0469 39.2997 -1569.6683
v  -9276.3301 38.3668 -1569.6683
v  -9275.0469 38.3668 -1569.6683
v  -9276.3301 37.4474 -1569.5106
v  -9275.0469 37.4474 -1569.5106
v  -9276.3301 36.5678 -1569.1998
v  -9275.0469 36.5678 -1569.1998
v  -9276.3301 35.7534 -1568.7449
v  -9275.0469 35.7534 -1568.7449
v  -9276.3301 35.0276 -1568.1588
v  -9275.0469 35.0276 -1568.1588
v  -9276.3301 34.4113 -1567.4586
v  -9275.0469 34.4113 -1567.4586
v  -9276.3301 33.9222 -1566.6642
v  -9275.0469 33.9222 -1566.6642
v  -9276.3301 33.5743 -1565.7986
v  -9275.0469 33.5743 -1565.7986
v  -9276.3301 33.3778 -1564.8867
v  -9275.0469 33.3778 -1564.8867
v  -9276.3301 33.3382 -1563.9547
v  -9275.0469 33.3382 -1563.9547
v  -9276.3301 33.4567 -1563.0294
v  -9275.0469 33.4567 -1563.0294
v  -9276.3301 33.7299 -1562.1375
v  -9275.0469 33.7299 -1562.1375
v  -9276.3301 34.1498 -1561.3044
v  -9275.0469 34.1498 -1561.3044
v  -9276.3301 34.7046 -1560.5544
v  -9275.0469 34.7046 -1560.5544
v  -9276.3301 35.3780 -1559.9089
v  -9275.0469 35.3780 -1559.9089
v  -9276.3301 36.1509 -1559.3865
v  -9275.0469 36.1509 -1559.3865
v  -9276.3301 37.0010 -1559.0023
v  -9275.0469 37.0010 -1559.0023
v  -9276.3301 37.9038 -1558.7672
v  -9275.0469 37.9038 -1558.7672
v  -9277.0469 37.2407 -1559.6808
v  -9277.0469 36.5019 -1560.0148
v  -9277.0469 35.8301 -1560.4688
v  -9277.0469 34.7626 -1561.6818
v  -9277.0469 35.2447 -1561.0298
v  -9277.0469 34.3976 -1562.4058
v  -9277.0469 34.1601 -1563.1810
v  -9277.0469 34.0916 -1564.7953
v  -9277.0469 34.0572 -1563.9852
v  -9277.0469 41.1646 -1560.0148
v  -9277.0469 34.2624 -1565.5879
v  -9277.0469 34.5647 -1566.3402
v  -9277.0469 35.5255 -1567.6394
v  -9277.0469 34.9898 -1567.0308
v  -9277.0469 36.1563 -1568.1487
v  -9277.0469 36.8642 -1568.5442
v  -9277.0469 38.4278 -1568.9513
v  -9277.0469 37.6287 -1568.8142
v  -9277.0469 39.2387 -1568.9513
v  -9277.0469 40.0378 -1568.8142
v  -9277.0469 41.5102 -1568.1487
v  -9277.0469 40.8023 -1568.5442
v  -9277.0469 42.1410 -1567.6394
v  -9277.0469 42.6767 -1567.0306
v  -9277.0469 43.4041 -1565.5879
v  -9277.0469 43.1018 -1566.3402
v  -9277.0469 43.5749 -1564.7953
v  -9277.0469 43.6094 -1563.9852
v  -9277.0469 43.2689 -1562.4058
v  -9277.0469 43.5064 -1563.1810
v  -9277.0469 42.9039 -1561.6818
v  -9277.0469 42.4218 -1561.0298
v  -9277.0469 41.8364 -1560.4688
v  -9277.0469 40.4258 -1559.6808
v  -9277.0469 39.6411 -1559.4764
v  -9277.0469 38.8333 -1559.4077
v  -9277.0469 38.0254 -1559.4764
v  -9276.6436 39.7552 -1558.8115
v  -9276.6436 38.8333 -1558.7330
v  -9276.6436 40.6505 -1559.0447
v  -9276.6436 41.4936 -1559.4258
v  -9276.6436 42.2602 -1559.9438
v  -9276.6436 42.9282 -1560.5841
v  -9276.6436 43.4784 -1561.3280
v  -9276.6436 43.8949 -1562.1542
v  -9276.6436 44.1658 -1563.0388
v  -9276.6436 44.2834 -1563.9565
v  -9276.6436 44.2441 -1564.8810
v  -9276.6436 44.0492 -1565.7855
v  -9276.6436 43.7042 -1566.6440
v  -9276.6436 43.2191 -1567.4319
v  -9276.6436 42.6078 -1568.1263
v  -9276.6436 41.8879 -1568.7076
v  -9276.6436 41.0802 -1569.1589
v  -9276.6436 40.2078 -1569.4672
v  -9276.6436 39.2959 -1569.6235
v  -9276.6436 38.3706 -1569.6235
v  -9276.6436 37.4587 -1569.4672
v  -9276.6436 36.5863 -1569.1589
v  -9276.6436 35.7786 -1568.7076
v  -9276.6436 35.0587 -1568.1263
v  -9276.6436 34.4474 -1567.4319
v  -9276.6436 33.9623 -1566.6440
v  -9276.6436 33.6173 -1565.7855
v  -9276.6436 33.4224 -1564.8810
v  -9276.6436 33.3831 -1563.9565
v  -9276.6436 33.5007 -1563.0388
v  -9276.6436 33.7716 -1562.1542
v  -9276.6436 34.1881 -1561.3280
v  -9276.6436 34.7383 -1560.5841
v  -9276.6436 35.4063 -1559.9438
v  -9276.6436 36.1729 -1559.4258
v  -9276.6436 37.0160 -1559.0447
v  -9276.6436 37.9114 -1558.8115
v  -9276.8672 39.7324 -1558.9446
v  -9276.8672 38.8333 -1558.8680
v  -9277.0020 39.6944 -1559.1661
v  -9277.0020 38.8333 -1559.0929
v  -9276.8672 40.6056 -1559.1719
v  -9277.0020 40.5307 -1559.3839
v  -9276.8672 41.4278 -1559.5436
v  -9277.0020 41.3182 -1559.7399
v  -9276.8672 42.1754 -1560.0488
v  -9277.0020 42.0342 -1560.2239
v  -9276.8672 42.8269 -1560.6732
v  -9277.0020 42.6581 -1560.8218
v  -9276.8672 43.3635 -1561.3987
v  -9277.0020 43.1720 -1561.5166
v  -9276.8672 43.7697 -1562.2045
v  -9277.0020 43.5611 -1562.2883
v  -9276.8672 44.0339 -1563.0673
v  -9277.0020 43.8141 -1563.1146
v  -9276.8672 44.1486 -1563.9623
v  -9277.0020 43.9239 -1563.9718
v  -9276.8672 44.1103 -1564.8639
v  -9277.0020 43.8872 -1564.8353
v  -9276.8672 43.9202 -1565.7460
v  -9277.0020 43.7051 -1565.6801
v  -9276.8672 43.5837 -1566.5833
v  -9277.0020 43.3829 -1566.4821
v  -9276.8672 43.1106 -1567.3516
v  -9277.0020 42.9298 -1567.2179
v  -9276.8672 42.5144 -1568.0289
v  -9277.0020 42.3588 -1567.8667
v  -9276.8672 41.8124 -1568.5958
v  -9277.0020 41.6865 -1568.4095
v  -9276.8672 41.0246 -1569.0359
v  -9277.0020 40.9320 -1568.8311
v  -9276.8672 40.1738 -1569.3365
v  -9277.0020 40.1171 -1569.1189
v  -9276.8672 39.2844 -1569.4890
v  -9277.0020 39.2654 -1569.2650
v  -9276.8672 38.3821 -1569.4890
v  -9277.0020 38.4011 -1569.2650
v  -9276.8672 37.4927 -1569.3365
v  -9277.0020 37.5494 -1569.1189
v  -9276.8672 36.6419 -1569.0359
v  -9277.0020 36.7345 -1568.8311
v  -9276.8672 35.8541 -1568.5958
v  -9277.0020 35.9801 -1568.4095
v  -9276.8672 35.1521 -1568.0291
v  -9277.0020 35.3077 -1567.8667
v  -9276.8672 34.5559 -1567.3516
v  -9277.0020 34.7367 -1567.2179
v  -9276.8672 34.0828 -1566.5833
v  -9277.0020 34.2836 -1566.4821
v  -9276.8672 33.7463 -1565.7460
v  -9277.0020 33.9614 -1565.6801
v  -9276.8672 33.5562 -1564.8639
v  -9277.0020 33.7793 -1564.8353
v  -9276.8672 33.5179 -1563.9623
v  -9277.0020 33.7426 -1563.9718
v  -9276.8672 33.6326 -1563.0673
v  -9277.0020 33.8524 -1563.1146
v  -9276.8672 33.8968 -1562.2045
v  -9277.0020 34.1054 -1562.2883
v  -9276.8672 34.3030 -1561.3987
v  -9277.0020 34.4945 -1561.5166
v  -9276.8672 34.8396 -1560.6732
v  -9277.0020 35.0084 -1560.8218
v  -9276.8672 35.4911 -1560.0488
v  -9277.0020 35.6323 -1560.2239
v  -9276.8672 36.2387 -1559.5436
v  -9277.0020 36.3483 -1559.7399
v  -9276.8672 37.0609 -1559.1719
v  -9277.0020 37.1358 -1559.3839
v  -9276.8672 37.9342 -1558.9446
v  -9277.0020 37.9722 -1559.1661
# 222 vertices

vn 0.0000 0.0000 1.0000
vn 0.0000 0.1690 0.9856
vn 0.0000 0.3331 0.9429
vn 0.0000 0.4877 0.8730
vn 0.0000 0.6282 0.7780
vn 0.0000 0.7507 0.6607
vn 0.0000 0.8515 0.5243
vn 0.0000 0.9279 0.3729
vn 0.0000 0.9776 0.2107
vn 0.0000 0.9991 0.0424
vn 0.0000 0.9919 -0.1270
vn 0.0000 0.9562 -0.2928
vn 0.0000 0.8929 -0.4502
vn 0.0000 0.8040 -0.5946
vn -0.0000 0.6919 -0.7220
vn -0.0000 0.5600 -0.8285
vn -0.0000 0.4119 -0.9112
vn -0.0000 0.2520 -0.9677
vn -0.0000 0.0848 -0.9964
vn -0.0000 -0.0848 -0.9964
vn -0.0000 -0.2520 -0.9677
vn -0.0000 -0.4119 -0.9112
vn -0.0000 -0.5600 -0.8285
vn -0.0000 -0.6919 -0.7220
vn -0.0000 -0.8040 -0.5946
vn -0.0000 -0.8929 -0.4502
vn -0.0000 -0.9562 -0.2928
vn -0.0000 -0.9919 -0.1270
vn -0.0000 -0.9991 0.0424
vn -0.0000 -0.9776 0.2107
vn -0.0000 -0.9279 0.3729
vn -0.0000 -0.8515 0.5243
vn -0.0000 -0.7507 0.6607
vn 0.0000 -0.6282 0.7780
vn 0.0000 -0.4877 0.8730
vn 0.0000 -0.3331 0.9429
vn 0.0000 -0.1690 0.9856
vn -1.0000 0.0000 0.0000
vn 1.0000 -0.0000 -0.0000
vn -0.1414 0.0840 0.9864
vn -0.1414 0.2494 0.9580
vn -0.1414 0.4078 0.9021
vn -0.1414 0.5543 0.8202
vn -0.1414 0.6850 0.7147
vn -0.1414 0.7959 0.5887
vn -0.1414 0.8840 0.4457
vn -0.1414 0.9466 0.2899
vn -0.1414 0.9819 0.1257
vn -0.1414 0.9891 -0.0420
vn -0.1414 0.9677 -0.2086
vn -0.1414 0.9186 -0.3691
vn -0.1414 0.8430 -0.5190
vn -0.1414 0.7431 -0.6540
vn -0.1414 0.6219 -0.7702
vn -0.1414 0.4828 -0.8642
vn -0.1414 0.3298 -0.9334
vn -0.1414 0.1673 -0.9757
vn -0.1414 0.0000 -0.9899
vn -0.1414 -0.1673 -0.9757
vn -0.1414 -0.3298 -0.9334
vn -0.1414 -0.4828 -0.8642
vn -0.1414 -0.6219 -0.7702
vn -0.1414 -0.7431 -0.6540
vn -0.1414 -0.8430 -0.5190
vn -0.1414 -0.9186 -0.3691
vn -0.1414 -0.9677 -0.2086
vn -0.1414 -0.9891 -0.0420
vn -0.1414 -0.9819 0.1257
vn -0.1414 -0.9466 0.2899
vn -0.1414 -0.8840 0.4457
vn -0.1414 -0.7959 0.5887
vn -0.1414 -0.6850 0.7147
vn -0.1414 -0.5543 0.8202
vn -0.1414 -0.4078 0.9021
vn -0.1414 -0.2494 0.9580
vn -0.1414 -0.0840 0.9864
vn -0.5145 0.0727 0.8544
vn -0.8575 0.0436 0.5126
vn -0.9899 0.0120 0.1409
vn -0.5145 0.2161 0.8298
vn -0.8575 0.1296 0.4979
vn -0.9899 0.0356 0.1369
vn -0.5145 0.3532 0.7814
vn -0.8575 0.2119 0.4688
vn -0.9899 0.0583 0.1289
vn -0.5145 0.4802 0.7104
vn -0.8575 0.2881 0.4263
vn -0.9899 0.0792 0.1172
vn -0.5145 0.5933 0.6191
vn -0.8575 0.3560 0.3714
vn -0.9899 0.0979 0.1021
vn -0.5145 0.6894 0.5099
vn -0.8575 0.4137 0.3059
vn -0.9899 0.1137 0.0841
vn -0.5145 0.7657 0.3860
vn -0.8575 0.4594 0.2316
vn -0.9899 0.1263 0.0637
vn -0.5145 0.8199 0.2511
vn -0.8575 0.4919 0.1507
vn -0.9899 0.1352 0.0414
vn -0.5145 0.8505 0.1089
vn -0.8575 0.5103 0.0654
vn -0.9899 0.1403 0.0180
vn -0.5145 0.8567 -0.0364
vn -0.8575 0.5140 -0.0218
vn -0.9899 0.1413 -0.0060
vn -0.5145 0.8382 -0.1807
vn -0.8575 0.5029 -0.1084
vn -0.9899 0.1382 -0.0298
vn -0.5145 0.7957 -0.3197
vn -0.8575 0.4774 -0.1918
vn -0.9899 0.1312 -0.0527
vn -0.5145 0.7302 -0.4496
vn -0.8575 0.4381 -0.2698
vn -0.9899 0.1204 -0.0741
vn -0.5145 0.6437 -0.5665
vn -0.8575 0.3862 -0.3399
vn -0.9899 0.1062 -0.0934
vn -0.5145 0.5387 -0.6672
vn -0.8575 0.3232 -0.4003
vn -0.9899 0.0888 -0.1100
vn -0.5145 0.4182 -0.7486
vn -0.8575 0.2509 -0.4492
vn -0.9899 0.0690 -0.1235
vn -0.5145 0.2857 -0.8085
vn -0.8575 0.1714 -0.4851
vn -0.9899 0.0471 -0.1333
vn -0.5145 0.1449 -0.8452
vn -0.8575 0.0870 -0.5071
vn -0.9899 0.0239 -0.1394
vn -0.5145 0.0000 -0.8575
vn -0.8575 0.0000 -0.5145
vn -0.9899 0.0000 -0.1414
vn -0.5145 -0.1449 -0.8452
vn -0.8575 -0.0869 -0.5071
vn -0.9899 -0.0239 -0.1394
vn -0.5145 -0.2857 -0.8085
vn -0.8575 -0.1714 -0.4851
vn -0.9899 -0.0471 -0.1333
vn -0.5145 -0.4182 -0.7486
vn -0.8575 -0.2509 -0.4492
vn -0.9899 -0.0690 -0.1235
vn -0.5145 -0.5387 -0.6672
vn -0.8575 -0.3232 -0.4003
vn -0.9899 -0.0888 -0.1100
vn -0.5145 -0.6437 -0.5665
vn -0.8575 -0.3862 -0.3399
vn -0.9899 -0.1062 -0.0934
vn -0.5145 -0.7302 -0.4496
vn -0.8575 -0.4381 -0.2698
vn -0.9899 -0.1204 -0.0741
vn -0.5145 -0.7957 -0.3197
vn -0.8575 -0.4774 -0.1918
vn -0.9899 -0.1312 -0.0527
vn -0.5145 -0.8382 -0.1807
vn -0.8575 -0.5029 -0.1084
vn -0.9899 -0.1382 -0.0298
vn -0.5145 -0.8567 -0.0364
vn -0.8575 -0.5140 -0.0218
vn -0.9899 -0.1413 -0.0060
vn -0.5145 -0.8505 0.1089
vn -0.8575 -0.5103 0.0654
vn -0.9899 -0.1403 0.0180
vn -0.5145 -0.8199 0.2511
vn -0.8575 -0.4919 0.1507
vn -0.9899 -0.1352 0.0414
vn -0.5145 -0.7657 0.3860
vn -0.8575 -0.4594 0.2316
vn -0.9899 -0.1263 0.0637
vn -0.5145 -0.6894 0.5099
vn -0.8575 -0.4137 0.3059
vn -0.9899 -0.1137 0.0841
vn -0.5145 -0.5933 0.6191
vn -0.8575 -0.3560 0.3714
vn -0.9899 -0.0979 0.1021
vn -0.5145 -0.4802 0.7104
vn -0.8575 -0.2881 0.4263
vn -0.9899 -0.0792 0.1172
vn -0.5145 -0.3532 0.7814
vn -0.8575 -0.2119 0.4688
vn -0.9899 -0.0583 0.1289
vn -0.5145 -0.2161 0.8298
vn -0.8575 -0.1296 0.4979
vn -0.9899 -0.0356 0.1369
vn -0.5145 -0.0727 0.8544
vn -0.8575 -0.0436 0.5126
vn -0.9899 -0.0120 0.1409
# 187 vertex normals

vt 25.9181 0.7170 1.0000
vt 26.8521 0.7170 1.0000
vt 26.8521 2.0000 1.0000
vt 25.9181 2.0000 1.0000
vt 27.7861 0.7170 1.0000
vt 27.7861 2.0000 1.0000
vt 28.7201 0.7170 1.0000
vt 28.7201 2.0000 1.0000
vt 29.6541 0.7170 1.0000
vt 29.6541 2.0000 1.0000
vt 30.5881 0.7170 1.0000
vt 30.5881 2.0000 1.0000
vt 31.5221 0.7170 1.0000
vt 31.5221 2.0000 1.0000
vt 32.4561 0.7170 1.0000
vt 32.4561 2.0000 1.0000
vt 33.3900 0.7170 1.0000
vt 33.3900 2.0000 1.0000
vt 34.3240 0.7170 1.0000
vt 34.3240 2.0000 1.0000
vt 35.2580 0.7170 1.0000
vt 35.2580 2.0000 1.0000
vt 0.7005 0.7170 1.0000
vt 1.6345 0.7170 1.0000
vt 1.6345 2.0000 1.0000
vt 0.7005 2.0000 1.0000
vt 2.5685 0.7170 1.0000
vt 2.5685 2.0000 1.0000
vt 3.5025 0.7170 1.0000
vt 3.5025 2.0000 1.0000
vt 4.4364 0.7170 1.0000
vt 4.4364 2.0000 1.0000
vt 5.3704 0.7170 1.0000
vt 5.3704 2.0000 1.0000
vt 6.3044 0.7170 1.0000
vt 6.3044 2.0000 1.0000
vt 7.2384 0.7170 1.0000
vt 7.2384 2.0000 1.0000
vt 8.1724 0.7170 1.0000
vt 8.1724 2.0000 1.0000
vt 9.1064 0.7170 1.0000
vt 9.1064 2.0000 1.0000
vt 10.0404 0.7170 1.0000
vt 10.0404 2.0000 1.0000
vt 10.9743 0.7170 1.0000
vt 10.9743 2.0000 1.0000
vt 11.9083 0.7170 1.0000
vt 11.9083 2.0000 1.0000
vt 12.8423 0.7170 1.0000
vt 12.8423 2.0000 1.0000
vt 13.7763 0.7170 1.0000
vt 13.7763 2.0000 1.0000
vt 14.7103 0.7170 1.0000
vt 14.7103 2.0000 1.0000
vt 15.6443 0.7170 1.0000
vt 15.6443 2.0000 1.0000
vt 16.5783 0.7170 1.0000
vt 16.5783 2.0000 1.0000
vt 17.5123 0.7170 1.0000
vt 17.5123 2.0000 1.0000
vt 18.4462 0.7170 1.0000
vt 18.4462 2.0000 1.0000
vt 19.3802 0.7170 1.0000
vt 19.3802 2.0000 1.0000
vt 20.3142 0.7170 1.0000
vt 20.3142 2.0000 1.0000
vt 21.2482 0.7170 1.0000
vt 21.2482 2.0000 1.0000
vt 22.1822 0.7170 1.0000
vt 22.1822 2.0000 1.0000
vt 23.1162 0.7170 1.0000
vt 23.1162 2.0000 1.0000
vt 24.0502 0.7170 1.0000
vt 24.0502 2.0000 1.0000
vt 24.9842 0.7170 1.0000
vt 24.9842 2.0000 1.0000
vt 19.1202 0.0000 1.0000
vt 20.7950 0.0000 1.0000
vt 21.7786 0.0000 1.0000
vt 20.3142 0.0000 1.0000
vt 21.1677 0.0000 1.0000
vt 19.4608 0.0000 1.0000
vt 18.3988 0.0000 1.0000
vt 14.9129 0.0000 1.0000
vt 15.8090 0.0000 1.0000
vt -4.5700 0.0000 1.0000
vt 14.8022 0.0000 1.0000
vt 14.4725 0.0000 1.0000
vt 12.8423 0.0000 1.0000
vt 13.6958 0.0000 1.0000
vt 11.9889 0.0000 1.0000
vt 11.0927 0.0000 1.0000
vt 8.4186 0.0000 1.0000
vt 9.8162 0.0000 1.0000
vt 7.6419 0.0000 1.0000
vt 7.0355 0.0000 1.0000
vt 5.3704 0.0000 1.0000
vt 6.2239 0.0000 1.0000
vt 4.5170 0.0000 1.0000
vt 3.6557 0.0000 1.0000
vt 1.6345 0.0000 1.0000
vt 2.6560 0.0000 1.0000
vt 0.6130 0.0000 1.0000
vt -0.3867 0.0000 1.0000
vt -2.1015 0.0000 1.0000
vt -1.2480 0.0000 1.0000
vt -2.9549 0.0000 1.0000
vt -3.7666 0.0000 1.0000
vt -4.3730 0.0000 1.0000
vt -2.8940 0.0000 1.0000
vt 0.8161 0.0000 1.0000
vt 4.1587 0.0000 1.0000
vt 7.0302 0.0000 1.0000
vt 56.7397 2.0000 1.0000
vt 36.1920 2.0000 1.0000
vt 38.0600 2.0000 1.0000
vt 37.1260 2.0000 1.0000
vt 38.9940 2.0000 1.0000
vt 39.9279 2.0000 1.0000
vt 41.7959 2.0000 1.0000
vt 40.8619 2.0000 1.0000
vt 42.7299 2.0000 1.0000
vt 43.6639 2.0000 1.0000
vt 45.5319 2.0000 1.0000
vt 44.5979 2.0000 1.0000
vt 46.4659 2.0000 1.0000
vt 47.3998 2.0000 1.0000
vt 49.2678 2.0000 1.0000
vt 48.3338 2.0000 1.0000
vt 50.2018 2.0000 1.0000
vt 51.1358 2.0000 1.0000
vt 53.0038 2.0000 1.0000
vt 52.0698 2.0000 1.0000
vt 53.9378 2.0000 1.0000
vt 54.8717 2.0000 1.0000
vt 55.8057 2.0000 1.0000
vt 57.6737 2.0000 1.0000
vt 58.6077 2.0000 1.0000
vt 59.5417 2.0000 1.0000
vt 60.4757 2.0000 1.0000
vt -2.7313 -3.5290 1.0000
vt -3.9138 -4.7053 1.0000
vt -2.5227 -4.7053 1.0000
vt -0.8523 -3.5290 1.0000
vt -4.5902 -3.8937 1.0000
vt -5.1556 -5.1916 1.0000
vt -3.5588 -5.1916 1.0000
vt -2.4651 -3.8937 1.0000
vt -5.1461 -1.8752 1.0000
vt -5.3381 -2.5002 1.0000
vt -4.8797 -2.5002 1.0000
vt -4.3833 -1.8752 1.0000
vt -4.5865 -0.0164 1.0000
vt -4.6577 -0.0218 1.0000
vt -5.2476 -0.0218 1.0000
vt -5.0782 -0.0164 1.0000
vt -3.8340 0.3899 1.0000
vt -3.8565 0.5199 1.0000
vt -4.6756 0.5199 1.0000
vt -4.5999 0.3899 1.0000
vt -2.9659 0.5936 1.0000
vt -2.9696 0.7914 1.0000
vt -3.9035 0.7914 1.0000
vt -3.8693 0.5936 1.0000
vt -2.0787 0.6350 1.0000
vt -2.0711 0.8467 1.0000
vt -3.0284 0.8467 1.0000
vt -3.0100 0.6350 1.0000
vt -1.1929 0.6350 1.0000
vt -1.1746 0.8467 1.0000
vt -2.1318 0.8467 1.0000
vt -2.1243 0.6350 1.0000
vt -0.3022 0.6428 1.0000
vt -0.2740 0.8571 1.0000
vt -1.2357 0.8571 1.0000
vt -1.2388 0.6428 1.0000
vt 0.6761 0.7802 1.0000
vt 0.6971 1.0403 1.0000
vt -0.3420 1.0403 1.0000
vt -0.3532 0.7802 1.0000
vt 1.6345 0.5378 1.0000
vt 0.6786 0.5378 1.0000
vt 2.5903 0.5378 1.0000
vt 3.5408 0.5378 1.0000
vt 4.4566 0.5378 1.0000
vt 5.3704 0.5378 1.0000
vt 6.2843 0.5378 1.0000
vt 7.1877 0.5378 1.0000
vt 8.0398 0.5378 1.0000
vt 8.9344 0.5378 1.0000
vt 9.9843 0.5378 1.0000
vt 11.0039 0.5378 1.0000
vt 11.9285 0.5378 1.0000
vt 12.8423 0.5378 1.0000
vt 13.7562 0.5378 1.0000
vt 14.6508 0.5378 1.0000
vt 15.4338 0.5378 1.0000
vt 16.1619 0.5378 1.0000
vt 17.0864 0.5378 1.0000
vt 18.4344 0.5378 1.0000
vt 19.4004 0.5378 1.0000
vt 20.3142 0.5378 1.0000
vt 21.2281 0.5378 1.0000
vt 22.0813 0.5378 1.0000
vt 22.5359 0.5378 1.0000
vt 22.8177 0.5378 1.0000
vt 0.2081 -4.3695 1.0000
vt -2.0659 -5.8261 1.0000
vt 21.9679 -5.8261 1.0000
vt 21.2560 -4.3695 1.0000
vt -1.0888 -3.0615 1.0000
vt -2.8379 -4.0820 1.0000
vt -1.7105 -4.0820 1.0000
vt 0.4747 -3.0615 1.0000
vt -1.5489 -2.3526 1.0000
vt 0.8180 -2.3526 1.0000
vt -0.3664 -1.1763 1.0000
vt 2.4884 -1.1763 1.0000
vt -4.0248 -2.5958 1.0000
vt -1.3714 -2.5958 1.0000
vt -3.4594 -1.2979 1.0000
vt -0.2777 -1.2979 1.0000
vt -4.9541 -1.2501 1.0000
vt -3.8868 -1.2501 1.0000
vt -4.7620 -0.6251 1.0000
vt -3.3904 -0.6251 1.0000
vt -4.5153 -0.0109 1.0000
vt -4.9088 -0.0109 1.0000
vt -4.4442 -0.0055 1.0000
vt -4.7394 -0.0055 1.0000
vt -3.8115 0.2599 1.0000
vt -4.5243 0.2599 1.0000
vt -3.7890 0.1300 1.0000
vt -4.4486 0.1300 1.0000
vt -2.9623 0.3957 1.0000
vt -3.8351 0.3957 1.0000
vt -2.9586 0.1979 1.0000
vt -3.8008 0.1979 1.0000
vt -2.0863 0.4234 1.0000
vt -2.9916 0.4234 1.0000
vt -2.0939 0.2117 1.0000
vt -2.9733 0.2117 1.0000
vt -1.2113 0.4234 1.0000
vt -2.1167 0.4234 1.0000
vt -1.2297 0.2117 1.0000
vt -2.1091 0.2117 1.0000
vt -0.3304 0.4286 1.0000
vt -1.2419 0.4286 1.0000
vt -0.3585 0.2143 1.0000
vt -1.2449 0.2143 1.0000
vt 0.6551 0.5201 1.0000
vt -0.3644 0.5201 1.0000
vt 0.6340 0.2601 1.0000
vt -0.3756 0.2601 1.0000
vt 1.6345 0.3585 1.0000
vt 0.6567 0.3585 1.0000
vt 1.6345 0.1793 1.0000
vt 0.6349 0.1793 1.0000
vt 2.6122 0.3585 1.0000
vt 2.6341 0.1793 1.0000
vt 3.5791 0.3585 1.0000
vt 3.6174 0.1793 1.0000
vt 4.4767 0.3585 1.0000
vt 4.4969 0.1793 1.0000
vt 5.3704 0.3585 1.0000
vt 5.3704 0.1793 1.0000
vt 6.2641 0.3585 1.0000
vt 6.2440 0.1793 1.0000
vt 7.1370 0.3585 1.0000
vt 7.0862 0.1793 1.0000
vt 7.9072 0.3585 1.0000
vt 7.7746 0.1793 1.0000
vt 8.7625 0.3585 1.0000
vt 8.5905 0.1793 1.0000
vt 9.9283 0.3585 1.0000
vt 9.8723 0.1793 1.0000
vt 11.0335 0.3585 1.0000
vt 11.0631 0.1793 1.0000
vt 11.9486 0.3585 1.0000
vt 11.9688 0.1793 1.0000
vt 12.8423 0.3585 1.0000
vt 12.8423 0.1793 1.0000
vt 13.7360 0.3585 1.0000
vt 13.7159 0.1793 1.0000
vt 14.5914 0.3585 1.0000
vt 14.5319 0.1793 1.0000
vt 15.2233 0.3585 1.0000
vt 15.0127 0.1793 1.0000
vt 15.7456 0.3585 1.0000
vt 15.3292 0.1793 1.0000
vt 16.6606 0.3585 1.0000
vt 16.2348 0.1793 1.0000
vt 18.4225 0.3585 1.0000
vt 18.4106 0.1793 1.0000
vt 19.4205 0.3585 1.0000
vt 19.4407 0.1793 1.0000
vt 20.3142 0.3585 1.0000
vt 20.3142 0.1793 1.0000
vt 21.2079 0.3585 1.0000
vt 21.1878 0.1793 1.0000
vt 21.9804 0.3585 1.0000
vt 21.8795 0.1793 1.0000
vt 21.9556 0.3585 1.0000
vt 21.3753 0.1793 1.0000
vt 21.5852 0.3585 1.0000
vt 20.3527 0.1793 1.0000
vt 2.4822 -2.9130 1.0000
vt 20.5441 -2.9130 1.0000
vt 4.7562 -1.4565 1.0000
vt 19.8321 -1.4565 1.0000
vt 0.6604 -2.0410 1.0000
vt 2.6599 -2.0410 1.0000
vt 2.4096 -1.0205 1.0000
vt 4.8451 -1.0205 1.0000
# 314 texture coords

g Cylinder002
usemtl wire_028028177
s 8
f 6094/2350/3956 6093/2349/3957 6092/2348/3957 6091/2347/3956 
f 6093/2349/3957 6096/2352/3958 6095/2351/3958 6092/2348/3957 
f 6096/2352/3958 6098/2354/3959 6097/2353/3959 6095/2351/3958 
f 6098/2354/3959 6100/2356/3960 6099/2355/3960 6097/2353/3959 
f 6100/2356/3960 6102/2358/3961 6101/2357/3961 6099/2355/3960 
f 6102/2358/3961 6104/2360/3962 6103/2359/3962 6101/2357/3961 
f 6104/2360/3962 6106/2362/3963 6105/2361/3963 6103/2359/3962 
f 6106/2362/3963 6108/2364/3964 6107/2363/3964 6105/2361/3963 
f 6108/2364/3964 6110/2366/3965 6109/2365/3965 6107/2363/3964 
f 6110/2366/3965 6112/2368/3966 6111/2367/3966 6109/2365/3965 
f 6112/2372/3966 6114/2371/3967 6113/2370/3967 6111/2369/3966 
f 6114/2371/3967 6116/2374/3968 6115/2373/3968 6113/2370/3967 
f 6116/2374/3968 6118/2376/3969 6117/2375/3969 6115/2373/3968 
f 6118/2376/3969 6120/2378/3970 6119/2377/3970 6117/2375/3969 
f 6120/2378/3970 6122/2380/3971 6121/2379/3971 6119/2377/3970 
f 6122/2380/3971 6124/2382/3972 6123/2381/3972 6121/2379/3971 
f 6124/2382/3972 6126/2384/3973 6125/2383/3973 6123/2381/3972 
f 6126/2384/3973 6128/2386/3974 6127/2385/3974 6125/2383/3973 
f 6128/2386/3974 6130/2388/3975 6129/2387/3975 6127/2385/3974 
f 6130/2388/3975 6132/2390/3976 6131/2389/3976 6129/2387/3975 
f 6132/2390/3976 6134/2392/3977 6133/2391/3977 6131/2389/3976 
f 6134/2392/3977 6136/2394/3978 6135/2393/3978 6133/2391/3977 
f 6136/2394/3978 6138/2396/3979 6137/2395/3979 6135/2393/3978 
f 6138/2396/3979 6140/2398/3980 6139/2397/3980 6137/2395/3979 
f 6140/2398/3980 6142/2400/3981 6141/2399/3981 6139/2397/3980 
f 6142/2400/3981 6144/2402/3982 6143/2401/3982 6141/2399/3981 
f 6144/2402/3982 6146/2404/3983 6145/2403/3983 6143/2401/3982 
f 6146/2404/3983 6148/2406/3984 6147/2405/3984 6145/2403/3983 
f 6148/2406/3984 6150/2408/3985 6149/2407/3985 6147/2405/3984 
f 6150/2408/3985 6152/2410/3986 6151/2409/3986 6149/2407/3985 
f 6152/2410/3986 6154/2412/3987 6153/2411/3987 6151/2409/3986 
f 6154/2412/3987 6156/2414/3988 6155/2413/3988 6153/2411/3987 
f 6156/2414/3988 6158/2416/3989 6157/2415/3989 6155/2413/3988 
f 6158/2416/3989 6160/2418/3990 6159/2417/3990 6157/2415/3989 
f 6160/2418/3990 6162/2420/3991 6161/2419/3991 6159/2417/3990 
f 6162/2420/3991 6164/2422/3992 6163/2421/3992 6161/2419/3991 
f 6164/2422/3992 6094/2350/3956 6091/2347/3956 6163/2421/3992 
s 1
f 6168/2426/3993 6167/2425/3993 6166/2424/3993 6165/2423/3993 
f 6168/2426/3993 6169/2427/3993 6167/2425/3993 
f 6172/2430/3993 6171/2429/3993 6170/2428/3993 6168/2426/3993 
f 6172/2430/3993 6173/2431/3993 6171/2429/3993 
f 6174/2432/3993 6172/2430/3993 6168/2426/3993 6165/2423/3993 
f 6177/2435/3993 6176/2434/3993 6175/2433/3993 6172/2430/3993 
f 6177/2435/3993 6178/2436/3993 6176/2434/3993 
f 6181/2439/3993 6180/2438/3993 6179/2437/3993 6177/2435/3993 
f 6181/2439/3993 6182/2440/3993 6180/2438/3993 
f 6174/2432/3993 6181/2439/3993 6177/2435/3993 6172/2430/3993 
f 6185/2443/3993 6184/2442/3993 6183/2441/3993 6181/2439/3993 
f 6185/2443/3993 6186/2444/3993 6184/2442/3993 
f 6189/2447/3993 6188/2446/3993 6187/2445/3993 6185/2443/3993 
f 6189/2447/3993 6190/2448/3993 6188/2446/3993 
f 6174/2432/3993 6189/2447/3993 6185/2443/3993 6181/2439/3993 
f 6193/2451/3993 6192/2450/3993 6191/2449/3993 6189/2447/3993 
f 6193/2451/3993 6194/2452/3993 6192/2450/3993 
f 6174/2432/3993 6196/2454/3993 6195/2453/3993 6193/2451/3993 
f 6174/2432/3993 6197/2455/3993 6196/2454/3993 
f 6174/2432/3993 6193/2451/3993 6189/2447/3993 
f 6165/2423/3993 6199/2457/3993 6198/2456/3993 6174/2432/3993 
f 6201/2459/3993 6200/2458/3993 6199/2457/3993 6165/2423/3993 
f 6102/2358/3994 6098/2354/3994 6096/2352/3994 6093/2349/3994 
f 6102/2358/3994 6100/2356/3994 6098/2354/3994 
f 6110/2366/3994 6106/2362/3994 6104/2360/3994 6102/2358/3994 
f 6110/2366/3994 6108/2364/3994 6106/2362/3994 
f 6158/2460/3994 6110/2366/3994 6102/2358/3994 6093/2349/3994 
f 6118/2462/3994 6114/2461/3994 6112/2368/3994 6110/2366/3994 
f 6118/2462/3994 6116/2463/3994 6114/2461/3994 
f 6126/2466/3994 6122/2465/3994 6120/2464/3994 6118/2462/3994 
f 6126/2466/3994 6124/2467/3994 6122/2465/3994 
f 6158/2460/3994 6126/2466/3994 6118/2462/3994 6110/2366/3994 
f 6134/2470/3994 6130/2469/3994 6128/2468/3994 6126/2466/3994 
f 6134/2470/3994 6132/2471/3994 6130/2469/3994 
f 6142/2474/3994 6138/2473/3994 6136/2472/3994 6134/2470/3994 
f 6142/2474/3994 6140/2475/3994 6138/2473/3994 
f 6158/2460/3994 6142/2474/3994 6134/2470/3994 6126/2466/3994 
f 6150/2478/3994 6146/2477/3994 6144/2476/3994 6142/2474/3994 
f 6150/2478/3994 6148/2479/3994 6146/2477/3994 
f 6158/2460/3994 6154/2481/3994 6152/2480/3994 6150/2478/3994 
f 6158/2460/3994 6156/2482/3994 6154/2481/3994 
f 6158/2460/3994 6150/2478/3994 6142/2474/3994 
f 6093/2349/3994 6162/2484/3994 6160/2483/3994 6158/2460/3994 
f 6094/2486/3994 6164/2485/3994 6162/2484/3994 6093/2349/3994 
s off
f 6203/2490/3995 6091/2489/3995 6092/2488/3995 6202/2487/3995 
f 6202/2494/3996 6092/2493/3996 6095/2492/3996 6204/2491/3996 
f 6204/2498/3997 6095/2497/3997 6097/2496/3997 6205/2495/3997 
f 6205/2502/3998 6097/2501/3998 6099/2500/3998 6206/2499/3998 
f 6206/2506/3999 6099/2505/3999 6101/2504/3999 6207/2503/3999 
f 6207/2510/4000 6101/2509/4000 6103/2508/4000 6208/2507/4000 
f 6208/2514/4001 6103/2513/4001 6105/2512/4001 6209/2511/4001 
f 6209/2518/4002 6105/2517/4002 6107/2516/4002 6210/2515/4002 
f 6210/2522/4003 6107/2521/4003 6109/2520/4003 6211/2519/4003 
f 6211/2526/4004 6109/2525/4004 6111/2524/4004 6212/2523/4004 
f 6212/2528/4005 6111/2369/4005 6113/2370/4005 6213/2527/4005 
f 6213/2527/4006 6113/2370/4006 6115/2373/4006 6214/2529/4006 
f 6214/2529/4007 6115/2373/4007 6117/2375/4007 6215/2530/4007 
f 6215/2530/4008 6117/2375/4008 6119/2377/4008 6216/2531/4008 
f 6216/2531/4009 6119/2377/4009 6121/2379/4009 6217/2532/4009 
f 6217/2532/4010 6121/2379/4010 6123/2381/4010 6218/2533/4010 
f 6218/2533/4011 6123/2381/4011 6125/2383/4011 6219/2534/4011 
f 6219/2534/4012 6125/2383/4012 6127/2385/4012 6220/2535/4012 
f 6220/2535/4013 6127/2385/4013 6129/2387/4013 6221/2536/4013 
f 6221/2536/4014 6129/2387/4014 6131/2389/4014 6222/2537/4014 
f 6222/2537/4015 6131/2389/4015 6133/2391/4015 6223/2538/4015 
f 6223/2538/4016 6133/2391/4016 6135/2393/4016 6224/2539/4016 
f 6224/2539/4017 6135/2393/4017 6137/2395/4017 6225/2540/4017 
f 6225/2540/4018 6137/2395/4018 6139/2397/4018 6226/2541/4018 
f 6226/2541/4019 6139/2397/4019 6141/2399/4019 6227/2542/4019 
f 6227/2542/4020 6141/2399/4020 6143/2401/4020 6228/2543/4020 
f 6228/2543/4021 6143/2401/4021 6145/2403/4021 6229/2544/4021 
f 6229/2544/4022 6145/2403/4022 6147/2405/4022 6230/2545/4022 
f 6230/2545/4023 6147/2405/4023 6149/2407/4023 6231/2546/4023 
f 6231/2546/4024 6149/2407/4024 6151/2409/4024 6232/2547/4024 
f 6232/2547/4025 6151/2409/4025 6153/2411/4025 6233/2548/4025 
f 6233/2548/4026 6153/2411/4026 6155/2413/4026 6234/2549/4026 
f 6234/2549/4027 6155/2413/4027 6157/2415/4027 6235/2550/4027 
f 6235/2550/4028 6157/2415/4028 6159/2417/4028 6236/2551/4028 
f 6236/2551/4029 6159/2417/4029 6161/2419/4029 6237/2552/4029 
f 6237/2556/4030 6161/2555/4030 6163/2554/4030 6238/2553/4030 
f 6238/2560/4031 6163/2559/4031 6091/2558/4031 6203/2557/4031 
f 6240/2562/4032 6203/2490/4032 6202/2487/4032 6239/2561/4032 
f 6242/2564/4033 6240/2562/4033 6239/2561/4033 6241/2563/4033 
f 6200/2458/4034 6242/2564/4034 6241/2563/4034 6199/2457/4034 
f 6239/2566/4035 6202/2494/4035 6204/2491/4035 6243/2565/4035 
f 6241/2568/4036 6239/2566/4036 6243/2565/4036 6244/2567/4036 
f 6199/2457/4037 6241/2568/4037 6244/2567/4037 6198/2456/4037 
f 6243/2570/4038 6204/2498/4038 6205/2495/4038 6245/2569/4038 
f 6244/2572/4039 6243/2570/4039 6245/2569/4039 6246/2571/4039 
f 6198/2456/4040 6244/2572/4040 6246/2571/4040 6174/2432/4040 
f 6245/2574/4041 6205/2502/4041 6206/2499/4041 6247/2573/4041 
f 6246/2576/4042 6245/2574/4042 6247/2573/4042 6248/2575/4042 
f 6174/2432/4043 6246/2576/4043 6248/2575/4043 6197/2455/4043 
f 6247/2578/4044 6206/2506/4044 6207/2503/4044 6249/2577/4044 
f 6248/2580/4045 6247/2578/4045 6249/2577/4045 6250/2579/4045 
f 6197/2455/4046 6248/2580/4046 6250/2579/4046 6196/2454/4046 
f 6249/2582/4047 6207/2510/4047 6208/2507/4047 6251/2581/4047 
f 6250/2584/4048 6249/2582/4048 6251/2581/4048 6252/2583/4048 
f 6196/2454/4049 6250/2584/4049 6252/2583/4049 6195/2453/4049 
f 6251/2586/4050 6208/2514/4050 6209/2511/4050 6253/2585/4050 
f 6252/2588/4051 6251/2586/4051 6253/2585/4051 6254/2587/4051 
f 6195/2453/4052 6252/2588/4052 6254/2587/4052 6193/2451/4052 
f 6253/2590/4053 6209/2518/4053 6210/2515/4053 6255/2589/4053 
f 6254/2592/4054 6253/2590/4054 6255/2589/4054 6256/2591/4054 
f 6193/2451/4055 6254/2592/4055 6256/2591/4055 6194/2452/4055 
f 6255/2594/4056 6210/2522/4056 6211/2519/4056 6257/2593/4056 
f 6256/2596/4057 6255/2594/4057 6257/2593/4057 6258/2595/4057 
f 6194/2452/4058 6256/2596/4058 6258/2595/4058 6192/2450/4058 
f 6257/2598/4059 6211/2526/4059 6212/2523/4059 6259/2597/4059 
f 6258/2600/4060 6257/2598/4060 6259/2597/4060 6260/2599/4060 
f 6192/2450/4061 6258/2600/4061 6260/2599/4061 6191/2449/4061 
f 6259/2602/4062 6212/2528/4062 6213/2527/4062 6261/2601/4062 
f 6260/2604/4063 6259/2602/4063 6261/2601/4063 6262/2603/4063 
f 6191/2449/4064 6260/2604/4064 6262/2603/4064 6189/2447/4064 
f 6261/2601/4065 6213/2527/4065 6214/2529/4065 6263/2605/4065 
f 6262/2603/4066 6261/2601/4066 6263/2605/4066 6264/2606/4066 
f 6189/2447/4067 6262/2603/4067 6264/2606/4067 6190/2448/4067 
f 6263/2605/4068 6214/2529/4068 6215/2530/4068 6265/2607/4068 
f 6264/2606/4069 6263/2605/4069 6265/2607/4069 6266/2608/4069 
f 6190/2448/4070 6264/2606/4070 6266/2608/4070 6188/2446/4070 
f 6265/2607/4071 6215/2530/4071 6216/2531/4071 6267/2609/4071 
f 6266/2608/4072 6265/2607/4072 6267/2609/4072 6268/2610/4072 
f 6188/2446/4073 6266/2608/4073 6268/2610/4073 6187/2445/4073 
f 6267/2609/4074 6216/2531/4074 6217/2532/4074 6269/2611/4074 
f 6268/2610/4075 6267/2609/4075 6269/2611/4075 6270/2612/4075 
f 6187/2445/4076 6268/2610/4076 6270/2612/4076 6185/2443/4076 
f 6269/2611/4077 6217/2532/4077 6218/2533/4077 6271/2613/4077 
f 6270/2612/4078 6269/2611/4078 6271/2613/4078 6272/2614/4078 
f 6185/2443/4079 6270/2612/4079 6272/2614/4079 6186/2444/4079 
f 6271/2613/4080 6218/2533/4080 6219/2534/4080 6273/2615/4080 
f 6272/2614/4081 6271/2613/4081 6273/2615/4081 6274/2616/4081 
f 6186/2444/4082 6272/2614/4082 6274/2616/4082 6184/2442/4082 
f 6273/2615/4083 6219/2534/4083 6220/2535/4083 6275/2617/4083 
f 6274/2616/4084 6273/2615/4084 6275/2617/4084 6276/2618/4084 
f 6184/2442/4085 6274/2616/4085 6276/2618/4085 6183/2441/4085 
f 6275/2617/4086 6220/2535/4086 6221/2536/4086 6277/2619/4086 
f 6276/2618/4087 6275/2617/4087 6277/2619/4087 6278/2620/4087 
f 6183/2441/4088 6276/2618/4088 6278/2620/4088 6181/2439/4088 
f 6277/2619/4089 6221/2536/4089 6222/2537/4089 6279/2621/4089 
f 6278/2620/4090 6277/2619/4090 6279/2621/4090 6280/2622/4090 
f 6181/2439/4091 6278/2620/4091 6280/2622/4091 6182/2440/4091 
f 6279/2621/4092 6222/2537/4092 6223/2538/4092 6281/2623/4092 
f 6280/2622/4093 6279/2621/4093 6281/2623/4093 6282/2624/4093 
f 6182/2440/4094 6280/2622/4094 6282/2624/4094 6180/2438/4094 
f 6281/2623/4095 6223/2538/4095 6224/2539/4095 6283/2625/4095 
f 6282/2624/4096 6281/2623/4096 6283/2625/4096 6284/2626/4096 
f 6180/2438/4097 6282/2624/4097 6284/2626/4097 6179/2437/4097 
f 6283/2625/4098 6224/2539/4098 6225/2540/4098 6285/2627/4098 
f 6284/2626/4099 6283/2625/4099 6285/2627/4099 6286/2628/4099 
f 6179/2437/4100 6284/2626/4100 6286/2628/4100 6177/2435/4100 
f 6285/2627/4101 6225/2540/4101 6226/2541/4101 6287/2629/4101 
f 6286/2628/4102 6285/2627/4102 6287/2629/4102 6288/2630/4102 
f 6177/2435/4103 6286/2628/4103 6288/2630/4103 6178/2436/4103 
f 6287/2629/4104 6226/2541/4104 6227/2542/4104 6289/2631/4104 
f 6288/2630/4105 6287/2629/4105 6289/2631/4105 6290/2632/4105 
f 6178/2436/4106 6288/2630/4106 6290/2632/4106 6176/2434/4106 
f 6289/2631/4107 6227/2542/4107 6228/2543/4107 6291/2633/4107 
f 6290/2632/4108 6289/2631/4108 6291/2633/4108 6292/2634/4108 
f 6176/2434/4109 6290/2632/4109 6292/2634/4109 6175/2433/4109 
f 6291/2633/4110 6228/2543/4110 6229/2544/4110 6293/2635/4110 
f 6292/2634/4111 6291/2633/4111 6293/2635/4111 6294/2636/4111 
f 6175/2433/4112 6292/2634/4112 6294/2636/4112 6172/2430/4112 
f 6293/2635/4113 6229/2544/4113 6230/2545/4113 6295/2637/4113 
f 6294/2636/4114 6293/2635/4114 6295/2637/4114 6296/2638/4114 
f 6172/2430/4115 6294/2636/4115 6296/2638/4115 6173/2431/4115 
f 6295/2637/4116 6230/2545/4116 6231/2546/4116 6297/2639/4116 
f 6296/2638/4117 6295/2637/4117 6297/2639/4117 6298/2640/4117 
f 6173/2431/4118 6296/2638/4118 6298/2640/4118 6171/2429/4118 
f 6297/2639/4119 6231/2546/4119 6232/2547/4119 6299/2641/4119 
f 6298/2640/4120 6297/2639/4120 6299/2641/4120 6300/2642/4120 
f 6171/2429/4121 6298/2640/4121 6300/2642/4121 6170/2428/4121 
f 6299/2641/4122 6232/2547/4122 6233/2548/4122 6301/2643/4122 
f 6300/2642/4123 6299/2641/4123 6301/2643/4123 6302/2644/4123 
f 6170/2428/4124 6300/2642/4124 6302/2644/4124 6168/2426/4124 
f 6301/2643/4125 6233/2548/4125 6234/2549/4125 6303/2645/4125 
f 6302/2644/4126 6301/2643/4126 6303/2645/4126 6304/2646/4126 
f 6168/2426/4127 6302/2644/4127 6304/2646/4127 6169/2427/4127 
f 6303/2645/4128 6234/2549/4128 6235/2550/4128 6305/2647/4128 
f 6304/2646/4129 6303/2645/4129 6305/2647/4129 6306/2648/4129 
f 6169/2427/4130 6304/2646/4130 6306/2648/4130 6167/2425/4130 
f 6305/2647/4131 6235/2550/4131 6236/2551/4131 6307/2649/4131 
f 6306/2648/4132 6305/2647/4132 6307/2649/4132 6308/2650/4132 
f 6167/2425/4133 6306/2648/4133 6308/2650/4133 6166/2424/4133 
f 6307/2649/4134 6236/2551/4134 6237/2552/4134 6309/2651/4134 
f 6308/2650/4135 6307/2649/4135 6309/2651/4135 6310/2652/4135 
f 6166/2424/4136 6308/2650/4136 6310/2652/4136 6165/2423/4136 
f 6309/2654/4137 6237/2556/4137 6238/2553/4137 6311/2653/4137 
f 6310/2656/4138 6309/2654/4138 6311/2653/4138 6312/2655/4138 
f 6165/2423/4139 6310/2656/4139 6312/2655/4139 6201/2459/4139 
f 6311/2658/4140 6238/2560/4140 6203/2557/4140 6240/2657/4140 
f 6312/2660/4141 6311/2658/4141 6240/2657/4141 6242/2659/4141 
f 6201/2459/4142 6312/2660/4142 6242/2659/4142 6200/2458/4142 
# 211 polygons - 18 triangles

#
# object Floor_Object002
#

v  -10076.8145 13.0000 -1636.6395
v  -9275.4063 13.0000 -1636.6395
v  -9275.4063 13.0000 -1770.7056
v  -10076.8145 13.0000 -1770.7056
v  -8478.7529 13.0000 -1636.6395
v  -8478.7529 13.0000 -1770.7056
v  -9273.2061 13.0000 -1770.7056
v  -9273.2061 13.0000 -1636.6395
v  -10077.8145 12.0000 -1771.7056
v  -9274.4063 12.0000 -1771.7056
v  -9274.4063 0.0000 -1771.7056
v  -10077.8145 0.0000 -1771.7056
v  -10077.8145 12.0000 -1635.6395
v  -10077.8145 0.0000 -1635.6395
v  -9274.4063 12.0000 -1635.6395
v  -9274.4063 0.0000 -1635.6395
v  -9274.2061 12.0000 -1635.6395
v  -9274.2061 12.0000 -1771.7056
v  -9274.2061 0.0000 -1771.7056
v  -9274.2061 0.0000 -1635.6395
v  -8477.7529 12.0000 -1635.6395
v  -8477.7529 0.0000 -1635.6395
v  -8477.7529 12.0000 -1771.7056
v  -8477.7529 0.0000 -1771.7056
# 24 vertices

vn 0.0000 1.0000 -0.0000
vn 0.0000 0.0000 -1.0000
vn -1.0000 0.0000 -0.0000
vn 0.0000 0.0000 1.0000
vn 1.0000 0.0000 -0.0000
vn 0.0000 0.7071 -0.7071
vn -0.7071 0.7071 -0.0000
vn 0.0000 0.7071 0.7071
vn 0.7071 0.7071 -0.0000
# 9 vertex normals

vt 0.0010 0.0010 13.0000
vt 0.9990 0.0010 13.0000
vt 0.9990 0.9990 13.0000
vt 0.0010 0.9990 13.0000
vt 0.5988 0.9990 13.0000
vt 0.5988 0.0010 13.0000
vt 0.0000 1.0000 12.0000
vt 1.0000 1.0000 12.0000
vt 1.0000 1.0000 0.0000
vt 0.0000 1.0000 0.0000
vt 0.0000 -0.0000 12.0000
vt 0.0000 -0.0000 0.0000
vt 1.0000 -0.0000 12.0000
vt 1.0000 -0.0000 0.0000
vt 0.0000 0.0000 12.0000
vt 0.0000 0.0000 0.0000
vt 0.5998 1.0000 12.0000
vt 0.5998 1.0000 0.0000
vt 0.5998 0.0000 12.0000
vt 0.5998 0.0000 0.0000
# 20 texture coords

g Floor_Object002
usemtl wire_028028177
s off
f 6313/2661/4143 6314/2662/4143 6315/2663/4143 6316/2664/4143 
f 6317/2665/4143 6318/2666/4143 6319/2661/4143 6320/2664/4143 
f 6321/2667/4144 6322/2668/4144 6323/2669/4144 6324/2670/4144 
f 6325/2671/4145 6321/2667/4145 6324/2670/4145 6326/2672/4145 
f 6327/2673/4146 6325/2671/4146 6326/2672/4146 6328/2674/4146 
f 6322/2668/4147 6327/2673/4147 6328/2674/4147 6323/2669/4147 
f 6329/2667/4145 6330/2675/4145 6331/2676/4145 6332/2670/4145 
f 6333/2677/4146 6329/2667/4146 6332/2670/4146 6334/2678/4146 
f 6335/2679/4147 6333/2677/4147 6334/2678/4147 6336/2680/4147 
f 6330/2675/4144 6335/2679/4144 6336/2680/4144 6331/2676/4144 
f 6316/2664/4148 6315/2663/4148 6322/2668/4148 6321/2667/4148 
f 6313/2661/4149 6316/2664/4149 6321/2667/4149 6325/2671/4149 
f 6314/2662/4150 6313/2661/4150 6325/2671/4150 6327/2673/4150 
f 6315/2663/4151 6314/2662/4151 6327/2673/4151 6322/2668/4151 
f 6320/2664/4149 6319/2661/4149 6330/2675/4149 6329/2667/4149 
f 6317/2665/4150 6320/2664/4150 6329/2667/4150 6333/2677/4150 
f 6318/2666/4151 6317/2665/4151 6333/2677/4151 6335/2679/4151 
f 6319/2661/4148 6318/2666/4148 6335/2679/4148 6330/2675/4148 
# 18 polygons

#
# object Box006
#

v  -9727.1094 2079.6401 -1734.9570
v  -9727.1094 2161.5547 -1734.9570
v  -8827.1094 2161.5547 -1734.9569
v  -8827.1094 2079.6401 -1734.9569
v  -10003.1094 1160.5300 -1734.9570
v  -10003.1094 2161.5547 -1734.9570
v  -9731.1094 1160.5300 -1734.9570
v  -9727.1094 2075.6401 -1730.9570
v  -9727.1094 2075.6401 -1646.4387
v  -9727.1094 1160.5300 -1646.4387
v  -9727.1094 1160.5300 -1730.9570
v  -10053.1094 2161.5547 -1734.9570
v  -10011.1094 2161.5547 -1734.9570
v  -10011.1094 1160.5300 -1734.9570
v  -10053.1094 1160.5300 -1734.9570
v  -8551.1094 2161.5547 -1734.9569
v  -8823.1094 1160.5300 -1734.9569
v  -8551.1094 1160.5300 -1734.9569
v  -8543.1094 2161.5547 -1734.9569
v  -8501.1094 2161.5547 -1734.9569
v  -8501.1094 1160.5300 -1734.9569
v  -8543.1094 1160.5300 -1734.9569
v  -8497.1094 2161.5547 -1730.9569
v  -8497.1094 2161.5547 -1646.4386
v  -8497.1094 1160.5300 -1646.4386
v  -8497.1094 1160.5300 -1730.9569
v  -9727.1094 12.7142 -1646.4387
v  -10003.1094 12.7142 -1646.4387
v  -10003.1094 12.7142 -1734.9570
v  -9727.1094 12.7142 -1734.9570
v  -8551.1094 12.7142 -1734.9569
v  -8551.1094 12.7142 -1646.4386
v  -8827.1094 12.7142 -1646.4386
v  -8827.1094 12.7142 -1734.9569
v  -9727.1094 57.5782 -1734.9570
v  -9727.1094 61.5782 -1646.4387
v  -9727.1094 61.5782 -1730.9570
v  -10053.1094 12.7142 -1734.9570
v  -10011.1094 12.7142 -1734.9570
v  -8827.1094 57.5782 -1734.9569
v  -8543.1094 12.7142 -1734.9569
v  -8501.1094 12.7142 -1734.9569
v  -8497.1094 12.7142 -1646.4386
v  -8497.1094 12.7142 -1730.9569
v  -9727.1094 59.0182 -1734.7970
v  -9727.1094 60.1383 -1734.3170
v  -9727.1094 61.4182 -1732.3970
v  -9727.1094 60.9382 -1733.5170
v  -10003.1094 2190.8181 -1734.9570
v  -9727.1094 2190.8181 -1734.9570
v  -10053.1094 2190.8181 -1734.9570
v  -10011.1094 2190.8181 -1734.9570
v  -10057.1094 2161.5547 -1646.4387
v  -10057.1094 2190.8181 -1646.4387
v  -10057.1094 2190.8181 -1730.9570
v  -10057.1094 2161.5547 -1730.9570
v  -8827.1094 2190.8181 -1734.9569
v  -8551.1094 2190.8181 -1734.9569
v  -8543.1094 2190.8181 -1734.9569
v  -8501.1094 2190.8181 -1734.9569
v  -10054.5498 2190.8181 -1734.7970
v  -10009.5098 2190.8181 -1734.9570
v  -10007.9092 2190.8181 -1734.9570
v  -10006.3096 2190.8181 -1734.9570
v  -10004.7090 2190.8181 -1734.9570
v  -10055.6689 2190.8181 -1734.3170
v  -10056.4697 2190.8181 -1733.5171
v  -10056.9492 2190.8181 -1732.3971
v  -8497.1094 2190.8181 -1646.4386
v  -8497.2695 2190.8181 -1732.3969
v  -8497.1094 2190.8181 -1730.9569
v  -8497.7490 2190.8181 -1733.5168
v  -8498.5488 2190.8181 -1734.3169
v  -8499.6699 2190.8181 -1734.7969
v  -8544.7090 2190.8181 -1734.9569
v  -8546.3096 2190.8181 -1734.9569
v  -8547.9092 2190.8181 -1734.9569
v  -8549.5098 2190.8181 -1734.9569
v  -10009.5098 1160.5300 -1734.9570
v  -10009.5098 2161.5547 -1734.9570
v  -8549.5098 1160.5300 -1734.9569
v  -8549.5098 2161.5547 -1734.9569
v  -8499.6699 1160.5300 -1734.7969
v  -8499.6699 2161.5547 -1734.7969
v  -9729.6689 1160.5300 -1734.7970
v  -9727.1094 2078.2002 -1734.7970
v  -8827.1094 2075.8003 -1732.3970
v  -8827.1094 2075.6401 -1730.9569
v  -9727.1094 2075.8003 -1732.3970
v  -10054.5498 2161.5547 -1734.7970
v  -10054.5498 1160.5300 -1734.7970
v  -8827.1094 2078.2002 -1734.7969
v  -8824.5488 1160.5300 -1734.7969
v  -10009.5098 12.7142 -1734.9570
v  -10009.5098 12.7142 -1646.4387
v  -10011.1094 12.7142 -1646.4387
v  -8549.5098 12.7142 -1734.9569
v  -8549.5098 12.7142 -1646.4386
v  -10004.7090 1160.5300 -1734.9570
v  -10004.7090 12.7142 -1734.9570
v  -10054.5498 12.7142 -1734.7970
v  -8827.1094 59.0182 -1734.7969
v  -8499.6699 12.7142 -1734.7969
v  -10004.7090 2161.5547 -1734.9570
v  -8544.7090 2161.5547 -1734.9569
v  -8497.2695 2161.5547 -1732.3969
v  -10007.9092 1160.5300 -1734.9570
v  -10007.9092 2161.5547 -1734.9570
v  -10006.3096 1160.5300 -1734.9570
v  -10006.3096 2161.5547 -1734.9570
v  -8547.9092 1160.5300 -1734.9569
v  -8547.9092 2161.5547 -1734.9569
v  -8546.3096 1160.5300 -1734.9569
v  -8546.3096 2161.5547 -1734.9569
v  -8544.7090 1160.5300 -1734.9569
v  -8498.5488 1160.5300 -1734.3169
v  -8498.5488 2161.5547 -1734.3169
v  -8497.7490 1160.5300 -1733.5168
v  -8497.7490 2161.5547 -1733.5170
v  -8497.2695 1160.5300 -1732.3969
v  -9728.5498 1160.5300 -1734.3170
v  -9727.1094 2077.0801 -1734.3170
v  -9727.7490 1160.5300 -1733.5170
v  -9727.1094 2076.2803 -1733.5170
v  -9727.2695 1160.5300 -1732.3970
v  -8827.1094 2076.2803 -1733.5170
v  -8827.1094 2077.0801 -1734.3169
v  -10055.6689 2161.5547 -1734.3170
v  -10055.6689 1160.5300 -1734.3170
v  -10056.4697 2161.5547 -1733.5171
v  -10056.4697 1160.5300 -1733.5171
v  -10056.9492 2161.5547 -1732.3970
v  -10056.9492 1160.5300 -1732.3971
v  -10057.1094 1160.5300 -1730.9570
v  -8825.6699 1160.5300 -1734.3169
v  -8826.4697 1160.5300 -1733.5170
v  -8826.9492 1160.5300 -1732.3970
v  -8827.1094 1160.5300 -1730.9569
v  -10007.9092 12.7142 -1734.9570
v  -10007.9092 12.7142 -1646.4387
v  -10006.3096 12.7142 -1734.9570
v  -10006.3096 12.7142 -1646.4387
v  -10004.7090 12.7142 -1646.4387
v  -8547.9092 12.7142 -1734.9569
v  -8547.9092 12.7142 -1646.4386
v  -8546.3096 12.7142 -1734.9569
v  -8546.3096 12.7142 -1646.4386
v  -8544.7090 12.7142 -1734.9569
v  -8544.7090 12.7142 -1646.4386
v  -8543.1094 12.7142 -1646.4386
v  -10055.6689 12.7142 -1734.3170
v  -10056.4697 12.7142 -1733.5171
v  -10056.9492 12.7142 -1732.3970
v  -10057.1094 12.7142 -1730.9570
v  -8827.1094 60.1383 -1734.3169
v  -8827.1094 60.9382 -1733.5170
v  -8827.1094 61.4182 -1732.3970
v  -8827.1094 61.5782 -1730.9569
v  -8498.5488 12.7142 -1734.3169
v  -8497.7490 12.7142 -1733.5168
v  -8497.2695 12.7142 -1732.3969
v  -8827.1094 2075.6401 -1646.4386
v  -10057.1094 1160.5300 -1646.4387
v  -8827.1094 1160.5300 -1646.4386
v  -10057.1094 12.7142 -1646.4387
v  -8827.1094 61.5782 -1646.4386
v  -9727.1094 2079.6401 -1635.8147
v  -8827.1094 2079.6401 -1635.8146
v  -8827.1094 2161.5547 -1635.8146
v  -9727.1094 2161.5547 -1635.8147
v  -10003.1094 1160.5300 -1635.8147
v  -9731.1094 1160.5300 -1635.8147
v  -10003.1094 2161.5547 -1635.8147
v  -9727.1094 2075.6401 -1639.8147
v  -9727.1094 1160.5300 -1639.8147
v  -10053.1094 2161.5547 -1635.8147
v  -10053.1094 1160.5300 -1635.8147
v  -10011.1094 1160.5300 -1635.8147
v  -10011.1094 2161.5547 -1635.8147
v  -8823.1094 1160.5300 -1635.8146
v  -8551.1094 1160.5300 -1635.8146
v  -8551.1094 2161.5547 -1635.8146
v  -8543.1094 2161.5547 -1635.8146
v  -8543.1094 1160.5300 -1635.8146
v  -8501.1094 1160.5300 -1635.8146
v  -8501.1094 2161.5547 -1635.8146
v  -8497.1094 2161.5547 -1639.8146
v  -8497.1094 1160.5300 -1639.8146
v  -9727.1094 12.7142 -1635.8147
v  -10003.1094 12.7142 -1635.8147
v  -8551.1094 12.7142 -1635.8146
v  -8827.1094 12.7142 -1635.8146
v  -9727.1094 57.5782 -1635.8147
v  -9727.1094 61.5782 -1639.8147
v  -10053.1094 12.7142 -1635.8147
v  -10011.1094 12.7142 -1635.8147
v  -8827.1094 57.5782 -1635.8146
v  -8543.1094 12.7142 -1635.8146
v  -8501.1094 12.7142 -1635.8146
v  -8497.1094 12.7142 -1639.8146
v  -9727.1094 61.4182 -1638.3746
v  -9727.1094 60.9382 -1637.2546
v  -9727.1094 60.1382 -1636.4547
v  -9727.1094 59.0182 -1635.9747
v  -9727.1094 2190.8181 -1635.8147
v  -10003.1094 2190.8181 -1635.8147
v  -10011.1094 2190.8181 -1635.8147
v  -10053.1094 2190.8181 -1635.8147
v  -10057.1094 2161.5547 -1639.8147
v  -10057.1094 2190.8181 -1639.8147
v  -8551.1094 2190.8181 -1635.8146
v  -8827.1094 2190.8181 -1635.8146
v  -8501.1094 2190.8181 -1635.8146
v  -8543.1094 2190.8181 -1635.8146
v  -8499.6699 2190.8181 -1635.9746
v  -8498.5488 2190.8181 -1636.4546
v  -8497.2695 2190.8181 -1638.3745
v  -8497.7490 2190.8181 -1637.2545
v  -10054.5498 2190.8181 -1635.9747
v  -8497.1094 2190.8181 -1639.8146
v  -10056.9492 2190.8181 -1638.3748
v  -10056.4697 2190.8181 -1637.2548
v  -10055.6689 2190.8181 -1636.4547
v  -8544.7090 2190.8181 -1635.8146
v  -8546.3096 2190.8181 -1635.8146
v  -8547.9092 2190.8181 -1635.8146
v  -8549.5098 2190.8181 -1635.8146
v  -10009.5098 2190.8181 -1635.8147
v  -10007.9092 2190.8181 -1635.8147
v  -10006.3096 2190.8181 -1635.8147
v  -10004.7090 2190.8181 -1635.8147
v  -10009.5098 1160.5300 -1635.8147
v  -10009.5098 2161.5547 -1635.8147
v  -8549.5098 1160.5300 -1635.8146
v  -8549.5098 2161.5547 -1635.8146
v  -8499.6699 1160.5300 -1635.9746
v  -8499.6699 2161.5547 -1635.9746
v  -9729.6689 1160.5300 -1635.9747
v  -9727.1094 2078.2002 -1635.9747
v  -8827.1094 2075.8003 -1638.3746
v  -9727.1094 2075.8003 -1638.3746
v  -8827.1094 2075.6401 -1639.8146
v  -10054.5498 2161.5547 -1635.9747
v  -10054.5498 1160.5300 -1635.9747
v  -8827.1094 2078.2002 -1635.9746
v  -8824.5488 1160.5300 -1635.9746
v  -10009.5098 12.7142 -1635.8147
v  -8549.5098 12.7142 -1635.8146
v  -10004.7090 1160.5300 -1635.8147
v  -10004.7090 12.7142 -1635.8147
v  -10054.5498 12.7142 -1635.9747
v  -8827.1094 59.0182 -1635.9746
v  -8499.6699 12.7142 -1635.9746
v  -10004.7090 2161.5547 -1635.8147
v  -8544.7090 2161.5547 -1635.8146
v  -8497.2695 2161.5547 -1638.3746
v  -10007.9092 1160.5300 -1635.8147
v  -10007.9092 2161.5547 -1635.8147
v  -10006.3096 1160.5300 -1635.8147
v  -10006.3096 2161.5547 -1635.8147
v  -8547.9092 1160.5300 -1635.8146
v  -8547.9092 2161.5547 -1635.8146
v  -8546.3096 1160.5300 -1635.8146
v  -8546.3096 2161.5547 -1635.8146
v  -8544.7090 1160.5300 -1635.8146
v  -8498.5488 1160.5300 -1636.4546
v  -8498.5488 2161.5547 -1636.4546
v  -8497.7490 1160.5300 -1637.2545
v  -8497.7490 2161.5547 -1637.2545
v  -8497.2695 1160.5300 -1638.3745
v  -9728.5498 1160.5300 -1636.4547
v  -9727.1094 2077.0801 -1636.4547
v  -9727.7490 1160.5300 -1637.2546
v  -9727.1094 2076.2803 -1637.2546
v  -9727.2695 1160.5300 -1638.3746
v  -8827.1094 2076.2803 -1637.2546
v  -8827.1094 2077.0801 -1636.4546
v  -10055.6689 2161.5547 -1636.4547
v  -10055.6689 1160.5300 -1636.4547
v  -10056.4697 2161.5547 -1637.2546
v  -10056.4697 1160.5300 -1637.2548
v  -10056.9492 2161.5547 -1638.3748
v  -10056.9492 1160.5300 -1638.3748
v  -10057.1094 1160.5300 -1639.8147
v  -8825.6699 1160.5300 -1636.4546
v  -8826.4697 1160.5300 -1637.2546
v  -8826.9492 1160.5300 -1638.3746
v  -8827.1094 1160.5300 -1639.8146
v  -10007.9092 12.7142 -1635.8147
v  -10006.3096 12.7142 -1635.8147
v  -8547.9092 12.7142 -1635.8146
v  -8546.3096 12.7142 -1635.8146
v  -8544.7090 12.7142 -1635.8146
v  -10055.6689 12.7142 -1636.4547
v  -10056.4697 12.7142 -1637.2548
v  -10056.9492 12.7142 -1638.3748
v  -10057.1094 12.7142 -1639.8147
v  -8827.1094 60.1382 -1636.4546
v  -8827.1094 60.9382 -1637.2546
v  -8827.1094 61.4182 -1638.3746
v  -8827.1094 61.5782 -1639.8146
v  -8498.5488 12.7142 -1636.4546
v  -8497.7490 12.7142 -1637.2545
v  -8497.2695 12.7142 -1638.3745
v  -9727.1094 2079.6401 -1636.0027
v  -9727.1094 2161.5547 -1636.0027
v  -8827.1094 2161.5547 -1636.0026
v  -8827.1094 2079.6401 -1636.0026
v  -10003.1094 1160.5300 -1636.0027
v  -10003.1094 2161.5547 -1636.0027
v  -9731.1094 1160.5300 -1636.0027
v  -9727.1094 2075.6401 -1632.0027
v  -9727.1094 2075.6401 -1607.2627
v  -9727.1094 1160.5300 -1607.2627
v  -9727.1094 1160.5300 -1632.0027
v  -10053.1094 2161.5547 -1636.0027
v  -10011.1094 2161.5547 -1636.0027
v  -10011.1094 1160.5300 -1636.0027
v  -10053.1094 1160.5300 -1636.0027
v  -8551.1094 2161.5547 -1636.0026
v  -8823.1094 1160.5300 -1636.0026
v  -8551.1094 1160.5300 -1636.0026
v  -8543.1094 2161.5547 -1636.0026
v  -8501.1094 2161.5547 -1636.0026
v  -8501.1094 1160.5300 -1636.0026
v  -8543.1094 1160.5300 -1636.0026
v  -8497.1094 2161.5547 -1632.0026
v  -8497.1094 2161.5547 -1607.2626
v  -8497.1094 1160.5300 -1607.2626
v  -8497.1094 1160.5300 -1632.0026
v  -9727.1094 12.7142 -1607.2627
v  -10003.1094 12.7142 -1607.2627
v  -10003.1094 12.7142 -1636.0027
v  -9727.1094 12.7142 -1636.0027
v  -8551.1094 12.7142 -1636.0026
v  -8551.1094 12.7142 -1607.2626
v  -8827.1094 12.7142 -1607.2626
v  -8827.1094 12.7142 -1636.0026
v  -9727.1094 57.5782 -1636.0027
v  -9727.1094 61.5782 -1607.2627
v  -9727.1094 61.5782 -1632.0027
v  -10053.1094 12.7142 -1636.0027
v  -10011.1094 12.7142 -1636.0027
v  -8827.1094 57.5782 -1636.0026
v  -8543.1094 12.7142 -1636.0026
v  -8501.1094 12.7142 -1636.0026
v  -8497.1094 12.7142 -1607.2626
v  -8497.1094 12.7142 -1632.0026
v  -9727.1094 59.0182 -1635.8427
v  -9727.1094 60.1383 -1635.3627
v  -9727.1094 61.4182 -1633.4426
v  -9727.1094 60.9382 -1634.5626
v  -10003.1094 2190.8181 -1636.0027
v  -9727.1094 2190.8181 -1636.0027
v  -10053.1094 2190.8181 -1636.0027
v  -10011.1094 2190.8181 -1636.0027
v  -10057.1094 2161.5547 -1607.2627
v  -10057.1094 2190.8181 -1607.2627
v  -10057.1094 2190.8181 -1632.0027
v  -10057.1094 2161.5547 -1632.0027
v  -8827.1094 2190.8181 -1636.0026
v  -8551.1094 2190.8181 -1636.0026
v  -8543.1094 2190.8181 -1636.0026
v  -8501.1094 2190.8181 -1636.0026
v  -10054.5498 2190.8181 -1635.8427
v  -10009.5098 2190.8181 -1636.0027
v  -10007.9092 2190.8181 -1636.0027
v  -10006.3096 2190.8181 -1636.0027
v  -10004.7090 2190.8181 -1636.0027
v  -10055.6689 2190.8181 -1635.3627
v  -10056.4697 2190.8181 -1634.5627
v  -10056.9492 2190.8181 -1633.4427
v  -8497.1094 2190.8181 -1607.2626
v  -8497.2695 2190.8181 -1633.4425
v  -8497.1094 2190.8181 -1632.0026
v  -8497.7490 2190.8181 -1634.5625
v  -8498.5488 2190.8181 -1635.3625
v  -8499.6699 2190.8181 -1635.8425
v  -8544.7090 2190.8181 -1636.0026
v  -8546.3096 2190.8181 -1636.0026
v  -8547.9092 2190.8181 -1636.0026
v  -8549.5098 2190.8181 -1636.0026
v  -10009.5098 1160.5300 -1636.0027
v  -10009.5098 2161.5547 -1636.0027
v  -8549.5098 1160.5300 -1636.0026
v  -8549.5098 2161.5547 -1636.0026
v  -8499.6699 1160.5300 -1635.8425
v  -8499.6699 2161.5547 -1635.8425
v  -9729.6689 1160.5300 -1635.8427
v  -9727.1094 2078.2002 -1635.8427
v  -8827.1094 2075.8003 -1633.4426
v  -8827.1094 2075.6401 -1632.0026
v  -9727.1094 2075.8003 -1633.4426
v  -10054.5498 2161.5547 -1635.8427
v  -10054.5498 1160.5300 -1635.8427
v  -8827.1094 2078.2002 -1635.8425
v  -8824.5488 1160.5300 -1635.8425
v  -10009.5098 12.7142 -1636.0027
v  -10009.5098 12.7142 -1607.2627
v  -10011.1094 12.7142 -1607.2627
v  -8549.5098 12.7142 -1636.0026
v  -8549.5098 12.7142 -1607.2626
v  -10004.7090 1160.5300 -1636.0027
v  -10004.7090 12.7142 -1636.0027
v  -10054.5498 12.7142 -1635.8427
v  -8827.1094 59.0182 -1635.8425
v  -8499.6699 12.7142 -1635.8425
v  -10004.7090 2161.5547 -1636.0027
v  -8544.7090 2161.5547 -1636.0026
v  -8497.2695 2161.5547 -1633.4425
v  -10007.9092 1160.5300 -1636.0027
v  -10007.9092 2161.5547 -1636.0027
v  -10006.3096 1160.5300 -1636.0027
v  -10006.3096 2161.5547 -1636.0027
v  -8547.9092 1160.5300 -1636.0026
v  -8547.9092 2161.5547 -1636.0026
v  -8546.3096 1160.5300 -1636.0026
v  -8546.3096 2161.5547 -1636.0026
v  -8544.7090 1160.5300 -1636.0026
v  -8498.5488 1160.5300 -1635.3625
v  -8498.5488 2161.5547 -1635.3625
v  -8497.7490 1160.5300 -1634.5625
v  -8497.7490 2161.5547 -1634.5626
v  -8497.2695 1160.5300 -1633.4425
v  -9728.5498 1160.5300 -1635.3627
v  -9727.1094 2077.0801 -1635.3627
v  -9727.7490 1160.5300 -1634.5626
v  -9727.1094 2076.2803 -1634.5626
v  -9727.2695 1160.5300 -1633.4426
v  -8827.1094 2076.2803 -1634.5626
v  -8827.1094 2077.0801 -1635.3625
v  -10055.6689 2161.5547 -1635.3627
v  -10055.6689 1160.5300 -1635.3627
v  -10056.4697 2161.5547 -1634.5627
v  -10056.4697 1160.5300 -1634.5627
v  -10056.9492 2161.5547 -1633.4426
v  -10056.9492 1160.5300 -1633.4427
v  -10057.1094 1160.5300 -1632.0027
v  -8825.6699 1160.5300 -1635.3625
v  -8826.4697 1160.5300 -1634.5626
v  -8826.9492 1160.5300 -1633.4426
v  -8827.1094 1160.5300 -1632.0026
v  -10007.9092 12.7142 -1636.0027
v  -10007.9092 12.7142 -1607.2627
v  -10006.3096 12.7142 -1636.0027
v  -10006.3096 12.7142 -1607.2627
v  -10004.7090 12.7142 -1607.2627
v  -8547.9092 12.7142 -1636.0026
v  -8547.9092 12.7142 -1607.2626
v  -8546.3096 12.7142 -1636.0026
v  -8546.3096 12.7142 -1607.2626
v  -8544.7090 12.7142 -1636.0026
v  -8544.7090 12.7142 -1607.2626
v  -8543.1094 12.7142 -1607.2626
v  -10055.6689 12.7142 -1635.3627
v  -10056.4697 12.7142 -1634.5627
v  -10056.9492 12.7142 -1633.4427
v  -10057.1094 12.7142 -1632.0027
v  -8827.1094 60.1383 -1635.3625
v  -8827.1094 60.9382 -1634.5626
v  -8827.1094 61.4182 -1633.4426
v  -8827.1094 61.5782 -1632.0026
v  -8498.5488 12.7142 -1635.3625
v  -8497.7490 12.7142 -1634.5625
v  -8497.2695 12.7142 -1633.4425
v  -8827.1094 2075.6401 -1607.2626
v  -10057.1094 1160.5300 -1607.2627
v  -8827.1094 1160.5300 -1607.2626
v  -10057.1094 12.7142 -1607.2627
v  -8827.1094 61.5782 -1607.2626
v  -9727.1094 2079.6401 -1596.6387
v  -8827.1094 2079.6401 -1596.6385
v  -8827.1094 2161.5547 -1596.6385
v  -9727.1094 2161.5547 -1596.6387
v  -10003.1094 1160.5300 -1596.6387
v  -9731.1094 1160.5300 -1596.6387
v  -10003.1094 2161.5547 -1596.6387
v  -9727.1094 2075.6401 -1600.6387
v  -9727.1094 1160.5300 -1600.6387
v  -10053.1094 2161.5547 -1596.6387
v  -10053.1094 1160.5300 -1596.6387
v  -10011.1094 1160.5300 -1596.6387
v  -10011.1094 2161.5547 -1596.6387
v  -8823.1094 1160.5300 -1596.6385
v  -8551.1094 1160.5300 -1596.6385
v  -8551.1094 2161.5547 -1596.6385
v  -8543.1094 2161.5547 -1596.6385
v  -8543.1094 1160.5300 -1596.6385
v  -8501.1094 1160.5300 -1596.6385
v  -8501.1094 2161.5547 -1596.6385
v  -8497.1094 2161.5547 -1600.6385
v  -8497.1094 1160.5300 -1600.6385
v  -9727.1094 12.7142 -1596.6387
v  -10003.1094 12.7142 -1596.6387
v  -8551.1094 12.7142 -1596.6385
v  -8827.1094 12.7142 -1596.6385
v  -9727.1094 57.5782 -1596.6387
v  -9727.1094 61.5782 -1600.6387
v  -10053.1094 12.7142 -1596.6387
v  -10011.1094 12.7142 -1596.6387
v  -8827.1094 57.5782 -1596.6385
v  -8543.1094 12.7142 -1596.6385
v  -8501.1094 12.7142 -1596.6385
v  -8497.1094 12.7142 -1600.6385
v  -9727.1094 61.4182 -1599.1986
v  -9727.1094 60.9382 -1598.0786
v  -9727.1094 60.1382 -1597.2787
v  -9727.1094 59.0182 -1596.7987
v  -9727.1094 2190.8181 -1596.6387
v  -10003.1094 2190.8181 -1596.6387
v  -10011.1094 2190.8181 -1596.6387
v  -10053.1094 2190.8181 -1596.6387
v  -10057.1094 2161.5547 -1600.6387
v  -10057.1094 2190.8181 -1600.6387
v  -8551.1094 2190.8181 -1596.6385
v  -8827.1094 2190.8181 -1596.6385
v  -8501.1094 2190.8181 -1596.6385
v  -8543.1094 2190.8181 -1596.6385
v  -8499.6699 2190.8181 -1596.7986
v  -8498.5488 2190.8181 -1597.2786
v  -8497.2695 2190.8181 -1599.1985
v  -8497.7490 2190.8181 -1598.0785
v  -10054.5498 2190.8181 -1596.7987
v  -8497.1094 2190.8181 -1600.6385
v  -10056.9492 2190.8181 -1599.1987
v  -10056.4697 2190.8181 -1598.0787
v  -10055.6689 2190.8181 -1597.2787
v  -8544.7090 2190.8181 -1596.6385
v  -8546.3096 2190.8181 -1596.6385
v  -8547.9092 2190.8181 -1596.6385
v  -8549.5098 2190.8181 -1596.6385
v  -10009.5098 2190.8181 -1596.6387
v  -10007.9092 2190.8181 -1596.6387
v  -10006.3096 2190.8181 -1596.6387
v  -10004.7090 2190.8181 -1596.6387
v  -10009.5098 1160.5300 -1596.6387
v  -10009.5098 2161.5547 -1596.6387
v  -8549.5098 1160.5300 -1596.6385
v  -8549.5098 2161.5547 -1596.6385
v  -8499.6699 1160.5300 -1596.7986
v  -8499.6699 2161.5547 -1596.7986
v  -9729.6689 1160.5300 -1596.7987
v  -9727.1094 2078.2002 -1596.7987
v  -8827.1094 2075.8003 -1599.1986
v  -9727.1094 2075.8003 -1599.1986
v  -8827.1094 2075.6401 -1600.6385
v  -10054.5498 2161.5547 -1596.7987
v  -10054.5498 1160.5300 -1596.7987
v  -8827.1094 2078.2002 -1596.7986
v  -8824.5488 1160.5300 -1596.7986
v  -10009.5098 12.7142 -1596.6387
v  -8549.5098 12.7142 -1596.6385
v  -10004.7090 1160.5300 -1596.6387
v  -10004.7090 12.7142 -1596.6387
v  -10054.5498 12.7142 -1596.7987
v  -8827.1094 59.0182 -1596.7986
v  -8499.6699 12.7142 -1596.7986
v  -10004.7090 2161.5547 -1596.6387
v  -8544.7090 2161.5547 -1596.6385
v  -8497.2695 2161.5547 -1599.1986
v  -10007.9092 1160.5300 -1596.6387
v  -10007.9092 2161.5547 -1596.6387
v  -10006.3096 1160.5300 -1596.6387
v  -10006.3096 2161.5547 -1596.6387
v  -8547.9092 1160.5300 -1596.6385
v  -8547.9092 2161.5547 -1596.6385
v  -8546.3096 1160.5300 -1596.6385
v  -8546.3096 2161.5547 -1596.6385
v  -8544.7090 1160.5300 -1596.6385
v  -8498.5488 1160.5300 -1597.2786
v  -8498.5488 2161.5547 -1597.2786
v  -8497.7490 1160.5300 -1598.0785
v  -8497.7490 2161.5547 -1598.0785
v  -8497.2695 1160.5300 -1599.1985
v  -9728.5498 1160.5300 -1597.2787
v  -9727.1094 2077.0801 -1597.2787
v  -9727.7490 1160.5300 -1598.0786
v  -9727.1094 2076.2803 -1598.0786
v  -9727.2695 1160.5300 -1599.1986
v  -8827.1094 2076.2803 -1598.0786
v  -8827.1094 2077.0801 -1597.2786
v  -10055.6689 2161.5547 -1597.2787
v  -10055.6689 1160.5300 -1597.2787
v  -10056.4697 2161.5547 -1598.0786
v  -10056.4697 1160.5300 -1598.0787
v  -10056.9492 2161.5547 -1599.1987
v  -10056.9492 1160.5300 -1599.1987
v  -10057.1094 1160.5300 -1600.6387
v  -8825.6699 1160.5300 -1597.2786
v  -8826.4697 1160.5300 -1598.0786
v  -8826.9492 1160.5300 -1599.1986
v  -8827.1094 1160.5300 -1600.6385
v  -10007.9092 12.7142 -1596.6387
v  -10006.3096 12.7142 -1596.6387
v  -8547.9092 12.7142 -1596.6385
v  -8546.3096 12.7142 -1596.6385
v  -8544.7090 12.7142 -1596.6385
v  -10055.6689 12.7142 -1597.2787
v  -10056.4697 12.7142 -1598.0787
v  -10056.9492 12.7142 -1599.1987
v  -10057.1094 12.7142 -1600.6387
v  -8827.1094 60.1382 -1597.2786
v  -8827.1094 60.9382 -1598.0786
v  -8827.1094 61.4182 -1599.1986
v  -8827.1094 61.5782 -1600.6385
v  -8498.5488 12.7142 -1597.2786
v  -8497.7490 12.7142 -1598.0786
v  -8497.2695 12.7142 -1599.1986
# 608 vertices

vn 0.0000 0.0000 -1.0000
vn 1.0000 0.0000 0.0000
vn 0.0000 -0.0000 -1.0000
vn -0.0000 -1.0000 0.0000
vn 0.0000 -1.0000 -0.0000
vn -0.0000 -0.0000 -1.0000
vn -0.0000 0.0000 -1.0000
vn -1.0000 0.0000 -0.0000
vn 0.0000 1.0000 -0.0000
vn 0.1104 0.0000 -0.9939
vn 0.2162 -0.0008 -0.9764
vn 0.0000 -0.9939 -0.1105
vn -0.1104 0.0000 -0.9939
vn -0.2162 -0.0008 -0.9763
vn 0.2163 0.0006 -0.9763
vn -0.1104 -0.0000 -0.9939
vn -0.2163 0.0006 -0.9763
vn -0.1105 0.0000 -0.9939
vn 0.9939 -0.0000 -0.1105
vn 0.3939 0.0000 -0.9192
vn 0.7071 -0.0000 -0.7071
vn 0.9192 0.0000 -0.3939
vn 0.9939 0.0000 -0.1105
vn 0.6500 -0.0014 -0.7600
vn 0.8942 -0.0010 -0.4476
vn 0.9778 -0.0004 -0.2096
vn 0.9985 -0.0001 -0.0555
vn 0.0000 -0.9192 -0.3939
vn 0.0000 -0.7071 -0.7071
vn 0.0000 -0.3939 -0.9192
vn 0.0000 -0.1104 -0.9939
vn -0.3939 0.0000 -0.9191
vn -0.7071 -0.0000 -0.7071
vn -0.9192 0.0000 -0.3939
vn -0.9939 0.0000 -0.1105
vn -0.6499 -0.0014 -0.7600
vn -0.8942 -0.0010 -0.4476
vn -0.9778 -0.0004 -0.2096
vn -0.9985 -0.0001 -0.0555
vn 0.6501 0.0012 -0.7598
vn 0.8943 0.0008 -0.4475
vn 0.9778 0.0004 -0.2096
vn 0.9985 0.0001 -0.0555
vn -0.3939 -0.0000 -0.9191
vn -0.9192 -0.0000 -0.3939
vn -0.9939 -0.0000 -0.1105
vn -0.6501 0.0012 -0.7599
vn -0.8943 0.0008 -0.4475
vn -0.9778 0.0004 -0.2096
vn -0.9985 0.0001 -0.0555
vn 0.7071 0.0000 -0.7071
vn -0.3939 0.0000 -0.9192
vn -0.7071 0.0000 -0.7071
vn 0.1105 0.0000 -0.9939
vn -0.0000 0.0000 1.0000
vn -0.0000 -0.0000 1.0000
vn 0.0000 0.0000 1.0000
vn 0.0000 -0.0000 1.0000
vn 0.1104 0.0000 0.9939
vn 0.2162 -0.0008 0.9764
vn -0.0000 -0.9939 0.1105
vn -0.1104 0.0000 0.9939
vn -0.2162 -0.0008 0.9763
vn 0.2163 0.0006 0.9763
vn -0.2163 0.0006 0.9763
vn -0.1105 0.0000 0.9939
vn 0.9939 -0.0000 0.1105
vn 0.3939 0.0000 0.9192
vn 0.7071 -0.0000 0.7071
vn 0.9192 0.0000 0.3939
vn 0.9939 0.0000 0.1105
vn 0.6500 -0.0014 0.7600
vn 0.8942 -0.0010 0.4476
vn 0.9778 -0.0004 0.2096
vn 0.9985 -0.0001 0.0555
vn -0.0000 -0.9192 0.3939
vn -0.0000 -0.7071 0.7071
vn -0.0000 -0.3939 0.9192
vn -0.0000 -0.1104 0.9939
vn -0.3939 0.0000 0.9191
vn -0.7071 -0.0000 0.7071
vn -0.9192 0.0000 0.3939
vn -0.9939 0.0000 0.1104
vn -0.6499 -0.0014 0.7600
vn -0.8942 -0.0010 0.4476
vn -0.9778 -0.0004 0.2096
vn -0.9985 -0.0001 0.0555
vn 0.6501 0.0012 0.7598
vn 0.8943 0.0008 0.4476
vn 0.9778 0.0004 0.2096
vn 0.9985 0.0001 0.0555
vn -0.9191 -0.0000 0.3939
vn -0.9939 -0.0000 0.1104
vn -0.6501 0.0012 0.7599
vn -0.8943 0.0008 0.4475
vn -0.9778 0.0004 0.2096
vn -0.9985 0.0001 0.0555
vn 0.7071 0.0000 0.7071
vn -0.3939 0.0000 0.9192
vn -0.7071 0.0000 0.7071
vn -0.9939 -0.0000 0.1105
vn 0.1105 0.0000 0.9939
vn 0.0000 -1.0000 0.0000
vn -0.0000 -1.0000 -0.0000
vn 0.2162 -0.0008 0.9763
vn -0.1104 -0.0000 0.9939
vn -0.3939 -0.0000 0.9191
vn 0.9192 -0.0000 0.3939
# 108 vertex normals

vt 1.1800 1.4607 0.3333
vt 1.1800 1.5766 0.3333
vt -0.1800 1.5766 0.3333
vt -0.1800 1.4607 0.3333
vt 0.5320 -1.9310 0.3333
vt 1.5658 -1.9310 0.3333
vt 1.5658 -1.7667 0.3333
vt 1.4511 -1.7667 0.3333
vt 0.5320 -1.7690 0.3333
vt 1.4471 0.3429 -1.7667
vt 1.4471 0.4405 -1.7667
vt 0.5320 0.4405 -1.7667
vt 0.5320 0.3429 -1.7667
vt 1.5658 -2.0867 0.3333
vt 1.5658 -1.9467 0.3333
vt 0.5320 -1.9467 0.3333
vt 0.5320 -2.0867 0.3333
vt 1.4511 2.7667 0.3333
vt 1.5658 2.7667 0.3333
vt 1.5658 2.9310 0.3333
vt 0.5320 2.7690 0.3333
vt 0.5320 2.9310 0.3333
vt 1.5658 2.9467 0.3333
vt 1.5658 3.0867 0.3333
vt 0.5320 3.0867 0.3333
vt 0.5320 2.9467 0.3333
vt 1.5658 0.3429 3.1000
vt 1.5658 0.4405 3.1000
vt 0.5320 0.4405 3.1000
vt 0.5320 0.3429 3.1000
vt 0.5595 -1.7667 -0.5658
vt 0.5595 -1.9310 -0.5658
vt 0.6667 -1.9310 -0.5658
vt 0.6667 -1.7667 -0.5658
vt 0.6667 2.9310 -0.5658
vt 0.5595 2.9310 -0.5658
vt 0.5595 2.7667 -0.5658
vt 0.6667 2.7667 -0.5658
vt -0.5210 -1.7667 0.3333
vt -0.5658 -1.7667 0.3333
vt -0.5658 -1.9310 0.3333
vt -0.5170 0.4405 -1.7667
vt -0.5170 0.3429 -1.7667
vt -0.5658 -2.0867 0.3333
vt -0.5658 -1.9467 0.3333
vt -0.5658 2.9310 0.3333
vt -0.5210 2.7667 0.3333
vt -0.5658 2.7667 0.3333
vt -0.5658 2.9467 0.3333
vt -0.5658 3.0867 0.3333
vt -0.5658 0.4405 3.1000
vt -0.5658 0.3429 3.1000
vt -0.5210 0.3333 -1.7667
vt -0.5195 0.3337 -1.7667
vt -0.5184 0.3349 -1.7667
vt -0.5171 0.3394 -1.7667
vt -0.5176 0.3368 -1.7667
vt -0.5658 0.4405 -1.7667
vt -0.5658 0.3333 -1.7667
vt -0.5658 0.4405 -2.1000
vt -0.5658 0.3429 -2.1000
vt 1.5609 -2.0855 0.3278
vt 1.5658 -1.9418 0.3333
vt 1.5658 -1.9378 0.3333
vt 1.5658 -1.9346 0.3333
vt 1.5658 -1.9323 0.3333
vt 1.5463 -2.0714 0.3111
vt 1.5220 -2.0444 0.2833
vt 1.4440 -1.9514 0.1943
vt 1.4879 -2.0044 0.2443
vt 0.1149 -0.3366 -1.3229
vt 1.5658 0.3477 3.0911
vt 1.5658 0.3700 3.0646
vt 1.5658 0.4097 3.0203
vt 1.5658 0.5413 2.8787
vt 1.5658 0.4668 2.9583
vt 1.5658 2.9418 0.3333
vt 1.5658 2.9378 0.3333
vt 1.5658 2.9346 0.3333
vt 1.5658 2.9323 0.3333
vt 0.5320 -1.9433 0.3333
vt 0.5320 -1.9464 0.3333
vt 1.5658 -1.9464 0.3333
vt 1.5658 -1.9433 0.3333
vt 0.5320 2.9341 0.3333
vt 1.5658 2.9341 0.3333
vt 0.5320 0.3404 3.1000
vt 0.5320 0.3398 3.1000
vt 1.5658 0.3398 3.1000
vt 1.5658 0.3404 3.1000
vt 0.5320 0.3339 -1.7667
vt 0.5319 0.3317 -1.7667
vt 1.4512 0.3379 -1.7667
vt 1.4504 0.3389 -1.7667
vt -0.1800 1.4534 0.3333
vt -0.1800 1.4516 0.3333
vt 1.1800 1.4516 0.3333
vt 1.1800 1.4534 0.3333
vt -0.5658 0.3404 -2.1000
vt -0.5658 0.3398 -2.1000
vt 0.4680 0.3398 -2.1000
vt 0.4680 0.3404 -2.1000
vt -0.4504 0.3389 2.7667
vt -0.4512 0.3379 2.7667
vt 0.4681 0.3317 2.7667
vt 0.4680 0.3339 2.7667
vt 0.6667 -1.9725 -0.5658
vt 0.5595 -1.9814 -0.5658
vt 0.5595 -1.9942 -0.5658
vt 0.6667 -1.9829 -0.5658
vt 0.6680 2.9284 -0.5658
vt 0.5607 2.9282 -0.5658
vt 0.5610 2.9236 -0.5658
vt 0.6683 2.9238 -0.5658
vt 0.5320 -1.9341 0.3333
vt -0.5658 -1.9341 0.3333
vt -0.5204 0.3441 -1.7667
vt -0.5213 0.3445 -1.7667
vt 0.5320 0.3317 -1.7667
vt 1.5658 0.3398 -2.1000
vt 1.5658 0.3404 -2.1000
vt 0.4680 0.3317 2.7667
vt 1.5213 0.3445 2.7667
vt 1.5204 0.3441 2.7667
vt -0.5658 2.9341 0.3333
vt -0.5658 0.3404 3.1000
vt -0.5658 0.3398 3.1000
vt -0.5658 0.3459 -2.1000
vt -0.5658 0.3467 -2.1000
vt 1.5658 -1.9379 0.3333
vt 1.5658 -1.9357 0.3333
vt 1.5658 2.9222 0.3333
vt 1.5658 2.9200 0.3333
vt 1.5658 3.0897 0.3333
vt 1.5658 3.0905 0.3333
vt 0.5320 -1.9402 0.3333
vt 1.5658 -1.9402 0.3333
vt 0.5320 -1.9371 0.3333
vt 1.5658 -1.9371 0.3333
vt 0.5320 -1.9340 0.3333
vt 1.5658 -1.9340 0.3333
vt 0.5320 2.9373 0.3333
vt 1.5658 2.9373 0.3333
vt 0.5320 2.9404 0.3333
vt 1.5658 2.9404 0.3333
vt 0.5320 2.9435 0.3333
vt 1.5658 2.9435 0.3333
vt 0.5320 0.3410 3.1000
vt 1.5658 0.3410 3.1000
vt 0.5320 0.3416 3.1000
vt 1.5658 0.3416 3.1000
vt 0.5320 0.3422 3.1000
vt 1.5658 0.3422 3.1000
vt 0.5320 0.3361 -1.7667
vt 1.4496 0.3399 -1.7667
vt 0.5320 0.3384 -1.7667
vt 1.4488 0.3409 -1.7667
vt 0.5320 0.3406 -1.7667
vt 1.4479 0.3419 -1.7667
vt -0.1800 1.4553 0.3333
vt 1.1800 1.4553 0.3333
vt -0.1800 1.4571 0.3333
vt 1.1800 1.4571 0.3333
vt -0.1800 1.4589 0.3333
vt 1.1800 1.4589 0.3333
vt -0.5658 0.3410 -2.1000
vt 0.4680 0.3410 -2.1000
vt -0.5658 0.3416 -2.1000
vt 0.4680 0.3416 -2.1000
vt -0.5658 0.3422 -2.1000
vt 0.4680 0.3422 -2.1000
vt 0.4680 0.3429 -2.1000
vt -0.4496 0.3399 2.7667
vt 0.4680 0.3361 2.7667
vt -0.4488 0.3409 2.7667
vt 0.4680 0.3384 2.7667
vt -0.4479 0.3419 2.7667
vt 0.4680 0.3406 2.7667
vt -0.4471 0.3429 2.7667
vt 0.4680 0.3429 2.7667
vt 0.6667 -1.9621 -0.5658
vt 0.5595 -1.9687 -0.5658
vt 0.6667 -1.9517 -0.5658
vt 0.5595 -1.9561 -0.5658
vt 0.6667 -1.9413 -0.5658
vt 0.5595 -1.9435 -0.5658
vt 0.6676 2.9330 -0.5658
vt 0.5604 2.9328 -0.5658
vt 0.6673 2.9375 -0.5658
vt 0.5601 2.9374 -0.5658
vt 0.6670 2.9421 -0.5658
vt 0.5598 2.9420 -0.5658
vt 0.6667 2.9467 -0.5658
vt 0.5595 2.9467 -0.5658
vt 0.5320 -1.9373 0.3333
vt -0.5658 -1.9373 0.3333
vt 0.5320 -1.9404 0.3333
vt -0.5658 -1.9404 0.3333
vt 0.5320 -1.9435 0.3333
vt -0.5658 -1.9435 0.3333
vt -0.5195 0.3438 -1.7667
vt -0.5187 0.3435 -1.7667
vt -0.5178 0.3432 -1.7667
vt 1.5658 0.3410 -2.1000
vt 1.5658 0.3416 -2.1000
vt 1.5658 0.3422 -2.1000
vt 1.5658 0.3429 -2.1000
vt 1.5195 0.3438 2.7667
vt 1.5187 0.3435 2.7667
vt 1.5178 0.3432 2.7667
vt 1.5170 0.3429 2.7667
vt -0.5658 2.9373 0.3333
vt -0.5658 2.9404 0.3333
vt -0.5658 2.9435 0.3333
vt -0.5658 0.3410 3.1000
vt -0.5658 0.3416 3.1000
vt -0.5658 0.3422 3.1000
vt -0.5658 0.3451 -2.1000
vt -0.5658 0.3444 -2.1000
vt -0.5658 0.3436 -2.1000
vt 1.5658 -1.9401 0.3333
vt 1.5658 -1.9423 0.3333
vt 1.5658 -1.9445 0.3333
vt 1.5658 2.9244 0.3333
vt 1.5658 2.9266 0.3333
vt 1.5658 2.9288 0.3333
vt 1.5658 3.0890 0.3333
vt 1.5658 3.0882 0.3333
vt 1.5658 3.0874 0.3333
vt -0.1800 0.3429 1.4567
vt 1.1800 0.3429 1.4567
vt 1.1800 0.4405 1.4567
vt -0.1800 0.4405 1.4567
vt 0.4680 0.4405 -2.1000
vt 0.4680 0.4405 2.7667
vt -0.4471 0.4405 2.7667
vt 0.6571 -2.1000 -0.5658
vt 0.6606 -2.0995 -0.5658
vt 0.6632 -2.0979 -0.5658
vt 0.6663 -2.0915 -0.5658
vt 0.6651 -2.0952 -0.5658
vt 0.6667 -2.0867 -0.5658
vt 0.6667 -1.9467 -0.5658
vt 0.5595 -1.9467 -0.5658
vt 0.5595 -2.1000 -0.5658
vt 0.6667 3.0867 -0.5658
vt 0.6663 3.0915 -0.5658
vt 0.6571 3.1000 -0.5658
vt 0.6651 3.0952 -0.5658
vt 0.6632 3.0979 -0.5658
vt 0.6606 3.0995 -0.5658
vt 0.5595 3.1000 -0.5658
vt 1.5658 0.4405 -2.1000
vt 1.5170 0.4405 2.7667
vt 1.5171 0.3394 2.7667
vt 1.5176 0.3368 2.7667
vt 1.5195 0.3337 2.7667
vt 1.5184 0.3349 2.7667
vt 1.5210 0.3333 2.7667
vt 1.5658 0.3333 2.7667
vt 1.5658 0.4405 2.7667
# 261 texture coords

g Box006
usemtl wire_028028177
s 2
f 6337/2681/4152 6338/2682/4152 6339/2683/4152 6340/2684/4152 
s 8
f 6341/2685/4152 6342/2686/4152 6338/2687/4152 6337/2688/4152 
f 6341/2685/4152 6337/2688/4152 6343/2689/4152 
s 64
f 6344/2690/4153 6345/2691/4153 6346/2692/4153 6347/2693/4153 
s 8
f 6348/2694/4152 6349/2695/4152 6350/2696/4154 6351/2697/4154 
f 6340/2698/4152 6339/2699/4152 6352/2700/4152 6353/2701/4154 
f 6353/2701/4154 6352/2700/4152 6354/2702/4152 
f 6355/2703/4152 6356/2704/4152 6357/2705/4152 6358/2706/4152 
s off
f 6359/2707/4153 6360/2708/4153 6361/2709/4153 6362/2710/4153 
s 4
f 6363/2711/4155 6364/2712/4155 6365/2713/4156 6366/2714/4156 
f 6367/2715/4156 6368/2716/4155 6369/2717/4155 6370/2718/4156 
s 8
f 6341/2685/4152 6343/2689/4152 6371/2719/4152 6366/2720/4152 
f 6341/2685/4152 6366/2720/4152 6365/2721/4152 
s 64
f 6346/2692/4153 6372/2722/4153 6373/2723/4153 6347/2693/4153 
s 8
f 6374/2724/4157 6351/2697/4154 6350/2696/4154 6375/2725/4158 
f 6353/2701/4154 6354/2702/4152 6367/2726/4154 6376/2727/4154 
f 6367/2726/4154 6370/2728/4154 6376/2727/4154 
f 6377/2729/4152 6358/2706/4152 6357/2705/4152 6378/2730/4152 
s off
f 6361/2709/4153 6379/2731/4153 6380/2732/4153 6362/2710/4153 
f 6371/2733/4153 6381/2734/4153 6382/2735/4153 6383/2736/4153 
f 6382/2735/4153 6384/2737/4153 6383/2736/4153 
f 6383/2736/4153 6373/2723/4153 6372/2722/4153 6371/2733/4153 
f 6371/2733/4153 6372/2722/4153 6363/2738/4153 6366/2739/4153 
f 6338/2687/4152 6342/2686/4152 6385/2686/4152 6386/2687/4152 
f 6349/2695/4152 6348/2694/4152 6387/2694/4152 6388/2695/4152 
f 6389/2740/4159 6390/2740/4159 6391/2741/4159 6392/2741/4159 
f 6352/2700/4152 6339/2699/4152 6393/2699/4152 6394/2700/4152 
f 6356/2704/4152 6355/2703/4152 6395/2703/4152 6396/2704/4152 
f 6339/2683/4152 6338/2682/4152 6386/2682/4152 6393/2683/4152 
f 6388/2695/4160 6387/2694/4160 6397/2742/4160 6398/2743/4160 
f 6399/2744/4160 6398/2743/4160 6397/2742/4160 6400/2745/4160 
f 6401/2746/4160 6400/2745/4160 6397/2742/4160 6385/2686/4160 
f 6397/2742/4160 6402/2747/4160 6403/2748/4160 6391/2749/4160 
f 6403/2748/4160 6404/2750/4160 6391/2749/4160 
f 6391/2749/4160 6390/2751/4160 6405/2708/4160 6406/2752/4160 
f 6405/2708/4160 6407/2707/4160 6406/2752/4160 
f 6397/2742/4160 6391/2749/4160 6406/2752/4160 6395/2703/4160 
f 6406/2752/4160 6408/2753/4160 6409/2754/4160 6396/2755/4160 
f 6409/2754/4160 6410/2756/4160 6396/2755/4160 
f 6406/2752/4160 6396/2755/4160 6395/2703/4160 
f 6397/2742/4160 6395/2703/4160 6411/2757/4160 6412/2758/4160 
f 6397/2742/4160 6412/2758/4160 6413/2759/4160 6414/2760/4160 
f 6397/2742/4160 6414/2760/4160 6394/2700/4160 6393/2699/4160 
f 6397/2742/4160 6393/2699/4160 6386/2682/4160 6385/2686/4160 
s 8
f 6415/2761/4152 6350/2762/4154 6349/2763/4152 6416/2764/4152 
f 6417/2765/4152 6354/2702/4152 6352/2700/4152 6418/2766/4152 
s off
f 6419/2767/4161 6357/2768/4161 6356/2769/4161 6420/2770/4161 
f 6421/2771/4162 6343/2772/4162 6337/2773/4162 6422/2774/4162 
f 6423/2775/4163 6424/2776/4163 6344/2777/4163 6425/2778/4163 
f 6426/2779/4164 6348/2780/4164 6351/2781/4164 6427/2782/4164 
f 6428/2783/4165 6340/2784/4165 6353/2785/4165 6429/2786/4165 
f 6430/2787/4156 6431/2788/4156 6432/2789/4156 6375/2790/4156 
f 6433/2791/4156 6434/2792/4156 6368/2793/4156 6367/2794/4156 
s 8
f 6435/2795/4152 6341/2685/4152 6365/2721/4152 6436/2796/4152 
s off
f 6381/2797/4166 6371/2798/4166 6343/2799/4166 6421/2771/4166 
f 6427/2782/4167 6351/2781/4167 6374/2800/4167 6437/2801/4167 
f 6429/2786/4168 6353/2802/4168 6376/2803/4168 6438/2804/4168 
s 8
f 6433/2805/4152 6367/2726/4154 6354/2702/4152 6417/2765/4152 
s off
f 6439/2806/4161 6378/2807/4161 6357/2768/4161 6419/2767/4161 
f 6397/2808/4169 6387/2809/4169 6348/2809/4169 6426/2808/4169 
f 6401/2810/4152 6385/2811/4152 6342/2811/4152 6440/2810/4152 
f 6411/2812/4152 6395/2813/4152 6355/2813/4152 6441/2812/4152 
f 6406/2814/4170 6407/2815/4170 6359/2815/4170 6442/2814/4170 
s 8
f 6443/2816/4152 6415/2761/4152 6416/2764/4152 6444/2817/4152 
f 6445/2818/4152 6443/2816/4152 6444/2817/4152 6446/2819/4152 
f 6435/2820/4152 6445/2818/4152 6446/2819/4152 6440/2821/4152 
f 6341/2685/4152 6435/2820/4152 6440/2821/4152 6342/2686/4152 
f 6447/2822/4152 6417/2765/4152 6418/2766/4152 6448/2823/4152 
f 6449/2824/4152 6447/2822/4152 6448/2823/4152 6450/2825/4152 
f 6451/2826/4152 6449/2824/4152 6450/2825/4152 6441/2827/4152 
f 6358/2706/4152 6451/2826/4152 6441/2827/4152 6355/2703/4152 
s off
f 6452/2828/4171 6419/2767/4171 6420/2770/4171 6453/2829/4171 
f 6454/2830/4172 6452/2828/4172 6453/2829/4172 6455/2831/4172 
f 6456/2832/4173 6454/2830/4173 6455/2831/4173 6442/2833/4173 
f 6362/2710/4174 6456/2832/4174 6442/2833/4174 6359/2707/4174 
f 6457/2834/4175 6421/2771/4175 6422/2774/4175 6458/2835/4175 
f 6459/2836/4176 6457/2834/4176 6458/2835/4176 6460/2837/4176 
f 6461/2838/4177 6459/2836/4177 6460/2837/4177 6425/2839/4177 
f 6347/2693/4178 6461/2838/4178 6425/2839/4178 6344/2690/4178 
f 6462/2840/4179 6423/2775/4179 6425/2778/4179 6460/2841/4179 
f 6463/2842/4180 6462/2840/4180 6460/2841/4180 6458/2843/4180 
f 6428/2844/4181 6463/2842/4181 6458/2843/4181 6422/2845/4181 
f 6340/2684/4182 6428/2844/4182 6422/2845/4182 6337/2681/4182 
f 6464/2846/4183 6426/2779/4183 6427/2782/4183 6465/2847/4183 
f 6466/2848/4184 6464/2846/4184 6465/2847/4184 6467/2849/4184 
f 6468/2850/4185 6466/2848/4185 6467/2849/4185 6469/2851/4185 
f 6392/2741/4186 6468/2850/4186 6469/2851/4186 6470/2852/4186 
f 6463/2853/4187 6428/2783/4187 6429/2786/4187 6471/2854/4187 
f 6462/2855/4188 6463/2853/4188 6471/2854/4188 6472/2856/4188 
f 6423/2857/4189 6462/2855/4189 6472/2856/4189 6473/2858/4189 
f 6424/2859/4190 6423/2857/4190 6473/2858/4190 6474/2860/4190 
f 6475/2861/4156 6476/2862/4156 6431/2788/4156 6430/2787/4156 
f 6477/2863/4156 6478/2864/4156 6476/2862/4156 6475/2861/4156 
f 6436/2865/4156 6479/2866/4156 6478/2864/4156 6477/2863/4156 
f 6365/2713/4156 6364/2712/4156 6479/2866/4156 6436/2865/4156 
f 6480/2867/4156 6481/2868/4156 6434/2792/4156 6433/2791/4156 
f 6482/2869/4156 6483/2870/4156 6481/2868/4156 6480/2867/4156 
f 6484/2871/4156 6485/2872/4156 6483/2870/4156 6482/2869/4156 
f 6377/2873/4156 6486/2874/4156 6485/2872/4156 6484/2871/4156 
s 8
f 6445/2875/4152 6435/2795/4152 6436/2796/4152 6477/2876/4152 
f 6443/2877/4152 6445/2875/4152 6477/2876/4152 6475/2878/4152 
f 6415/2879/4152 6443/2877/4152 6475/2878/4152 6430/2880/4152 
f 6350/2696/4154 6415/2879/4152 6430/2880/4152 6375/2725/4158 
s off
f 6382/2881/4191 6381/2797/4191 6421/2771/4191 6457/2834/4191 
f 6384/2882/4192 6382/2881/4192 6457/2834/4192 6459/2836/4192 
f 6383/2883/4193 6384/2882/4193 6459/2836/4193 6461/2838/4193 
f 6373/2723/4194 6383/2883/4194 6461/2838/4194 6347/2693/4194 
f 6465/2847/4195 6427/2782/4195 6437/2801/4195 6487/2884/4195 
f 6467/2849/4184 6465/2847/4184 6487/2884/4184 6488/2885/4184 
f 6469/2851/4196 6467/2849/4196 6488/2885/4196 6489/2886/4196 
f 6470/2852/4197 6469/2851/4197 6489/2886/4197 6490/2887/4197 
f 6471/2854/4198 6429/2786/4198 6438/2804/4198 6491/2888/4198 
f 6472/2856/4199 6471/2854/4199 6491/2888/4199 6492/2889/4199 
f 6473/2858/4200 6472/2856/4200 6492/2889/4200 6493/2890/4200 
f 6474/2860/4201 6473/2858/4201 6493/2890/4201 6494/2891/4201 
s 8
f 6480/2892/4152 6433/2805/4152 6417/2765/4152 6447/2822/4152 
f 6482/2893/4152 6480/2892/4152 6447/2822/4152 6449/2824/4152 
f 6484/2894/4152 6482/2893/4152 6449/2824/4152 6451/2826/4152 
f 6377/2729/4152 6484/2894/4152 6451/2826/4152 6358/2706/4152 
s off
f 6495/2895/4171 6439/2806/4171 6419/2767/4171 6452/2828/4171 
f 6496/2896/4202 6495/2895/4202 6452/2828/4202 6454/2830/4202 
f 6497/2897/4173 6496/2896/4173 6454/2830/4173 6456/2832/4173 
f 6380/2732/4174 6497/2897/4174 6456/2832/4174 6362/2710/4174 
f 6402/2898/4203 6397/2808/4203 6426/2808/4203 6464/2898/4203 
f 6403/2899/4204 6402/2898/4204 6464/2898/4204 6466/2899/4204 
f 6404/2900/4185 6403/2899/4185 6466/2899/4185 6468/2900/4185 
f 6391/2741/4197 6404/2900/4197 6468/2900/4197 6392/2741/4197 
f 6400/2901/4152 6401/2810/4152 6440/2810/4152 6446/2901/4152 
f 6399/2902/4152 6400/2901/4152 6446/2901/4152 6444/2902/4152 
f 6398/2903/4152 6399/2902/4152 6444/2902/4152 6416/2903/4152 
f 6388/2695/4152 6398/2903/4152 6416/2903/4152 6349/2695/4152 
f 6412/2904/4152 6411/2812/4152 6441/2812/4152 6450/2904/4152 
f 6413/2905/4152 6412/2904/4152 6450/2904/4152 6448/2905/4152 
f 6414/2906/4152 6413/2905/4152 6448/2905/4152 6418/2906/4152 
f 6394/2700/4152 6414/2906/4152 6418/2906/4152 6352/2700/4152 
f 6408/2907/4173 6406/2814/4173 6442/2814/4173 6455/2907/4173 
f 6409/2908/4202 6408/2907/4202 6455/2907/4202 6453/2908/4202 
f 6410/2909/4171 6409/2908/4171 6453/2908/4171 6420/2909/4171 
f 6396/2704/4205 6410/2909/4205 6420/2909/4205 6356/2704/4205 
s 1
f 6344/2910/4156 6424/2911/4156 6498/2912/4156 6345/2913/4156 
s off
f 6392/2741/4159 6470/2852/4159 6499/2914/4159 6389/2740/4159 
s 64
f 6424/2859/4159 6474/2860/4159 6500/2915/4159 6498/2916/4159 
s off
f 6490/2917/4156 6489/2918/4156 6488/2919/4156 6437/2920/4156 
f 6488/2919/4156 6487/2921/4156 6437/2920/4156 
f 6437/2920/4156 6374/2922/4156 6375/2923/4156 6490/2917/4156 
f 6490/2917/4156 6375/2923/4156 6432/2924/4156 6501/2925/4156 
f 6377/2873/4156 6378/2926/4156 6439/2927/4156 6380/2928/4156 
f 6439/2927/4156 6495/2929/4156 6496/2930/4156 6380/2928/4156 
f 6496/2930/4156 6497/2931/4156 6380/2928/4156 
f 6377/2873/4156 6380/2928/4156 6379/2932/4156 6486/2874/4156 
f 6470/2852/4159 6490/2887/4159 6501/2933/4159 6499/2914/4159 
s 64
f 6474/2860/4159 6494/2891/4159 6502/2934/4159 6500/2915/4159 
s off
f 6494/2891/4159 6493/2935/4159 6492/2936/4159 6438/2937/4159 
f 6492/2936/4159 6491/2938/4159 6438/2937/4159 
f 6438/2937/4159 6376/2939/4159 6370/2940/4159 6494/2891/4159 
f 6494/2891/4159 6370/2940/4159 6369/2941/4159 6502/2934/4159 
f 6359/2707/4153 6407/2707/4153 6405/2708/4153 6360/2708/4153 
s 2
f 6503/2681/4206 6504/2684/4206 6505/2683/4206 6506/2682/4206 
s 8
f 6507/2685/4207 6508/2689/4207 6503/2688/4206 6506/2687/4206 
f 6507/2685/4207 6506/2687/4206 6509/2686/4206 
s 64
f 6510/2690/4153 6511/2693/4153 6346/2692/4153 6345/2691/4153 
s 8
f 6512/2694/4206 6513/2697/4206 6514/2696/4207 6515/2695/4206 
f 6516/2701/4206 6517/2702/4206 6518/2700/4206 6504/2698/4206 
f 6518/2700/4206 6505/2699/4206 6504/2698/4206 
f 6519/2703/4206 6520/2706/4206 6521/2705/4206 6522/2704/4206 
s off
f 6523/2707/4153 6524/2710/4153 6361/2709/4153 6360/2708/4153 
s 4
f 6363/2711/4155 6525/2714/4155 6526/2713/4155 6364/2712/4155 
f 6527/2715/4155 6528/2718/4155 6369/2717/4155 6368/2716/4155 
s 8
f 6507/2685/4207 6526/2721/4206 6525/2720/4208 6529/2719/4208 
f 6507/2685/4207 6529/2719/4208 6508/2689/4207 
s 64
f 6346/2692/4153 6511/2693/4153 6530/2723/4153 6372/2722/4153 
s 8
f 6531/2724/4209 6532/2725/4207 6514/2696/4207 6513/2697/4206 
f 6533/2727/4206 6528/2728/4206 6527/2726/4206 6516/2701/4206 
f 6516/2701/4206 6527/2726/4206 6517/2702/4206 
f 6534/2729/4206 6535/2730/4208 6521/2705/4206 6520/2706/4206 
s off
f 6361/2709/4153 6524/2710/4153 6536/2732/4153 6379/2731/4153 
f 6372/2722/4153 6530/2723/4153 6537/2736/4153 6529/2733/4153 
f 6537/2736/4153 6538/2737/4153 6539/2735/4153 6529/2733/4153 
f 6539/2735/4153 6540/2734/4153 6529/2733/4153 
f 6363/2738/4153 6372/2722/4153 6529/2733/4153 6525/2739/4153 
f 6506/2687/4206 6541/2687/4206 6542/2686/4206 6509/2686/4206 
f 6515/2695/4206 6543/2695/4206 6544/2694/4206 6512/2694/4206 
f 6389/2740/4159 6545/2741/4159 6546/2741/4159 6390/2740/4159 
f 6518/2700/4206 6547/2700/4206 6548/2699/4206 6505/2699/4206 
f 6522/2704/4206 6549/2704/4206 6550/2703/4206 6519/2703/4206 
f 6505/2683/4206 6548/2683/4206 6541/2682/4206 6506/2682/4206 
f 6549/2755/4160 6551/2756/4160 6552/2754/4160 6553/2752/4160 
f 6552/2754/4160 6554/2753/4160 6553/2752/4160 
f 6550/2703/4160 6549/2755/4160 6553/2752/4160 6555/2742/4160 
f 6553/2752/4160 6556/2707/4160 6405/2708/4160 6546/2749/4160 
f 6405/2708/4160 6390/2751/4160 6546/2749/4160 
f 6546/2749/4160 6557/2750/4160 6558/2748/4160 6555/2742/4160 
f 6558/2748/4160 6559/2747/4160 6555/2742/4160 
f 6553/2752/4160 6546/2749/4160 6555/2742/4160 
f 6560/2757/4160 6550/2703/4160 6555/2742/4160 6561/2758/4160 
f 6562/2759/4160 6561/2758/4160 6555/2742/4160 6563/2760/4160 
f 6547/2700/4160 6563/2760/4160 6555/2742/4160 6548/2699/4160 
f 6541/2682/4160 6548/2699/4160 6555/2742/4160 6542/2686/4160 
f 6555/2742/4160 6544/2694/4160 6543/2695/4160 6564/2743/4160 
f 6555/2742/4160 6564/2743/4160 6565/2744/4160 6566/2745/4160 
f 6555/2742/4160 6566/2745/4160 6567/2746/4160 6542/2686/4160 
s 8
f 6568/2761/4207 6569/2764/4206 6515/2763/4206 6514/2762/4207 
f 6570/2765/4206 6571/2766/4206 6518/2700/4206 6517/2702/4206 
s off
f 6572/2767/4210 6573/2770/4210 6522/2769/4210 6521/2768/4210 
f 6574/2771/4211 6575/2774/4211 6503/2773/4211 6508/2772/4211 
f 6576/2775/4212 6577/2778/4212 6510/2777/4212 6578/2776/4212 
f 6579/2779/4213 6580/2782/4213 6513/2781/4213 6512/2780/4213 
f 6581/2783/4214 6582/2786/4214 6516/2785/4214 6504/2784/4214 
f 6583/2787/4155 6532/2790/4155 6432/2789/4155 6431/2788/4155 
f 6584/2791/4155 6527/2794/4155 6368/2793/4155 6434/2792/4155 
s 8
f 6585/2795/4206 6586/2796/4206 6526/2721/4206 6507/2685/4207 
s off
f 6540/2797/4215 6574/2771/4215 6508/2799/4215 6529/2798/4215 
f 6580/2782/4213 6587/2801/4213 6531/2800/4213 6513/2781/4213 
f 6582/2786/4216 6588/2804/4216 6533/2803/4216 6516/2802/4216 
s 8
f 6584/2805/4206 6570/2765/4206 6517/2702/4206 6527/2726/4206 
s off
f 6589/2806/4210 6572/2767/4210 6521/2768/4210 6535/2807/4210 
f 6555/2808/4217 6579/2808/4217 6512/2809/4217 6544/2809/4217 
f 6567/2810/4206 6590/2810/4206 6509/2811/4206 6542/2811/4206 
f 6560/2812/4206 6591/2812/4206 6519/2813/4206 6550/2813/4206 
f 6553/2814/4218 6592/2814/4218 6523/2815/4218 6556/2815/4218 
s 8
f 6593/2816/4206 6594/2817/4206 6569/2764/4206 6568/2761/4207 
f 6595/2818/4206 6596/2819/4206 6594/2817/4206 6593/2816/4206 
f 6585/2820/4206 6590/2821/4206 6596/2819/4206 6595/2818/4206 
f 6507/2685/4207 6509/2686/4206 6590/2821/4206 6585/2820/4206 
f 6597/2822/4206 6598/2823/4206 6571/2766/4206 6570/2765/4206 
f 6599/2824/4206 6600/2825/4206 6598/2823/4206 6597/2822/4206 
f 6601/2826/4206 6591/2827/4206 6600/2825/4206 6599/2824/4206 
f 6520/2706/4206 6519/2703/4206 6591/2827/4206 6601/2826/4206 
s off
f 6602/2828/4219 6603/2829/4219 6573/2770/4219 6572/2767/4219 
f 6604/2830/4220 6605/2831/4220 6603/2829/4220 6602/2828/4220 
f 6606/2832/4221 6592/2833/4221 6605/2831/4221 6604/2830/4221 
f 6524/2710/4222 6523/2707/4222 6592/2833/4222 6606/2832/4222 
f 6607/2834/4223 6608/2835/4223 6575/2774/4223 6574/2771/4223 
f 6609/2836/4224 6610/2837/4224 6608/2835/4224 6607/2834/4224 
f 6611/2838/4225 6577/2839/4225 6610/2837/4225 6609/2836/4225 
f 6511/2693/4226 6510/2690/4226 6577/2839/4226 6611/2838/4226 
f 6612/2840/4227 6610/2841/4227 6577/2778/4227 6576/2775/4227 
f 6613/2842/4228 6608/2843/4228 6610/2841/4228 6612/2840/4228 
f 6581/2844/4229 6575/2845/4229 6608/2843/4229 6613/2842/4229 
f 6504/2684/4230 6503/2681/4230 6575/2845/4230 6581/2844/4230 
f 6614/2846/4231 6615/2847/4231 6580/2782/4231 6579/2779/4231 
f 6616/2848/4232 6617/2849/4232 6615/2847/4232 6614/2846/4232 
f 6618/2850/4233 6619/2851/4233 6617/2849/4233 6616/2848/4233 
f 6545/2741/4234 6620/2852/4234 6619/2851/4234 6618/2850/4234 
f 6613/2853/4235 6621/2854/4235 6582/2786/4235 6581/2783/4235 
f 6612/2855/4236 6622/2856/4236 6621/2854/4236 6613/2853/4236 
f 6576/2857/4237 6623/2858/4237 6622/2856/4237 6612/2855/4237 
f 6578/2859/4238 6624/2860/4238 6623/2858/4238 6576/2857/4238 
f 6625/2861/4155 6583/2787/4155 6431/2788/4155 6476/2862/4155 
f 6626/2863/4155 6625/2861/4155 6476/2862/4155 6478/2864/4155 
f 6586/2865/4155 6626/2863/4155 6478/2864/4155 6479/2866/4155 
f 6526/2713/4155 6586/2865/4155 6479/2866/4155 6364/2712/4155 
f 6627/2867/4155 6584/2791/4155 6434/2792/4155 6481/2868/4155 
f 6628/2869/4155 6627/2867/4155 6481/2868/4155 6483/2870/4155 
f 6629/2871/4155 6628/2869/4155 6483/2870/4155 6485/2872/4155 
f 6534/2873/4155 6629/2871/4155 6485/2872/4155 6486/2874/4155 
s 8
f 6595/2875/4206 6626/2876/4206 6586/2796/4206 6585/2795/4206 
f 6593/2877/4206 6625/2878/4207 6626/2876/4206 6595/2875/4206 
f 6568/2879/4207 6583/2880/4207 6625/2878/4207 6593/2877/4206 
f 6514/2696/4207 6532/2725/4207 6583/2880/4207 6568/2879/4207 
s off
f 6539/2881/4239 6607/2834/4239 6574/2771/4239 6540/2797/4239 
f 6538/2882/4240 6609/2836/4240 6607/2834/4240 6539/2881/4240 
f 6537/2883/4241 6611/2838/4241 6609/2836/4241 6538/2882/4241 
f 6530/2723/4242 6511/2693/4242 6611/2838/4242 6537/2883/4242 
f 6615/2847/4231 6630/2884/4231 6587/2801/4231 6580/2782/4231 
f 6617/2849/4232 6631/2885/4232 6630/2884/4232 6615/2847/4232 
f 6619/2851/4243 6632/2886/4243 6631/2885/4243 6617/2849/4243 
f 6620/2852/4244 6633/2887/4244 6632/2886/4244 6619/2851/4244 
f 6621/2854/4245 6634/2888/4245 6588/2804/4245 6582/2786/4245 
f 6622/2856/4246 6635/2889/4246 6634/2888/4246 6621/2854/4246 
f 6623/2858/4247 6636/2890/4247 6635/2889/4247 6622/2856/4247 
f 6624/2860/4248 6637/2891/4248 6636/2890/4248 6623/2858/4248 
s 8
f 6627/2892/4206 6597/2822/4206 6570/2765/4206 6584/2805/4206 
f 6628/2893/4206 6599/2824/4206 6597/2822/4206 6627/2892/4206 
f 6629/2894/4206 6601/2826/4206 6599/2824/4206 6628/2893/4206 
f 6534/2729/4206 6520/2706/4206 6601/2826/4206 6629/2894/4206 
s off
f 6638/2895/4219 6602/2828/4219 6572/2767/4219 6589/2806/4219 
f 6639/2896/4249 6604/2830/4249 6602/2828/4249 6638/2895/4249 
f 6640/2897/4221 6606/2832/4221 6604/2830/4221 6639/2896/4221 
f 6536/2732/4222 6524/2710/4222 6606/2832/4222 6640/2897/4222 
f 6559/2898/4250 6614/2898/4250 6579/2808/4250 6555/2808/4250 
f 6558/2899/4251 6616/2899/4251 6614/2898/4251 6559/2898/4251 
f 6557/2900/4233 6618/2900/4233 6616/2899/4233 6558/2899/4233 
f 6546/2741/4252 6545/2741/4252 6618/2900/4252 6557/2900/4252 
f 6566/2901/4206 6596/2901/4206 6590/2810/4206 6567/2810/4206 
f 6565/2902/4206 6594/2902/4206 6596/2901/4206 6566/2901/4206 
f 6564/2903/4206 6569/2903/4206 6594/2902/4206 6565/2902/4206 
f 6543/2695/4206 6515/2695/4206 6569/2903/4206 6564/2903/4206 
f 6561/2904/4206 6600/2904/4206 6591/2812/4206 6560/2812/4206 
f 6562/2905/4206 6598/2905/4206 6600/2904/4206 6561/2904/4206 
f 6563/2906/4206 6571/2906/4206 6598/2905/4206 6562/2905/4206 
f 6547/2700/4206 6518/2700/4206 6571/2906/4206 6563/2906/4206 
f 6554/2907/4221 6605/2907/4221 6592/2814/4221 6553/2814/4221 
f 6552/2908/4249 6603/2908/4249 6605/2907/4249 6554/2907/4249 
f 6551/2909/4219 6573/2909/4219 6603/2908/4219 6552/2908/4219 
f 6549/2704/4253 6522/2704/4253 6573/2909/4253 6551/2909/4253 
s 1
f 6510/2910/4156 6345/2913/4156 6498/2912/4156 6578/2911/4156 
s off
f 6545/2741/4159 6389/2740/4159 6499/2914/4159 6620/2852/4159 
s 64
f 6578/2859/4159 6498/2916/4159 6500/2915/4159 6624/2860/4159 
s off
f 6532/2923/4155 6531/2922/4155 6587/2920/4155 6633/2917/4155 
f 6587/2920/4254 6630/2921/4254 6631/2919/4254 6633/2917/4254 
f 6631/2919/4156 6632/2918/4156 6633/2917/4156 
f 6432/2924/4254 6532/2923/4254 6633/2917/4254 6501/2925/4254 
f 6536/2928/4255 6640/2931/4255 6639/2930/4255 6589/2927/4255 
f 6639/2930/4254 6638/2929/4254 6589/2927/4254 
f 6589/2927/4254 6535/2926/4254 6534/2873/4254 6536/2928/4254 
f 6379/2932/4155 6536/2928/4155 6534/2873/4155 6486/2874/4155 
f 6620/2852/4159 6499/2914/4159 6501/2933/4159 6633/2887/4159 
s 64
f 6624/2860/4159 6500/2915/4159 6502/2934/4159 6637/2891/4159 
s off
f 6528/2940/4159 6533/2939/4159 6588/2937/4159 6637/2891/4159 
f 6588/2937/4159 6634/2938/4159 6635/2936/4159 6637/2891/4159 
f 6635/2936/4159 6636/2935/4159 6637/2891/4159 
f 6369/2941/4159 6528/2940/4159 6637/2891/4159 6502/2934/4159 
f 6523/2707/4153 6360/2708/4153 6405/2708/4153 6556/2707/4153 
s 2
f 6641/2681/4152 6642/2682/4152 6643/2683/4152 6644/2684/4152 
s 8
f 6645/2685/4152 6646/2686/4152 6642/2687/4152 6641/2688/4152 
f 6645/2685/4152 6641/2688/4152 6647/2689/4152 
s 64
f 6648/2690/4153 6649/2691/4153 6650/2692/4153 6651/2693/4153 
s 8
f 6652/2694/4152 6653/2695/4152 6654/2696/4152 6655/2697/4152 
f 6644/2698/4152 6643/2699/4152 6656/2700/4152 6657/2701/4154 
f 6657/2701/4154 6656/2700/4152 6658/2702/4154 
f 6659/2703/4152 6660/2704/4152 6661/2705/4154 6662/2706/4154 
s off
f 6663/2707/4153 6664/2708/4153 6665/2709/4153 6666/2710/4153 
s 4
f 6667/2711/4156 6668/2712/4156 6669/2713/4156 6670/2714/4156 
f 6671/2715/4156 6672/2716/4156 6673/2717/4156 6674/2718/4156 
s 8
f 6645/2685/4152 6647/2689/4152 6675/2719/4157 6670/2720/4157 
f 6645/2685/4152 6670/2720/4157 6669/2721/4152 
s 64
f 6650/2692/4153 6676/2722/4153 6677/2723/4153 6651/2693/4153 
s 8
f 6678/2724/4158 6655/2697/4152 6654/2696/4152 6679/2725/4152 
f 6657/2701/4154 6658/2702/4154 6671/2726/4154 6680/2727/4154 
f 6671/2726/4154 6674/2728/4154 6680/2727/4154 
f 6681/2729/4154 6662/2706/4154 6661/2705/4154 6682/2730/4158 
s off
f 6665/2709/4153 6683/2731/4153 6684/2732/4153 6666/2710/4153 
f 6675/2733/4153 6685/2734/4153 6686/2735/4153 6687/2736/4153 
f 6686/2735/4153 6688/2737/4153 6687/2736/4153 
f 6687/2736/4153 6677/2723/4153 6676/2722/4153 6675/2733/4153 
f 6675/2733/4153 6676/2722/4153 6667/2738/4153 6670/2739/4153 
f 6642/2687/4152 6646/2686/4152 6689/2686/4152 6690/2687/4152 
f 6653/2695/4152 6652/2694/4152 6691/2694/4152 6692/2695/4152 
f 6693/2740/4159 6694/2740/4159 6695/2741/4159 6696/2741/4159 
f 6656/2700/4152 6643/2699/4152 6697/2699/4152 6698/2700/4152 
f 6660/2704/4152 6659/2703/4152 6699/2703/4152 6700/2704/4152 
f 6643/2683/4152 6642/2682/4152 6690/2682/4152 6697/2683/4152 
f 6692/2695/4160 6691/2694/4160 6701/2742/4160 6702/2743/4160 
f 6703/2744/4160 6702/2743/4160 6701/2742/4160 6704/2745/4160 
f 6705/2746/4160 6704/2745/4160 6701/2742/4160 6689/2686/4160 
f 6701/2742/4160 6706/2747/4160 6707/2748/4160 6695/2749/4160 
f 6707/2748/4160 6708/2750/4160 6695/2749/4160 
f 6695/2749/4160 6694/2751/4160 6709/2708/4160 6710/2752/4160 
f 6709/2708/4160 6711/2707/4160 6710/2752/4160 
f 6701/2742/4160 6695/2749/4160 6710/2752/4160 6699/2703/4160 
f 6710/2752/4160 6712/2753/4160 6713/2754/4160 6700/2755/4160 
f 6713/2754/4160 6714/2756/4160 6700/2755/4160 
f 6710/2752/4160 6700/2755/4160 6699/2703/4160 
f 6701/2742/4160 6699/2703/4160 6715/2757/4160 6716/2758/4160 
f 6701/2742/4160 6716/2758/4160 6717/2759/4160 6718/2760/4160 
f 6701/2742/4160 6718/2760/4160 6698/2700/4160 6697/2699/4160 
f 6701/2742/4160 6697/2699/4160 6690/2682/4160 6689/2686/4160 
s 8
f 6719/2761/4152 6654/2762/4152 6653/2763/4152 6720/2764/4152 
f 6721/2765/4154 6658/2702/4154 6656/2700/4152 6722/2766/4152 
s off
f 6723/2767/4161 6661/2768/4161 6660/2769/4161 6724/2770/4161 
f 6725/2771/4162 6647/2772/4162 6641/2773/4162 6726/2774/4162 
f 6727/2775/4163 6728/2776/4163 6648/2777/4163 6729/2778/4163 
f 6730/2779/4164 6652/2780/4164 6655/2781/4164 6731/2782/4164 
f 6732/2783/4165 6644/2784/4165 6657/2785/4165 6733/2786/4165 
f 6734/2787/4156 6735/2788/4156 6736/2789/4156 6679/2790/4156 
f 6737/2791/4156 6738/2792/4156 6672/2793/4156 6671/2794/4156 
s 8
f 6739/2795/4152 6645/2685/4152 6669/2721/4152 6740/2796/4152 
s off
f 6685/2797/4166 6675/2798/4166 6647/2799/4166 6725/2771/4166 
f 6731/2782/4164 6655/2781/4164 6678/2800/4164 6741/2801/4164 
f 6733/2786/4168 6657/2802/4168 6680/2803/4168 6742/2804/4168 
s 8
f 6737/2805/4154 6671/2726/4154 6658/2702/4154 6721/2765/4154 
s off
f 6743/2806/4161 6682/2807/4161 6661/2768/4161 6723/2767/4161 
f 6701/2808/4169 6691/2809/4169 6652/2809/4169 6730/2808/4169 
f 6705/2810/4152 6689/2811/4152 6646/2811/4152 6744/2810/4152 
f 6715/2812/4152 6699/2813/4152 6659/2813/4152 6745/2812/4152 
f 6710/2814/4170 6711/2815/4170 6663/2815/4170 6746/2814/4170 
s 8
f 6747/2816/4152 6719/2761/4152 6720/2764/4152 6748/2817/4152 
f 6749/2818/4152 6747/2816/4152 6748/2817/4152 6750/2819/4152 
f 6739/2820/4152 6749/2818/4152 6750/2819/4152 6744/2821/4152 
f 6645/2685/4152 6739/2820/4152 6744/2821/4152 6646/2686/4152 
f 6751/2822/4154 6721/2765/4154 6722/2766/4152 6752/2823/4152 
f 6753/2824/4154 6751/2822/4154 6752/2823/4152 6754/2825/4152 
f 6755/2826/4154 6753/2824/4154 6754/2825/4152 6745/2827/4152 
f 6662/2706/4154 6755/2826/4154 6745/2827/4152 6659/2703/4152 
s off
f 6756/2828/4171 6723/2767/4171 6724/2770/4171 6757/2829/4171 
f 6758/2830/4172 6756/2828/4172 6757/2829/4172 6759/2831/4172 
f 6760/2832/4173 6758/2830/4173 6759/2831/4173 6746/2833/4173 
f 6666/2710/4174 6760/2832/4174 6746/2833/4174 6663/2707/4174 
f 6761/2834/4175 6725/2771/4175 6726/2774/4175 6762/2835/4175 
f 6763/2836/4176 6761/2834/4176 6762/2835/4176 6764/2837/4176 
f 6765/2838/4177 6763/2836/4177 6764/2837/4177 6729/2839/4177 
f 6651/2693/4178 6765/2838/4178 6729/2839/4178 6648/2690/4178 
f 6766/2840/4179 6727/2775/4179 6729/2778/4179 6764/2841/4179 
f 6767/2842/4180 6766/2840/4180 6764/2841/4180 6762/2843/4180 
f 6732/2844/4181 6767/2842/4181 6762/2843/4181 6726/2845/4181 
f 6644/2684/4182 6732/2844/4182 6726/2845/4182 6641/2681/4182 
f 6768/2846/4183 6730/2779/4183 6731/2782/4183 6769/2847/4183 
f 6770/2848/4184 6768/2846/4184 6769/2847/4184 6771/2849/4184 
f 6772/2850/4185 6770/2848/4185 6771/2849/4185 6773/2851/4185 
f 6696/2741/4186 6772/2850/4186 6773/2851/4186 6774/2852/4186 
f 6767/2853/4187 6732/2783/4187 6733/2786/4187 6775/2854/4187 
f 6766/2855/4188 6767/2853/4188 6775/2854/4188 6776/2856/4188 
f 6727/2857/4189 6766/2855/4189 6776/2856/4189 6777/2858/4189 
f 6728/2859/4190 6727/2857/4190 6777/2858/4190 6778/2860/4190 
f 6779/2861/4156 6780/2862/4156 6735/2788/4156 6734/2787/4156 
f 6781/2863/4156 6782/2864/4156 6780/2862/4156 6779/2861/4156 
f 6740/2865/4156 6783/2866/4156 6782/2864/4156 6781/2863/4156 
f 6669/2713/4156 6668/2712/4156 6783/2866/4156 6740/2865/4156 
f 6784/2867/4156 6785/2868/4156 6738/2792/4156 6737/2791/4156 
f 6786/2869/4156 6787/2870/4156 6785/2868/4156 6784/2867/4156 
f 6788/2871/4156 6789/2872/4156 6787/2870/4156 6786/2869/4156 
f 6681/2873/4156 6790/2874/4156 6789/2872/4156 6788/2871/4156 
s 8
f 6749/2875/4152 6739/2795/4152 6740/2796/4152 6781/2876/4152 
f 6747/2877/4152 6749/2875/4152 6781/2876/4152 6779/2878/4152 
f 6719/2879/4152 6747/2877/4152 6779/2878/4152 6734/2880/4152 
f 6654/2696/4152 6719/2879/4152 6734/2880/4152 6679/2725/4152 
s off
f 6686/2881/4191 6685/2797/4191 6725/2771/4191 6761/2834/4191 
f 6688/2882/4192 6686/2881/4192 6761/2834/4192 6763/2836/4192 
f 6687/2883/4193 6688/2882/4193 6763/2836/4193 6765/2838/4193 
f 6677/2723/4194 6687/2883/4194 6765/2838/4194 6651/2693/4194 
f 6769/2847/4183 6731/2782/4183 6741/2801/4183 6791/2884/4183 
f 6771/2849/4204 6769/2847/4204 6791/2884/4204 6792/2885/4204 
f 6773/2851/4185 6771/2849/4185 6792/2885/4185 6793/2886/4185 
f 6774/2852/4186 6773/2851/4186 6793/2886/4186 6794/2887/4186 
f 6775/2854/4198 6733/2786/4198 6742/2804/4198 6795/2888/4198 
f 6776/2856/4199 6775/2854/4199 6795/2888/4199 6796/2889/4199 
f 6777/2858/4200 6776/2856/4200 6796/2889/4200 6797/2890/4200 
f 6778/2860/4201 6777/2858/4201 6797/2890/4201 6798/2891/4201 
s 8
f 6784/2892/4154 6737/2805/4154 6721/2765/4154 6751/2822/4154 
f 6786/2893/4154 6784/2892/4154 6751/2822/4154 6753/2824/4154 
f 6788/2894/4154 6786/2893/4154 6753/2824/4154 6755/2826/4154 
f 6681/2729/4154 6788/2894/4154 6755/2826/4154 6662/2706/4154 
s off
f 6799/2895/4171 6743/2806/4171 6723/2767/4171 6756/2828/4171 
f 6800/2896/4202 6799/2895/4202 6756/2828/4202 6758/2830/4202 
f 6801/2897/4173 6800/2896/4173 6758/2830/4173 6760/2832/4173 
f 6684/2732/4174 6801/2897/4174 6760/2832/4174 6666/2710/4174 
f 6706/2898/4203 6701/2808/4203 6730/2808/4203 6768/2898/4203 
f 6707/2899/4204 6706/2898/4204 6768/2898/4204 6770/2899/4204 
f 6708/2900/4185 6707/2899/4185 6770/2899/4185 6772/2900/4185 
f 6695/2741/4197 6708/2900/4197 6772/2900/4197 6696/2741/4197 
f 6704/2901/4152 6705/2810/4152 6744/2810/4152 6750/2901/4152 
f 6703/2902/4152 6704/2901/4152 6750/2901/4152 6748/2902/4152 
f 6702/2903/4152 6703/2902/4152 6748/2902/4152 6720/2903/4152 
f 6692/2695/4152 6702/2903/4152 6720/2903/4152 6653/2695/4152 
f 6716/2904/4152 6715/2812/4152 6745/2812/4152 6754/2904/4152 
f 6717/2905/4152 6716/2904/4152 6754/2904/4152 6752/2905/4152 
f 6718/2906/4152 6717/2905/4152 6752/2905/4152 6722/2906/4152 
f 6698/2700/4152 6718/2906/4152 6722/2906/4152 6656/2700/4152 
f 6712/2907/4173 6710/2814/4173 6746/2814/4173 6759/2907/4173 
f 6713/2908/4202 6712/2907/4202 6759/2907/4202 6757/2908/4202 
f 6714/2909/4171 6713/2908/4171 6757/2908/4171 6724/2909/4171 
f 6700/2704/4205 6714/2909/4205 6724/2909/4205 6660/2704/4205 
s 1
f 6648/2910/4156 6728/2911/4156 6802/2912/4156 6649/2913/4156 
s off
f 6696/2741/4159 6774/2852/4159 6803/2914/4159 6693/2740/4159 
s 64
f 6728/2859/4159 6778/2860/4159 6804/2915/4159 6802/2916/4159 
s off
f 6794/2917/4156 6793/2918/4156 6792/2919/4156 6741/2920/4156 
f 6792/2919/4156 6791/2921/4156 6741/2920/4156 
f 6741/2920/4156 6678/2922/4156 6679/2923/4156 6794/2917/4156 
f 6794/2917/4156 6679/2923/4156 6736/2924/4156 6805/2925/4156 
f 6681/2873/4156 6682/2926/4156 6743/2927/4156 6684/2928/4156 
f 6743/2927/4156 6799/2929/4156 6800/2930/4156 6684/2928/4156 
f 6800/2930/4156 6801/2931/4156 6684/2928/4156 
f 6681/2873/4156 6684/2928/4156 6683/2932/4156 6790/2874/4156 
f 6774/2852/4159 6794/2887/4159 6805/2933/4159 6803/2914/4159 
s 64
f 6778/2860/4159 6798/2891/4159 6806/2934/4159 6804/2915/4159 
s off
f 6798/2891/4159 6797/2935/4159 6796/2936/4159 6742/2937/4159 
f 6796/2936/4159 6795/2938/4159 6742/2937/4159 
f 6742/2937/4159 6680/2939/4159 6674/2940/4159 6798/2891/4159 
f 6798/2891/4159 6674/2940/4159 6673/2941/4159 6806/2934/4159 
f 6663/2707/4153 6711/2707/4153 6709/2708/4153 6664/2708/4153 
s 2
f 6807/2681/4206 6808/2684/4206 6809/2683/4206 6810/2682/4206 
s 8
f 6811/2685/4206 6812/2689/4206 6807/2688/4206 6810/2687/4206 
f 6811/2685/4206 6810/2687/4206 6813/2686/4206 
s 64
f 6814/2690/4153 6815/2693/4153 6650/2692/4153 6649/2691/4153 
s 8
f 6816/2694/4206 6817/2697/4207 6818/2696/4207 6819/2695/4206 
f 6820/2701/4206 6821/2702/4206 6822/2700/4206 6808/2698/4206 
f 6822/2700/4206 6809/2699/4206 6808/2698/4206 
f 6823/2703/4206 6824/2706/4206 6825/2705/4206 6826/2704/4206 
s off
f 6827/2707/4153 6828/2710/4153 6665/2709/4153 6664/2708/4153 
s 4
f 6667/2711/4156 6829/2714/4156 6830/2713/4156 6668/2712/4156 
f 6831/2715/4156 6832/2718/4156 6673/2717/4156 6672/2716/4156 
s 8
f 6811/2685/4206 6830/2721/4206 6829/2720/4206 6833/2719/4206 
f 6811/2685/4206 6833/2719/4206 6812/2689/4206 
s 64
f 6650/2692/4153 6815/2693/4153 6834/2723/4153 6676/2722/4153 
s 8
f 6835/2724/4207 6836/2725/4206 6818/2696/4207 6817/2697/4207 
f 6837/2727/4207 6832/2728/4207 6831/2726/4207 6820/2701/4206 
f 6820/2701/4206 6831/2726/4207 6821/2702/4206 
f 6838/2729/4206 6839/2730/4206 6825/2705/4206 6824/2706/4206 
s off
f 6665/2709/4153 6828/2710/4153 6840/2732/4153 6683/2731/4153 
f 6676/2722/4153 6834/2723/4153 6841/2736/4153 6833/2733/4153 
f 6841/2736/4153 6842/2737/4153 6843/2735/4153 6833/2733/4153 
f 6843/2735/4153 6844/2734/4153 6833/2733/4153 
f 6667/2738/4153 6676/2722/4153 6833/2733/4153 6829/2739/4153 
f 6810/2687/4206 6845/2687/4206 6846/2686/4206 6813/2686/4206 
f 6819/2695/4206 6847/2695/4206 6848/2694/4206 6816/2694/4206 
f 6693/2740/4159 6849/2741/4159 6850/2741/4159 6694/2740/4159 
f 6822/2700/4206 6851/2700/4206 6852/2699/4206 6809/2699/4206 
f 6826/2704/4206 6853/2704/4206 6854/2703/4206 6823/2703/4206 
f 6809/2683/4206 6852/2683/4206 6845/2682/4206 6810/2682/4206 
f 6853/2755/4160 6855/2756/4160 6856/2754/4160 6857/2752/4160 
f 6856/2754/4160 6858/2753/4160 6857/2752/4160 
f 6854/2703/4160 6853/2755/4160 6857/2752/4160 6859/2742/4160 
f 6857/2752/4160 6860/2707/4160 6709/2708/4160 6850/2749/4160 
f 6709/2708/4160 6694/2751/4160 6850/2749/4160 
f 6850/2749/4160 6861/2750/4160 6862/2748/4160 6859/2742/4160 
f 6862/2748/4160 6863/2747/4160 6859/2742/4160 
f 6857/2752/4160 6850/2749/4160 6859/2742/4160 
f 6864/2757/4160 6854/2703/4160 6859/2742/4160 6865/2758/4160 
f 6866/2759/4160 6865/2758/4160 6859/2742/4160 6867/2760/4160 
f 6851/2700/4160 6867/2760/4160 6859/2742/4160 6852/2699/4160 
f 6845/2682/4160 6852/2699/4160 6859/2742/4160 6846/2686/4160 
f 6859/2742/4160 6848/2694/4160 6847/2695/4160 6868/2743/4160 
f 6859/2742/4160 6868/2743/4160 6869/2744/4160 6870/2745/4160 
f 6859/2742/4160 6870/2745/4160 6871/2746/4160 6846/2686/4160 
s 8
f 6872/2761/4206 6873/2764/4206 6819/2763/4206 6818/2762/4207 
f 6874/2765/4206 6875/2766/4206 6822/2700/4206 6821/2702/4206 
s off
f 6876/2767/4210 6877/2770/4210 6826/2769/4210 6825/2768/4210 
f 6878/2771/4256 6879/2774/4256 6807/2773/4256 6812/2772/4256 
f 6880/2775/4212 6881/2778/4212 6814/2777/4212 6882/2776/4212 
f 6883/2779/4213 6884/2782/4213 6817/2781/4213 6816/2780/4213 
f 6885/2783/4214 6886/2786/4214 6820/2785/4214 6808/2784/4214 
f 6887/2787/4156 6836/2790/4156 6736/2789/4156 6735/2788/4156 
f 6888/2791/4156 6831/2794/4156 6672/2793/4156 6738/2792/4156 
s 8
f 6889/2795/4206 6890/2796/4206 6830/2721/4206 6811/2685/4206 
s off
f 6844/2797/4215 6878/2771/4215 6812/2799/4215 6833/2798/4215 
f 6884/2782/4257 6891/2801/4257 6835/2800/4257 6817/2781/4257 
f 6886/2786/4216 6892/2804/4216 6837/2803/4216 6820/2802/4216 
s 8
f 6888/2805/4206 6874/2765/4206 6821/2702/4206 6831/2726/4207 
s off
f 6893/2806/4210 6876/2767/4210 6825/2768/4210 6839/2807/4210 
f 6859/2808/4217 6883/2808/4217 6816/2809/4217 6848/2809/4217 
f 6871/2810/4206 6894/2810/4206 6813/2811/4206 6846/2811/4206 
f 6864/2812/4206 6895/2812/4206 6823/2813/4206 6854/2813/4206 
f 6857/2814/4218 6896/2814/4218 6827/2815/4218 6860/2815/4218 
s 8
f 6897/2816/4206 6898/2817/4206 6873/2764/4206 6872/2761/4206 
f 6899/2818/4206 6900/2819/4206 6898/2817/4206 6897/2816/4206 
f 6889/2820/4206 6894/2821/4206 6900/2819/4206 6899/2818/4206 
f 6811/2685/4206 6813/2686/4206 6894/2821/4206 6889/2820/4206 
f 6901/2822/4206 6902/2823/4206 6875/2766/4206 6874/2765/4206 
f 6903/2824/4206 6904/2825/4206 6902/2823/4206 6901/2822/4206 
f 6905/2826/4206 6895/2827/4206 6904/2825/4206 6903/2824/4206 
f 6824/2706/4206 6823/2703/4206 6895/2827/4206 6905/2826/4206 
s off
f 6906/2828/4219 6907/2829/4219 6877/2770/4219 6876/2767/4219 
f 6908/2830/4220 6909/2831/4220 6907/2829/4220 6906/2828/4220 
f 6910/2832/4221 6896/2833/4221 6909/2831/4221 6908/2830/4221 
f 6828/2710/4222 6827/2707/4222 6896/2833/4222 6910/2832/4222 
f 6911/2834/4223 6912/2835/4223 6879/2774/4223 6878/2771/4223 
f 6913/2836/4224 6914/2837/4224 6912/2835/4224 6911/2834/4224 
f 6915/2838/4225 6881/2839/4225 6914/2837/4225 6913/2836/4225 
f 6815/2693/4226 6814/2690/4226 6881/2839/4226 6915/2838/4226 
f 6916/2840/4227 6914/2841/4227 6881/2778/4227 6880/2775/4227 
f 6917/2842/4228 6912/2843/4228 6914/2841/4228 6916/2840/4228 
f 6885/2844/4229 6879/2845/4229 6912/2843/4229 6917/2842/4229 
f 6808/2684/4230 6807/2681/4230 6879/2845/4230 6885/2844/4230 
f 6918/2846/4231 6919/2847/4231 6884/2782/4231 6883/2779/4231 
f 6920/2848/4232 6921/2849/4232 6919/2847/4232 6918/2846/4232 
f 6922/2850/4233 6923/2851/4233 6921/2849/4233 6920/2848/4233 
f 6849/2741/4234 6924/2852/4234 6923/2851/4234 6922/2850/4234 
f 6917/2853/4235 6925/2854/4235 6886/2786/4235 6885/2783/4235 
f 6916/2855/4236 6926/2856/4236 6925/2854/4236 6917/2853/4236 
f 6880/2857/4237 6927/2858/4237 6926/2856/4237 6916/2855/4237 
f 6882/2859/4238 6928/2860/4238 6927/2858/4238 6880/2857/4238 
f 6929/2861/4156 6887/2787/4156 6735/2788/4156 6780/2862/4156 
f 6930/2863/4156 6929/2861/4156 6780/2862/4156 6782/2864/4156 
f 6890/2865/4156 6930/2863/4156 6782/2864/4156 6783/2866/4156 
f 6830/2713/4156 6890/2865/4156 6783/2866/4156 6668/2712/4156 
f 6931/2867/4156 6888/2791/4156 6738/2792/4156 6785/2868/4156 
f 6932/2869/4156 6931/2867/4156 6785/2868/4156 6787/2870/4156 
f 6933/2871/4156 6932/2869/4156 6787/2870/4156 6789/2872/4156 
f 6838/2873/4156 6933/2871/4156 6789/2872/4156 6790/2874/4156 
s 8
f 6899/2875/4206 6930/2876/4206 6890/2796/4206 6889/2795/4206 
f 6897/2877/4206 6929/2878/4206 6930/2876/4206 6899/2875/4206 
f 6872/2879/4206 6887/2880/4206 6929/2878/4206 6897/2877/4206 
f 6818/2696/4207 6836/2725/4206 6887/2880/4206 6872/2879/4206 
s off
f 6843/2881/4239 6911/2834/4239 6878/2771/4239 6844/2797/4239 
f 6842/2882/4240 6913/2836/4240 6911/2834/4240 6843/2881/4240 
f 6841/2883/4241 6915/2838/4241 6913/2836/4241 6842/2882/4241 
f 6834/2723/4242 6815/2693/4242 6915/2838/4242 6841/2883/4242 
f 6919/2847/4258 6934/2884/4258 6891/2801/4258 6884/2782/4258 
f 6921/2849/4232 6935/2885/4232 6934/2884/4232 6919/2847/4232 
f 6923/2851/4243 6936/2886/4243 6935/2885/4243 6921/2849/4243 
f 6924/2852/4244 6937/2887/4244 6936/2886/4244 6923/2851/4244 
f 6925/2854/4245 6938/2888/4245 6892/2804/4245 6886/2786/4245 
f 6926/2856/4246 6939/2889/4246 6938/2888/4246 6925/2854/4246 
f 6927/2858/4247 6940/2890/4247 6939/2889/4247 6926/2856/4247 
f 6928/2860/4248 6941/2891/4248 6940/2890/4248 6927/2858/4248 
s 8
f 6931/2892/4206 6901/2822/4206 6874/2765/4206 6888/2805/4206 
f 6932/2893/4206 6903/2824/4206 6901/2822/4206 6931/2892/4206 
f 6933/2894/4206 6905/2826/4206 6903/2824/4206 6932/2893/4206 
f 6838/2729/4206 6824/2706/4206 6905/2826/4206 6933/2894/4206 
s off
f 6942/2895/4219 6906/2828/4219 6876/2767/4219 6893/2806/4219 
f 6943/2896/4220 6908/2830/4220 6906/2828/4220 6942/2895/4220 
f 6944/2897/4259 6910/2832/4259 6908/2830/4259 6943/2896/4259 
f 6840/2732/4218 6828/2710/4218 6910/2832/4218 6944/2897/4218 
f 6863/2898/4250 6918/2898/4250 6883/2808/4250 6859/2808/4250 
f 6862/2899/4251 6920/2899/4251 6918/2898/4251 6863/2898/4251 
f 6861/2900/4233 6922/2900/4233 6920/2899/4233 6862/2899/4233 
f 6850/2741/4252 6849/2741/4252 6922/2900/4252 6861/2900/4252 
f 6870/2901/4206 6900/2901/4206 6894/2810/4206 6871/2810/4206 
f 6869/2902/4206 6898/2902/4206 6900/2901/4206 6870/2901/4206 
f 6868/2903/4206 6873/2903/4206 6898/2902/4206 6869/2902/4206 
f 6847/2695/4206 6819/2695/4206 6873/2903/4206 6868/2903/4206 
f 6865/2904/4206 6904/2904/4206 6895/2812/4206 6864/2812/4206 
f 6866/2905/4206 6902/2905/4206 6904/2904/4206 6865/2904/4206 
f 6867/2906/4206 6875/2906/4206 6902/2905/4206 6866/2905/4206 
f 6851/2700/4206 6822/2700/4206 6875/2906/4206 6867/2906/4206 
f 6858/2907/4221 6909/2907/4221 6896/2814/4221 6857/2814/4221 
f 6856/2908/4249 6907/2908/4249 6909/2907/4249 6858/2907/4249 
f 6855/2909/4219 6877/2909/4219 6907/2908/4219 6856/2908/4219 
f 6853/2704/4253 6826/2704/4253 6877/2909/4253 6855/2909/4253 
s 1
f 6814/2910/4156 6649/2913/4156 6802/2912/4156 6882/2911/4156 
s off
f 6849/2741/4159 6693/2740/4159 6803/2914/4159 6924/2852/4159 
s 64
f 6882/2859/4159 6802/2916/4159 6804/2915/4159 6928/2860/4159 
s off
f 6836/2923/4156 6835/2922/4156 6891/2920/4156 6937/2917/4156 
f 6891/2920/4156 6934/2921/4156 6935/2919/4156 6937/2917/4156 
f 6935/2919/4156 6936/2918/4156 6937/2917/4156 
f 6736/2924/4156 6836/2923/4156 6937/2917/4156 6805/2925/4156 
f 6840/2928/4156 6944/2931/4156 6943/2930/4156 6893/2927/4156 
f 6943/2930/4156 6942/2929/4156 6893/2927/4156 
f 6893/2927/4156 6839/2926/4156 6838/2873/4156 6840/2928/4156 
f 6683/2932/4156 6840/2928/4156 6838/2873/4156 6790/2874/4156 
f 6924/2852/4159 6803/2914/4159 6805/2933/4159 6937/2887/4159 
s 64
f 6928/2860/4159 6804/2915/4159 6806/2934/4159 6941/2891/4159 
s off
f 6832/2940/4159 6837/2939/4159 6892/2937/4159 6941/2891/4159 
f 6892/2937/4159 6938/2938/4159 6939/2936/4159 6941/2891/4159 
f 6939/2936/4159 6940/2935/4159 6941/2891/4159 
f 6673/2941/4159 6832/2940/4159 6941/2891/4159 6806/2934/4159 
f 6827/2707/4153 6664/2708/4153 6709/2708/4153 6860/2707/4153 
# 580 polygons - 48 triangles

#
# object Rectangle134
#

v  -10077.0684 12.6009 -1581.7148
v  -10077.0684 6.5601 -1581.7148
v  -8477.0684 6.5601 -1581.7145
v  -8477.0684 12.6009 -1581.7145
v  -10077.0684 12.6009 -1583.6959
v  -8477.0684 12.6009 -1583.6956
v  -10077.0684 12.7134 -1583.5834
v  -8477.0684 12.7134 -1583.5831
v  -10077.0684 12.7134 -1580.4091
v  -8477.0684 12.7134 -1580.4087
v  -10077.0684 12.6009 -1580.2965
v  -8477.0684 12.6009 -1580.2963
v  -10077.0684 -0.0000 -1580.2965
v  -8477.0684 0.0000 -1580.2963
v  -10077.0684 -0.0000 -1635.7534
v  -8477.0684 0.0000 -1635.7532
v  -10077.0684 12.2891 -1635.7534
v  -8477.0684 12.2892 -1635.7532
v  -10077.0684 12.7134 -1635.3292
v  -8477.0684 12.7134 -1635.3290
v  -10077.0684 12.7134 -1617.4652
v  -8477.0684 12.7134 -1617.4650
v  -10077.0684 12.4484 -1617.1471
v  -8477.0684 12.4484 -1617.1469
v  -10077.0684 12.7134 -1616.8290
v  -8477.0684 12.7134 -1616.8287
v  -10077.0684 12.7134 -1610.8300
v  -8477.0684 12.7134 -1610.8297
v  -10077.0684 12.4484 -1610.5118
v  -8477.0684 12.4484 -1610.5116
v  -10077.0684 12.7134 -1610.1937
v  -8477.0684 12.7134 -1610.1935
v  -10077.0684 12.7134 -1604.1947
v  -8477.0684 12.7134 -1604.1945
v  -10077.0684 12.4484 -1603.8766
v  -8477.0684 12.4484 -1603.8763
v  -10077.0684 12.7134 -1603.5585
v  -8477.0684 12.7134 -1603.5582
v  -10077.0684 12.7134 -1585.3457
v  -8477.0684 12.7134 -1585.3455
v  -10077.0684 12.6009 -1585.2333
v  -8477.0684 12.6009 -1585.2330
v  -10077.0684 12.6009 -1590.6202
v  -8477.0684 12.6009 -1590.6200
v  -10077.0684 6.5601 -1590.6202
v  -8477.0684 6.5601 -1590.6200
# 46 vertices

vn 0.0000 0.0000 -1.0000
vn 0.0000 -1.0000 0.0000
vn 0.0000 0.7071 -0.7071
vn -0.0000 1.0000 -0.0000
vn -0.0000 0.7071 0.7071
vn -0.0000 0.0000 1.0000
vn -0.0000 0.7684 0.6400
vn 0.0000 0.7684 -0.6400
vn -0.0000 -0.0000 1.0000
vn 1.0000 -0.0000 0.0000
vn 1.0000 0.0000 0.0000
vn 1.0000 0.0000 -0.0000
vn -1.0000 -0.0000 -0.0000
# 13 vertex normals

vt 6.0407 1600.0000 0.0000
vt 0.0000 1600.0000 0.0000
vt 0.0000 0.0000 0.0000
vt 6.0407 0.0000 0.0000
vt 8.0218 1600.0000 0.0000
vt 8.0218 0.0000 0.0000
vt 8.1809 1600.0000 0.0000
vt 8.1809 0.0000 0.0000
vt 11.3553 1600.0000 0.0000
vt 11.3553 0.0000 0.0000
vt 11.5144 1600.0000 0.0000
vt 11.5144 0.0000 0.0000
vt 24.1152 1600.0000 0.0000
vt 24.1152 0.0000 0.0000
vt 79.5722 1600.0000 0.0000
vt 79.5722 0.0000 0.0000
vt 91.8613 1600.0000 0.0000
vt 91.8613 0.0000 0.0000
vt 92.4612 1600.0000 0.0000
vt 92.4612 0.0000 0.0000
vt 110.3252 1600.0000 0.0000
vt 110.3252 0.0000 0.0000
vt 110.7393 1600.0000 0.0000
vt 110.7393 0.0000 0.0000
vt 111.1533 1600.0000 0.0000
vt 111.1533 0.0000 0.0000
vt 117.1523 1600.0000 0.0000
vt 117.1523 0.0000 0.0000
vt 117.5663 1600.0000 0.0000
vt 117.5663 0.0000 0.0000
vt 117.9804 1600.0000 0.0000
vt 117.9804 0.0000 0.0000
vt 123.9793 1600.0000 0.0000
vt 123.9793 0.0000 0.0000
vt 124.3934 1600.0000 0.0000
vt 124.3934 0.0000 0.0000
vt 124.8075 1600.0000 0.0000
vt 124.8075 0.0000 0.0000
vt 143.0201 1600.0000 0.0000
vt 143.0201 0.0000 0.0000
vt 143.1792 1600.0000 0.0000
vt 143.1792 0.0000 0.0000
vt 148.5662 1600.0000 0.0000
vt 148.5662 0.0000 0.0000
vt 154.6069 1600.0000 0.0000
vt 154.6069 0.0000 0.0000
vt 163.5124 1600.0000 0.0000
vt 163.5124 0.0000 0.0000
vt 55.4569 12.2892 -0.0000
vt 55.4569 0.0000 -0.0000
vt 55.0327 12.7134 -0.0000
vt 3.2869 12.7134 0.0000
vt 3.3993 12.6009 0.0000
vt 1.4183 12.6009 0.0000
vt 0.1125 12.7134 0.0000
vt 1.4183 6.5601 0.0000
vt 0.0000 12.6009 0.0000
vt 10.3237 6.5601 0.0000
vt 36.8506 12.4484 0.0000
vt 10.3237 12.6009 0.0000
vt 4.9367 12.6009 0.0000
vt 5.0492 12.7134 0.0000
vt 23.2619 12.7134 0.0000
vt 23.5801 12.4484 0.0000
vt 23.8982 12.7134 0.0000
vt 29.8972 12.7134 0.0000
vt 30.2153 12.4484 0.0000
vt 30.5335 12.7134 0.0000
vt 36.5324 12.7134 0.0000
vt 37.1687 12.7134 0.0000
vt 55.0327 12.7134 0.0000
vt 55.4569 12.2892 0.0000
vt 55.4569 0.0000 0.0000
# 73 texture coords

g Rectangle134
usemtl wire_028028177
s 1
f 6948/2945/4260 6947/2944/4260 6946/2943/4260 6945/2942/4260 
s 4
f 6950/2947/4261 6948/2945/4261 6945/2942/4261 6949/2946/4261 
s 2
f 6952/2949/4262 6950/2947/4262 6949/2946/4262 6951/2948/4262 
s 4
f 6954/2951/4263 6952/2949/4263 6951/2948/4263 6953/2950/4263 
s 2
f 6956/2953/4264 6954/2951/4264 6953/2950/4264 6955/2952/4264 
s 4
f 6958/2955/4265 6956/2953/4265 6955/2952/4265 6957/2954/4265 
s 2
f 6960/2957/4261 6958/2955/4261 6957/2954/4261 6959/2956/4261 
s 4
f 6962/2959/4260 6960/2957/4260 6959/2956/4260 6961/2958/4260 
s 2
f 6964/2961/4262 6962/2959/4262 6961/2958/4262 6963/2960/4262 
s 4
f 6966/2963/4263 6964/2961/4263 6963/2960/4263 6965/2962/4263 
s 2
f 6968/2965/4266 6966/2963/4266 6965/2962/4266 6967/2964/4266 
s 4
f 6970/2967/4267 6968/2965/4267 6967/2964/4267 6969/2966/4267 
s 2
f 6972/2969/4263 6970/2967/4263 6969/2966/4263 6971/2968/4263 
s 4
f 6974/2971/4266 6972/2969/4266 6971/2968/4266 6973/2970/4266 
s 2
f 6976/2973/4267 6974/2971/4267 6973/2970/4267 6975/2972/4267 
s 4
f 6978/2975/4263 6976/2973/4263 6975/2972/4263 6977/2974/4263 
s 2
f 6980/2977/4266 6978/2975/4266 6977/2974/4266 6979/2976/4266 
s 4
f 6982/2979/4267 6980/2977/4267 6979/2976/4267 6981/2978/4267 
s 2
f 6984/2981/4263 6982/2979/4263 6981/2978/4263 6983/2980/4263 
s 4
f 6986/2983/4264 6984/2981/4264 6983/2980/4264 6985/2982/4264 
s 2
f 6988/2985/4261 6986/2983/4261 6985/2982/4261 6987/2984/4261 
s 4
f 6990/2987/4268 6988/2985/4268 6987/2984/4268 6989/2986/4268 
s 2
f 6947/2989/4263 6990/2987/4263 6989/2986/4263 6946/2988/4263 
s 16
f 6964/2992/4269 6958/2944/4270 6960/2991/4270 6962/2990/4269 
f 6954/2996/4269 6948/2995/4269 6950/2994/4269 6952/2993/4269 
f 6956/2998/4269 6947/2997/4271 6948/2995/4269 6954/2996/4269 
f 6990/2999/4270 6947/2997/4271 6956/2998/4269 6958/2944/4270 
f 6968/3000/4270 6990/2999/4270 6958/2944/4270 6964/2992/4269 
f 6982/3004/4269 6984/3003/4270 6986/3002/4270 6988/3001/4270 
f 6980/3005/4269 6982/3004/4269 6988/3001/4270 6990/2999/4270 
f 6974/3008/4269 6976/3007/4269 6978/3006/4269 6980/3005/4269 
f 6968/3000/4270 6974/3008/4269 6980/3005/4269 6990/2999/4270 
f 6968/3000/4270 6970/3010/4269 6972/3009/4269 6974/3008/4269 
f 6966/3011/4270 6968/3000/4270 6964/2992/4269 
f 6989/2999/4272 6967/3000/4272 6965/3011/4272 6963/3012/4272 
f 6967/3000/4272 6973/3008/4272 6971/3009/4272 6969/3010/4272 
f 6973/3008/4272 6979/3005/4272 6977/3006/4272 6975/3007/4272 
f 6981/3004/4272 6987/3001/4272 6985/3002/4272 6983/3003/4272 
f 6979/3005/4272 6989/2999/4272 6987/3001/4272 6981/3004/4272 
f 6967/3000/4272 6989/2999/4272 6979/3005/4272 6973/3008/4272 
f 6953/2996/4272 6951/2993/4272 6949/2994/4272 6945/2995/4272 
f 6955/2998/4272 6953/2996/4272 6945/2995/4272 6946/2997/4272 
f 6989/2999/4272 6957/2944/4272 6955/2998/4272 6946/2997/4272 
f 6961/3013/4272 6957/2944/4272 6989/2999/4272 6963/3012/4272 
f 6961/3013/4272 6959/3014/4272 6957/2944/4272 
# 43 polygons - 2 triangles

#
# object Rectangle135
#

v  -9729.1992 61.8327 -1591.0986
v  -9729.1992 61.8327 -1585.7385
v  -9279.1992 61.8327 -1585.7384
v  -9279.1992 61.8327 -1591.0985
v  -9729.1992 62.6566 -1591.0986
v  -9279.1992 62.6567 -1591.0985
v  -9729.1992 62.7132 -1591.1552
v  -9279.1992 62.7132 -1591.1550
v  -9729.1992 62.7132 -1596.1760
v  -9279.1992 62.7132 -1596.1759
v  -9729.1992 62.4305 -1596.4587
v  -9279.1992 62.4306 -1596.4586
v  -9729.1992 12.9958 -1596.4587
v  -9279.1992 12.9958 -1596.4586
v  -9729.1992 12.7131 -1596.1760
v  -9279.1992 12.7132 -1596.1759
v  -9729.1992 12.7131 -1580.6610
v  -9279.1992 12.7132 -1580.6610
v  -9729.1992 12.9958 -1580.3784
v  -9279.1992 12.9958 -1580.3783
v  -9729.1992 62.4305 -1580.3784
v  -9279.1992 62.4306 -1580.3783
v  -9729.1992 62.7132 -1580.6610
v  -9279.1992 62.7132 -1580.6610
v  -9729.1992 62.7132 -1585.6819
v  -9279.1992 62.7132 -1585.6819
v  -9729.1992 62.6566 -1585.7385
v  -9279.1992 62.6567 -1585.7384
# 28 vertices

vn -0.0000 1.0000 -0.0000
vn -0.0000 0.0000 1.0000
vn -0.0000 0.7071 0.7071
vn 0.0000 0.7071 -0.7071
vn 0.0000 0.0000 -1.0000
vn 0.0000 -0.7071 -0.7071
vn 0.0000 -1.0000 0.0000
vn 0.0000 -0.7071 0.7071
vn -0.0000 0.7071 -0.7071
vn 1.0000 0.0000 0.0000
vn -1.0000 -0.0000 -0.0000
# 11 vertex normals

vt 5.3601 450.0000 0.0000
vt 0.0000 450.0000 0.0000
vt 0.0000 0.0000 0.0000
vt 5.3601 0.0000 0.0000
vt 6.1841 450.0000 0.0000
vt 6.1841 0.0000 0.0000
vt 6.2640 450.0000 0.0000
vt 6.2640 0.0000 0.0000
vt 11.2849 450.0000 0.0000
vt 11.2849 0.0000 0.0000
vt 11.6847 450.0000 0.0000
vt 11.6847 0.0000 0.0000
vt 61.1194 450.0000 0.0000
vt 61.1194 0.0000 0.0000
vt 61.5192 450.0000 0.0000
vt 61.5192 0.0000 0.0000
vt 77.0341 450.0000 0.0000
vt 77.0341 0.0000 0.0000
vt 77.4339 450.0000 0.0000
vt 77.4339 0.0000 0.0000
vt 126.8686 450.0000 0.0000
vt 126.8686 0.0000 0.0000
vt 127.2684 450.0000 0.0000
vt 127.2684 0.0000 0.0000
vt 132.2893 450.0000 0.0000
vt 132.2893 0.0000 0.0000
vt 132.3692 450.0000 0.0000
vt 132.3692 0.0000 0.0000
vt 133.1932 450.0000 0.0000
vt 133.1932 0.0000 0.0000
vt 10.7202 49.1196 0.0000
vt 10.7202 49.9435 0.0000
vt 10.7767 50.0001 0.0000
vt 15.7976 50.0001 0.0000
vt 16.0803 49.7174 0.0000
vt 16.0803 0.2827 0.0000
vt 15.7976 0.0000 0.0000
vt 0.2827 0.0000 0.0000
vt 0.0000 0.2827 0.0000
vt 5.3601 49.1196 0.0000
vt 0.0000 49.7174 0.0000
vt 0.2827 50.0001 0.0000
vt 5.3036 50.0001 0.0000
vt 5.3601 49.9435 0.0000
# 44 texture coords

g Rectangle135
usemtl wire_028028177
s 1
f 6991/3015/4273 6992/3016/4273 6993/3017/4273 6994/3018/4273 
s 4
f 6995/3019/4274 6991/3015/4274 6994/3018/4274 6996/3020/4274 
s 2
f 6997/3021/4275 6995/3019/4275 6996/3020/4275 6998/3022/4275 
s 4
f 6999/3023/4273 6997/3021/4273 6998/3022/4273 7000/3024/4273 
s 2
f 7001/3025/4276 6999/3023/4276 7000/3024/4276 7002/3026/4276 
s 4
f 7003/3027/4277 7001/3025/4277 7002/3026/4277 7004/3028/4277 
s 2
f 7005/3029/4278 7003/3027/4278 7004/3028/4278 7006/3030/4278 
s 4
f 7007/3031/4279 7005/3029/4279 7006/3030/4279 7008/3032/4279 
s 2
f 7009/3033/4280 7007/3031/4280 7008/3032/4280 7010/3034/4280 
s 4
f 7011/3035/4274 7009/3033/4274 7010/3034/4274 7012/3036/4274 
s 2
f 7013/3037/4275 7011/3035/4275 7012/3036/4275 7014/3038/4275 
s 4
f 7015/3039/4273 7013/3037/4273 7014/3038/4273 7016/3040/4273 
s 2
f 7017/3041/4281 7015/3039/4281 7016/3040/4281 7018/3042/4281 
s 4
f 6992/3043/4277 7017/3041/4277 7018/3042/4277 6993/3044/4277 
s 16
f 6993/3045/4282 7018/3046/4282 7016/3047/4282 7014/3048/4282 
f 6993/3045/4282 7014/3048/4282 7012/3049/4282 7010/3050/4282 
f 6993/3045/4282 7010/3050/4282 7008/3051/4282 7006/3052/4282 
f 6993/3045/4282 7006/3052/4282 7004/3053/4282 6994/3054/4282 
f 6994/3054/4282 7004/3053/4282 7002/3055/4282 7000/3056/4282 
f 6994/3054/4282 7000/3056/4282 6998/3057/4282 6996/3058/4282 
f 6991/3054/4283 6995/3058/4283 6997/3057/4283 6999/3056/4283 
f 6991/3054/4283 6999/3056/4283 7001/3055/4283 7003/3053/4283 
f 7015/3047/4283 7017/3046/4283 6992/3045/4283 7013/3048/4283 
f 7011/3049/4283 7013/3048/4283 6992/3045/4283 7009/3050/4283 
f 7007/3051/4283 7009/3050/4283 6992/3045/4283 7005/3052/4283 
f 7003/3053/4283 7005/3052/4283 6992/3045/4283 6991/3054/4283 
# 26 polygons

#
# object Cylinder003
#

v  -9278.7188 38.8333 -1582.7954
v  -9278.7188 39.7628 -1582.8745
v  -9280.0020 39.7628 -1582.8745
v  -9280.0020 38.8333 -1582.7954
v  -9278.7188 40.6655 -1583.1096
v  -9280.0020 40.6655 -1583.1096
v  -9278.7188 41.5156 -1583.4938
v  -9280.0020 41.5156 -1583.4938
v  -9278.7188 42.2885 -1584.0162
v  -9280.0020 42.2885 -1584.0162
v  -9278.7188 42.9619 -1584.6617
v  -9280.0020 42.9619 -1584.6617
v  -9278.7188 43.5167 -1585.4117
v  -9280.0020 43.5167 -1585.4117
v  -9278.7188 43.9366 -1586.2448
v  -9280.0020 43.9366 -1586.2448
v  -9278.7188 44.2098 -1587.1367
v  -9280.0020 44.2098 -1587.1367
v  -9278.7188 44.3283 -1588.0620
v  -9280.0020 44.3283 -1588.0620
v  -9278.7188 44.2887 -1588.9940
v  -9280.0020 44.2887 -1588.9940
v  -9278.7188 44.0922 -1589.9059
v  -9280.0020 44.0922 -1589.9059
v  -9278.7188 43.7443 -1590.7715
v  -9280.0020 43.7443 -1590.7715
v  -9278.7188 43.2552 -1591.5659
v  -9280.0020 43.2552 -1591.5659
v  -9278.7188 42.6389 -1592.2661
v  -9280.0020 42.6389 -1592.2661
v  -9278.7188 41.9131 -1592.8522
v  -9280.0020 41.9131 -1592.8522
v  -9278.7188 41.0987 -1593.3071
v  -9280.0020 41.0987 -1593.3071
v  -9278.7188 40.2191 -1593.6179
v  -9280.0020 40.2191 -1593.6179
v  -9278.7188 39.2997 -1593.7756
v  -9280.0020 39.2997 -1593.7756
v  -9278.7188 38.3668 -1593.7756
v  -9280.0020 38.3668 -1593.7756
v  -9278.7188 37.4474 -1593.6179
v  -9280.0020 37.4474 -1593.6179
v  -9278.7188 36.5678 -1593.3071
v  -9280.0020 36.5678 -1593.3071
v  -9278.7188 35.7534 -1592.8522
v  -9280.0020 35.7534 -1592.8522
v  -9278.7188 35.0276 -1592.2661
v  -9280.0020 35.0276 -1592.2661
v  -9278.7188 34.4113 -1591.5659
v  -9280.0020 34.4113 -1591.5659
v  -9278.7188 33.9222 -1590.7715
v  -9280.0020 33.9222 -1590.7715
v  -9278.7188 33.5743 -1589.9059
v  -9280.0020 33.5743 -1589.9059
v  -9278.7188 33.3778 -1588.9940
v  -9280.0020 33.3778 -1588.9940
v  -9278.7188 33.3382 -1588.0620
v  -9280.0020 33.3382 -1588.0620
v  -9278.7188 33.4567 -1587.1367
v  -9280.0020 33.4567 -1587.1367
v  -9278.7188 33.7299 -1586.2448
v  -9280.0020 33.7299 -1586.2448
v  -9278.7188 34.1498 -1585.4117
v  -9280.0020 34.1498 -1585.4117
v  -9278.7188 34.7046 -1584.6617
v  -9280.0020 34.7046 -1584.6617
v  -9278.7188 35.3780 -1584.0162
v  -9280.0020 35.3780 -1584.0162
v  -9278.7188 36.1509 -1583.4938
v  -9280.0020 36.1509 -1583.4938
v  -9278.7188 37.0010 -1583.1096
v  -9280.0020 37.0010 -1583.1096
v  -9278.7188 37.9038 -1582.8745
v  -9280.0020 37.9038 -1582.8745
v  -9278.0020 37.2407 -1583.7881
v  -9278.0020 36.5019 -1584.1221
v  -9278.0020 35.8301 -1584.5760
v  -9278.0020 34.7626 -1585.7891
v  -9278.0020 35.2447 -1585.1371
v  -9278.0020 34.3976 -1586.5131
v  -9278.0020 34.1601 -1587.2883
v  -9278.0020 34.0916 -1588.9026
v  -9278.0020 34.0572 -1588.0925
v  -9278.0020 41.1646 -1584.1221
v  -9278.0020 34.2624 -1589.6952
v  -9278.0020 34.5647 -1590.4475
v  -9278.0020 35.5255 -1591.7467
v  -9278.0020 34.9898 -1591.1381
v  -9278.0020 36.1563 -1592.2560
v  -9278.0020 36.8642 -1592.6515
v  -9278.0020 38.4278 -1593.0586
v  -9278.0020 37.6287 -1592.9215
v  -9278.0020 39.2387 -1593.0586
v  -9278.0020 40.0378 -1592.9215
v  -9278.0020 41.5102 -1592.2560
v  -9278.0020 40.8023 -1592.6515
v  -9278.0020 42.1410 -1591.7467
v  -9278.0020 42.6767 -1591.1379
v  -9278.0020 43.4041 -1589.6952
v  -9278.0020 43.1018 -1590.4475
v  -9278.0020 43.5749 -1588.9026
v  -9278.0020 43.6094 -1588.0925
v  -9278.0020 43.2689 -1586.5131
v  -9278.0020 43.5064 -1587.2883
v  -9278.0020 42.9039 -1585.7891
v  -9278.0020 42.4218 -1585.1371
v  -9278.0020 41.8364 -1584.5760
v  -9278.0020 40.4258 -1583.7881
v  -9278.0020 39.6411 -1583.5837
v  -9278.0020 38.8333 -1583.5150
v  -9278.0020 38.0254 -1583.5837
v  -9278.4053 39.7552 -1582.9188
v  -9278.4053 38.8333 -1582.8403
v  -9278.4053 40.6505 -1583.1520
v  -9278.4053 41.4936 -1583.5331
v  -9278.4053 42.2602 -1584.0511
v  -9278.4053 42.9282 -1584.6914
v  -9278.4053 43.4784 -1585.4353
v  -9278.4053 43.8949 -1586.2615
v  -9278.4053 44.1658 -1587.1461
v  -9278.4053 44.2834 -1588.0638
v  -9278.4053 44.2441 -1588.9883
v  -9278.4053 44.0492 -1589.8928
v  -9278.4053 43.7042 -1590.7513
v  -9278.4053 43.2191 -1591.5392
v  -9278.4053 42.6078 -1592.2336
v  -9278.4053 41.8879 -1592.8149
v  -9278.4053 41.0802 -1593.2662
v  -9278.4053 40.2078 -1593.5745
v  -9278.4053 39.2959 -1593.7308
v  -9278.4053 38.3706 -1593.7308
v  -9278.4053 37.4587 -1593.5745
v  -9278.4053 36.5863 -1593.2662
v  -9278.4053 35.7786 -1592.8149
v  -9278.4053 35.0587 -1592.2336
v  -9278.4053 34.4474 -1591.5392
v  -9278.4053 33.9623 -1590.7513
v  -9278.4053 33.6173 -1589.8928
v  -9278.4053 33.4224 -1588.9883
v  -9278.4053 33.3831 -1588.0638
v  -9278.4053 33.5007 -1587.1461
v  -9278.4053 33.7716 -1586.2615
v  -9278.4053 34.1881 -1585.4353
v  -9278.4053 34.7383 -1584.6914
v  -9278.4053 35.4063 -1584.0511
v  -9278.4053 36.1729 -1583.5331
v  -9278.4053 37.0160 -1583.1520
v  -9278.4053 37.9114 -1582.9188
v  -9278.1816 39.7324 -1583.0519
v  -9278.1816 38.8333 -1582.9753
v  -9278.0469 39.6944 -1583.2734
v  -9278.0469 38.8333 -1583.2002
v  -9278.1816 40.6056 -1583.2792
v  -9278.0469 40.5307 -1583.4912
v  -9278.1816 41.4278 -1583.6509
v  -9278.0469 41.3182 -1583.8472
v  -9278.1816 42.1754 -1584.1561
v  -9278.0469 42.0342 -1584.3312
v  -9278.1816 42.8269 -1584.7805
v  -9278.0469 42.6581 -1584.9291
v  -9278.1816 43.3635 -1585.5060
v  -9278.0469 43.1720 -1585.6239
v  -9278.1816 43.7697 -1586.3118
v  -9278.0469 43.5611 -1586.3956
v  -9278.1816 44.0339 -1587.1746
v  -9278.0469 43.8141 -1587.2219
v  -9278.1816 44.1486 -1588.0696
v  -9278.0469 43.9239 -1588.0791
v  -9278.1816 44.1103 -1588.9712
v  -9278.0469 43.8872 -1588.9426
v  -9278.1816 43.9202 -1589.8533
v  -9278.0469 43.7051 -1589.7874
v  -9278.1816 43.5837 -1590.6906
v  -9278.0469 43.3829 -1590.5894
v  -9278.1816 43.1106 -1591.4589
v  -9278.0469 42.9298 -1591.3252
v  -9278.1816 42.5144 -1592.1362
v  -9278.0469 42.3588 -1591.9740
v  -9278.1816 41.8124 -1592.7031
v  -9278.0469 41.6865 -1592.5168
v  -9278.1816 41.0246 -1593.1432
v  -9278.0469 40.9320 -1592.9384
v  -9278.1816 40.1738 -1593.4438
v  -9278.0469 40.1171 -1593.2262
v  -9278.1816 39.2844 -1593.5963
v  -9278.0469 39.2654 -1593.3723
v  -9278.1816 38.3821 -1593.5963
v  -9278.0469 38.4011 -1593.3723
v  -9278.1816 37.4927 -1593.4438
v  -9278.0469 37.5494 -1593.2262
v  -9278.1816 36.6419 -1593.1432
v  -9278.0469 36.7345 -1592.9384
v  -9278.1816 35.8541 -1592.7031
v  -9278.0469 35.9801 -1592.5168
v  -9278.1816 35.1521 -1592.1364
v  -9278.0469 35.3077 -1591.9740
v  -9278.1816 34.5559 -1591.4589
v  -9278.0469 34.7367 -1591.3252
v  -9278.1816 34.0828 -1590.6906
v  -9278.0469 34.2836 -1590.5894
v  -9278.1816 33.7463 -1589.8533
v  -9278.0469 33.9614 -1589.7874
v  -9278.1816 33.5562 -1588.9712
v  -9278.0469 33.7793 -1588.9426
v  -9278.1816 33.5179 -1588.0696
v  -9278.0469 33.7426 -1588.0791
v  -9278.1816 33.6326 -1587.1746
v  -9278.0469 33.8524 -1587.2219
v  -9278.1816 33.8968 -1586.3118
v  -9278.0469 34.1054 -1586.3956
v  -9278.1816 34.3030 -1585.5060
v  -9278.0469 34.4945 -1585.6239
v  -9278.1816 34.8396 -1584.7805
v  -9278.0469 35.0084 -1584.9291
v  -9278.1816 35.4911 -1584.1561
v  -9278.0469 35.6323 -1584.3312
v  -9278.1816 36.2387 -1583.6509
v  -9278.0469 36.3483 -1583.8472
v  -9278.1816 37.0609 -1583.2792
v  -9278.0469 37.1358 -1583.4912
v  -9278.1816 37.9342 -1583.0519
v  -9278.0469 37.9722 -1583.2734
# 222 vertices

vn -0.0000 0.0000 1.0000
vn -0.0000 0.1690 0.9856
vn -0.0000 0.3331 0.9429
vn -0.0000 0.4877 0.8730
vn -0.0000 0.6282 0.7780
vn -0.0000 0.7507 0.6607
vn -0.0000 0.8515 0.5243
vn -0.0000 0.9279 0.3729
vn -0.0000 0.9776 0.2107
vn -0.0000 0.9991 0.0424
vn -0.0000 0.9919 -0.1270
vn -0.0000 0.9562 -0.2928
vn -0.0000 0.8929 -0.4502
vn -0.0000 0.8040 -0.5946
vn 0.0000 0.6919 -0.7220
vn 0.0000 0.5600 -0.8285
vn 0.0000 0.4119 -0.9112
vn 0.0000 0.2520 -0.9677
vn 0.0000 0.0848 -0.9964
vn 0.0000 -0.0848 -0.9964
vn 0.0000 -0.2520 -0.9677
vn 0.0000 -0.4119 -0.9112
vn 0.0000 -0.5600 -0.8285
vn 0.0000 -0.6919 -0.7220
vn 0.0000 -0.8040 -0.5946
vn 0.0000 -0.8929 -0.4502
vn 0.0000 -0.9562 -0.2928
vn 0.0000 -0.9919 -0.1270
vn 0.0000 -0.9991 0.0424
vn 0.0000 -0.9776 0.2107
vn 0.0000 -0.9279 0.3729
vn 0.0000 -0.8515 0.5243
vn 0.0000 -0.7507 0.6607
vn -0.0000 -0.6282 0.7780
vn -0.0000 -0.4877 0.8730
vn -0.0000 -0.3331 0.9429
vn -0.0000 -0.1690 0.9856
vn 1.0000 0.0000 0.0000
vn -1.0000 -0.0000 -0.0000
vn 0.1414 0.0840 0.9864
vn 0.1414 0.2494 0.9580
vn 0.1414 0.4078 0.9021
vn 0.1414 0.5543 0.8202
vn 0.1414 0.6850 0.7147
vn 0.1414 0.7959 0.5887
vn 0.1414 0.8840 0.4457
vn 0.1414 0.9466 0.2899
vn 0.1414 0.9819 0.1257
vn 0.1414 0.9891 -0.0420
vn 0.1414 0.9677 -0.2086
vn 0.1414 0.9186 -0.3691
vn 0.1414 0.8430 -0.5190
vn 0.1414 0.7431 -0.6540
vn 0.1414 0.6219 -0.7702
vn 0.1414 0.4828 -0.8642
vn 0.1414 0.3298 -0.9334
vn 0.1414 0.1673 -0.9757
vn 0.1414 0.0000 -0.9899
vn 0.1414 -0.1673 -0.9757
vn 0.1414 -0.3298 -0.9334
vn 0.1414 -0.4828 -0.8642
vn 0.1414 -0.6219 -0.7702
vn 0.1414 -0.7431 -0.6540
vn 0.1414 -0.8430 -0.5190
vn 0.1414 -0.9186 -0.3691
vn 0.1414 -0.9677 -0.2086
vn 0.1414 -0.9891 -0.0420
vn 0.1414 -0.9819 0.1257
vn 0.1414 -0.9466 0.2899
vn 0.1414 -0.8840 0.4457
vn 0.1414 -0.7959 0.5887
vn 0.1414 -0.6850 0.7147
vn 0.1414 -0.5543 0.8202
vn 0.1414 -0.4078 0.9021
vn 0.1414 -0.2494 0.9580
vn 0.1414 -0.0840 0.9864
vn 0.5145 0.0727 0.8544
vn 0.8575 0.0436 0.5126
vn 0.9899 0.0120 0.1409
vn 0.5145 0.2161 0.8298
vn 0.8575 0.1296 0.4979
vn 0.9899 0.0356 0.1369
vn 0.5145 0.3532 0.7814
vn 0.8575 0.2119 0.4688
vn 0.9899 0.0583 0.1289
vn 0.5145 0.4802 0.7104
vn 0.8575 0.2881 0.4263
vn 0.9899 0.0792 0.1172
vn 0.5145 0.5933 0.6191
vn 0.8575 0.3560 0.3714
vn 0.9899 0.0979 0.1021
vn 0.5145 0.6894 0.5099
vn 0.8575 0.4137 0.3059
vn 0.9899 0.1137 0.0841
vn 0.5145 0.7657 0.3860
vn 0.8575 0.4594 0.2316
vn 0.9899 0.1263 0.0637
vn 0.5145 0.8199 0.2511
vn 0.8575 0.4919 0.1507
vn 0.9899 0.1352 0.0414
vn 0.5145 0.8505 0.1089
vn 0.8575 0.5103 0.0654
vn 0.9899 0.1403 0.0180
vn 0.5145 0.8567 -0.0364
vn 0.8575 0.5140 -0.0218
vn 0.9899 0.1413 -0.0060
vn 0.5145 0.8382 -0.1807
vn 0.8575 0.5029 -0.1084
vn 0.9899 0.1382 -0.0298
vn 0.5145 0.7957 -0.3197
vn 0.8575 0.4774 -0.1918
vn 0.9899 0.1312 -0.0527
vn 0.5145 0.7302 -0.4496
vn 0.8575 0.4381 -0.2698
vn 0.9899 0.1204 -0.0741
vn 0.5145 0.6437 -0.5665
vn 0.8575 0.3862 -0.3399
vn 0.9899 0.1062 -0.0934
vn 0.5145 0.5387 -0.6672
vn 0.8575 0.3232 -0.4003
vn 0.9899 0.0888 -0.1100
vn 0.5145 0.4182 -0.7486
vn 0.8575 0.2509 -0.4492
vn 0.9899 0.0690 -0.1235
vn 0.5145 0.2857 -0.8085
vn 0.8575 0.1714 -0.4851
vn 0.9899 0.0471 -0.1333
vn 0.5145 0.1449 -0.8452
vn 0.8575 0.0870 -0.5071
vn 0.9899 0.0239 -0.1394
vn 0.5145 0.0000 -0.8575
vn 0.8575 0.0000 -0.5145
vn 0.9899 0.0000 -0.1414
vn 0.5145 -0.1449 -0.8452
vn 0.8575 -0.0869 -0.5071
vn 0.9899 -0.0239 -0.1394
vn 0.5145 -0.2857 -0.8085
vn 0.8575 -0.1714 -0.4851
vn 0.9899 -0.0471 -0.1333
vn 0.5145 -0.4182 -0.7486
vn 0.8575 -0.2509 -0.4492
vn 0.9899 -0.0690 -0.1235
vn 0.5145 -0.5387 -0.6672
vn 0.8575 -0.3232 -0.4003
vn 0.9899 -0.0888 -0.1100
vn 0.5145 -0.6437 -0.5665
vn 0.8575 -0.3862 -0.3399
vn 0.9899 -0.1062 -0.0934
vn 0.5145 -0.7302 -0.4496
vn 0.8575 -0.4381 -0.2698
vn 0.9899 -0.1204 -0.0741
vn 0.5145 -0.7957 -0.3197
vn 0.8575 -0.4774 -0.1918
vn 0.9899 -0.1312 -0.0527
vn 0.5145 -0.8382 -0.1807
vn 0.8575 -0.5029 -0.1084
vn 0.9899 -0.1382 -0.0298
vn 0.5145 -0.8567 -0.0364
vn 0.8575 -0.5140 -0.0218
vn 0.9899 -0.1413 -0.0060
vn 0.5145 -0.8505 0.1089
vn 0.8575 -0.5103 0.0654
vn 0.9899 -0.1403 0.0180
vn 0.5145 -0.8199 0.2511
vn 0.8575 -0.4919 0.1507
vn 0.9899 -0.1352 0.0414
vn 0.5145 -0.7657 0.3860
vn 0.8575 -0.4594 0.2316
vn 0.9899 -0.1263 0.0637
vn 0.5145 -0.6894 0.5099
vn 0.8575 -0.4137 0.3059
vn 0.9899 -0.1137 0.0841
vn 0.5145 -0.5933 0.6191
vn 0.8575 -0.3560 0.3714
vn 0.9899 -0.0979 0.1021
vn 0.5145 -0.4802 0.7104
vn 0.8575 -0.2881 0.4263
vn 0.9899 -0.0792 0.1172
vn 0.5145 -0.3532 0.7814
vn 0.8575 -0.2119 0.4688
vn 0.9899 -0.0583 0.1289
vn 0.5145 -0.2161 0.8298
vn 0.8575 -0.1296 0.4979
vn 0.9899 -0.0356 0.1369
vn 0.5145 -0.0727 0.8544
vn 0.8575 -0.0436 0.5126
vn 0.9899 -0.0120 0.1409
# 187 vertex normals

vt 25.9181 0.7170 1.0000
vt 26.8521 0.7170 1.0000
vt 26.8521 2.0000 1.0000
vt 25.9181 2.0000 1.0000
vt 27.7861 0.7170 1.0000
vt 27.7861 2.0000 1.0000
vt 28.7201 0.7170 1.0000
vt 28.7201 2.0000 1.0000
vt 29.6541 0.7170 1.0000
vt 29.6541 2.0000 1.0000
vt 30.5881 0.7170 1.0000
vt 30.5881 2.0000 1.0000
vt 31.5221 0.7170 1.0000
vt 31.5221 2.0000 1.0000
vt 32.4561 0.7170 1.0000
vt 32.4561 2.0000 1.0000
vt 33.3900 0.7170 1.0000
vt 33.3900 2.0000 1.0000
vt 34.3240 0.7170 1.0000
vt 34.3240 2.0000 1.0000
vt 35.2580 0.7170 1.0000
vt 35.2580 2.0000 1.0000
vt 0.7005 0.7170 1.0000
vt 1.6345 0.7170 1.0000
vt 1.6345 2.0000 1.0000
vt 0.7005 2.0000 1.0000
vt 2.5685 0.7170 1.0000
vt 2.5685 2.0000 1.0000
vt 3.5025 0.7170 1.0000
vt 3.5025 2.0000 1.0000
vt 4.4364 0.7170 1.0000
vt 4.4364 2.0000 1.0000
vt 5.3704 0.7170 1.0000
vt 5.3704 2.0000 1.0000
vt 6.3044 0.7170 1.0000
vt 6.3044 2.0000 1.0000
vt 7.2384 0.7170 1.0000
vt 7.2384 2.0000 1.0000
vt 8.1724 0.7170 1.0000
vt 8.1724 2.0000 1.0000
vt 9.1064 0.7170 1.0000
vt 9.1064 2.0000 1.0000
vt 10.0404 0.7170 1.0000
vt 10.0404 2.0000 1.0000
vt 10.9743 0.7170 1.0000
vt 10.9743 2.0000 1.0000
vt 11.9083 0.7170 1.0000
vt 11.9083 2.0000 1.0000
vt 12.8423 0.7170 1.0000
vt 12.8423 2.0000 1.0000
vt 13.7763 0.7170 1.0000
vt 13.7763 2.0000 1.0000
vt 14.7103 0.7170 1.0000
vt 14.7103 2.0000 1.0000
vt 15.6443 0.7170 1.0000
vt 15.6443 2.0000 1.0000
vt 16.5783 0.7170 1.0000
vt 16.5783 2.0000 1.0000
vt 17.5123 0.7170 1.0000
vt 17.5123 2.0000 1.0000
vt 18.4462 0.7170 1.0000
vt 18.4462 2.0000 1.0000
vt 19.3802 0.7170 1.0000
vt 19.3802 2.0000 1.0000
vt 20.3142 0.7170 1.0000
vt 20.3142 2.0000 1.0000
vt 21.2482 0.7170 1.0000
vt 21.2482 2.0000 1.0000
vt 22.1822 0.7170 1.0000
vt 22.1822 2.0000 1.0000
vt 23.1162 0.7170 1.0000
vt 23.1162 2.0000 1.0000
vt 24.0502 0.7170 1.0000
vt 24.0502 2.0000 1.0000
vt 24.9842 0.7170 1.0000
vt 24.9842 2.0000 1.0000
vt 19.1202 0.0000 1.0000
vt 20.7950 0.0000 1.0000
vt 21.7786 0.0000 1.0000
vt 20.3142 0.0000 1.0000
vt 21.1677 0.0000 1.0000
vt 19.4608 0.0000 1.0000
vt 18.3988 0.0000 1.0000
vt 14.9129 0.0000 1.0000
vt 15.8090 0.0000 1.0000
vt -4.5700 0.0000 1.0000
vt 14.8022 0.0000 1.0000
vt 14.4725 0.0000 1.0000
vt 12.8423 0.0000 1.0000
vt 13.6958 0.0000 1.0000
vt 11.9889 0.0000 1.0000
vt 11.0927 0.0000 1.0000
vt 8.4186 0.0000 1.0000
vt 9.8162 0.0000 1.0000
vt 7.6419 0.0000 1.0000
vt 7.0355 0.0000 1.0000
vt 5.3704 0.0000 1.0000
vt 6.2239 0.0000 1.0000
vt 4.5170 0.0000 1.0000
vt 3.6557 0.0000 1.0000
vt 1.6345 0.0000 1.0000
vt 2.6560 0.0000 1.0000
vt 0.6130 0.0000 1.0000
vt -0.3867 0.0000 1.0000
vt -2.1015 0.0000 1.0000
vt -1.2480 0.0000 1.0000
vt -2.9549 0.0000 1.0000
vt -3.7666 0.0000 1.0000
vt -4.3730 0.0000 1.0000
vt -2.8940 0.0000 1.0000
vt 0.8161 0.0000 1.0000
vt 4.1587 0.0000 1.0000
vt 7.0302 0.0000 1.0000
vt 56.7397 2.0000 1.0000
vt 36.1920 2.0000 1.0000
vt 38.0600 2.0000 1.0000
vt 37.1260 2.0000 1.0000
vt 38.9940 2.0000 1.0000
vt 39.9279 2.0000 1.0000
vt 41.7959 2.0000 1.0000
vt 40.8619 2.0000 1.0000
vt 42.7299 2.0000 1.0000
vt 43.6639 2.0000 1.0000
vt 45.5319 2.0000 1.0000
vt 44.5979 2.0000 1.0000
vt 46.4659 2.0000 1.0000
vt 47.3998 2.0000 1.0000
vt 49.2678 2.0000 1.0000
vt 48.3338 2.0000 1.0000
vt 50.2018 2.0000 1.0000
vt 51.1358 2.0000 1.0000
vt 53.0038 2.0000 1.0000
vt 52.0698 2.0000 1.0000
vt 53.9378 2.0000 1.0000
vt 54.8717 2.0000 1.0000
vt 55.8057 2.0000 1.0000
vt 57.6737 2.0000 1.0000
vt 58.6077 2.0000 1.0000
vt 59.5417 2.0000 1.0000
vt 60.4757 2.0000 1.0000
vt -2.7313 -3.5290 1.0000
vt -3.9138 -4.7053 1.0000
vt -2.5227 -4.7053 1.0000
vt -0.8523 -3.5290 1.0000
vt -4.5902 -3.8937 1.0000
vt -5.1556 -5.1916 1.0000
vt -3.5588 -5.1916 1.0000
vt -2.4651 -3.8937 1.0000
vt -5.1461 -1.8752 1.0000
vt -5.3381 -2.5002 1.0000
vt -4.8797 -2.5002 1.0000
vt -4.3833 -1.8752 1.0000
vt -4.5865 -0.0164 1.0000
vt -4.6577 -0.0218 1.0000
vt -5.2476 -0.0218 1.0000
vt -5.0782 -0.0164 1.0000
vt -3.8340 0.3899 1.0000
vt -3.8565 0.5199 1.0000
vt -4.6756 0.5199 1.0000
vt -4.5999 0.3899 1.0000
vt -2.9659 0.5936 1.0000
vt -2.9696 0.7914 1.0000
vt -3.9035 0.7914 1.0000
vt -3.8693 0.5936 1.0000
vt -2.0787 0.6350 1.0000
vt -2.0711 0.8467 1.0000
vt -3.0284 0.8467 1.0000
vt -3.0100 0.6350 1.0000
vt -1.1929 0.6350 1.0000
vt -1.1746 0.8467 1.0000
vt -2.1318 0.8467 1.0000
vt -2.1243 0.6350 1.0000
vt -0.3022 0.6428 1.0000
vt -0.2740 0.8571 1.0000
vt -1.2357 0.8571 1.0000
vt -1.2388 0.6428 1.0000
vt 0.6761 0.7802 1.0000
vt 0.6971 1.0403 1.0000
vt -0.3420 1.0403 1.0000
vt -0.3532 0.7802 1.0000
vt 1.6345 0.5378 1.0000
vt 0.6786 0.5378 1.0000
vt 2.5903 0.5378 1.0000
vt 3.5408 0.5378 1.0000
vt 4.4566 0.5378 1.0000
vt 5.3704 0.5378 1.0000
vt 6.2843 0.5378 1.0000
vt 7.1877 0.5378 1.0000
vt 8.0398 0.5378 1.0000
vt 8.9344 0.5378 1.0000
vt 9.9843 0.5378 1.0000
vt 11.0039 0.5378 1.0000
vt 11.9285 0.5378 1.0000
vt 12.8423 0.5378 1.0000
vt 13.7562 0.5378 1.0000
vt 14.6508 0.5378 1.0000
vt 15.4338 0.5378 1.0000
vt 16.1619 0.5378 1.0000
vt 17.0864 0.5378 1.0000
vt 18.4344 0.5378 1.0000
vt 19.4004 0.5378 1.0000
vt 20.3142 0.5378 1.0000
vt 21.2281 0.5378 1.0000
vt 22.0813 0.5378 1.0000
vt 22.5359 0.5378 1.0000
vt 22.8177 0.5378 1.0000
vt 0.2081 -4.3695 1.0000
vt -2.0659 -5.8261 1.0000
vt 21.9679 -5.8261 1.0000
vt 21.2560 -4.3695 1.0000
vt -1.0888 -3.0615 1.0000
vt -2.8379 -4.0820 1.0000
vt -1.7105 -4.0820 1.0000
vt 0.4747 -3.0615 1.0000
vt -1.5489 -2.3526 1.0000
vt 0.8180 -2.3526 1.0000
vt -0.3664 -1.1763 1.0000
vt 2.4884 -1.1763 1.0000
vt -4.0248 -2.5958 1.0000
vt -1.3714 -2.5958 1.0000
vt -3.4594 -1.2979 1.0000
vt -0.2777 -1.2979 1.0000
vt -4.9541 -1.2501 1.0000
vt -3.8868 -1.2501 1.0000
vt -4.7620 -0.6251 1.0000
vt -3.3904 -0.6251 1.0000
vt -4.5153 -0.0109 1.0000
vt -4.9088 -0.0109 1.0000
vt -4.4442 -0.0055 1.0000
vt -4.7394 -0.0055 1.0000
vt -3.8115 0.2599 1.0000
vt -4.5243 0.2599 1.0000
vt -3.7890 0.1300 1.0000
vt -4.4486 0.1300 1.0000
vt -2.9623 0.3957 1.0000
vt -3.8351 0.3957 1.0000
vt -2.9586 0.1979 1.0000
vt -3.8008 0.1979 1.0000
vt -2.0863 0.4234 1.0000
vt -2.9916 0.4234 1.0000
vt -2.0939 0.2117 1.0000
vt -2.9733 0.2117 1.0000
vt -1.2113 0.4234 1.0000
vt -2.1167 0.4234 1.0000
vt -1.2297 0.2117 1.0000
vt -2.1091 0.2117 1.0000
vt -0.3304 0.4286 1.0000
vt -1.2419 0.4286 1.0000
vt -0.3585 0.2143 1.0000
vt -1.2449 0.2143 1.0000
vt 0.6551 0.5201 1.0000
vt -0.3644 0.5201 1.0000
vt 0.6340 0.2601 1.0000
vt -0.3756 0.2601 1.0000
vt 1.6345 0.3585 1.0000
vt 0.6567 0.3585 1.0000
vt 1.6345 0.1793 1.0000
vt 0.6349 0.1793 1.0000
vt 2.6122 0.3585 1.0000
vt 2.6341 0.1793 1.0000
vt 3.5791 0.3585 1.0000
vt 3.6174 0.1793 1.0000
vt 4.4767 0.3585 1.0000
vt 4.4969 0.1793 1.0000
vt 5.3704 0.3585 1.0000
vt 5.3704 0.1793 1.0000
vt 6.2641 0.3585 1.0000
vt 6.2440 0.1793 1.0000
vt 7.1370 0.3585 1.0000
vt 7.0862 0.1793 1.0000
vt 7.9072 0.3585 1.0000
vt 7.7746 0.1793 1.0000
vt 8.7625 0.3585 1.0000
vt 8.5905 0.1793 1.0000
vt 9.9283 0.3585 1.0000
vt 9.8723 0.1793 1.0000
vt 11.0335 0.3585 1.0000
vt 11.0631 0.1793 1.0000
vt 11.9486 0.3585 1.0000
vt 11.9688 0.1793 1.0000
vt 12.8423 0.3585 1.0000
vt 12.8423 0.1793 1.0000
vt 13.7360 0.3585 1.0000
vt 13.7159 0.1793 1.0000
vt 14.5914 0.3585 1.0000
vt 14.5319 0.1793 1.0000
vt 15.2233 0.3585 1.0000
vt 15.0127 0.1793 1.0000
vt 15.7456 0.3585 1.0000
vt 15.3292 0.1793 1.0000
vt 16.6606 0.3585 1.0000
vt 16.2348 0.1793 1.0000
vt 18.4225 0.3585 1.0000
vt 18.4106 0.1793 1.0000
vt 19.4205 0.3585 1.0000
vt 19.4407 0.1793 1.0000
vt 20.3142 0.3585 1.0000
vt 20.3142 0.1793 1.0000
vt 21.2079 0.3585 1.0000
vt 21.1878 0.1793 1.0000
vt 21.9804 0.3585 1.0000
vt 21.8795 0.1793 1.0000
vt 21.9556 0.3585 1.0000
vt 21.3753 0.1793 1.0000
vt 21.5852 0.3585 1.0000
vt 20.3527 0.1793 1.0000
vt 2.4822 -2.9130 1.0000
vt 20.5441 -2.9130 1.0000
vt 4.7562 -1.4565 1.0000
vt 19.8321 -1.4565 1.0000
vt 0.6604 -2.0410 1.0000
vt 2.6599 -2.0410 1.0000
vt 2.4096 -1.0205 1.0000
vt 4.8451 -1.0205 1.0000
# 314 texture coords

g Cylinder003
usemtl wire_028028177
s 8
f 7019/3059/4284 7020/3060/4285 7021/3061/4285 7022/3062/4284 
f 7020/3060/4285 7023/3063/4286 7024/3064/4286 7021/3061/4285 
f 7023/3063/4286 7025/3065/4287 7026/3066/4287 7024/3064/4286 
f 7025/3065/4287 7027/3067/4288 7028/3068/4288 7026/3066/4287 
f 7027/3067/4288 7029/3069/4289 7030/3070/4289 7028/3068/4288 
f 7029/3069/4289 7031/3071/4290 7032/3072/4290 7030/3070/4289 
f 7031/3071/4290 7033/3073/4291 7034/3074/4291 7032/3072/4290 
f 7033/3073/4291 7035/3075/4292 7036/3076/4292 7034/3074/4291 
f 7035/3075/4292 7037/3077/4293 7038/3078/4293 7036/3076/4292 
f 7037/3077/4293 7039/3079/4294 7040/3080/4294 7038/3078/4293 
f 7039/3081/4294 7041/3082/4295 7042/3083/4295 7040/3084/4294 
f 7041/3082/4295 7043/3085/4296 7044/3086/4296 7042/3083/4295 
f 7043/3085/4296 7045/3087/4297 7046/3088/4297 7044/3086/4296 
f 7045/3087/4297 7047/3089/4298 7048/3090/4298 7046/3088/4297 
f 7047/3089/4298 7049/3091/4299 7050/3092/4299 7048/3090/4298 
f 7049/3091/4299 7051/3093/4300 7052/3094/4300 7050/3092/4299 
f 7051/3093/4300 7053/3095/4301 7054/3096/4301 7052/3094/4300 
f 7053/3095/4301 7055/3097/4302 7056/3098/4302 7054/3096/4301 
f 7055/3097/4302 7057/3099/4303 7058/3100/4303 7056/3098/4302 
f 7057/3099/4303 7059/3101/4304 7060/3102/4304 7058/3100/4303 
f 7059/3101/4304 7061/3103/4305 7062/3104/4305 7060/3102/4304 
f 7061/3103/4305 7063/3105/4306 7064/3106/4306 7062/3104/4305 
f 7063/3105/4306 7065/3107/4307 7066/3108/4307 7064/3106/4306 
f 7065/3107/4307 7067/3109/4308 7068/3110/4308 7066/3108/4307 
f 7067/3109/4308 7069/3111/4309 7070/3112/4309 7068/3110/4308 
f 7069/3111/4309 7071/3113/4310 7072/3114/4310 7070/3112/4309 
f 7071/3113/4310 7073/3115/4311 7074/3116/4311 7072/3114/4310 
f 7073/3115/4311 7075/3117/4312 7076/3118/4312 7074/3116/4311 
f 7075/3117/4312 7077/3119/4313 7078/3120/4313 7076/3118/4312 
f 7077/3119/4313 7079/3121/4314 7080/3122/4314 7078/3120/4313 
f 7079/3121/4314 7081/3123/4315 7082/3124/4315 7080/3122/4314 
f 7081/3123/4315 7083/3125/4316 7084/3126/4316 7082/3124/4315 
f 7083/3125/4316 7085/3127/4317 7086/3128/4317 7084/3126/4316 
f 7085/3127/4317 7087/3129/4318 7088/3130/4318 7086/3128/4317 
f 7087/3129/4318 7089/3131/4319 7090/3132/4319 7088/3130/4318 
f 7089/3131/4319 7091/3133/4320 7092/3134/4320 7090/3132/4319 
f 7091/3133/4320 7019/3059/4284 7022/3062/4284 7092/3134/4320 
s 1
f 7093/3135/4321 7094/3136/4321 7095/3137/4321 7096/3138/4321 
f 7095/3137/4321 7097/3139/4321 7096/3138/4321 
f 7096/3138/4321 7098/3140/4321 7099/3141/4321 7100/3142/4321 
f 7099/3141/4321 7101/3143/4321 7100/3142/4321 
f 7093/3135/4321 7096/3138/4321 7100/3142/4321 7102/3144/4321 
f 7100/3142/4321 7103/3145/4321 7104/3146/4321 7105/3147/4321 
f 7104/3146/4321 7106/3148/4321 7105/3147/4321 
f 7105/3147/4321 7107/3149/4321 7108/3150/4321 7109/3151/4321 
f 7108/3150/4321 7110/3152/4321 7109/3151/4321 
f 7100/3142/4321 7105/3147/4321 7109/3151/4321 7102/3144/4321 
f 7109/3151/4321 7111/3153/4321 7112/3154/4321 7113/3155/4321 
f 7112/3154/4321 7114/3156/4321 7113/3155/4321 
f 7113/3155/4321 7115/3157/4321 7116/3158/4321 7117/3159/4321 
f 7116/3158/4321 7118/3160/4321 7117/3159/4321 
f 7109/3151/4321 7113/3155/4321 7117/3159/4321 7102/3144/4321 
f 7117/3159/4321 7119/3161/4321 7120/3162/4321 7121/3163/4321 
f 7120/3162/4321 7122/3164/4321 7121/3163/4321 
f 7121/3163/4321 7123/3165/4321 7124/3166/4321 7102/3144/4321 
f 7124/3166/4321 7125/3167/4321 7102/3144/4321 
f 7117/3159/4321 7121/3163/4321 7102/3144/4321 
f 7102/3144/4321 7126/3168/4321 7127/3169/4321 7093/3135/4321 
f 7093/3135/4321 7127/3169/4321 7128/3170/4321 7129/3171/4321 
f 7021/3061/4322 7024/3064/4322 7026/3066/4322 7030/3070/4322 
f 7026/3066/4322 7028/3068/4322 7030/3070/4322 
f 7030/3070/4322 7032/3072/4322 7034/3074/4322 7038/3078/4322 
f 7034/3074/4322 7036/3076/4322 7038/3078/4322 
f 7021/3061/4322 7030/3070/4322 7038/3078/4322 7086/3172/4322 
f 7038/3078/4322 7040/3080/4322 7042/3173/4322 7046/3174/4322 
f 7042/3173/4322 7044/3175/4322 7046/3174/4322 
f 7046/3174/4322 7048/3176/4322 7050/3177/4322 7054/3178/4322 
f 7050/3177/4322 7052/3179/4322 7054/3178/4322 
f 7038/3078/4322 7046/3174/4322 7054/3178/4322 7086/3172/4322 
f 7054/3178/4322 7056/3180/4322 7058/3181/4322 7062/3182/4322 
f 7058/3181/4322 7060/3183/4322 7062/3182/4322 
f 7062/3182/4322 7064/3184/4322 7066/3185/4322 7070/3186/4322 
f 7066/3185/4322 7068/3187/4322 7070/3186/4322 
f 7054/3178/4322 7062/3182/4322 7070/3186/4322 7086/3172/4322 
f 7070/3186/4322 7072/3188/4322 7074/3189/4322 7078/3190/4322 
f 7074/3189/4322 7076/3191/4322 7078/3190/4322 
f 7078/3190/4322 7080/3192/4322 7082/3193/4322 7086/3172/4322 
f 7082/3193/4322 7084/3194/4322 7086/3172/4322 
f 7070/3186/4322 7078/3190/4322 7086/3172/4322 
f 7086/3172/4322 7088/3195/4322 7090/3196/4322 7021/3061/4322 
f 7021/3061/4322 7090/3196/4322 7092/3197/4322 7022/3198/4322 
s off
f 7130/3199/4323 7020/3200/4323 7019/3201/4323 7131/3202/4323 
f 7132/3203/4324 7023/3204/4324 7020/3205/4324 7130/3206/4324 
f 7133/3207/4325 7025/3208/4325 7023/3209/4325 7132/3210/4325 
f 7134/3211/4326 7027/3212/4326 7025/3213/4326 7133/3214/4326 
f 7135/3215/4327 7029/3216/4327 7027/3217/4327 7134/3218/4327 
f 7136/3219/4328 7031/3220/4328 7029/3221/4328 7135/3222/4328 
f 7137/3223/4329 7033/3224/4329 7031/3225/4329 7136/3226/4329 
f 7138/3227/4330 7035/3228/4330 7033/3229/4330 7137/3230/4330 
f 7139/3231/4331 7037/3232/4331 7035/3233/4331 7138/3234/4331 
f 7140/3235/4332 7039/3236/4332 7037/3237/4332 7139/3238/4332 
f 7141/3239/4333 7041/3082/4333 7039/3081/4333 7140/3240/4333 
f 7142/3241/4334 7043/3085/4334 7041/3082/4334 7141/3239/4334 
f 7143/3242/4335 7045/3087/4335 7043/3085/4335 7142/3241/4335 
f 7144/3243/4336 7047/3089/4336 7045/3087/4336 7143/3242/4336 
f 7145/3244/4337 7049/3091/4337 7047/3089/4337 7144/3243/4337 
f 7146/3245/4338 7051/3093/4338 7049/3091/4338 7145/3244/4338 
f 7147/3246/4339 7053/3095/4339 7051/3093/4339 7146/3245/4339 
f 7148/3247/4340 7055/3097/4340 7053/3095/4340 7147/3246/4340 
f 7149/3248/4341 7057/3099/4341 7055/3097/4341 7148/3247/4341 
f 7150/3249/4342 7059/3101/4342 7057/3099/4342 7149/3248/4342 
f 7151/3250/4343 7061/3103/4343 7059/3101/4343 7150/3249/4343 
f 7152/3251/4344 7063/3105/4344 7061/3103/4344 7151/3250/4344 
f 7153/3252/4345 7065/3107/4345 7063/3105/4345 7152/3251/4345 
f 7154/3253/4346 7067/3109/4346 7065/3107/4346 7153/3252/4346 
f 7155/3254/4347 7069/3111/4347 7067/3109/4347 7154/3253/4347 
f 7156/3255/4348 7071/3113/4348 7069/3111/4348 7155/3254/4348 
f 7157/3256/4349 7073/3115/4349 7071/3113/4349 7156/3255/4349 
f 7158/3257/4350 7075/3117/4350 7073/3115/4350 7157/3256/4350 
f 7159/3258/4351 7077/3119/4351 7075/3117/4351 7158/3257/4351 
f 7160/3259/4352 7079/3121/4352 7077/3119/4352 7159/3258/4352 
f 7161/3260/4353 7081/3123/4353 7079/3121/4353 7160/3259/4353 
f 7162/3261/4354 7083/3125/4354 7081/3123/4354 7161/3260/4354 
f 7163/3262/4355 7085/3127/4355 7083/3125/4355 7162/3261/4355 
f 7164/3263/4356 7087/3129/4356 7085/3127/4356 7163/3262/4356 
f 7165/3264/4357 7089/3131/4357 7087/3129/4357 7164/3263/4357 
f 7166/3265/4358 7091/3266/4358 7089/3267/4358 7165/3268/4358 
f 7131/3269/4359 7019/3270/4359 7091/3271/4359 7166/3272/4359 
f 7167/3273/4360 7130/3199/4360 7131/3202/4360 7168/3274/4360 
f 7169/3275/4361 7167/3273/4361 7168/3274/4361 7170/3276/4361 
f 7127/3169/4362 7169/3275/4362 7170/3276/4362 7128/3170/4362 
f 7171/3277/4363 7132/3203/4363 7130/3206/4363 7167/3278/4363 
f 7172/3279/4364 7171/3277/4364 7167/3278/4364 7169/3280/4364 
f 7126/3168/4365 7172/3279/4365 7169/3280/4365 7127/3169/4365 
f 7173/3281/4366 7133/3207/4366 7132/3210/4366 7171/3282/4366 
f 7174/3283/4367 7173/3281/4367 7171/3282/4367 7172/3284/4367 
f 7102/3144/4368 7174/3283/4368 7172/3284/4368 7126/3168/4368 
f 7175/3285/4369 7134/3211/4369 7133/3214/4369 7173/3286/4369 
f 7176/3287/4370 7175/3285/4370 7173/3286/4370 7174/3288/4370 
f 7125/3167/4371 7176/3287/4371 7174/3288/4371 7102/3144/4371 
f 7177/3289/4372 7135/3215/4372 7134/3218/4372 7175/3290/4372 
f 7178/3291/4373 7177/3289/4373 7175/3290/4373 7176/3292/4373 
f 7124/3166/4374 7178/3291/4374 7176/3292/4374 7125/3167/4374 
f 7179/3293/4375 7136/3219/4375 7135/3222/4375 7177/3294/4375 
f 7180/3295/4376 7179/3293/4376 7177/3294/4376 7178/3296/4376 
f 7123/3165/4377 7180/3295/4377 7178/3296/4377 7124/3166/4377 
f 7181/3297/4378 7137/3223/4378 7136/3226/4378 7179/3298/4378 
f 7182/3299/4379 7181/3297/4379 7179/3298/4379 7180/3300/4379 
f 7121/3163/4380 7182/3299/4380 7180/3300/4380 7123/3165/4380 
f 7183/3301/4381 7138/3227/4381 7137/3230/4381 7181/3302/4381 
f 7184/3303/4382 7183/3301/4382 7181/3302/4382 7182/3304/4382 
f 7122/3164/4383 7184/3303/4383 7182/3304/4383 7121/3163/4383 
f 7185/3305/4384 7139/3231/4384 7138/3234/4384 7183/3306/4384 
f 7186/3307/4385 7185/3305/4385 7183/3306/4385 7184/3308/4385 
f 7120/3162/4386 7186/3307/4386 7184/3308/4386 7122/3164/4386 
f 7187/3309/4387 7140/3235/4387 7139/3238/4387 7185/3310/4387 
f 7188/3311/4388 7187/3309/4388 7185/3310/4388 7186/3312/4388 
f 7119/3161/4389 7188/3311/4389 7186/3312/4389 7120/3162/4389 
f 7189/3313/4390 7141/3239/4390 7140/3240/4390 7187/3314/4390 
f 7190/3315/4391 7189/3313/4391 7187/3314/4391 7188/3316/4391 
f 7117/3159/4392 7190/3315/4392 7188/3316/4392 7119/3161/4392 
f 7191/3317/4393 7142/3241/4393 7141/3239/4393 7189/3313/4393 
f 7192/3318/4394 7191/3317/4394 7189/3313/4394 7190/3315/4394 
f 7118/3160/4395 7192/3318/4395 7190/3315/4395 7117/3159/4395 
f 7193/3319/4396 7143/3242/4396 7142/3241/4396 7191/3317/4396 
f 7194/3320/4397 7193/3319/4397 7191/3317/4397 7192/3318/4397 
f 7116/3158/4398 7194/3320/4398 7192/3318/4398 7118/3160/4398 
f 7195/3321/4399 7144/3243/4399 7143/3242/4399 7193/3319/4399 
f 7196/3322/4400 7195/3321/4400 7193/3319/4400 7194/3320/4400 
f 7115/3157/4401 7196/3322/4401 7194/3320/4401 7116/3158/4401 
f 7197/3323/4402 7145/3244/4402 7144/3243/4402 7195/3321/4402 
f 7198/3324/4403 7197/3323/4403 7195/3321/4403 7196/3322/4403 
f 7113/3155/4404 7198/3324/4404 7196/3322/4404 7115/3157/4404 
f 7199/3325/4405 7146/3245/4405 7145/3244/4405 7197/3323/4405 
f 7200/3326/4406 7199/3325/4406 7197/3323/4406 7198/3324/4406 
f 7114/3156/4407 7200/3326/4407 7198/3324/4407 7113/3155/4407 
f 7201/3327/4408 7147/3246/4408 7146/3245/4408 7199/3325/4408 
f 7202/3328/4409 7201/3327/4409 7199/3325/4409 7200/3326/4409 
f 7112/3154/4410 7202/3328/4410 7200/3326/4410 7114/3156/4410 
f 7203/3329/4411 7148/3247/4411 7147/3246/4411 7201/3327/4411 
f 7204/3330/4412 7203/3329/4412 7201/3327/4412 7202/3328/4412 
f 7111/3153/4413 7204/3330/4413 7202/3328/4413 7112/3154/4413 
f 7205/3331/4414 7149/3248/4414 7148/3247/4414 7203/3329/4414 
f 7206/3332/4415 7205/3331/4415 7203/3329/4415 7204/3330/4415 
f 7109/3151/4416 7206/3332/4416 7204/3330/4416 7111/3153/4416 
f 7207/3333/4417 7150/3249/4417 7149/3248/4417 7205/3331/4417 
f 7208/3334/4418 7207/3333/4418 7205/3331/4418 7206/3332/4418 
f 7110/3152/4419 7208/3334/4419 7206/3332/4419 7109/3151/4419 
f 7209/3335/4420 7151/3250/4420 7150/3249/4420 7207/3333/4420 
f 7210/3336/4421 7209/3335/4421 7207/3333/4421 7208/3334/4421 
f 7108/3150/4422 7210/3336/4422 7208/3334/4422 7110/3152/4422 
f 7211/3337/4423 7152/3251/4423 7151/3250/4423 7209/3335/4423 
f 7212/3338/4424 7211/3337/4424 7209/3335/4424 7210/3336/4424 
f 7107/3149/4425 7212/3338/4425 7210/3336/4425 7108/3150/4425 
f 7213/3339/4426 7153/3252/4426 7152/3251/4426 7211/3337/4426 
f 7214/3340/4427 7213/3339/4427 7211/3337/4427 7212/3338/4427 
f 7105/3147/4428 7214/3340/4428 7212/3338/4428 7107/3149/4428 
f 7215/3341/4429 7154/3253/4429 7153/3252/4429 7213/3339/4429 
f 7216/3342/4430 7215/3341/4430 7213/3339/4430 7214/3340/4430 
f 7106/3148/4431 7216/3342/4431 7214/3340/4431 7105/3147/4431 
f 7217/3343/4432 7155/3254/4432 7154/3253/4432 7215/3341/4432 
f 7218/3344/4433 7217/3343/4433 7215/3341/4433 7216/3342/4433 
f 7104/3146/4434 7218/3344/4434 7216/3342/4434 7106/3148/4434 
f 7219/3345/4435 7156/3255/4435 7155/3254/4435 7217/3343/4435 
f 7220/3346/4436 7219/3345/4436 7217/3343/4436 7218/3344/4436 
f 7103/3145/4437 7220/3346/4437 7218/3344/4437 7104/3146/4437 
f 7221/3347/4438 7157/3256/4438 7156/3255/4438 7219/3345/4438 
f 7222/3348/4439 7221/3347/4439 7219/3345/4439 7220/3346/4439 
f 7100/3142/4440 7222/3348/4440 7220/3346/4440 7103/3145/4440 
f 7223/3349/4441 7158/3257/4441 7157/3256/4441 7221/3347/4441 
f 7224/3350/4442 7223/3349/4442 7221/3347/4442 7222/3348/4442 
f 7101/3143/4443 7224/3350/4443 7222/3348/4443 7100/3142/4443 
f 7225/3351/4444 7159/3258/4444 7158/3257/4444 7223/3349/4444 
f 7226/3352/4445 7225/3351/4445 7223/3349/4445 7224/3350/4445 
f 7099/3141/4446 7226/3352/4446 7224/3350/4446 7101/3143/4446 
f 7227/3353/4447 7160/3259/4447 7159/3258/4447 7225/3351/4447 
f 7228/3354/4448 7227/3353/4448 7225/3351/4448 7226/3352/4448 
f 7098/3140/4449 7228/3354/4449 7226/3352/4449 7099/3141/4449 
f 7229/3355/4450 7161/3260/4450 7160/3259/4450 7227/3353/4450 
f 7230/3356/4451 7229/3355/4451 7227/3353/4451 7228/3354/4451 
f 7096/3138/4452 7230/3356/4452 7228/3354/4452 7098/3140/4452 
f 7231/3357/4453 7162/3261/4453 7161/3260/4453 7229/3355/4453 
f 7232/3358/4454 7231/3357/4454 7229/3355/4454 7230/3356/4454 
f 7097/3139/4455 7232/3358/4455 7230/3356/4455 7096/3138/4455 
f 7233/3359/4456 7163/3262/4456 7162/3261/4456 7231/3357/4456 
f 7234/3360/4457 7233/3359/4457 7231/3357/4457 7232/3358/4457 
f 7095/3137/4458 7234/3360/4458 7232/3358/4458 7097/3139/4458 
f 7235/3361/4459 7164/3263/4459 7163/3262/4459 7233/3359/4459 
f 7236/3362/4460 7235/3361/4460 7233/3359/4460 7234/3360/4460 
f 7094/3136/4461 7236/3362/4461 7234/3360/4461 7095/3137/4461 
f 7237/3363/4462 7165/3264/4462 7164/3263/4462 7235/3361/4462 
f 7238/3364/4463 7237/3363/4463 7235/3361/4463 7236/3362/4463 
f 7093/3135/4464 7238/3364/4464 7236/3362/4464 7094/3136/4464 
f 7239/3365/4465 7166/3265/4465 7165/3268/4465 7237/3366/4465 
f 7240/3367/4466 7239/3365/4466 7237/3366/4466 7238/3368/4466 
f 7129/3171/4467 7240/3367/4467 7238/3368/4467 7093/3135/4467 
f 7168/3369/4468 7131/3269/4468 7166/3272/4468 7239/3370/4468 
f 7170/3371/4469 7168/3369/4469 7239/3370/4469 7240/3372/4469 
f 7128/3170/4470 7170/3371/4470 7240/3372/4470 7129/3171/4470 
# 211 polygons - 18 triangles

#
# object Rectangle138
#

v  -9279.1992 2028.2871 -1586.7384
v  -9279.1992 2028.2871 -1590.0985
v  -9280.1992 2028.2871 -1591.0985
v  -9729.1992 2028.2871 -1590.0986
v  -9728.1992 2028.2871 -1591.0986
v  -9729.1992 2028.2871 -1586.7385
v  -9728.1992 2028.2871 -1585.7385
v  -9280.1992 2028.2871 -1585.7384
v  -9728.1992 61.8327 -1591.0986
v  -9280.1992 61.8328 -1591.0985
v  -9279.1992 61.8328 -1590.0985
v  -9279.1992 61.8328 -1586.7384
v  -9280.1992 61.8328 -1585.7384
v  -9729.1992 61.8327 -1586.7385
v  -9728.1992 61.8327 -1585.7385
v  -9729.1992 61.8327 -1590.0986
# 16 vertices

vn -0.0000 1.0000 -0.0000
vn 0.0000 -0.0000 -1.0000
vn 0.0000 -1.0000 0.0000
vn -0.0000 0.0000 1.0000
vn 1.0000 0.0000 0.0000
vn -1.0000 -0.0000 -0.0000
vn 0.7071 0.0000 -0.7071
vn -0.7071 -0.0000 -0.7071
vn 0.7071 0.0000 0.7071
vn -0.7071 -0.0000 0.7071
# 10 vertex normals

vt 1.0000 0.0000 0.0000
vt 4.3601 0.0000 0.0000
vt 5.3601 1.0000 0.0000
vt 4.3601 450.0000 0.0000
vt 5.3601 449.0000 0.0000
vt 1.0000 450.0000 0.0000
vt 0.0000 449.0000 0.0000
vt 0.0000 1.0000 0.0000
vt 1912.6995 449.0000 0.0000
vt 1912.6995 1.0000 0.0000
vt 1913.6995 0.0000 0.0000
vt 1917.0596 0.0000 0.0000
vt 1918.0596 1.0000 0.0000
vt 1917.0596 450.0000 0.0000
vt 1918.0596 449.0000 0.0000
vt 1913.6995 450.0000 0.0000
vt 3825.3989 449.0000 0.0000
vt 3825.3989 1.0000 0.0000
vt 1.0001 1907.3394 0.0000
vt 4.3602 1907.3394 0.0000
vt 4.3782 -0.0000 0.0000
vt 4.3783 1907.3394 0.0000
vt 6.3183 1907.3394 0.0000
vt 6.3182 0.0000 0.0000
# 24 texture coords

g Rectangle138
usemtl wire_028028177
s 1
f 7241/3373/4471 7242/3374/4471 7243/3375/4471 7244/3376/4471 
f 7243/3375/4471 7245/3377/4471 7244/3376/4471 
f 7244/3376/4471 7246/3378/4471 7247/3379/4471 7241/3373/4471 
f 7248/3380/4471 7241/3373/4471 7247/3379/4471 
s 4
f 7249/3381/4472 7245/3377/4472 7243/3375/4472 7250/3382/4472 
s 2
f 7251/3383/4473 7252/3384/4473 7253/3385/4473 7254/3386/4473 
f 7253/3385/4473 7255/3387/4473 7254/3386/4473 
f 7254/3386/4473 7256/3388/4473 7249/3381/4473 7251/3383/4473 
f 7250/3382/4473 7251/3383/4473 7249/3381/4473 
s 4
f 7247/3389/4474 7255/3387/4474 7253/3385/4474 7248/3390/4474 
s 16
f 7242/3391/4475 7241/3392/4475 7252/3374/4475 7251/3373/4475 
f 7254/3374/4476 7246/3392/4476 7244/3391/4476 7256/3373/4476 
s off
f 7243/3375/4477 7242/3374/4477 7251/3383/4477 7250/3382/4477 
f 7249/3381/4478 7256/3388/4478 7244/3376/4478 7245/3377/4478 
f 7253/3393/4479 7252/3374/4479 7241/3392/4479 7248/3394/4479 
f 7247/3395/4480 7246/3392/4480 7254/3374/4480 7255/3396/4480 
# 12 polygons - 4 triangles

#
# object Rectangle139
#

v  -9729.1992 2028.2872 -1591.0985
v  -9729.1992 2028.2872 -1585.7384
v  -9279.1992 2028.2872 -1585.7384
v  -9279.1992 2028.2872 -1591.0985
v  -9729.1992 2027.4633 -1591.0985
v  -9279.1992 2027.4633 -1591.0985
v  -9729.1992 2027.4067 -1591.1550
v  -9279.1992 2027.4067 -1591.1550
v  -9729.1992 2027.4067 -1596.1759
v  -9279.1992 2027.4067 -1596.1759
v  -9729.1992 2027.6895 -1596.4586
v  -9279.1992 2027.6893 -1596.4586
v  -9729.1992 2077.1240 -1596.4586
v  -9279.1992 2077.1240 -1596.4586
v  -9729.1992 2077.4067 -1596.1759
v  -9279.1992 2077.4067 -1596.1759
v  -9729.1992 2077.4067 -1580.6610
v  -9279.1992 2077.4067 -1580.6610
v  -9729.1992 2077.1240 -1580.3783
v  -9279.1992 2077.1240 -1580.3783
v  -9729.1992 2027.6895 -1580.3783
v  -9279.1992 2027.6893 -1580.3783
v  -9729.1992 2027.4067 -1580.6610
v  -9279.1992 2027.4067 -1580.6610
v  -9729.1992 2027.4067 -1585.6819
v  -9279.1992 2027.4067 -1585.6819
v  -9729.1992 2027.4633 -1585.7384
v  -9279.1992 2027.4633 -1585.7384
# 28 vertices

vn -0.0000 -1.0000 -0.0000
vn -0.0000 0.0000 1.0000
vn -0.0000 -0.7071 0.7071
vn -0.0000 -0.7071 -0.7071
vn 0.0000 0.0000 -1.0000
vn 0.0000 0.7071 -0.7071
vn 0.0000 1.0000 0.0000
vn 0.0000 0.7071 0.7071
vn 1.0000 -0.0000 0.0000
vn -1.0000 0.0000 -0.0000
# 10 vertex normals

vt 5.3601 450.0000 0.0000
vt 0.0000 450.0000 0.0000
vt 0.0000 0.0000 0.0000
vt 5.3601 0.0000 0.0000
vt 6.1841 450.0000 0.0000
vt 6.1841 0.0000 0.0000
vt 6.2640 450.0000 0.0000
vt 6.2640 0.0000 0.0000
vt 11.2849 450.0000 0.0000
vt 11.2849 0.0000 0.0000
vt 11.6847 450.0000 0.0000
vt 11.6847 0.0000 0.0000
vt 61.1194 450.0000 0.0000
vt 61.1194 0.0000 0.0000
vt 61.5192 450.0000 0.0000
vt 61.5192 0.0000 0.0000
vt 77.0341 450.0000 0.0000
vt 77.0341 0.0000 0.0000
vt 77.4339 450.0000 0.0000
vt 77.4339 0.0000 0.0000
vt 126.8686 450.0000 0.0000
vt 126.8686 0.0000 0.0000
vt 127.2684 450.0000 0.0000
vt 127.2684 0.0000 0.0000
vt 132.2893 450.0000 0.0000
vt 132.2893 0.0000 0.0000
vt 132.3692 450.0000 0.0000
vt 132.3692 0.0000 0.0000
vt 133.1932 450.0000 0.0000
vt 133.1932 0.0000 0.0000
vt 10.7202 49.1196 0.0000
vt 10.7202 49.9435 0.0000
vt 10.7767 50.0001 0.0000
vt 15.7976 50.0001 0.0000
vt 16.0803 49.7174 0.0000
vt 16.0803 0.2827 0.0000
vt 15.7976 0.0000 0.0000
vt 0.2827 0.0000 0.0000
vt 0.0000 0.2827 0.0000
vt 5.3601 49.1196 0.0000
vt 0.0000 49.7174 0.0000
vt 0.2827 50.0001 0.0000
vt 5.3036 50.0001 0.0000
vt 5.3601 49.9435 0.0000
# 44 texture coords

g Rectangle139
usemtl wire_028028177
s 1
f 7260/3400/4481 7259/3399/4481 7258/3398/4481 7257/3397/4481 
s 4
f 7262/3402/4482 7260/3400/4482 7257/3397/4482 7261/3401/4482 
s 2
f 7264/3404/4483 7262/3402/4483 7261/3401/4483 7263/3403/4483 
s 4
f 7266/3406/4481 7264/3404/4481 7263/3403/4481 7265/3405/4481 
s 2
f 7268/3408/4484 7266/3406/4484 7265/3405/4484 7267/3407/4484 
s 4
f 7270/3410/4485 7268/3408/4485 7267/3407/4485 7269/3409/4485 
s 2
f 7272/3412/4486 7270/3410/4486 7269/3409/4486 7271/3411/4486 
s 4
f 7274/3414/4487 7272/3412/4487 7271/3411/4487 7273/3413/4487 
s 2
f 7276/3416/4488 7274/3414/4488 7273/3413/4488 7275/3415/4488 
s 4
f 7278/3418/4482 7276/3416/4482 7275/3415/4482 7277/3417/4482 
s 2
f 7280/3420/4483 7278/3418/4483 7277/3417/4483 7279/3419/4483 
s 4
f 7282/3422/4481 7280/3420/4481 7279/3419/4481 7281/3421/4481 
s 2
f 7284/3424/4484 7282/3422/4484 7281/3421/4484 7283/3423/4484 
s 4
f 7259/3426/4485 7284/3424/4485 7283/3423/4485 7258/3425/4485 
s 16
f 7280/3430/4489 7282/3429/4489 7284/3428/4489 7259/3427/4489 
f 7276/3432/4489 7278/3431/4489 7280/3430/4489 7259/3427/4489 
f 7272/3434/4489 7274/3433/4489 7276/3432/4489 7259/3427/4489 
f 7260/3436/4489 7270/3435/4489 7272/3434/4489 7259/3427/4489 
f 7266/3438/4489 7268/3437/4489 7270/3435/4489 7260/3436/4489 
f 7262/3440/4489 7264/3439/4489 7266/3438/4489 7260/3436/4489 
f 7265/3438/4490 7263/3439/4490 7261/3440/4490 7257/3436/4490 
f 7269/3435/4490 7267/3437/4490 7265/3438/4490 7257/3436/4490 
f 7279/3430/4490 7258/3427/4490 7283/3428/4490 7281/3429/4490 
f 7275/3432/4490 7258/3427/4490 7279/3430/4490 7277/3431/4490 
f 7271/3434/4490 7258/3427/4490 7275/3432/4490 7273/3433/4490 
f 7257/3436/4490 7258/3427/4490 7271/3434/4490 7269/3435/4490 
# 26 polygons

#
# object Rectangle136
#

v  -9276.1172 2028.2871 -1586.7385
v  -9276.1172 2028.2871 -1590.0986
v  -9275.1172 2028.2871 -1591.0986
v  -8826.1172 2028.2871 -1590.0986
v  -8827.1172 2028.2871 -1591.0986
v  -8826.1172 2028.2871 -1586.7385
v  -8827.1172 2028.2871 -1585.7385
v  -9275.1172 2028.2871 -1585.7385
v  -8827.1172 61.8327 -1591.0985
v  -9275.1172 61.8328 -1591.0984
v  -9276.1172 61.8328 -1590.0984
v  -9276.1172 61.8328 -1586.7383
v  -9275.1172 61.8328 -1585.7383
v  -8826.1172 61.8327 -1586.7384
v  -8827.1172 61.8327 -1585.7384
v  -8826.1172 61.8327 -1590.0985
# 16 vertices

vn 0.0000 1.0000 -0.0000
vn -0.0000 -0.0000 -1.0000
vn -0.0000 -1.0000 0.0000
vn 0.0000 0.0000 1.0000
vn -1.0000 0.0000 0.0000
vn 1.0000 -0.0000 -0.0000
vn -0.7071 0.0000 -0.7071
vn 0.7071 -0.0000 -0.7071
vn -0.7071 0.0000 0.7071
vn 0.7071 -0.0000 0.7071
# 10 vertex normals

vt 1.0000 0.0000 0.0000
vt 4.3601 0.0000 0.0000
vt 5.3601 1.0000 0.0000
vt 4.3601 450.0000 0.0000
vt 5.3601 449.0000 0.0000
vt 1.0000 450.0000 0.0000
vt 0.0000 449.0000 0.0000
vt 0.0000 1.0000 0.0000
vt 1912.6995 449.0000 0.0000
vt 1912.6995 1.0000 0.0000
vt 1913.6995 0.0000 0.0000
vt 1917.0596 0.0000 0.0000
vt 1918.0596 1.0000 0.0000
vt 1917.0596 450.0000 0.0000
vt 1918.0596 449.0000 0.0000
vt 1913.6995 450.0000 0.0000
vt 3825.3989 449.0000 0.0000
vt 3825.3989 1.0000 0.0000
vt 1.0001 1907.3394 0.0000
vt 4.3602 1907.3394 0.0000
vt 4.3782 -0.0000 0.0000
vt 4.3783 1907.3394 0.0000
vt 6.3183 1907.3394 0.0000
vt 6.3182 0.0000 0.0000
# 24 texture coords

g Rectangle136
usemtl wire_028028177
s 1
f 7288/3444/4491 7287/3443/4491 7286/3442/4491 7285/3441/4491 
f 7288/3444/4491 7289/3445/4491 7287/3443/4491 
f 7285/3441/4491 7291/3447/4491 7290/3446/4491 7288/3444/4491 
f 7291/3447/4491 7285/3441/4491 7292/3448/4491 
s 4
f 7294/3450/4492 7287/3443/4492 7289/3445/4492 7293/3449/4492 
s 2
f 7298/3454/4493 7297/3453/4493 7296/3452/4493 7295/3451/4493 
f 7298/3454/4493 7299/3455/4493 7297/3453/4493 
f 7295/3451/4493 7293/3449/4493 7300/3456/4493 7298/3454/4493 
f 7293/3449/4493 7295/3451/4493 7294/3450/4493 
s 4
f 7292/3458/4494 7297/3453/4494 7299/3455/4494 7291/3457/4494 
s 16
f 7295/3441/4495 7296/3442/4495 7285/3460/4495 7286/3459/4495 
f 7300/3441/4496 7288/3459/4496 7290/3460/4496 7298/3442/4496 
s off
f 7294/3450/4497 7295/3451/4497 7286/3442/4497 7287/3443/4497 
f 7289/3445/4498 7288/3444/4498 7300/3456/4498 7293/3449/4498 
f 7292/3462/4499 7285/3460/4499 7296/3442/4499 7297/3461/4499 
f 7299/3464/4500 7298/3442/4500 7290/3460/4500 7291/3463/4500 
# 12 polygons - 4 triangles

#
# object Rectangle137
#

v  -8826.1172 61.8327 -1591.0985
v  -8826.1172 61.8327 -1585.7384
v  -9276.1172 61.8327 -1585.7383
v  -9276.1172 61.8327 -1591.0984
v  -8826.1172 62.6566 -1591.0985
v  -9276.1172 62.6567 -1591.0984
v  -8826.1172 62.7132 -1591.1550
v  -9276.1172 62.7132 -1591.1549
v  -8826.1172 62.7132 -1596.1759
v  -9276.1172 62.7132 -1596.1758
v  -8826.1172 62.4305 -1596.4586
v  -9276.1172 62.4306 -1596.4585
v  -8826.1172 12.9958 -1596.4586
v  -9276.1172 12.9958 -1596.4585
v  -8826.1172 12.7131 -1596.1759
v  -9276.1172 12.7132 -1596.1758
v  -8826.1172 12.7131 -1580.6609
v  -9276.1172 12.7132 -1580.6609
v  -8826.1172 12.9958 -1580.3783
v  -9276.1172 12.9958 -1580.3782
v  -8826.1172 62.4305 -1580.3783
v  -9276.1172 62.4306 -1580.3782
v  -8826.1172 62.7132 -1580.6609
v  -9276.1172 62.7132 -1580.6609
v  -8826.1172 62.7132 -1585.6818
v  -9276.1172 62.7132 -1585.6818
v  -8826.1172 62.6566 -1585.7384
v  -9276.1172 62.6567 -1585.7383
# 28 vertices

vn 0.0000 1.0000 -0.0000
vn 0.0000 0.0000 1.0000
vn 0.0000 0.7071 0.7071
vn 0.0000 0.7071 -0.7071
vn -0.0000 -0.0000 -1.0000
vn -0.0000 -0.7071 -0.7071
vn -0.0000 -1.0000 0.0000
vn 0.0000 -0.7071 0.7071
vn -1.0000 0.0000 0.0000
vn 1.0000 -0.0000 -0.0000
# 10 vertex normals

vt 5.3601 450.0000 0.0000
vt 0.0000 450.0000 0.0000
vt 0.0000 0.0000 0.0000
vt 5.3601 0.0000 0.0000
vt 6.1841 450.0000 0.0000
vt 6.1841 0.0000 0.0000
vt 6.2640 450.0000 0.0000
vt 6.2640 0.0000 0.0000
vt 11.2849 450.0000 0.0000
vt 11.2849 0.0000 0.0000
vt 11.6847 450.0000 0.0000
vt 11.6847 0.0000 0.0000
vt 61.1194 450.0000 0.0000
vt 61.1194 0.0000 0.0000
vt 61.5192 450.0000 0.0000
vt 61.5192 0.0000 0.0000
vt 77.0341 450.0000 0.0000
vt 77.0341 0.0000 0.0000
vt 77.4339 450.0000 0.0000
vt 77.4339 0.0000 0.0000
vt 126.8686 450.0000 0.0000
vt 126.8686 0.0000 0.0000
vt 127.2684 450.0000 0.0000
vt 127.2684 0.0000 0.0000
vt 132.2893 450.0000 0.0000
vt 132.2893 0.0000 0.0000
vt 132.3692 450.0000 0.0000
vt 132.3692 0.0000 0.0000
vt 133.1932 450.0000 0.0000
vt 133.1932 0.0000 0.0000
vt 10.7202 49.1196 0.0000
vt 10.7202 49.9435 0.0000
vt 10.7767 50.0001 0.0000
vt 15.7976 50.0001 0.0000
vt 16.0803 49.7174 0.0000
vt 16.0803 0.2827 0.0000
vt 15.7976 0.0000 0.0000
vt 0.2827 0.0000 0.0000
vt 0.0000 0.2827 0.0000
vt 5.3601 49.1196 0.0000
vt 0.0000 49.7174 0.0000
vt 0.2827 50.0001 0.0000
vt 5.3036 50.0001 0.0000
vt 5.3601 49.9435 0.0000
# 44 texture coords

g Rectangle137
usemtl wire_028028177
s 1
f 7304/3468/4501 7303/3467/4501 7302/3466/4501 7301/3465/4501 
s 4
f 7306/3470/4502 7304/3468/4502 7301/3465/4502 7305/3469/4502 
s 2
f 7308/3472/4503 7306/3470/4503 7305/3469/4503 7307/3471/4503 
s 4
f 7310/3474/4501 7308/3472/4501 7307/3471/4501 7309/3473/4501 
s 2
f 7312/3476/4504 7310/3474/4504 7309/3473/4504 7311/3475/4504 
s 4
f 7314/3478/4505 7312/3476/4505 7311/3475/4505 7313/3477/4505 
s 2
f 7316/3480/4506 7314/3478/4506 7313/3477/4506 7315/3479/4506 
s 4
f 7318/3482/4507 7316/3480/4507 7315/3479/4507 7317/3481/4507 
s 2
f 7320/3484/4508 7318/3482/4508 7317/3481/4508 7319/3483/4508 
s 4
f 7322/3486/4502 7320/3484/4502 7319/3483/4502 7321/3485/4502 
s 2
f 7324/3488/4503 7322/3486/4503 7321/3485/4503 7323/3487/4503 
s 4
f 7326/3490/4501 7324/3488/4501 7323/3487/4501 7325/3489/4501 
s 2
f 7328/3492/4504 7326/3490/4504 7325/3489/4504 7327/3491/4504 
s 4
f 7303/3494/4505 7328/3492/4505 7327/3491/4505 7302/3493/4505 
s 16
f 7324/3498/4509 7326/3497/4509 7328/3496/4509 7303/3495/4509 
f 7320/3500/4509 7322/3499/4509 7324/3498/4509 7303/3495/4509 
f 7316/3502/4509 7318/3501/4509 7320/3500/4509 7303/3495/4509 
f 7304/3504/4509 7314/3503/4509 7316/3502/4509 7303/3495/4509 
f 7310/3506/4509 7312/3505/4509 7314/3503/4509 7304/3504/4509 
f 7306/3508/4509 7308/3507/4509 7310/3506/4509 7304/3504/4509 
f 7309/3506/4510 7307/3507/4510 7305/3508/4510 7301/3504/4510 
f 7313/3503/4510 7311/3505/4510 7309/3506/4510 7301/3504/4510 
f 7323/3498/4510 7302/3495/4510 7327/3496/4510 7325/3497/4510 
f 7319/3500/4510 7302/3495/4510 7323/3498/4510 7321/3499/4510 
f 7315/3502/4510 7302/3495/4510 7319/3500/4510 7317/3501/4510 
f 7301/3504/4510 7302/3495/4510 7315/3502/4510 7313/3503/4510 
# 26 polygons

#
# object Cylinder004
#

v  -9276.3291 38.8333 -1582.7953
v  -9276.3291 39.7628 -1582.8744
v  -9275.0459 39.7628 -1582.8744
v  -9275.0459 38.8333 -1582.7953
v  -9276.3291 40.6655 -1583.1095
v  -9275.0459 40.6655 -1583.1095
v  -9276.3291 41.5156 -1583.4937
v  -9275.0459 41.5156 -1583.4937
v  -9276.3291 42.2885 -1584.0161
v  -9275.0459 42.2885 -1584.0161
v  -9276.3291 42.9620 -1584.6616
v  -9275.0459 42.9619 -1584.6616
v  -9276.3291 43.5167 -1585.4116
v  -9275.0459 43.5167 -1585.4116
v  -9276.3291 43.9366 -1586.2446
v  -9275.0459 43.9366 -1586.2446
v  -9276.3291 44.2098 -1587.1366
v  -9275.0459 44.2098 -1587.1366
v  -9276.3291 44.3283 -1588.0619
v  -9275.0459 44.3283 -1588.0619
v  -9276.3291 44.2887 -1588.9939
v  -9275.0459 44.2887 -1588.9939
v  -9276.3291 44.0922 -1589.9058
v  -9275.0459 44.0922 -1589.9058
v  -9276.3291 43.7443 -1590.7714
v  -9275.0459 43.7443 -1590.7714
v  -9276.3291 43.2552 -1591.5658
v  -9275.0459 43.2552 -1591.5658
v  -9276.3291 42.6389 -1592.2660
v  -9275.0459 42.6389 -1592.2660
v  -9276.3291 41.9131 -1592.8521
v  -9275.0459 41.9131 -1592.8521
v  -9276.3291 41.0987 -1593.3070
v  -9275.0459 41.0987 -1593.3070
v  -9276.3291 40.2191 -1593.6178
v  -9275.0459 40.2191 -1593.6178
v  -9276.3291 39.2997 -1593.7755
v  -9275.0459 39.2997 -1593.7755
v  -9276.3291 38.3668 -1593.7755
v  -9275.0459 38.3668 -1593.7755
v  -9276.3291 37.4474 -1593.6178
v  -9275.0459 37.4474 -1593.6178
v  -9276.3291 36.5678 -1593.3070
v  -9275.0459 36.5678 -1593.3070
v  -9276.3291 35.7534 -1592.8521
v  -9275.0459 35.7534 -1592.8521
v  -9276.3291 35.0276 -1592.2660
v  -9275.0459 35.0276 -1592.2660
v  -9276.3291 34.4113 -1591.5658
v  -9275.0459 34.4113 -1591.5658
v  -9276.3291 33.9222 -1590.7714
v  -9275.0459 33.9222 -1590.7714
v  -9276.3291 33.5743 -1589.9058
v  -9275.0459 33.5743 -1589.9058
v  -9276.3291 33.3778 -1588.9939
v  -9275.0459 33.3778 -1588.9939
v  -9276.3291 33.3382 -1588.0619
v  -9275.0459 33.3382 -1588.0619
v  -9276.3291 33.4567 -1587.1366
v  -9275.0459 33.4567 -1587.1366
v  -9276.3291 33.7299 -1586.2446
v  -9275.0459 33.7299 -1586.2446
v  -9276.3291 34.1498 -1585.4116
v  -9275.0459 34.1498 -1585.4116
v  -9276.3291 34.7046 -1584.6616
v  -9275.0459 34.7046 -1584.6616
v  -9276.3291 35.3780 -1584.0161
v  -9275.0459 35.3780 -1584.0161
v  -9276.3291 36.1509 -1583.4937
v  -9275.0459 36.1509 -1583.4937
v  -9276.3291 37.0010 -1583.1095
v  -9275.0459 37.0010 -1583.1095
v  -9276.3291 37.9038 -1582.8744
v  -9275.0459 37.9038 -1582.8744
v  -9277.0459 37.2407 -1583.7880
v  -9277.0459 36.5019 -1584.1219
v  -9277.0459 35.8301 -1584.5759
v  -9277.0459 34.7626 -1585.7889
v  -9277.0459 35.2447 -1585.1370
v  -9277.0459 34.3976 -1586.5129
v  -9277.0459 34.1601 -1587.2882
v  -9277.0459 34.0916 -1588.9025
v  -9277.0459 34.0572 -1588.0924
v  -9277.0459 41.1646 -1584.1219
v  -9277.0459 34.2624 -1589.6951
v  -9277.0459 34.5647 -1590.4474
v  -9277.0459 35.5255 -1591.7466
v  -9277.0459 34.9898 -1591.1379
v  -9277.0459 36.1563 -1592.2559
v  -9277.0459 36.8642 -1592.6514
v  -9277.0459 38.4278 -1593.0585
v  -9277.0459 37.6287 -1592.9214
v  -9277.0459 39.2387 -1593.0585
v  -9277.0459 40.0378 -1592.9214
v  -9277.0459 41.5102 -1592.2559
v  -9277.0459 40.8023 -1592.6514
v  -9277.0459 42.1410 -1591.7466
v  -9277.0459 42.6767 -1591.1378
v  -9277.0459 43.4041 -1589.6951
v  -9277.0459 43.1018 -1590.4474
v  -9277.0459 43.5749 -1588.9025
v  -9277.0459 43.6094 -1588.0924
v  -9277.0459 43.2689 -1586.5129
v  -9277.0459 43.5064 -1587.2882
v  -9277.0459 42.9039 -1585.7889
v  -9277.0459 42.4218 -1585.1370
v  -9277.0459 41.8364 -1584.5759
v  -9277.0459 40.4258 -1583.7880
v  -9277.0459 39.6411 -1583.5836
v  -9277.0459 38.8333 -1583.5149
v  -9277.0459 38.0254 -1583.5836
v  -9276.6426 39.7552 -1582.9187
v  -9276.6426 38.8333 -1582.8402
v  -9276.6426 40.6505 -1583.1519
v  -9276.6426 41.4936 -1583.5330
v  -9276.6426 42.2602 -1584.0510
v  -9276.6426 42.9282 -1584.6913
v  -9276.6426 43.4784 -1585.4352
v  -9276.6426 43.8949 -1586.2614
v  -9276.6426 44.1658 -1587.1460
v  -9276.6426 44.2834 -1588.0637
v  -9276.6426 44.2441 -1588.9882
v  -9276.6426 44.0492 -1589.8927
v  -9276.6426 43.7042 -1590.7512
v  -9276.6426 43.2191 -1591.5391
v  -9276.6426 42.6078 -1592.2335
v  -9276.6426 41.8879 -1592.8148
v  -9276.6426 41.0802 -1593.2661
v  -9276.6426 40.2078 -1593.5743
v  -9276.6426 39.2959 -1593.7307
v  -9276.6426 38.3706 -1593.7307
v  -9276.6426 37.4587 -1593.5743
v  -9276.6426 36.5863 -1593.2661
v  -9276.6426 35.7786 -1592.8148
v  -9276.6426 35.0587 -1592.2335
v  -9276.6426 34.4474 -1591.5391
v  -9276.6426 33.9623 -1590.7512
v  -9276.6426 33.6173 -1589.8927
v  -9276.6426 33.4224 -1588.9882
v  -9276.6426 33.3831 -1588.0637
v  -9276.6426 33.5007 -1587.1460
v  -9276.6426 33.7716 -1586.2614
v  -9276.6426 34.1881 -1585.4352
v  -9276.6426 34.7383 -1584.6913
v  -9276.6426 35.4063 -1584.0510
v  -9276.6426 36.1729 -1583.5330
v  -9276.6426 37.0160 -1583.1519
v  -9276.6426 37.9114 -1582.9187
v  -9276.8662 39.7324 -1583.0518
v  -9276.8662 38.8333 -1582.9752
v  -9277.0010 39.6944 -1583.2733
v  -9277.0010 38.8333 -1583.2001
v  -9276.8662 40.6056 -1583.2791
v  -9277.0010 40.5307 -1583.4911
v  -9276.8662 41.4278 -1583.6508
v  -9277.0010 41.3182 -1583.8470
v  -9276.8662 42.1754 -1584.1560
v  -9277.0010 42.0342 -1584.3311
v  -9276.8662 42.8269 -1584.7804
v  -9277.0010 42.6581 -1584.9290
v  -9276.8662 43.3635 -1585.5059
v  -9277.0010 43.1720 -1585.6238
v  -9276.8662 43.7697 -1586.3116
v  -9277.0010 43.5611 -1586.3955
v  -9276.8662 44.0339 -1587.1744
v  -9277.0010 43.8141 -1587.2218
v  -9276.8662 44.1486 -1588.0695
v  -9277.0010 43.9239 -1588.0790
v  -9276.8662 44.1103 -1588.9711
v  -9277.0010 43.8872 -1588.9425
v  -9276.8662 43.9202 -1589.8531
v  -9277.0010 43.7051 -1589.7872
v  -9276.8662 43.5837 -1590.6904
v  -9277.0010 43.3829 -1590.5892
v  -9276.8662 43.1106 -1591.4587
v  -9277.0010 42.9298 -1591.3251
v  -9276.8662 42.5144 -1592.1361
v  -9277.0010 42.3588 -1591.9739
v  -9276.8662 41.8124 -1592.7030
v  -9277.0010 41.6865 -1592.5167
v  -9276.8662 41.0246 -1593.1431
v  -9277.0010 40.9320 -1592.9382
v  -9276.8662 40.1738 -1593.4437
v  -9277.0010 40.1171 -1593.2261
v  -9276.8662 39.2844 -1593.5962
v  -9277.0010 39.2654 -1593.3722
v  -9276.8662 38.3821 -1593.5962
v  -9277.0010 38.4011 -1593.3722
v  -9276.8662 37.4927 -1593.4437
v  -9277.0010 37.5494 -1593.2261
v  -9276.8662 36.6419 -1593.1431
v  -9277.0010 36.7345 -1592.9382
v  -9276.8662 35.8541 -1592.7030
v  -9277.0010 35.9801 -1592.5167
v  -9276.8662 35.1521 -1592.1362
v  -9277.0010 35.3077 -1591.9739
v  -9276.8662 34.5559 -1591.4587
v  -9277.0010 34.7367 -1591.3251
v  -9276.8662 34.0828 -1590.6904
v  -9277.0010 34.2836 -1590.5892
v  -9276.8662 33.7463 -1589.8531
v  -9277.0010 33.9614 -1589.7872
v  -9276.8662 33.5562 -1588.9711
v  -9277.0010 33.7793 -1588.9425
v  -9276.8662 33.5179 -1588.0695
v  -9277.0010 33.7426 -1588.0790
v  -9276.8662 33.6326 -1587.1744
v  -9277.0010 33.8524 -1587.2218
v  -9276.8662 33.8968 -1586.3116
v  -9277.0010 34.1054 -1586.3955
v  -9276.8662 34.3030 -1585.5059
v  -9277.0010 34.4945 -1585.6238
v  -9276.8662 34.8396 -1584.7804
v  -9277.0010 35.0084 -1584.9290
v  -9276.8662 35.4911 -1584.1560
v  -9277.0010 35.6323 -1584.3311
v  -9276.8662 36.2387 -1583.6508
v  -9277.0010 36.3483 -1583.8470
v  -9276.8662 37.0609 -1583.2791
v  -9277.0010 37.1358 -1583.4911
v  -9276.8662 37.9342 -1583.0518
v  -9277.0010 37.9722 -1583.2733
# 222 vertices

vn 0.0000 0.0000 1.0000
vn 0.0000 0.1690 0.9856
vn 0.0000 0.3331 0.9429
vn 0.0000 0.4877 0.8730
vn 0.0000 0.6282 0.7780
vn 0.0000 0.7507 0.6607
vn 0.0000 0.8515 0.5243
vn 0.0000 0.9279 0.3729
vn 0.0000 0.9776 0.2107
vn 0.0000 0.9991 0.0424
vn 0.0000 0.9919 -0.1270
vn 0.0000 0.9562 -0.2928
vn 0.0000 0.8929 -0.4502
vn 0.0000 0.8040 -0.5946
vn -0.0000 0.6919 -0.7220
vn -0.0000 0.5600 -0.8285
vn -0.0000 0.4119 -0.9112
vn -0.0000 0.2520 -0.9677
vn -0.0000 0.0848 -0.9964
vn -0.0000 -0.0848 -0.9964
vn -0.0000 -0.2520 -0.9677
vn -0.0000 -0.4119 -0.9112
vn -0.0000 -0.5600 -0.8285
vn -0.0000 -0.6919 -0.7220
vn -0.0000 -0.8040 -0.5946
vn -0.0000 -0.8929 -0.4502
vn -0.0000 -0.9562 -0.2928
vn -0.0000 -0.9919 -0.1270
vn -0.0000 -0.9991 0.0424
vn -0.0000 -0.9776 0.2107
vn -0.0000 -0.9279 0.3729
vn -0.0000 -0.8515 0.5243
vn -0.0000 -0.7507 0.6607
vn 0.0000 -0.6282 0.7780
vn 0.0000 -0.4877 0.8730
vn 0.0000 -0.3331 0.9429
vn 0.0000 -0.1690 0.9856
vn -1.0000 0.0000 0.0000
vn 1.0000 -0.0000 -0.0000
vn -0.1414 0.0840 0.9864
vn -0.1414 0.2494 0.9580
vn -0.1414 0.4078 0.9021
vn -0.1414 0.5543 0.8202
vn -0.1414 0.6850 0.7147
vn -0.1414 0.7959 0.5887
vn -0.1414 0.8840 0.4457
vn -0.1414 0.9466 0.2899
vn -0.1414 0.9819 0.1257
vn -0.1414 0.9891 -0.0420
vn -0.1414 0.9677 -0.2086
vn -0.1414 0.9186 -0.3691
vn -0.1414 0.8430 -0.5190
vn -0.1414 0.7431 -0.6540
vn -0.1414 0.6219 -0.7702
vn -0.1414 0.4828 -0.8642
vn -0.1414 0.3298 -0.9334
vn -0.1414 0.1673 -0.9757
vn -0.1414 0.0000 -0.9899
vn -0.1414 -0.1673 -0.9757
vn -0.1414 -0.3298 -0.9334
vn -0.1414 -0.4828 -0.8642
vn -0.1414 -0.6219 -0.7702
vn -0.1414 -0.7431 -0.6540
vn -0.1414 -0.8430 -0.5190
vn -0.1414 -0.9186 -0.3691
vn -0.1414 -0.9677 -0.2086
vn -0.1414 -0.9891 -0.0420
vn -0.1414 -0.9819 0.1257
vn -0.1414 -0.9466 0.2899
vn -0.1414 -0.8840 0.4457
vn -0.1414 -0.7959 0.5887
vn -0.1414 -0.6850 0.7147
vn -0.1414 -0.5543 0.8202
vn -0.1414 -0.4078 0.9021
vn -0.1414 -0.2494 0.9580
vn -0.1414 -0.0840 0.9864
vn -0.5145 0.0727 0.8544
vn -0.8575 0.0436 0.5126
vn -0.9899 0.0120 0.1409
vn -0.5145 0.2161 0.8298
vn -0.8575 0.1296 0.4979
vn -0.9899 0.0356 0.1369
vn -0.5145 0.3532 0.7814
vn -0.8575 0.2119 0.4688
vn -0.9899 0.0583 0.1289
vn -0.5145 0.4802 0.7104
vn -0.8575 0.2881 0.4263
vn -0.9899 0.0792 0.1172
vn -0.5145 0.5933 0.6191
vn -0.8575 0.3560 0.3714
vn -0.9899 0.0979 0.1021
vn -0.5145 0.6894 0.5099
vn -0.8575 0.4137 0.3059
vn -0.9899 0.1137 0.0841
vn -0.5145 0.7657 0.3860
vn -0.8575 0.4594 0.2316
vn -0.9899 0.1263 0.0637
vn -0.5145 0.8199 0.2511
vn -0.8575 0.4919 0.1507
vn -0.9899 0.1352 0.0414
vn -0.5145 0.8505 0.1089
vn -0.8575 0.5103 0.0654
vn -0.9899 0.1403 0.0180
vn -0.5145 0.8567 -0.0364
vn -0.8575 0.5140 -0.0218
vn -0.9899 0.1413 -0.0060
vn -0.5145 0.8382 -0.1807
vn -0.8575 0.5029 -0.1084
vn -0.9899 0.1382 -0.0298
vn -0.5145 0.7957 -0.3197
vn -0.8575 0.4774 -0.1918
vn -0.9899 0.1312 -0.0527
vn -0.5145 0.7302 -0.4496
vn -0.8575 0.4381 -0.2698
vn -0.9899 0.1204 -0.0741
vn -0.5145 0.6437 -0.5665
vn -0.8575 0.3862 -0.3399
vn -0.9899 0.1062 -0.0934
vn -0.5145 0.5387 -0.6672
vn -0.8575 0.3232 -0.4003
vn -0.9899 0.0888 -0.1100
vn -0.5145 0.4182 -0.7486
vn -0.8575 0.2509 -0.4492
vn -0.9899 0.0690 -0.1235
vn -0.5145 0.2857 -0.8085
vn -0.8575 0.1714 -0.4851
vn -0.9899 0.0471 -0.1333
vn -0.5145 0.1449 -0.8452
vn -0.8575 0.0870 -0.5071
vn -0.9899 0.0239 -0.1394
vn -0.5145 0.0000 -0.8575
vn -0.8575 0.0000 -0.5145
vn -0.9899 0.0000 -0.1414
vn -0.5145 -0.1449 -0.8452
vn -0.8575 -0.0869 -0.5071
vn -0.9899 -0.0239 -0.1394
vn -0.5145 -0.2857 -0.8085
vn -0.8575 -0.1714 -0.4851
vn -0.9899 -0.0471 -0.1333
vn -0.5145 -0.4182 -0.7486
vn -0.8575 -0.2509 -0.4492
vn -0.9899 -0.0690 -0.1235
vn -0.5145 -0.5387 -0.6672
vn -0.8575 -0.3232 -0.4003
vn -0.9899 -0.0888 -0.1100
vn -0.5145 -0.6437 -0.5665
vn -0.8575 -0.3862 -0.3399
vn -0.9899 -0.1062 -0.0934
vn -0.5145 -0.7302 -0.4496
vn -0.8575 -0.4381 -0.2698
vn -0.9899 -0.1204 -0.0741
vn -0.5145 -0.7957 -0.3197
vn -0.8575 -0.4774 -0.1918
vn -0.9899 -0.1312 -0.0527
vn -0.5145 -0.8382 -0.1807
vn -0.8575 -0.5029 -0.1084
vn -0.9899 -0.1382 -0.0298
vn -0.5145 -0.8567 -0.0364
vn -0.8575 -0.5140 -0.0218
vn -0.9899 -0.1413 -0.0060
vn -0.5145 -0.8505 0.1089
vn -0.8575 -0.5103 0.0654
vn -0.9899 -0.1403 0.0180
vn -0.5145 -0.8199 0.2511
vn -0.8575 -0.4919 0.1507
vn -0.9899 -0.1352 0.0414
vn -0.5145 -0.7657 0.3860
vn -0.8575 -0.4594 0.2316
vn -0.9899 -0.1263 0.0637
vn -0.5145 -0.6894 0.5099
vn -0.8575 -0.4137 0.3059
vn -0.9899 -0.1137 0.0841
vn -0.5145 -0.5933 0.6191
vn -0.8575 -0.3560 0.3714
vn -0.9899 -0.0979 0.1021
vn -0.5145 -0.4802 0.7104
vn -0.8575 -0.2881 0.4263
vn -0.9899 -0.0792 0.1172
vn -0.5145 -0.3532 0.7814
vn -0.8575 -0.2119 0.4688
vn -0.9899 -0.0583 0.1289
vn -0.5145 -0.2161 0.8298
vn -0.8575 -0.1296 0.4979
vn -0.9899 -0.0356 0.1369
vn -0.5145 -0.0727 0.8544
vn -0.8575 -0.0436 0.5126
vn -0.9899 -0.0120 0.1409
# 187 vertex normals

vt 25.9181 0.7170 1.0000
vt 26.8521 0.7170 1.0000
vt 26.8521 2.0000 1.0000
vt 25.9181 2.0000 1.0000
vt 27.7861 0.7170 1.0000
vt 27.7861 2.0000 1.0000
vt 28.7201 0.7170 1.0000
vt 28.7201 2.0000 1.0000
vt 29.6541 0.7170 1.0000
vt 29.6541 2.0000 1.0000
vt 30.5881 0.7170 1.0000
vt 30.5881 2.0000 1.0000
vt 31.5221 0.7170 1.0000
vt 31.5221 2.0000 1.0000
vt 32.4561 0.7170 1.0000
vt 32.4561 2.0000 1.0000
vt 33.3900 0.7170 1.0000
vt 33.3900 2.0000 1.0000
vt 34.3240 0.7170 1.0000
vt 34.3240 2.0000 1.0000
vt 35.2580 0.7170 1.0000
vt 35.2580 2.0000 1.0000
vt 0.7005 0.7170 1.0000
vt 1.6345 0.7170 1.0000
vt 1.6345 2.0000 1.0000
vt 0.7005 2.0000 1.0000
vt 2.5685 0.7170 1.0000
vt 2.5685 2.0000 1.0000
vt 3.5025 0.7170 1.0000
vt 3.5025 2.0000 1.0000
vt 4.4364 0.7170 1.0000
vt 4.4364 2.0000 1.0000
vt 5.3704 0.7170 1.0000
vt 5.3704 2.0000 1.0000
vt 6.3044 0.7170 1.0000
vt 6.3044 2.0000 1.0000
vt 7.2384 0.7170 1.0000
vt 7.2384 2.0000 1.0000
vt 8.1724 0.7170 1.0000
vt 8.1724 2.0000 1.0000
vt 9.1064 0.7170 1.0000
vt 9.1064 2.0000 1.0000
vt 10.0404 0.7170 1.0000
vt 10.0404 2.0000 1.0000
vt 10.9743 0.7170 1.0000
vt 10.9743 2.0000 1.0000
vt 11.9083 0.7170 1.0000
vt 11.9083 2.0000 1.0000
vt 12.8423 0.7170 1.0000
vt 12.8423 2.0000 1.0000
vt 13.7763 0.7170 1.0000
vt 13.7763 2.0000 1.0000
vt 14.7103 0.7170 1.0000
vt 14.7103 2.0000 1.0000
vt 15.6443 0.7170 1.0000
vt 15.6443 2.0000 1.0000
vt 16.5783 0.7170 1.0000
vt 16.5783 2.0000 1.0000
vt 17.5123 0.7170 1.0000
vt 17.5123 2.0000 1.0000
vt 18.4462 0.7170 1.0000
vt 18.4462 2.0000 1.0000
vt 19.3802 0.7170 1.0000
vt 19.3802 2.0000 1.0000
vt 20.3142 0.7170 1.0000
vt 20.3142 2.0000 1.0000
vt 21.2482 0.7170 1.0000
vt 21.2482 2.0000 1.0000
vt 22.1822 0.7170 1.0000
vt 22.1822 2.0000 1.0000
vt 23.1162 0.7170 1.0000
vt 23.1162 2.0000 1.0000
vt 24.0502 0.7170 1.0000
vt 24.0502 2.0000 1.0000
vt 24.9842 0.7170 1.0000
vt 24.9842 2.0000 1.0000
vt 19.1202 0.0000 1.0000
vt 20.7950 0.0000 1.0000
vt 21.7786 0.0000 1.0000
vt 20.3142 0.0000 1.0000
vt 21.1677 0.0000 1.0000
vt 19.4608 0.0000 1.0000
vt 18.3988 0.0000 1.0000
vt 14.9129 0.0000 1.0000
vt 15.8090 0.0000 1.0000
vt -4.5700 0.0000 1.0000
vt 14.8022 0.0000 1.0000
vt 14.4725 0.0000 1.0000
vt 12.8423 0.0000 1.0000
vt 13.6958 0.0000 1.0000
vt 11.9889 0.0000 1.0000
vt 11.0927 0.0000 1.0000
vt 8.4186 0.0000 1.0000
vt 9.8162 0.0000 1.0000
vt 7.6419 0.0000 1.0000
vt 7.0355 0.0000 1.0000
vt 5.3704 0.0000 1.0000
vt 6.2239 0.0000 1.0000
vt 4.5170 0.0000 1.0000
vt 3.6557 0.0000 1.0000
vt 1.6345 0.0000 1.0000
vt 2.6560 0.0000 1.0000
vt 0.6130 0.0000 1.0000
vt -0.3867 0.0000 1.0000
vt -2.1015 0.0000 1.0000
vt -1.2480 0.0000 1.0000
vt -2.9549 0.0000 1.0000
vt -3.7666 0.0000 1.0000
vt -4.3730 0.0000 1.0000
vt -2.8940 0.0000 1.0000
vt 0.8161 0.0000 1.0000
vt 4.1587 0.0000 1.0000
vt 7.0302 0.0000 1.0000
vt 56.7397 2.0000 1.0000
vt 36.1920 2.0000 1.0000
vt 38.0600 2.0000 1.0000
vt 37.1260 2.0000 1.0000
vt 38.9940 2.0000 1.0000
vt 39.9279 2.0000 1.0000
vt 41.7959 2.0000 1.0000
vt 40.8619 2.0000 1.0000
vt 42.7299 2.0000 1.0000
vt 43.6639 2.0000 1.0000
vt 45.5319 2.0000 1.0000
vt 44.5979 2.0000 1.0000
vt 46.4659 2.0000 1.0000
vt 47.3998 2.0000 1.0000
vt 49.2678 2.0000 1.0000
vt 48.3338 2.0000 1.0000
vt 50.2018 2.0000 1.0000
vt 51.1358 2.0000 1.0000
vt 53.0038 2.0000 1.0000
vt 52.0698 2.0000 1.0000
vt 53.9378 2.0000 1.0000
vt 54.8717 2.0000 1.0000
vt 55.8057 2.0000 1.0000
vt 57.6737 2.0000 1.0000
vt 58.6077 2.0000 1.0000
vt 59.5417 2.0000 1.0000
vt 60.4757 2.0000 1.0000
vt -2.7313 -3.5290 1.0000
vt -3.9138 -4.7053 1.0000
vt -2.5227 -4.7053 1.0000
vt -0.8523 -3.5290 1.0000
vt -4.5902 -3.8937 1.0000
vt -5.1556 -5.1916 1.0000
vt -3.5588 -5.1916 1.0000
vt -2.4651 -3.8937 1.0000
vt -5.1461 -1.8752 1.0000
vt -5.3381 -2.5002 1.0000
vt -4.8797 -2.5002 1.0000
vt -4.3833 -1.8752 1.0000
vt -4.5865 -0.0164 1.0000
vt -4.6577 -0.0218 1.0000
vt -5.2476 -0.0218 1.0000
vt -5.0782 -0.0164 1.0000
vt -3.8340 0.3899 1.0000
vt -3.8565 0.5199 1.0000
vt -4.6756 0.5199 1.0000
vt -4.5999 0.3899 1.0000
vt -2.9659 0.5936 1.0000
vt -2.9696 0.7914 1.0000
vt -3.9035 0.7914 1.0000
vt -3.8693 0.5936 1.0000
vt -2.0787 0.6350 1.0000
vt -2.0711 0.8467 1.0000
vt -3.0284 0.8467 1.0000
vt -3.0100 0.6350 1.0000
vt -1.1929 0.6350 1.0000
vt -1.1746 0.8467 1.0000
vt -2.1318 0.8467 1.0000
vt -2.1243 0.6350 1.0000
vt -0.3022 0.6428 1.0000
vt -0.2740 0.8571 1.0000
vt -1.2357 0.8571 1.0000
vt -1.2388 0.6428 1.0000
vt 0.6761 0.7802 1.0000
vt 0.6971 1.0403 1.0000
vt -0.3420 1.0403 1.0000
vt -0.3532 0.7802 1.0000
vt 1.6345 0.5378 1.0000
vt 0.6786 0.5378 1.0000
vt 2.5903 0.5378 1.0000
vt 3.5408 0.5378 1.0000
vt 4.4566 0.5378 1.0000
vt 5.3704 0.5378 1.0000
vt 6.2843 0.5378 1.0000
vt 7.1877 0.5378 1.0000
vt 8.0398 0.5378 1.0000
vt 8.9344 0.5378 1.0000
vt 9.9843 0.5378 1.0000
vt 11.0039 0.5378 1.0000
vt 11.9285 0.5378 1.0000
vt 12.8423 0.5378 1.0000
vt 13.7562 0.5378 1.0000
vt 14.6508 0.5378 1.0000
vt 15.4338 0.5378 1.0000
vt 16.1619 0.5378 1.0000
vt 17.0864 0.5378 1.0000
vt 18.4344 0.5378 1.0000
vt 19.4004 0.5378 1.0000
vt 20.3142 0.5378 1.0000
vt 21.2281 0.5378 1.0000
vt 22.0813 0.5378 1.0000
vt 22.5359 0.5378 1.0000
vt 22.8177 0.5378 1.0000
vt 0.2081 -4.3695 1.0000
vt -2.0659 -5.8261 1.0000
vt 21.9679 -5.8261 1.0000
vt 21.2560 -4.3695 1.0000
vt -1.0888 -3.0615 1.0000
vt -2.8379 -4.0820 1.0000
vt -1.7105 -4.0820 1.0000
vt 0.4747 -3.0615 1.0000
vt -1.5489 -2.3526 1.0000
vt 0.8180 -2.3526 1.0000
vt -0.3664 -1.1763 1.0000
vt 2.4884 -1.1763 1.0000
vt -4.0248 -2.5958 1.0000
vt -1.3714 -2.5958 1.0000
vt -3.4594 -1.2979 1.0000
vt -0.2777 -1.2979 1.0000
vt -4.9541 -1.2501 1.0000
vt -3.8868 -1.2501 1.0000
vt -4.7620 -0.6251 1.0000
vt -3.3904 -0.6251 1.0000
vt -4.5153 -0.0109 1.0000
vt -4.9088 -0.0109 1.0000
vt -4.4442 -0.0055 1.0000
vt -4.7394 -0.0055 1.0000
vt -3.8115 0.2599 1.0000
vt -4.5243 0.2599 1.0000
vt -3.7890 0.1300 1.0000
vt -4.4486 0.1300 1.0000
vt -2.9623 0.3957 1.0000
vt -3.8351 0.3957 1.0000
vt -2.9586 0.1979 1.0000
vt -3.8008 0.1979 1.0000
vt -2.0863 0.4234 1.0000
vt -2.9916 0.4234 1.0000
vt -2.0939 0.2117 1.0000
vt -2.9733 0.2117 1.0000
vt -1.2113 0.4234 1.0000
vt -2.1167 0.4234 1.0000
vt -1.2297 0.2117 1.0000
vt -2.1091 0.2117 1.0000
vt -0.3304 0.4286 1.0000
vt -1.2419 0.4286 1.0000
vt -0.3585 0.2143 1.0000
vt -1.2449 0.2143 1.0000
vt 0.6551 0.5201 1.0000
vt -0.3644 0.5201 1.0000
vt 0.6340 0.2601 1.0000
vt -0.3756 0.2601 1.0000
vt 1.6345 0.3585 1.0000
vt 0.6567 0.3585 1.0000
vt 1.6345 0.1793 1.0000
vt 0.6349 0.1793 1.0000
vt 2.6122 0.3585 1.0000
vt 2.6341 0.1793 1.0000
vt 3.5791 0.3585 1.0000
vt 3.6174 0.1793 1.0000
vt 4.4767 0.3585 1.0000
vt 4.4969 0.1793 1.0000
vt 5.3704 0.3585 1.0000
vt 5.3704 0.1793 1.0000
vt 6.2641 0.3585 1.0000
vt 6.2440 0.1793 1.0000
vt 7.1370 0.3585 1.0000
vt 7.0862 0.1793 1.0000
vt 7.9072 0.3585 1.0000
vt 7.7746 0.1793 1.0000
vt 8.7625 0.3585 1.0000
vt 8.5905 0.1793 1.0000
vt 9.9283 0.3585 1.0000
vt 9.8723 0.1793 1.0000
vt 11.0335 0.3585 1.0000
vt 11.0631 0.1793 1.0000
vt 11.9486 0.3585 1.0000
vt 11.9688 0.1793 1.0000
vt 12.8423 0.3585 1.0000
vt 12.8423 0.1793 1.0000
vt 13.7360 0.3585 1.0000
vt 13.7159 0.1793 1.0000
vt 14.5914 0.3585 1.0000
vt 14.5319 0.1793 1.0000
vt 15.2233 0.3585 1.0000
vt 15.0127 0.1793 1.0000
vt 15.7456 0.3585 1.0000
vt 15.3292 0.1793 1.0000
vt 16.6606 0.3585 1.0000
vt 16.2348 0.1793 1.0000
vt 18.4225 0.3585 1.0000
vt 18.4106 0.1793 1.0000
vt 19.4205 0.3585 1.0000
vt 19.4407 0.1793 1.0000
vt 20.3142 0.3585 1.0000
vt 20.3142 0.1793 1.0000
vt 21.2079 0.3585 1.0000
vt 21.1878 0.1793 1.0000
vt 21.9804 0.3585 1.0000
vt 21.8795 0.1793 1.0000
vt 21.9556 0.3585 1.0000
vt 21.3753 0.1793 1.0000
vt 21.5852 0.3585 1.0000
vt 20.3527 0.1793 1.0000
vt 2.4822 -2.9130 1.0000
vt 20.5441 -2.9130 1.0000
vt 4.7562 -1.4565 1.0000
vt 19.8321 -1.4565 1.0000
vt 0.6604 -2.0410 1.0000
vt 2.6599 -2.0410 1.0000
vt 2.4096 -1.0205 1.0000
vt 4.8451 -1.0205 1.0000
# 314 texture coords

g Cylinder004
usemtl wire_028028177
s 8
f 7332/3512/4511 7331/3511/4512 7330/3510/4512 7329/3509/4511 
f 7331/3511/4512 7334/3514/4513 7333/3513/4513 7330/3510/4512 
f 7334/3514/4513 7336/3516/4514 7335/3515/4514 7333/3513/4513 
f 7336/3516/4514 7338/3518/4515 7337/3517/4515 7335/3515/4514 
f 7338/3518/4515 7340/3520/4516 7339/3519/4516 7337/3517/4515 
f 7340/3520/4516 7342/3522/4517 7341/3521/4517 7339/3519/4516 
f 7342/3522/4517 7344/3524/4518 7343/3523/4518 7341/3521/4517 
f 7344/3524/4518 7346/3526/4519 7345/3525/4519 7343/3523/4518 
f 7346/3526/4519 7348/3528/4520 7347/3527/4520 7345/3525/4519 
f 7348/3528/4520 7350/3530/4521 7349/3529/4521 7347/3527/4520 
f 7350/3534/4521 7352/3533/4522 7351/3532/4522 7349/3531/4521 
f 7352/3533/4522 7354/3536/4523 7353/3535/4523 7351/3532/4522 
f 7354/3536/4523 7356/3538/4524 7355/3537/4524 7353/3535/4523 
f 7356/3538/4524 7358/3540/4525 7357/3539/4525 7355/3537/4524 
f 7358/3540/4525 7360/3542/4526 7359/3541/4526 7357/3539/4525 
f 7360/3542/4526 7362/3544/4527 7361/3543/4527 7359/3541/4526 
f 7362/3544/4527 7364/3546/4528 7363/3545/4528 7361/3543/4527 
f 7364/3546/4528 7366/3548/4529 7365/3547/4529 7363/3545/4528 
f 7366/3548/4529 7368/3550/4530 7367/3549/4530 7365/3547/4529 
f 7368/3550/4530 7370/3552/4531 7369/3551/4531 7367/3549/4530 
f 7370/3552/4531 7372/3554/4532 7371/3553/4532 7369/3551/4531 
f 7372/3554/4532 7374/3556/4533 7373/3555/4533 7371/3553/4532 
f 7374/3556/4533 7376/3558/4534 7375/3557/4534 7373/3555/4533 
f 7376/3558/4534 7378/3560/4535 7377/3559/4535 7375/3557/4534 
f 7378/3560/4535 7380/3562/4536 7379/3561/4536 7377/3559/4535 
f 7380/3562/4536 7382/3564/4537 7381/3563/4537 7379/3561/4536 
f 7382/3564/4537 7384/3566/4538 7383/3565/4538 7381/3563/4537 
f 7384/3566/4538 7386/3568/4539 7385/3567/4539 7383/3565/4538 
f 7386/3568/4539 7388/3570/4540 7387/3569/4540 7385/3567/4539 
f 7388/3570/4540 7390/3572/4541 7389/3571/4541 7387/3569/4540 
f 7390/3572/4541 7392/3574/4542 7391/3573/4542 7389/3571/4541 
f 7392/3574/4542 7394/3576/4543 7393/3575/4543 7391/3573/4542 
f 7394/3576/4543 7396/3578/4544 7395/3577/4544 7393/3575/4543 
f 7396/3578/4544 7398/3580/4545 7397/3579/4545 7395/3577/4544 
f 7398/3580/4545 7400/3582/4546 7399/3581/4546 7397/3579/4545 
f 7400/3582/4546 7402/3584/4547 7401/3583/4547 7399/3581/4546 
f 7402/3584/4547 7332/3512/4511 7329/3509/4511 7401/3583/4547 
s 1
f 7406/3588/4548 7405/3587/4548 7404/3586/4548 7403/3585/4548 
f 7406/3588/4548 7407/3589/4548 7405/3587/4548 
f 7410/3592/4548 7409/3591/4548 7408/3590/4548 7406/3588/4548 
f 7410/3592/4548 7411/3593/4548 7409/3591/4548 
f 7412/3594/4548 7410/3592/4548 7406/3588/4548 7403/3585/4548 
f 7415/3597/4548 7414/3596/4548 7413/3595/4548 7410/3592/4548 
f 7415/3597/4548 7416/3598/4548 7414/3596/4548 
f 7419/3601/4548 7418/3600/4548 7417/3599/4548 7415/3597/4548 
f 7419/3601/4548 7420/3602/4548 7418/3600/4548 
f 7412/3594/4548 7419/3601/4548 7415/3597/4548 7410/3592/4548 
f 7423/3605/4548 7422/3604/4548 7421/3603/4548 7419/3601/4548 
f 7423/3605/4548 7424/3606/4548 7422/3604/4548 
f 7427/3609/4548 7426/3608/4548 7425/3607/4548 7423/3605/4548 
f 7427/3609/4548 7428/3610/4548 7426/3608/4548 
f 7412/3594/4548 7427/3609/4548 7423/3605/4548 7419/3601/4548 
f 7431/3613/4548 7430/3612/4548 7429/3611/4548 7427/3609/4548 
f 7431/3613/4548 7432/3614/4548 7430/3612/4548 
f 7412/3594/4548 7434/3616/4548 7433/3615/4548 7431/3613/4548 
f 7412/3594/4548 7435/3617/4548 7434/3616/4548 
f 7412/3594/4548 7431/3613/4548 7427/3609/4548 
f 7403/3585/4548 7437/3619/4548 7436/3618/4548 7412/3594/4548 
f 7439/3621/4548 7438/3620/4548 7437/3619/4548 7403/3585/4548 
f 7340/3520/4549 7336/3516/4549 7334/3514/4549 7331/3511/4549 
f 7340/3520/4549 7338/3518/4549 7336/3516/4549 
f 7348/3528/4549 7344/3524/4549 7342/3522/4549 7340/3520/4549 
f 7348/3528/4549 7346/3526/4549 7344/3524/4549 
f 7396/3622/4549 7348/3528/4549 7340/3520/4549 7331/3511/4549 
f 7356/3624/4549 7352/3623/4549 7350/3530/4549 7348/3528/4549 
f 7356/3624/4549 7354/3625/4549 7352/3623/4549 
f 7364/3628/4549 7360/3627/4549 7358/3626/4549 7356/3624/4549 
f 7364/3628/4549 7362/3629/4549 7360/3627/4549 
f 7396/3622/4549 7364/3628/4549 7356/3624/4549 7348/3528/4549 
f 7372/3632/4549 7368/3631/4549 7366/3630/4549 7364/3628/4549 
f 7372/3632/4549 7370/3633/4549 7368/3631/4549 
f 7380/3636/4549 7376/3635/4549 7374/3634/4549 7372/3632/4549 
f 7380/3636/4549 7378/3637/4549 7376/3635/4549 
f 7396/3622/4549 7380/3636/4549 7372/3632/4549 7364/3628/4549 
f 7388/3640/4549 7384/3639/4549 7382/3638/4549 7380/3636/4549 
f 7388/3640/4549 7386/3641/4549 7384/3639/4549 
f 7396/3622/4549 7392/3643/4549 7390/3642/4549 7388/3640/4549 
f 7396/3622/4549 7394/3644/4549 7392/3643/4549 
f 7396/3622/4549 7388/3640/4549 7380/3636/4549 
f 7331/3511/4549 7400/3646/4549 7398/3645/4549 7396/3622/4549 
f 7332/3648/4549 7402/3647/4549 7400/3646/4549 7331/3511/4549 
s off
f 7441/3652/4550 7329/3651/4550 7330/3650/4550 7440/3649/4550 
f 7440/3656/4551 7330/3655/4551 7333/3654/4551 7442/3653/4551 
f 7442/3660/4552 7333/3659/4552 7335/3658/4552 7443/3657/4552 
f 7443/3664/4553 7335/3663/4553 7337/3662/4553 7444/3661/4553 
f 7444/3668/4554 7337/3667/4554 7339/3666/4554 7445/3665/4554 
f 7445/3672/4555 7339/3671/4555 7341/3670/4555 7446/3669/4555 
f 7446/3676/4556 7341/3675/4556 7343/3674/4556 7447/3673/4556 
f 7447/3680/4557 7343/3679/4557 7345/3678/4557 7448/3677/4557 
f 7448/3684/4558 7345/3683/4558 7347/3682/4558 7449/3681/4558 
f 7449/3688/4559 7347/3687/4559 7349/3686/4559 7450/3685/4559 
f 7450/3690/4560 7349/3531/4560 7351/3532/4560 7451/3689/4560 
f 7451/3689/4561 7351/3532/4561 7353/3535/4561 7452/3691/4561 
f 7452/3691/4562 7353/3535/4562 7355/3537/4562 7453/3692/4562 
f 7453/3692/4563 7355/3537/4563 7357/3539/4563 7454/3693/4563 
f 7454/3693/4564 7357/3539/4564 7359/3541/4564 7455/3694/4564 
f 7455/3694/4565 7359/3541/4565 7361/3543/4565 7456/3695/4565 
f 7456/3695/4566 7361/3543/4566 7363/3545/4566 7457/3696/4566 
f 7457/3696/4567 7363/3545/4567 7365/3547/4567 7458/3697/4567 
f 7458/3697/4568 7365/3547/4568 7367/3549/4568 7459/3698/4568 
f 7459/3698/4569 7367/3549/4569 7369/3551/4569 7460/3699/4569 
f 7460/3699/4570 7369/3551/4570 7371/3553/4570 7461/3700/4570 
f 7461/3700/4571 7371/3553/4571 7373/3555/4571 7462/3701/4571 
f 7462/3701/4572 7373/3555/4572 7375/3557/4572 7463/3702/4572 
f 7463/3702/4573 7375/3557/4573 7377/3559/4573 7464/3703/4573 
f 7464/3703/4574 7377/3559/4574 7379/3561/4574 7465/3704/4574 
f 7465/3704/4575 7379/3561/4575 7381/3563/4575 7466/3705/4575 
f 7466/3705/4576 7381/3563/4576 7383/3565/4576 7467/3706/4576 
f 7467/3706/4577 7383/3565/4577 7385/3567/4577 7468/3707/4577 
f 7468/3707/4578 7385/3567/4578 7387/3569/4578 7469/3708/4578 
f 7469/3708/4579 7387/3569/4579 7389/3571/4579 7470/3709/4579 
f 7470/3709/4580 7389/3571/4580 7391/3573/4580 7471/3710/4580 
f 7471/3710/4581 7391/3573/4581 7393/3575/4581 7472/3711/4581 
f 7472/3711/4582 7393/3575/4582 7395/3577/4582 7473/3712/4582 
f 7473/3712/4583 7395/3577/4583 7397/3579/4583 7474/3713/4583 
f 7474/3713/4584 7397/3579/4584 7399/3581/4584 7475/3714/4584 
f 7475/3718/4585 7399/3717/4585 7401/3716/4585 7476/3715/4585 
f 7476/3722/4586 7401/3721/4586 7329/3720/4586 7441/3719/4586 
f 7478/3724/4587 7441/3652/4587 7440/3649/4587 7477/3723/4587 
f 7480/3726/4588 7478/3724/4588 7477/3723/4588 7479/3725/4588 
f 7438/3620/4589 7480/3726/4589 7479/3725/4589 7437/3619/4589 
f 7477/3728/4590 7440/3656/4590 7442/3653/4590 7481/3727/4590 
f 7479/3730/4591 7477/3728/4591 7481/3727/4591 7482/3729/4591 
f 7437/3619/4592 7479/3730/4592 7482/3729/4592 7436/3618/4592 
f 7481/3732/4593 7442/3660/4593 7443/3657/4593 7483/3731/4593 
f 7482/3734/4594 7481/3732/4594 7483/3731/4594 7484/3733/4594 
f 7436/3618/4595 7482/3734/4595 7484/3733/4595 7412/3594/4595 
f 7483/3736/4596 7443/3664/4596 7444/3661/4596 7485/3735/4596 
f 7484/3738/4597 7483/3736/4597 7485/3735/4597 7486/3737/4597 
f 7412/3594/4598 7484/3738/4598 7486/3737/4598 7435/3617/4598 
f 7485/3740/4599 7444/3668/4599 7445/3665/4599 7487/3739/4599 
f 7486/3742/4600 7485/3740/4600 7487/3739/4600 7488/3741/4600 
f 7435/3617/4601 7486/3742/4601 7488/3741/4601 7434/3616/4601 
f 7487/3744/4602 7445/3672/4602 7446/3669/4602 7489/3743/4602 
f 7488/3746/4603 7487/3744/4603 7489/3743/4603 7490/3745/4603 
f 7434/3616/4604 7488/3746/4604 7490/3745/4604 7433/3615/4604 
f 7489/3748/4605 7446/3676/4605 7447/3673/4605 7491/3747/4605 
f 7490/3750/4606 7489/3748/4606 7491/3747/4606 7492/3749/4606 
f 7433/3615/4607 7490/3750/4607 7492/3749/4607 7431/3613/4607 
f 7491/3752/4608 7447/3680/4608 7448/3677/4608 7493/3751/4608 
f 7492/3754/4609 7491/3752/4609 7493/3751/4609 7494/3753/4609 
f 7431/3613/4610 7492/3754/4610 7494/3753/4610 7432/3614/4610 
f 7493/3756/4611 7448/3684/4611 7449/3681/4611 7495/3755/4611 
f 7494/3758/4612 7493/3756/4612 7495/3755/4612 7496/3757/4612 
f 7432/3614/4613 7494/3758/4613 7496/3757/4613 7430/3612/4613 
f 7495/3760/4614 7449/3688/4614 7450/3685/4614 7497/3759/4614 
f 7496/3762/4615 7495/3760/4615 7497/3759/4615 7498/3761/4615 
f 7430/3612/4616 7496/3762/4616 7498/3761/4616 7429/3611/4616 
f 7497/3764/4617 7450/3690/4617 7451/3689/4617 7499/3763/4617 
f 7498/3766/4618 7497/3764/4618 7499/3763/4618 7500/3765/4618 
f 7429/3611/4619 7498/3766/4619 7500/3765/4619 7427/3609/4619 
f 7499/3763/4620 7451/3689/4620 7452/3691/4620 7501/3767/4620 
f 7500/3765/4621 7499/3763/4621 7501/3767/4621 7502/3768/4621 
f 7427/3609/4622 7500/3765/4622 7502/3768/4622 7428/3610/4622 
f 7501/3767/4623 7452/3691/4623 7453/3692/4623 7503/3769/4623 
f 7502/3768/4624 7501/3767/4624 7503/3769/4624 7504/3770/4624 
f 7428/3610/4625 7502/3768/4625 7504/3770/4625 7426/3608/4625 
f 7503/3769/4626 7453/3692/4626 7454/3693/4626 7505/3771/4626 
f 7504/3770/4627 7503/3769/4627 7505/3771/4627 7506/3772/4627 
f 7426/3608/4628 7504/3770/4628 7506/3772/4628 7425/3607/4628 
f 7505/3771/4629 7454/3693/4629 7455/3694/4629 7507/3773/4629 
f 7506/3772/4630 7505/3771/4630 7507/3773/4630 7508/3774/4630 
f 7425/3607/4631 7506/3772/4631 7508/3774/4631 7423/3605/4631 
f 7507/3773/4632 7455/3694/4632 7456/3695/4632 7509/3775/4632 
f 7508/3774/4633 7507/3773/4633 7509/3775/4633 7510/3776/4633 
f 7423/3605/4634 7508/3774/4634 7510/3776/4634 7424/3606/4634 
f 7509/3775/4635 7456/3695/4635 7457/3696/4635 7511/3777/4635 
f 7510/3776/4636 7509/3775/4636 7511/3777/4636 7512/3778/4636 
f 7424/3606/4637 7510/3776/4637 7512/3778/4637 7422/3604/4637 
f 7511/3777/4638 7457/3696/4638 7458/3697/4638 7513/3779/4638 
f 7512/3778/4639 7511/3777/4639 7513/3779/4639 7514/3780/4639 
f 7422/3604/4640 7512/3778/4640 7514/3780/4640 7421/3603/4640 
f 7513/3779/4641 7458/3697/4641 7459/3698/4641 7515/3781/4641 
f 7514/3780/4642 7513/3779/4642 7515/3781/4642 7516/3782/4642 
f 7421/3603/4643 7514/3780/4643 7516/3782/4643 7419/3601/4643 
f 7515/3781/4644 7459/3698/4644 7460/3699/4644 7517/3783/4644 
f 7516/3782/4645 7515/3781/4645 7517/3783/4645 7518/3784/4645 
f 7419/3601/4646 7516/3782/4646 7518/3784/4646 7420/3602/4646 
f 7517/3783/4647 7460/3699/4647 7461/3700/4647 7519/3785/4647 
f 7518/3784/4648 7517/3783/4648 7519/3785/4648 7520/3786/4648 
f 7420/3602/4649 7518/3784/4649 7520/3786/4649 7418/3600/4649 
f 7519/3785/4650 7461/3700/4650 7462/3701/4650 7521/3787/4650 
f 7520/3786/4651 7519/3785/4651 7521/3787/4651 7522/3788/4651 
f 7418/3600/4652 7520/3786/4652 7522/3788/4652 7417/3599/4652 
f 7521/3787/4653 7462/3701/4653 7463/3702/4653 7523/3789/4653 
f 7522/3788/4654 7521/3787/4654 7523/3789/4654 7524/3790/4654 
f 7417/3599/4655 7522/3788/4655 7524/3790/4655 7415/3597/4655 
f 7523/3789/4656 7463/3702/4656 7464/3703/4656 7525/3791/4656 
f 7524/3790/4657 7523/3789/4657 7525/3791/4657 7526/3792/4657 
f 7415/3597/4658 7524/3790/4658 7526/3792/4658 7416/3598/4658 
f 7525/3791/4659 7464/3703/4659 7465/3704/4659 7527/3793/4659 
f 7526/3792/4660 7525/3791/4660 7527/3793/4660 7528/3794/4660 
f 7416/3598/4661 7526/3792/4661 7528/3794/4661 7414/3596/4661 
f 7527/3793/4662 7465/3704/4662 7466/3705/4662 7529/3795/4662 
f 7528/3794/4663 7527/3793/4663 7529/3795/4663 7530/3796/4663 
f 7414/3596/4664 7528/3794/4664 7530/3796/4664 7413/3595/4664 
f 7529/3795/4665 7466/3705/4665 7467/3706/4665 7531/3797/4665 
f 7530/3796/4666 7529/3795/4666 7531/3797/4666 7532/3798/4666 
f 7413/3595/4667 7530/3796/4667 7532/3798/4667 7410/3592/4667 
f 7531/3797/4668 7467/3706/4668 7468/3707/4668 7533/3799/4668 
f 7532/3798/4669 7531/3797/4669 7533/3799/4669 7534/3800/4669 
f 7410/3592/4670 7532/3798/4670 7534/3800/4670 7411/3593/4670 
f 7533/3799/4671 7468/3707/4671 7469/3708/4671 7535/3801/4671 
f 7534/3800/4672 7533/3799/4672 7535/3801/4672 7536/3802/4672 
f 7411/3593/4673 7534/3800/4673 7536/3802/4673 7409/3591/4673 
f 7535/3801/4674 7469/3708/4674 7470/3709/4674 7537/3803/4674 
f 7536/3802/4675 7535/3801/4675 7537/3803/4675 7538/3804/4675 
f 7409/3591/4676 7536/3802/4676 7538/3804/4676 7408/3590/4676 
f 7537/3803/4677 7470/3709/4677 7471/3710/4677 7539/3805/4677 
f 7538/3804/4678 7537/3803/4678 7539/3805/4678 7540/3806/4678 
f 7408/3590/4679 7538/3804/4679 7540/3806/4679 7406/3588/4679 
f 7539/3805/4680 7471/3710/4680 7472/3711/4680 7541/3807/4680 
f 7540/3806/4681 7539/3805/4681 7541/3807/4681 7542/3808/4681 
f 7406/3588/4682 7540/3806/4682 7542/3808/4682 7407/3589/4682 
f 7541/3807/4683 7472/3711/4683 7473/3712/4683 7543/3809/4683 
f 7542/3808/4684 7541/3807/4684 7543/3809/4684 7544/3810/4684 
f 7407/3589/4685 7542/3808/4685 7544/3810/4685 7405/3587/4685 
f 7543/3809/4686 7473/3712/4686 7474/3713/4686 7545/3811/4686 
f 7544/3810/4687 7543/3809/4687 7545/3811/4687 7546/3812/4687 
f 7405/3587/4688 7544/3810/4688 7546/3812/4688 7404/3586/4688 
f 7545/3811/4689 7474/3713/4689 7475/3714/4689 7547/3813/4689 
f 7546/3812/4690 7545/3811/4690 7547/3813/4690 7548/3814/4690 
f 7404/3586/4691 7546/3812/4691 7548/3814/4691 7403/3585/4691 
f 7547/3816/4692 7475/3718/4692 7476/3715/4692 7549/3815/4692 
f 7548/3818/4693 7547/3816/4693 7549/3815/4693 7550/3817/4693 
f 7403/3585/4694 7548/3818/4694 7550/3817/4694 7439/3621/4694 
f 7549/3820/4695 7476/3722/4695 7441/3719/4695 7478/3819/4695 
f 7550/3822/4696 7549/3820/4696 7478/3819/4696 7480/3821/4696 
f 7439/3621/4697 7550/3822/4697 7480/3821/4697 7438/3620/4697 
# 211 polygons - 18 triangles

#
# object Rectangle140
#

v  -8826.1172 2028.2872 -1591.0986
v  -8826.1172 2028.2872 -1585.7385
v  -9276.1172 2028.2872 -1585.7385
v  -9276.1172 2028.2872 -1591.0986
v  -8826.1172 2027.4633 -1591.0986
v  -9276.1172 2027.4633 -1591.0986
v  -8826.1172 2027.4067 -1591.1552
v  -9276.1172 2027.4067 -1591.1552
v  -8826.1172 2027.4067 -1596.1760
v  -9276.1172 2027.4067 -1596.1760
v  -8826.1172 2027.6895 -1596.4587
v  -9276.1172 2027.6893 -1596.4587
v  -8826.1172 2077.1240 -1596.4587
v  -9276.1172 2077.1240 -1596.4587
v  -8826.1172 2077.4067 -1596.1760
v  -9276.1172 2077.4067 -1596.1760
v  -8826.1172 2077.4067 -1580.6611
v  -9276.1172 2077.4067 -1580.6611
v  -8826.1172 2077.1240 -1580.3784
v  -9276.1172 2077.1240 -1580.3784
v  -8826.1172 2027.6895 -1580.3784
v  -9276.1172 2027.6893 -1580.3784
v  -8826.1172 2027.4067 -1580.6611
v  -9276.1172 2027.4067 -1580.6611
v  -8826.1172 2027.4067 -1585.6820
v  -9276.1172 2027.4067 -1585.6820
v  -8826.1172 2027.4633 -1585.7385
v  -9276.1172 2027.4633 -1585.7385
# 28 vertices

vn 0.0000 -1.0000 0.0000
vn 0.0000 0.0000 1.0000
vn 0.0000 -0.7071 0.7071
vn 0.0000 -0.7071 -0.7071
vn -0.0000 -0.0000 -1.0000
vn -0.0000 0.7071 -0.7071
vn -0.0000 1.0000 -0.0000
vn -0.0000 0.7071 0.7071
vn -1.0000 -0.0000 0.0000
vn 1.0000 0.0000 -0.0000
# 10 vertex normals

vt 5.3601 450.0000 0.0000
vt 0.0000 450.0000 0.0000
vt 0.0000 0.0000 0.0000
vt 5.3601 0.0000 0.0000
vt 6.1841 450.0000 0.0000
vt 6.1841 0.0000 0.0000
vt 6.2640 450.0000 0.0000
vt 6.2640 0.0000 0.0000
vt 11.2849 450.0000 0.0000
vt 11.2849 0.0000 0.0000
vt 11.6847 450.0000 0.0000
vt 11.6847 0.0000 0.0000
vt 61.1194 450.0000 0.0000
vt 61.1194 0.0000 0.0000
vt 61.5192 450.0000 0.0000
vt 61.5192 0.0000 0.0000
vt 77.0341 450.0000 0.0000
vt 77.0341 0.0000 0.0000
vt 77.4339 450.0000 0.0000
vt 77.4339 0.0000 0.0000
vt 126.8686 450.0000 0.0000
vt 126.8686 0.0000 0.0000
vt 127.2684 450.0000 0.0000
vt 127.2684 0.0000 0.0000
vt 132.2893 450.0000 0.0000
vt 132.2893 0.0000 0.0000
vt 132.3692 450.0000 0.0000
vt 132.3692 0.0000 0.0000
vt 133.1932 450.0000 0.0000
vt 133.1932 0.0000 0.0000
vt 10.7202 49.1196 0.0000
vt 10.7202 49.9435 0.0000
vt 10.7767 50.0001 0.0000
vt 15.7976 50.0001 0.0000
vt 16.0803 49.7174 0.0000
vt 16.0803 0.2827 0.0000
vt 15.7976 0.0000 0.0000
vt 0.2827 0.0000 0.0000
vt 0.0000 0.2827 0.0000
vt 5.3601 49.1196 0.0000
vt 0.0000 49.7174 0.0000
vt 0.2827 50.0001 0.0000
vt 5.3036 50.0001 0.0000
vt 5.3601 49.9435 0.0000
# 44 texture coords

g Rectangle140
usemtl wire_028028177
s 1
f 7551/3823/4698 7552/3824/4698 7553/3825/4698 7554/3826/4698 
s 4
f 7555/3827/4699 7551/3823/4699 7554/3826/4699 7556/3828/4699 
s 2
f 7557/3829/4700 7555/3827/4700 7556/3828/4700 7558/3830/4700 
s 4
f 7559/3831/4698 7557/3829/4698 7558/3830/4698 7560/3832/4698 
s 2
f 7561/3833/4701 7559/3831/4701 7560/3832/4701 7562/3834/4701 
s 4
f 7563/3835/4702 7561/3833/4702 7562/3834/4702 7564/3836/4702 
s 2
f 7565/3837/4703 7563/3835/4703 7564/3836/4703 7566/3838/4703 
s 4
f 7567/3839/4704 7565/3837/4704 7566/3838/4704 7568/3840/4704 
s 2
f 7569/3841/4705 7567/3839/4705 7568/3840/4705 7570/3842/4705 
s 4
f 7571/3843/4699 7569/3841/4699 7570/3842/4699 7572/3844/4699 
s 2
f 7573/3845/4700 7571/3843/4700 7572/3844/4700 7574/3846/4700 
s 4
f 7575/3847/4698 7573/3845/4698 7574/3846/4698 7576/3848/4698 
s 2
f 7577/3849/4701 7575/3847/4701 7576/3848/4701 7578/3850/4701 
s 4
f 7552/3851/4702 7577/3849/4702 7578/3850/4702 7553/3852/4702 
s 16
f 7553/3853/4706 7578/3854/4706 7576/3855/4706 7574/3856/4706 
f 7553/3853/4706 7574/3856/4706 7572/3857/4706 7570/3858/4706 
f 7553/3853/4706 7570/3858/4706 7568/3859/4706 7566/3860/4706 
f 7553/3853/4706 7566/3860/4706 7564/3861/4706 7554/3862/4706 
f 7554/3862/4706 7564/3861/4706 7562/3863/4706 7560/3864/4706 
f 7554/3862/4706 7560/3864/4706 7558/3865/4706 7556/3866/4706 
f 7551/3862/4707 7555/3866/4707 7557/3865/4707 7559/3864/4707 
f 7551/3862/4707 7559/3864/4707 7561/3863/4707 7563/3861/4707 
f 7575/3855/4707 7577/3854/4707 7552/3853/4707 7573/3856/4707 
f 7571/3857/4707 7573/3856/4707 7552/3853/4707 7569/3858/4707 
f 7567/3859/4707 7569/3858/4707 7552/3853/4707 7565/3860/4707 
f 7563/3861/4707 7565/3860/4707 7552/3853/4707 7551/3862/4707 
# 26 polygons

